#-----------------------------------------------------------
# Vivado v2020.2 (64-bit)
# SW Build 3064766 on Wed Nov 18 09:12:45 MST 2020
# IP Build 3064653 on Wed Nov 18 14:17:31 MST 2020
# Start of session at: Tue Nov 12 13:44:08 2024
# Process ID: 19292
# Current directory: D:/Project/FPGA/temporary/cc/41_eth_udp_loop/prj
# Command line: vivado.exe D:\Project\FPGA\temporary\cc\41_eth_udp_loop\prj\eth_udp_loop.xpr
# Log file: D:/Project/FPGA/temporary/cc/41_eth_udp_loop/prj/vivado.log
# Journal file: D:/Project/FPGA/temporary/cc/41_eth_udp_loop/prj\vivado.jou
#-----------------------------------------------------------
start_gui
open_project D:/Project/FPGA/temporary/cc/41_eth_udp_loop/prj/eth_udp_loop.xpr
Scanning sources...
Finished scanning sources
INFO: [IP_Flow 19-234] Refreshing IP repositories
INFO: [IP_Flow 19-1704] No user IP repositories specified
INFO: [IP_Flow 19-2313] Loaded Vivado IP repository 'F:/Software/Xilinx/Vivado/2020.2/data/ip'.
open_project: Time (s): cpu = 00:00:02 ; elapsed = 00:00:07 . Memory (MB): peak = 1140.848 ; gain = 0.000
update_compile_order -fileset sources_1
reset_run synth_1
launch_runs synth_1 -jobs 11
INFO: [Vivado 12-4149] The synthesis checkpoint for IP 'D:/Project/FPGA/temporary/cc/41_eth_udp_loop/prj/eth_udp_loop.srcs/sources_1/ip/async_fifo_2048x8b/async_fifo_2048x8b.xci' is already up-to-date
[Tue Nov 12 13:49:04 2024] Launched synth_1...
Run output will be captured here: D:/Project/FPGA/temporary/cc/41_eth_udp_loop/prj/eth_udp_loop.runs/synth_1/runme.log
open_run synth_1 -name synth_1
Design is defaulting to impl run constrset: constrs_1
Design is defaulting to synth run part: xc7z010clg400-1
INFO: [Device 21-403] Loading part xc7z010clg400-1
INFO: [Project 1-454] Reading design checkpoint 'd:/Project/FPGA/temporary/cc/41_eth_udp_loop/prj/eth_udp_loop.gen/sources_1/ip/async_fifo_2048x8b/async_fifo_2048x8b.dcp' for cell 'u_async_fifo_2048x8b'
Netlist sorting complete. Time (s): cpu = 00:00:00 ; elapsed = 00:00:00.061 . Memory (MB): peak = 1354.902 ; gain = 0.000
INFO: [Netlist 29-17] Analyzing 220 Unisim elements for replacement
INFO: [Netlist 29-28] Unisim Transformation completed in 0 CPU seconds
INFO: [Project 1-479] Netlist was created with Vivado 2020.2
INFO: [Project 1-570] Preparing netlist for logic optimization
Parsing XDC File [d:/Project/FPGA/temporary/cc/41_eth_udp_loop/prj/eth_udp_loop.gen/sources_1/ip/async_fifo_2048x8b/async_fifo_2048x8b.xdc] for cell 'u_async_fifo_2048x8b/U0'
Finished Parsing XDC File [d:/Project/FPGA/temporary/cc/41_eth_udp_loop/prj/eth_udp_loop.gen/sources_1/ip/async_fifo_2048x8b/async_fifo_2048x8b.xdc] for cell 'u_async_fifo_2048x8b/U0'
Parsing XDC File [D:/Project/FPGA/temporary/cc/41_eth_udp_loop/prj/eth_udp_loop.srcs/constrs_1/eth_udp_loop.xdc]
WARNING: [Vivado 12-584] No ports matched 'sys_clk'. [D:/Project/FPGA/temporary/cc/41_eth_udp_loop/prj/eth_udp_loop.srcs/constrs_1/eth_udp_loop.xdc:17]
CRITICAL WARNING: [Vivado 12-4739] create_clock:No valid object(s) found for '-objects [get_ports sys_clk]'. [D:/Project/FPGA/temporary/cc/41_eth_udp_loop/prj/eth_udp_loop.srcs/constrs_1/eth_udp_loop.xdc:17]
Resolution: Check if the specified object(s) exists in the current design. If it does, ensure that the correct design hierarchy was specified for the object. If you are working with clocks, make sure create_clock was used to create the clock object before it is referenced.
WARNING: [Vivado 12-584] No ports matched 'sys_clk'. [D:/Project/FPGA/temporary/cc/41_eth_udp_loop/prj/eth_udp_loop.srcs/constrs_1/eth_udp_loop.xdc:19]
CRITICAL WARNING: [Common 17-55] 'set_property' expects at least one object. [D:/Project/FPGA/temporary/cc/41_eth_udp_loop/prj/eth_udp_loop.srcs/constrs_1/eth_udp_loop.xdc:19]
Resolution: If [get_<value>] was used to populate the object, check to make sure this command returns at least one valid object.
WARNING: [Vivado 12-584] No ports matched 'DB15_0[15]'. [D:/Project/FPGA/temporary/cc/41_eth_udp_loop/prj/eth_udp_loop.srcs/constrs_1/eth_udp_loop.xdc:23]
CRITICAL WARNING: [Common 17-55] 'set_property' expects at least one object. [D:/Project/FPGA/temporary/cc/41_eth_udp_loop/prj/eth_udp_loop.srcs/constrs_1/eth_udp_loop.xdc:23]
Resolution: If [get_<value>] was used to populate the object, check to make sure this command returns at least one valid object.
WARNING: [Vivado 12-584] No ports matched 'DB15_0[14]'. [D:/Project/FPGA/temporary/cc/41_eth_udp_loop/prj/eth_udp_loop.srcs/constrs_1/eth_udp_loop.xdc:24]
CRITICAL WARNING: [Common 17-55] 'set_property' expects at least one object. [D:/Project/FPGA/temporary/cc/41_eth_udp_loop/prj/eth_udp_loop.srcs/constrs_1/eth_udp_loop.xdc:24]
Resolution: If [get_<value>] was used to populate the object, check to make sure this command returns at least one valid object.
WARNING: [Vivado 12-584] No ports matched 'DB15_0[13]'. [D:/Project/FPGA/temporary/cc/41_eth_udp_loop/prj/eth_udp_loop.srcs/constrs_1/eth_udp_loop.xdc:25]
CRITICAL WARNING: [Common 17-55] 'set_property' expects at least one object. [D:/Project/FPGA/temporary/cc/41_eth_udp_loop/prj/eth_udp_loop.srcs/constrs_1/eth_udp_loop.xdc:25]
Resolution: If [get_<value>] was used to populate the object, check to make sure this command returns at least one valid object.
WARNING: [Vivado 12-584] No ports matched 'DB15_0[12]'. [D:/Project/FPGA/temporary/cc/41_eth_udp_loop/prj/eth_udp_loop.srcs/constrs_1/eth_udp_loop.xdc:26]
CRITICAL WARNING: [Common 17-55] 'set_property' expects at least one object. [D:/Project/FPGA/temporary/cc/41_eth_udp_loop/prj/eth_udp_loop.srcs/constrs_1/eth_udp_loop.xdc:26]
Resolution: If [get_<value>] was used to populate the object, check to make sure this command returns at least one valid object.
WARNING: [Vivado 12-584] No ports matched 'DB15_0[11]'. [D:/Project/FPGA/temporary/cc/41_eth_udp_loop/prj/eth_udp_loop.srcs/constrs_1/eth_udp_loop.xdc:27]
CRITICAL WARNING: [Common 17-55] 'set_property' expects at least one object. [D:/Project/FPGA/temporary/cc/41_eth_udp_loop/prj/eth_udp_loop.srcs/constrs_1/eth_udp_loop.xdc:27]
Resolution: If [get_<value>] was used to populate the object, check to make sure this command returns at least one valid object.
WARNING: [Vivado 12-584] No ports matched 'DB15_0[10]'. [D:/Project/FPGA/temporary/cc/41_eth_udp_loop/prj/eth_udp_loop.srcs/constrs_1/eth_udp_loop.xdc:28]
CRITICAL WARNING: [Common 17-55] 'set_property' expects at least one object. [D:/Project/FPGA/temporary/cc/41_eth_udp_loop/prj/eth_udp_loop.srcs/constrs_1/eth_udp_loop.xdc:28]
Resolution: If [get_<value>] was used to populate the object, check to make sure this command returns at least one valid object.
WARNING: [Vivado 12-584] No ports matched 'DB15_0[9]'. [D:/Project/FPGA/temporary/cc/41_eth_udp_loop/prj/eth_udp_loop.srcs/constrs_1/eth_udp_loop.xdc:29]
CRITICAL WARNING: [Common 17-55] 'set_property' expects at least one object. [D:/Project/FPGA/temporary/cc/41_eth_udp_loop/prj/eth_udp_loop.srcs/constrs_1/eth_udp_loop.xdc:29]
Resolution: If [get_<value>] was used to populate the object, check to make sure this command returns at least one valid object.
WARNING: [Vivado 12-584] No ports matched 'DB15_0[8]'. [D:/Project/FPGA/temporary/cc/41_eth_udp_loop/prj/eth_udp_loop.srcs/constrs_1/eth_udp_loop.xdc:30]
CRITICAL WARNING: [Common 17-55] 'set_property' expects at least one object. [D:/Project/FPGA/temporary/cc/41_eth_udp_loop/prj/eth_udp_loop.srcs/constrs_1/eth_udp_loop.xdc:30]
Resolution: If [get_<value>] was used to populate the object, check to make sure this command returns at least one valid object.
WARNING: [Vivado 12-584] No ports matched 'DB15_0[7]'. [D:/Project/FPGA/temporary/cc/41_eth_udp_loop/prj/eth_udp_loop.srcs/constrs_1/eth_udp_loop.xdc:31]
CRITICAL WARNING: [Common 17-55] 'set_property' expects at least one object. [D:/Project/FPGA/temporary/cc/41_eth_udp_loop/prj/eth_udp_loop.srcs/constrs_1/eth_udp_loop.xdc:31]
Resolution: If [get_<value>] was used to populate the object, check to make sure this command returns at least one valid object.
WARNING: [Vivado 12-584] No ports matched 'DB15_0[6]'. [D:/Project/FPGA/temporary/cc/41_eth_udp_loop/prj/eth_udp_loop.srcs/constrs_1/eth_udp_loop.xdc:32]
CRITICAL WARNING: [Common 17-55] 'set_property' expects at least one object. [D:/Project/FPGA/temporary/cc/41_eth_udp_loop/prj/eth_udp_loop.srcs/constrs_1/eth_udp_loop.xdc:32]
Resolution: If [get_<value>] was used to populate the object, check to make sure this command returns at least one valid object.
WARNING: [Vivado 12-584] No ports matched 'DB15_0[5]'. [D:/Project/FPGA/temporary/cc/41_eth_udp_loop/prj/eth_udp_loop.srcs/constrs_1/eth_udp_loop.xdc:33]
CRITICAL WARNING: [Common 17-55] 'set_property' expects at least one object. [D:/Project/FPGA/temporary/cc/41_eth_udp_loop/prj/eth_udp_loop.srcs/constrs_1/eth_udp_loop.xdc:33]
Resolution: If [get_<value>] was used to populate the object, check to make sure this command returns at least one valid object.
WARNING: [Vivado 12-584] No ports matched 'DB15_0[4]'. [D:/Project/FPGA/temporary/cc/41_eth_udp_loop/prj/eth_udp_loop.srcs/constrs_1/eth_udp_loop.xdc:34]
CRITICAL WARNING: [Common 17-55] 'set_property' expects at least one object. [D:/Project/FPGA/temporary/cc/41_eth_udp_loop/prj/eth_udp_loop.srcs/constrs_1/eth_udp_loop.xdc:34]
Resolution: If [get_<value>] was used to populate the object, check to make sure this command returns at least one valid object.
WARNING: [Vivado 12-584] No ports matched 'DB15_0[3]'. [D:/Project/FPGA/temporary/cc/41_eth_udp_loop/prj/eth_udp_loop.srcs/constrs_1/eth_udp_loop.xdc:35]
CRITICAL WARNING: [Common 17-55] 'set_property' expects at least one object. [D:/Project/FPGA/temporary/cc/41_eth_udp_loop/prj/eth_udp_loop.srcs/constrs_1/eth_udp_loop.xdc:35]
Resolution: If [get_<value>] was used to populate the object, check to make sure this command returns at least one valid object.
WARNING: [Vivado 12-584] No ports matched 'DB15_0[2]'. [D:/Project/FPGA/temporary/cc/41_eth_udp_loop/prj/eth_udp_loop.srcs/constrs_1/eth_udp_loop.xdc:36]
CRITICAL WARNING: [Common 17-55] 'set_property' expects at least one object. [D:/Project/FPGA/temporary/cc/41_eth_udp_loop/prj/eth_udp_loop.srcs/constrs_1/eth_udp_loop.xdc:36]
Resolution: If [get_<value>] was used to populate the object, check to make sure this command returns at least one valid object.
WARNING: [Vivado 12-584] No ports matched 'DB15_0[1]'. [D:/Project/FPGA/temporary/cc/41_eth_udp_loop/prj/eth_udp_loop.srcs/constrs_1/eth_udp_loop.xdc:37]
CRITICAL WARNING: [Common 17-55] 'set_property' expects at least one object. [D:/Project/FPGA/temporary/cc/41_eth_udp_loop/prj/eth_udp_loop.srcs/constrs_1/eth_udp_loop.xdc:37]
Resolution: If [get_<value>] was used to populate the object, check to make sure this command returns at least one valid object.
WARNING: [Vivado 12-584] No ports matched 'DB15_0[0]'. [D:/Project/FPGA/temporary/cc/41_eth_udp_loop/prj/eth_udp_loop.srcs/constrs_1/eth_udp_loop.xdc:38]
CRITICAL WARNING: [Common 17-55] 'set_property' expects at least one object. [D:/Project/FPGA/temporary/cc/41_eth_udp_loop/prj/eth_udp_loop.srcs/constrs_1/eth_udp_loop.xdc:38]
Resolution: If [get_<value>] was used to populate the object, check to make sure this command returns at least one valid object.
WARNING: [Vivado 12-584] No ports matched 'DB15_0[15]'. [D:/Project/FPGA/temporary/cc/41_eth_udp_loop/prj/eth_udp_loop.srcs/constrs_1/eth_udp_loop.xdc:39]
CRITICAL WARNING: [Common 17-55] 'set_property' expects at least one object. [D:/Project/FPGA/temporary/cc/41_eth_udp_loop/prj/eth_udp_loop.srcs/constrs_1/eth_udp_loop.xdc:39]
Resolution: If [get_<value>] was used to populate the object, check to make sure this command returns at least one valid object.
WARNING: [Vivado 12-584] No ports matched 'DB15_0[14]'. [D:/Project/FPGA/temporary/cc/41_eth_udp_loop/prj/eth_udp_loop.srcs/constrs_1/eth_udp_loop.xdc:40]
CRITICAL WARNING: [Common 17-55] 'set_property' expects at least one object. [D:/Project/FPGA/temporary/cc/41_eth_udp_loop/prj/eth_udp_loop.srcs/constrs_1/eth_udp_loop.xdc:40]
Resolution: If [get_<value>] was used to populate the object, check to make sure this command returns at least one valid object.
WARNING: [Vivado 12-584] No ports matched 'DB15_0[13]'. [D:/Project/FPGA/temporary/cc/41_eth_udp_loop/prj/eth_udp_loop.srcs/constrs_1/eth_udp_loop.xdc:41]
CRITICAL WARNING: [Common 17-55] 'set_property' expects at least one object. [D:/Project/FPGA/temporary/cc/41_eth_udp_loop/prj/eth_udp_loop.srcs/constrs_1/eth_udp_loop.xdc:41]
Resolution: If [get_<value>] was used to populate the object, check to make sure this command returns at least one valid object.
WARNING: [Vivado 12-584] No ports matched 'DB15_0[12]'. [D:/Project/FPGA/temporary/cc/41_eth_udp_loop/prj/eth_udp_loop.srcs/constrs_1/eth_udp_loop.xdc:42]
CRITICAL WARNING: [Common 17-55] 'set_property' expects at least one object. [D:/Project/FPGA/temporary/cc/41_eth_udp_loop/prj/eth_udp_loop.srcs/constrs_1/eth_udp_loop.xdc:42]
Resolution: If [get_<value>] was used to populate the object, check to make sure this command returns at least one valid object.
WARNING: [Vivado 12-584] No ports matched 'DB15_0[11]'. [D:/Project/FPGA/temporary/cc/41_eth_udp_loop/prj/eth_udp_loop.srcs/constrs_1/eth_udp_loop.xdc:43]
CRITICAL WARNING: [Common 17-55] 'set_property' expects at least one object. [D:/Project/FPGA/temporary/cc/41_eth_udp_loop/prj/eth_udp_loop.srcs/constrs_1/eth_udp_loop.xdc:43]
Resolution: If [get_<value>] was used to populate the object, check to make sure this command returns at least one valid object.
WARNING: [Vivado 12-584] No ports matched 'DB15_0[10]'. [D:/Project/FPGA/temporary/cc/41_eth_udp_loop/prj/eth_udp_loop.srcs/constrs_1/eth_udp_loop.xdc:44]
CRITICAL WARNING: [Common 17-55] 'set_property' expects at least one object. [D:/Project/FPGA/temporary/cc/41_eth_udp_loop/prj/eth_udp_loop.srcs/constrs_1/eth_udp_loop.xdc:44]
Resolution: If [get_<value>] was used to populate the object, check to make sure this command returns at least one valid object.
WARNING: [Vivado 12-584] No ports matched 'DB15_0[9]'. [D:/Project/FPGA/temporary/cc/41_eth_udp_loop/prj/eth_udp_loop.srcs/constrs_1/eth_udp_loop.xdc:45]
CRITICAL WARNING: [Common 17-55] 'set_property' expects at least one object. [D:/Project/FPGA/temporary/cc/41_eth_udp_loop/prj/eth_udp_loop.srcs/constrs_1/eth_udp_loop.xdc:45]
Resolution: If [get_<value>] was used to populate the object, check to make sure this command returns at least one valid object.
WARNING: [Vivado 12-584] No ports matched 'DB15_0[8]'. [D:/Project/FPGA/temporary/cc/41_eth_udp_loop/prj/eth_udp_loop.srcs/constrs_1/eth_udp_loop.xdc:46]
CRITICAL WARNING: [Common 17-55] 'set_property' expects at least one object. [D:/Project/FPGA/temporary/cc/41_eth_udp_loop/prj/eth_udp_loop.srcs/constrs_1/eth_udp_loop.xdc:46]
Resolution: If [get_<value>] was used to populate the object, check to make sure this command returns at least one valid object.
WARNING: [Vivado 12-584] No ports matched 'DB15_0[7]'. [D:/Project/FPGA/temporary/cc/41_eth_udp_loop/prj/eth_udp_loop.srcs/constrs_1/eth_udp_loop.xdc:47]
CRITICAL WARNING: [Common 17-55] 'set_property' expects at least one object. [D:/Project/FPGA/temporary/cc/41_eth_udp_loop/prj/eth_udp_loop.srcs/constrs_1/eth_udp_loop.xdc:47]
Resolution: If [get_<value>] was used to populate the object, check to make sure this command returns at least one valid object.
WARNING: [Vivado 12-584] No ports matched 'DB15_0[6]'. [D:/Project/FPGA/temporary/cc/41_eth_udp_loop/prj/eth_udp_loop.srcs/constrs_1/eth_udp_loop.xdc:48]
CRITICAL WARNING: [Common 17-55] 'set_property' expects at least one object. [D:/Project/FPGA/temporary/cc/41_eth_udp_loop/prj/eth_udp_loop.srcs/constrs_1/eth_udp_loop.xdc:48]
Resolution: If [get_<value>] was used to populate the object, check to make sure this command returns at least one valid object.
WARNING: [Vivado 12-584] No ports matched 'DB15_0[5]'. [D:/Project/FPGA/temporary/cc/41_eth_udp_loop/prj/eth_udp_loop.srcs/constrs_1/eth_udp_loop.xdc:49]
CRITICAL WARNING: [Common 17-55] 'set_property' expects at least one object. [D:/Project/FPGA/temporary/cc/41_eth_udp_loop/prj/eth_udp_loop.srcs/constrs_1/eth_udp_loop.xdc:49]
Resolution: If [get_<value>] was used to populate the object, check to make sure this command returns at least one valid object.
WARNING: [Vivado 12-584] No ports matched 'DB15_0[4]'. [D:/Project/FPGA/temporary/cc/41_eth_udp_loop/prj/eth_udp_loop.srcs/constrs_1/eth_udp_loop.xdc:50]
CRITICAL WARNING: [Common 17-55] 'set_property' expects at least one object. [D:/Project/FPGA/temporary/cc/41_eth_udp_loop/prj/eth_udp_loop.srcs/constrs_1/eth_udp_loop.xdc:50]
Resolution: If [get_<value>] was used to populate the object, check to make sure this command returns at least one valid object.
WARNING: [Vivado 12-584] No ports matched 'DB15_0[3]'. [D:/Project/FPGA/temporary/cc/41_eth_udp_loop/prj/eth_udp_loop.srcs/constrs_1/eth_udp_loop.xdc:51]
CRITICAL WARNING: [Common 17-55] 'set_property' expects at least one object. [D:/Project/FPGA/temporary/cc/41_eth_udp_loop/prj/eth_udp_loop.srcs/constrs_1/eth_udp_loop.xdc:51]
Resolution: If [get_<value>] was used to populate the object, check to make sure this command returns at least one valid object.
WARNING: [Vivado 12-584] No ports matched 'DB15_0[2]'. [D:/Project/FPGA/temporary/cc/41_eth_udp_loop/prj/eth_udp_loop.srcs/constrs_1/eth_udp_loop.xdc:52]
CRITICAL WARNING: [Common 17-55] 'set_property' expects at least one object. [D:/Project/FPGA/temporary/cc/41_eth_udp_loop/prj/eth_udp_loop.srcs/constrs_1/eth_udp_loop.xdc:52]
Resolution: If [get_<value>] was used to populate the object, check to make sure this command returns at least one valid object.
WARNING: [Vivado 12-584] No ports matched 'DB15_0[1]'. [D:/Project/FPGA/temporary/cc/41_eth_udp_loop/prj/eth_udp_loop.srcs/constrs_1/eth_udp_loop.xdc:53]
CRITICAL WARNING: [Common 17-55] 'set_property' expects at least one object. [D:/Project/FPGA/temporary/cc/41_eth_udp_loop/prj/eth_udp_loop.srcs/constrs_1/eth_udp_loop.xdc:53]
Resolution: If [get_<value>] was used to populate the object, check to make sure this command returns at least one valid object.
WARNING: [Vivado 12-584] No ports matched 'DB15_0[0]'. [D:/Project/FPGA/temporary/cc/41_eth_udp_loop/prj/eth_udp_loop.srcs/constrs_1/eth_udp_loop.xdc:54]
CRITICAL WARNING: [Common 17-55] 'set_property' expects at least one object. [D:/Project/FPGA/temporary/cc/41_eth_udp_loop/prj/eth_udp_loop.srcs/constrs_1/eth_udp_loop.xdc:54]
Resolution: If [get_<value>] was used to populate the object, check to make sure this command returns at least one valid object.
WARNING: [Vivado 12-584] No ports matched 'CSB'. [D:/Project/FPGA/temporary/cc/41_eth_udp_loop/prj/eth_udp_loop.srcs/constrs_1/eth_udp_loop.xdc:56]
CRITICAL WARNING: [Common 17-55] 'set_property' expects at least one object. [D:/Project/FPGA/temporary/cc/41_eth_udp_loop/prj/eth_udp_loop.srcs/constrs_1/eth_udp_loop.xdc:56]
Resolution: If [get_<value>] was used to populate the object, check to make sure this command returns at least one valid object.
WARNING: [Vivado 12-584] No ports matched 'DCO'. [D:/Project/FPGA/temporary/cc/41_eth_udp_loop/prj/eth_udp_loop.srcs/constrs_1/eth_udp_loop.xdc:57]
CRITICAL WARNING: [Common 17-55] 'set_property' expects at least one object. [D:/Project/FPGA/temporary/cc/41_eth_udp_loop/prj/eth_udp_loop.srcs/constrs_1/eth_udp_loop.xdc:57]
Resolution: If [get_<value>] was used to populate the object, check to make sure this command returns at least one valid object.
WARNING: [Vivado 12-584] No ports matched 'CSB'. [D:/Project/FPGA/temporary/cc/41_eth_udp_loop/prj/eth_udp_loop.srcs/constrs_1/eth_udp_loop.xdc:58]
CRITICAL WARNING: [Common 17-55] 'set_property' expects at least one object. [D:/Project/FPGA/temporary/cc/41_eth_udp_loop/prj/eth_udp_loop.srcs/constrs_1/eth_udp_loop.xdc:58]
Resolution: If [get_<value>] was used to populate the object, check to make sure this command returns at least one valid object.
WARNING: [Vivado 12-584] No ports matched 'DCO'. [D:/Project/FPGA/temporary/cc/41_eth_udp_loop/prj/eth_udp_loop.srcs/constrs_1/eth_udp_loop.xdc:59]
CRITICAL WARNING: [Common 17-55] 'set_property' expects at least one object. [D:/Project/FPGA/temporary/cc/41_eth_udp_loop/prj/eth_udp_loop.srcs/constrs_1/eth_udp_loop.xdc:59]
Resolution: If [get_<value>] was used to populate the object, check to make sure this command returns at least one valid object.
WARNING: [Vivado 12-584] No ports matched 'OEB'. [D:/Project/FPGA/temporary/cc/41_eth_udp_loop/prj/eth_udp_loop.srcs/constrs_1/eth_udp_loop.xdc:60]
CRITICAL WARNING: [Common 17-55] 'set_property' expects at least one object. [D:/Project/FPGA/temporary/cc/41_eth_udp_loop/prj/eth_udp_loop.srcs/constrs_1/eth_udp_loop.xdc:60]
Resolution: If [get_<value>] was used to populate the object, check to make sure this command returns at least one valid object.
WARNING: [Vivado 12-584] No ports matched 'OTR'. [D:/Project/FPGA/temporary/cc/41_eth_udp_loop/prj/eth_udp_loop.srcs/constrs_1/eth_udp_loop.xdc:61]
CRITICAL WARNING: [Common 17-55] 'set_property' expects at least one object. [D:/Project/FPGA/temporary/cc/41_eth_udp_loop/prj/eth_udp_loop.srcs/constrs_1/eth_udp_loop.xdc:61]
Resolution: If [get_<value>] was used to populate the object, check to make sure this command returns at least one valid object.
WARNING: [Vivado 12-584] No ports matched 'PDWM'. [D:/Project/FPGA/temporary/cc/41_eth_udp_loop/prj/eth_udp_loop.srcs/constrs_1/eth_udp_loop.xdc:62]
CRITICAL WARNING: [Common 17-55] 'set_property' expects at least one object. [D:/Project/FPGA/temporary/cc/41_eth_udp_loop/prj/eth_udp_loop.srcs/constrs_1/eth_udp_loop.xdc:62]
Resolution: If [get_<value>] was used to populate the object, check to make sure this command returns at least one valid object.
WARNING: [Vivado 12-584] No ports matched 'SCLK'. [D:/Project/FPGA/temporary/cc/41_eth_udp_loop/prj/eth_udp_loop.srcs/constrs_1/eth_udp_loop.xdc:63]
CRITICAL WARNING: [Common 17-55] 'set_property' expects at least one object. [D:/Project/FPGA/temporary/cc/41_eth_udp_loop/prj/eth_udp_loop.srcs/constrs_1/eth_udp_loop.xdc:63]
Resolution: If [get_<value>] was used to populate the object, check to make sure this command returns at least one valid object.
WARNING: [Vivado 12-584] No ports matched 'SDIO'. [D:/Project/FPGA/temporary/cc/41_eth_udp_loop/prj/eth_udp_loop.srcs/constrs_1/eth_udp_loop.xdc:64]
CRITICAL WARNING: [Common 17-55] 'set_property' expects at least one object. [D:/Project/FPGA/temporary/cc/41_eth_udp_loop/prj/eth_udp_loop.srcs/constrs_1/eth_udp_loop.xdc:64]
Resolution: If [get_<value>] was used to populate the object, check to make sure this command returns at least one valid object.
WARNING: [Vivado 12-584] No ports matched 'OEB'. [D:/Project/FPGA/temporary/cc/41_eth_udp_loop/prj/eth_udp_loop.srcs/constrs_1/eth_udp_loop.xdc:65]
CRITICAL WARNING: [Common 17-55] 'set_property' expects at least one object. [D:/Project/FPGA/temporary/cc/41_eth_udp_loop/prj/eth_udp_loop.srcs/constrs_1/eth_udp_loop.xdc:65]
Resolution: If [get_<value>] was used to populate the object, check to make sure this command returns at least one valid object.
WARNING: [Vivado 12-584] No ports matched 'OTR'. [D:/Project/FPGA/temporary/cc/41_eth_udp_loop/prj/eth_udp_loop.srcs/constrs_1/eth_udp_loop.xdc:66]
CRITICAL WARNING: [Common 17-55] 'set_property' expects at least one object. [D:/Project/FPGA/temporary/cc/41_eth_udp_loop/prj/eth_udp_loop.srcs/constrs_1/eth_udp_loop.xdc:66]
Resolution: If [get_<value>] was used to populate the object, check to make sure this command returns at least one valid object.
WARNING: [Vivado 12-584] No ports matched 'PDWM'. [D:/Project/FPGA/temporary/cc/41_eth_udp_loop/prj/eth_udp_loop.srcs/constrs_1/eth_udp_loop.xdc:67]
CRITICAL WARNING: [Common 17-55] 'set_property' expects at least one object. [D:/Project/FPGA/temporary/cc/41_eth_udp_loop/prj/eth_udp_loop.srcs/constrs_1/eth_udp_loop.xdc:67]
Resolution: If [get_<value>] was used to populate the object, check to make sure this command returns at least one valid object.
WARNING: [Vivado 12-584] No ports matched 'SCLK'. [D:/Project/FPGA/temporary/cc/41_eth_udp_loop/prj/eth_udp_loop.srcs/constrs_1/eth_udp_loop.xdc:68]
CRITICAL WARNING: [Common 17-55] 'set_property' expects at least one object. [D:/Project/FPGA/temporary/cc/41_eth_udp_loop/prj/eth_udp_loop.srcs/constrs_1/eth_udp_loop.xdc:68]
Resolution: If [get_<value>] was used to populate the object, check to make sure this command returns at least one valid object.
WARNING: [Vivado 12-584] No ports matched 'SDIO'. [D:/Project/FPGA/temporary/cc/41_eth_udp_loop/prj/eth_udp_loop.srcs/constrs_1/eth_udp_loop.xdc:69]
CRITICAL WARNING: [Common 17-55] 'set_property' expects at least one object. [D:/Project/FPGA/temporary/cc/41_eth_udp_loop/prj/eth_udp_loop.srcs/constrs_1/eth_udp_loop.xdc:69]
Resolution: If [get_<value>] was used to populate the object, check to make sure this command returns at least one valid object.
WARNING: [Vivado 12-584] No ports matched 'AD_CLK'. [D:/Project/FPGA/temporary/cc/41_eth_udp_loop/prj/eth_udp_loop.srcs/constrs_1/eth_udp_loop.xdc:71]
CRITICAL WARNING: [Common 17-55] 'set_property' expects at least one object. [D:/Project/FPGA/temporary/cc/41_eth_udp_loop/prj/eth_udp_loop.srcs/constrs_1/eth_udp_loop.xdc:71]
Resolution: If [get_<value>] was used to populate the object, check to make sure this command returns at least one valid object.
WARNING: [Vivado 12-584] No ports matched 'AD_CLK'. [D:/Project/FPGA/temporary/cc/41_eth_udp_loop/prj/eth_udp_loop.srcs/constrs_1/eth_udp_loop.xdc:72]
CRITICAL WARNING: [Common 17-55] 'set_property' expects at least one object. [D:/Project/FPGA/temporary/cc/41_eth_udp_loop/prj/eth_udp_loop.srcs/constrs_1/eth_udp_loop.xdc:72]
Resolution: If [get_<value>] was used to populate the object, check to make sure this command returns at least one valid object.
Finished Parsing XDC File [D:/Project/FPGA/temporary/cc/41_eth_udp_loop/prj/eth_udp_loop.srcs/constrs_1/eth_udp_loop.xdc]
Parsing XDC File [d:/Project/FPGA/temporary/cc/41_eth_udp_loop/prj/eth_udp_loop.gen/sources_1/ip/async_fifo_2048x8b/async_fifo_2048x8b_clocks.xdc] for cell 'u_async_fifo_2048x8b/U0'
Finished Parsing XDC File [d:/Project/FPGA/temporary/cc/41_eth_udp_loop/prj/eth_udp_loop.gen/sources_1/ip/async_fifo_2048x8b/async_fifo_2048x8b_clocks.xdc] for cell 'u_async_fifo_2048x8b/U0'
WARNING: [XPM_CDC_GRAY: TCL-1000] The source and destination clocks are the same. 
     Instance: u_async_fifo_2048x8b/U0/inst_fifo_gen/gconvfifo.rf/grf.rf/gntv_or_sync_fifo.gcx.clkx/rd_pntr_cdc_inst 
  This will add unnecessary latency to the design. Please check the design for the following: 
 1) Manually instantiated XPM_CDC modules: Xilinx recommends that you remove these modules. 
 2) Xilinx IP that contains XPM_CDC modules: Verify the connections to the IP to determine whether you can safely ignore this message.
 [F:/Software/Xilinx/Vivado/2020.2/data/ip/xpm/xpm_cdc/tcl/xpm_cdc_gray.tcl:16]
WARNING: [XPM_CDC_GRAY: TCL-1000] The source and destination clocks are the same. 
     Instance: u_async_fifo_2048x8b/U0/inst_fifo_gen/gconvfifo.rf/grf.rf/gntv_or_sync_fifo.gcx.clkx/wr_pntr_cdc_inst 
  This will add unnecessary latency to the design. Please check the design for the following: 
 1) Manually instantiated XPM_CDC modules: Xilinx recommends that you remove these modules. 
 2) Xilinx IP that contains XPM_CDC modules: Verify the connections to the IP to determine whether you can safely ignore this message.
 [F:/Software/Xilinx/Vivado/2020.2/data/ip/xpm/xpm_cdc/tcl/xpm_cdc_gray.tcl:16]
INFO: [Project 1-1715] 3 XPM XDC files have been applied to the design.
INFO: [Opt 31-138] Pushed 0 inverter(s) to 0 load pin(s).
Netlist sorting complete. Time (s): cpu = 00:00:00 ; elapsed = 00:00:00.001 . Memory (MB): peak = 2024.895 ; gain = 0.000
INFO: [Project 1-111] Unisim Transformation Summary:
No Unisim elements were transformed.

open_run: Time (s): cpu = 00:00:18 ; elapsed = 00:00:21 . Memory (MB): peak = 2041.844 ; gain = 900.996
reset_run synth_1
launch_runs synth_1 -jobs 11
INFO: [Vivado 12-4149] The synthesis checkpoint for IP 'D:/Project/FPGA/temporary/cc/41_eth_udp_loop/prj/eth_udp_loop.srcs/sources_1/ip/async_fifo_2048x8b/async_fifo_2048x8b.xci' is already up-to-date
[Tue Nov 12 13:54:25 2024] Launched synth_1...
Run output will be captured here: D:/Project/FPGA/temporary/cc/41_eth_udp_loop/prj/eth_udp_loop.runs/synth_1/runme.log
synth_design -rtl -rtl_skip_mlo -name rtl_1
Command: synth_design -rtl -rtl_skip_mlo -name rtl_1
Starting synth_design
Using part: xc7z010clg400-1
Top: eth_udp_loop
---------------------------------------------------------------------------------
Starting RTL Elaboration : Time (s): cpu = 00:00:04 ; elapsed = 00:00:04 . Memory (MB): peak = 2611.992 ; gain = 0.000
---------------------------------------------------------------------------------
INFO: [Synth 8-6157] synthesizing module 'eth_udp_loop' [D:/Project/FPGA/temporary/cc/41_eth_udp_loop/rtl/eth_udp_loop.v:23]
	Parameter BOARD_MAC bound to: 48'b000000000001000100100010001100110100010001010101 
	Parameter BOARD_IP bound to: -1062731510 - type: integer 
	Parameter DES_MAC bound to: 48'b111111111111111111111111111111111111111111111111 
	Parameter DES_IP bound to: -1062731418 - type: integer 
	Parameter IDELAY_VALUE bound to: 0 - type: integer 
INFO: [Synth 8-6157] synthesizing module 'gmii_to_rgmii' [D:/Project/FPGA/temporary/cc/41_eth_udp_loop/rtl/gmii_to_rgmii/gmii_to_rgmii.v:23]
	Parameter IDELAY_VALUE bound to: 0 - type: integer 
INFO: [Synth 8-6157] synthesizing module 'rgmii_rx' [D:/Project/FPGA/temporary/cc/41_eth_udp_loop/rtl/gmii_to_rgmii/rgmii_rx.v:23]
	Parameter IDELAY_VALUE bound to: 0 - type: integer 
INFO: [Synth 8-6157] synthesizing module 'IDELAYE2' [F:/Software/Xilinx/Vivado/2020.2/scripts/rt/data/unisim_comp.v:35073]
	Parameter CINVCTRL_SEL bound to: FALSE - type: string 
	Parameter DELAY_SRC bound to: IDATAIN - type: string 
	Parameter HIGH_PERFORMANCE_MODE bound to: FALSE - type: string 
	Parameter IDELAY_TYPE bound to: FIXED - type: string 
	Parameter IDELAY_VALUE bound to: 0 - type: integer 
	Parameter IS_C_INVERTED bound to: 1'b0 
	Parameter IS_DATAIN_INVERTED bound to: 1'b0 
	Parameter IS_IDATAIN_INVERTED bound to: 1'b0 
	Parameter PIPE_SEL bound to: FALSE - type: string 
	Parameter REFCLK_FREQUENCY bound to: 200.000000 - type: double 
	Parameter SIGNAL_PATTERN bound to: DATA - type: string 
	Parameter SIM_DELAY_D bound to: 0 - type: integer 
INFO: [Synth 8-6155] done synthesizing module 'IDELAYE2' (1#1) [F:/Software/Xilinx/Vivado/2020.2/scripts/rt/data/unisim_comp.v:35073]
INFO: [Synth 8-6157] synthesizing module 'IDDR' [F:/Software/Xilinx/Vivado/2020.2/scripts/rt/data/unisim_comp.v:34938]
	Parameter DDR_CLK_EDGE bound to: SAME_EDGE_PIPELINED - type: string 
	Parameter INIT_Q1 bound to: 1'b0 
	Parameter INIT_Q2 bound to: 1'b0 
	Parameter IS_C_INVERTED bound to: 1'b0 
	Parameter IS_D_INVERTED bound to: 1'b0 
	Parameter SRTYPE bound to: SYNC - type: string 
INFO: [Synth 8-6155] done synthesizing module 'IDDR' (2#1) [F:/Software/Xilinx/Vivado/2020.2/scripts/rt/data/unisim_comp.v:34938]
INFO: [Synth 8-6157] synthesizing module 'BUFG' [F:/Software/Xilinx/Vivado/2020.2/scripts/rt/data/unisim_comp.v:1083]
INFO: [Synth 8-6155] done synthesizing module 'BUFG' (3#1) [F:/Software/Xilinx/Vivado/2020.2/scripts/rt/data/unisim_comp.v:1083]
INFO: [Synth 8-6157] synthesizing module 'BUFIO' [F:/Software/Xilinx/Vivado/2020.2/scripts/rt/data/unisim_comp.v:1344]
INFO: [Synth 8-6155] done synthesizing module 'BUFIO' (4#1) [F:/Software/Xilinx/Vivado/2020.2/scripts/rt/data/unisim_comp.v:1344]
WARNING: [Synth 8-4446] all outputs are unconnected for this instance and logic may be removed [D:/Project/FPGA/temporary/cc/41_eth_udp_loop/rtl/gmii_to_rgmii/rgmii_rx.v:69]
INFO: [Synth 8-6157] synthesizing module 'IDELAYCTRL' [F:/Software/Xilinx/Vivado/2020.2/scripts/rt/data/unisim_comp.v:35060]
	Parameter SIM_DEVICE bound to: 7SERIES - type: string 
INFO: [Synth 8-6155] done synthesizing module 'IDELAYCTRL' (5#1) [F:/Software/Xilinx/Vivado/2020.2/scripts/rt/data/unisim_comp.v:35060]
INFO: [Synth 8-6155] done synthesizing module 'rgmii_rx' (6#1) [D:/Project/FPGA/temporary/cc/41_eth_udp_loop/rtl/gmii_to_rgmii/rgmii_rx.v:23]
INFO: [Synth 8-6157] synthesizing module 'rgmii_tx' [D:/Project/FPGA/temporary/cc/41_eth_udp_loop/rtl/gmii_to_rgmii/rgmii_tx.v:23]
INFO: [Synth 8-6157] synthesizing module 'ODDR' [F:/Software/Xilinx/Vivado/2020.2/scripts/rt/data/unisim_comp.v:49791]
	Parameter DDR_CLK_EDGE bound to: SAME_EDGE - type: string 
	Parameter INIT bound to: 1'b0 
	Parameter IS_C_INVERTED bound to: 1'b0 
	Parameter IS_D1_INVERTED bound to: 1'b0 
	Parameter IS_D2_INVERTED bound to: 1'b0 
	Parameter SRTYPE bound to: SYNC - type: string 
INFO: [Synth 8-6155] done synthesizing module 'ODDR' (7#1) [F:/Software/Xilinx/Vivado/2020.2/scripts/rt/data/unisim_comp.v:49791]
INFO: [Synth 8-6155] done synthesizing module 'rgmii_tx' (8#1) [D:/Project/FPGA/temporary/cc/41_eth_udp_loop/rtl/gmii_to_rgmii/rgmii_tx.v:23]
INFO: [Synth 8-6155] done synthesizing module 'gmii_to_rgmii' (9#1) [D:/Project/FPGA/temporary/cc/41_eth_udp_loop/rtl/gmii_to_rgmii/gmii_to_rgmii.v:23]
INFO: [Synth 8-6157] synthesizing module 'arp' [D:/Project/FPGA/temporary/cc/41_eth_udp_loop/rtl/arp/arp.v:23]
	Parameter BOARD_MAC bound to: 48'b000000000001000100100010001100110100010001010101 
	Parameter BOARD_IP bound to: -1062731510 - type: integer 
	Parameter DES_MAC bound to: 48'b111111111111111111111111111111111111111111111111 
	Parameter DES_IP bound to: -1062731418 - type: integer 
INFO: [Synth 8-6157] synthesizing module 'arp_rx' [D:/Project/FPGA/temporary/cc/41_eth_udp_loop/rtl/arp/arp_rx.v:23]
	Parameter BOARD_MAC bound to: 48'b000000000001000100100010001100110100010001010101 
	Parameter BOARD_IP bound to: -1062731510 - type: integer 
	Parameter st_idle bound to: 5'b00001 
	Parameter st_preamble bound to: 5'b00010 
	Parameter st_eth_head bound to: 5'b00100 
	Parameter st_arp_data bound to: 5'b01000 
	Parameter st_rx_end bound to: 5'b10000 
	Parameter ETH_TPYE bound to: 16'b0000100000000110 
INFO: [Synth 8-6155] done synthesizing module 'arp_rx' (10#1) [D:/Project/FPGA/temporary/cc/41_eth_udp_loop/rtl/arp/arp_rx.v:23]
INFO: [Synth 8-6157] synthesizing module 'arp_tx' [D:/Project/FPGA/temporary/cc/41_eth_udp_loop/rtl/arp/arp_tx.v:23]
	Parameter BOARD_MAC bound to: 48'b000000000001000100100010001100110100010001010101 
	Parameter BOARD_IP bound to: -1062731510 - type: integer 
	Parameter DES_MAC bound to: 48'b111111111111111111111111111111111111111111111111 
	Parameter DES_IP bound to: -1062731418 - type: integer 
	Parameter st_idle bound to: 5'b00001 
	Parameter st_preamble bound to: 5'b00010 
	Parameter st_eth_head bound to: 5'b00100 
	Parameter st_arp_data bound to: 5'b01000 
	Parameter st_crc bound to: 5'b10000 
	Parameter ETH_TYPE bound to: 16'b0000100000000110 
	Parameter HD_TYPE bound to: 16'b0000000000000001 
	Parameter PROTOCOL_TYPE bound to: 16'b0000100000000000 
	Parameter MIN_DATA_NUM bound to: 16'b0000000000101110 
INFO: [Synth 8-6155] done synthesizing module 'arp_tx' (11#1) [D:/Project/FPGA/temporary/cc/41_eth_udp_loop/rtl/arp/arp_tx.v:23]
INFO: [Synth 8-6157] synthesizing module 'crc32_d8' [D:/Project/FPGA/temporary/cc/41_eth_udp_loop/rtl/arp/crc32_d8.v:22]
INFO: [Synth 8-6155] done synthesizing module 'crc32_d8' (12#1) [D:/Project/FPGA/temporary/cc/41_eth_udp_loop/rtl/arp/crc32_d8.v:22]
INFO: [Synth 8-6155] done synthesizing module 'arp' (13#1) [D:/Project/FPGA/temporary/cc/41_eth_udp_loop/rtl/arp/arp.v:23]
INFO: [Synth 8-6157] synthesizing module 'icmp' [D:/Project/FPGA/temporary/cc/41_eth_udp_loop/rtl/icmp/icmp.v:23]
	Parameter BOARD_MAC bound to: 48'b000000000001000100100010001100110100010001010101 
	Parameter BOARD_IP bound to: -1062731510 - type: integer 
	Parameter DES_MAC bound to: 48'b111111111111111111111111111111111111111111111111 
	Parameter DES_IP bound to: -1062731418 - type: integer 
INFO: [Synth 8-6157] synthesizing module 'icmp_rx' [D:/Project/FPGA/temporary/cc/41_eth_udp_loop/rtl/icmp/icmp_rx.v:23]
	Parameter BOARD_MAC bound to: 48'b000000000001000100100010001100110100010001010101 
	Parameter BOARD_IP bound to: -1062731510 - type: integer 
	Parameter st_idle bound to: 7'b0000001 
	Parameter st_preamble bound to: 7'b0000010 
	Parameter st_eth_head bound to: 7'b0000100 
	Parameter st_ip_head bound to: 7'b0001000 
	Parameter st_icmp_head bound to: 7'b0010000 
	Parameter st_rx_data bound to: 7'b0100000 
	Parameter st_rx_end bound to: 7'b1000000 
	Parameter ETH_TYPE bound to: 16'b0000100000000000 
	Parameter ICMP_TYPE bound to: 8'b00000001 
	Parameter ECHO_REQUEST bound to: 8'b00001000 
INFO: [Synth 8-6155] done synthesizing module 'icmp_rx' (14#1) [D:/Project/FPGA/temporary/cc/41_eth_udp_loop/rtl/icmp/icmp_rx.v:23]
INFO: [Synth 8-6157] synthesizing module 'icmp_tx' [D:/Project/FPGA/temporary/cc/41_eth_udp_loop/rtl/icmp/icmp_tx.v:23]
	Parameter BOARD_MAC bound to: 48'b000000000001000100100010001100110100010001010101 
	Parameter BOARD_IP bound to: -1062731510 - type: integer 
	Parameter DES_MAC bound to: 48'b111111111111111111111111111111111111111111111111 
	Parameter DES_IP bound to: -1062731418 - type: integer 
	Parameter st_idle bound to: 8'b00000001 
	Parameter st_check_sum bound to: 8'b00000010 
	Parameter st_check_icmp bound to: 8'b00000100 
	Parameter st_preamble bound to: 8'b00001000 
	Parameter st_eth_head bound to: 8'b00010000 
	Parameter st_ip_head bound to: 8'b00100000 
	Parameter st_tx_data bound to: 8'b01000000 
	Parameter st_crc bound to: 8'b10000000 
	Parameter ETH_TYPE bound to: 16'b0000100000000000 
	Parameter MIN_DATA_NUM bound to: 16'b0000000000010010 
	Parameter ECHO_REPLY bound to: 8'b00000000 
INFO: [Synth 8-6155] done synthesizing module 'icmp_tx' (15#1) [D:/Project/FPGA/temporary/cc/41_eth_udp_loop/rtl/icmp/icmp_tx.v:23]
INFO: [Synth 8-6155] done synthesizing module 'icmp' (16#1) [D:/Project/FPGA/temporary/cc/41_eth_udp_loop/rtl/icmp/icmp.v:23]
INFO: [Synth 8-6157] synthesizing module 'udp' [D:/Project/FPGA/temporary/cc/41_eth_udp_loop/rtl/udp/udp.v:23]
	Parameter BOARD_MAC bound to: 48'b000000000001000100100010001100110100010001010101 
	Parameter BOARD_IP bound to: -1062731510 - type: integer 
	Parameter DES_MAC bound to: 48'b111111111111111111111111111111111111111111111111 
	Parameter DES_IP bound to: -1062731418 - type: integer 
INFO: [Synth 8-6157] synthesizing module 'udp_rx' [D:/Project/FPGA/temporary/cc/41_eth_udp_loop/rtl/udp/udp_rx.v:23]
	Parameter BOARD_MAC bound to: 48'b000000000001000100100010001100110100010001010101 
	Parameter BOARD_IP bound to: -1062731510 - type: integer 
	Parameter st_idle bound to: 7'b0000001 
	Parameter st_preamble bound to: 7'b0000010 
	Parameter st_eth_head bound to: 7'b0000100 
	Parameter st_ip_head bound to: 7'b0001000 
	Parameter st_udp_head bound to: 7'b0010000 
	Parameter st_rx_data bound to: 7'b0100000 
	Parameter st_rx_end bound to: 7'b1000000 
	Parameter ETH_TYPE bound to: 16'b0000100000000000 
	Parameter UDP_TYPE bound to: 8'b00010001 
INFO: [Synth 8-6155] done synthesizing module 'udp_rx' (17#1) [D:/Project/FPGA/temporary/cc/41_eth_udp_loop/rtl/udp/udp_rx.v:23]
INFO: [Synth 8-6157] synthesizing module 'udp_tx' [D:/Project/FPGA/temporary/cc/41_eth_udp_loop/rtl/udp/udp_tx.v:23]
	Parameter BOARD_MAC bound to: 48'b000000000001000100100010001100110100010001010101 
	Parameter BOARD_IP bound to: -1062731510 - type: integer 
	Parameter DES_MAC bound to: 48'b111111111111111111111111111111111111111111111111 
	Parameter DES_IP bound to: -1062731418 - type: integer 
	Parameter st_idle bound to: 7'b0000001 
	Parameter st_check_sum bound to: 7'b0000010 
	Parameter st_preamble bound to: 7'b0000100 
	Parameter st_eth_head bound to: 7'b0001000 
	Parameter st_ip_head bound to: 7'b0010000 
	Parameter st_tx_data bound to: 7'b0100000 
	Parameter st_crc bound to: 7'b1000000 
	Parameter ETH_TYPE bound to: 16'b0000100000000000 
	Parameter MIN_DATA_NUM bound to: 16'b0000000000010010 
INFO: [Synth 8-6155] done synthesizing module 'udp_tx' (18#1) [D:/Project/FPGA/temporary/cc/41_eth_udp_loop/rtl/udp/udp_tx.v:23]
INFO: [Synth 8-6155] done synthesizing module 'udp' (19#1) [D:/Project/FPGA/temporary/cc/41_eth_udp_loop/rtl/udp/udp.v:23]
INFO: [Synth 8-6157] synthesizing module 'async_fifo_2048x8b' [D:/Project/FPGA/temporary/cc/41_eth_udp_loop/prj/.Xil/Vivado-19292-LEGION2020/realtime/async_fifo_2048x8b_stub.v:6]
INFO: [Synth 8-6155] done synthesizing module 'async_fifo_2048x8b' (20#1) [D:/Project/FPGA/temporary/cc/41_eth_udp_loop/prj/.Xil/Vivado-19292-LEGION2020/realtime/async_fifo_2048x8b_stub.v:6]
INFO: [Synth 8-6157] synthesizing module 'eth_ctrl' [D:/Project/FPGA/temporary/cc/41_eth_udp_loop/rtl/eth_ctrl.v:23]
INFO: [Synth 8-6155] done synthesizing module 'eth_ctrl' (21#1) [D:/Project/FPGA/temporary/cc/41_eth_udp_loop/rtl/eth_ctrl.v:23]
INFO: [Synth 8-6155] done synthesizing module 'eth_udp_loop' (22#1) [D:/Project/FPGA/temporary/cc/41_eth_udp_loop/rtl/eth_udp_loop.v:23]
---------------------------------------------------------------------------------
Finished RTL Elaboration : Time (s): cpu = 00:00:06 ; elapsed = 00:00:06 . Memory (MB): peak = 2611.992 ; gain = 0.000
---------------------------------------------------------------------------------
---------------------------------------------------------------------------------
Start Handling Custom Attributes
---------------------------------------------------------------------------------
---------------------------------------------------------------------------------
Finished Handling Custom Attributes : Time (s): cpu = 00:00:07 ; elapsed = 00:00:07 . Memory (MB): peak = 2611.992 ; gain = 0.000
---------------------------------------------------------------------------------
---------------------------------------------------------------------------------
Finished RTL Optimization Phase 1 : Time (s): cpu = 00:00:07 ; elapsed = 00:00:07 . Memory (MB): peak = 2611.992 ; gain = 0.000
---------------------------------------------------------------------------------
INFO: [Project 1-454] Reading design checkpoint 'd:/Project/FPGA/temporary/cc/41_eth_udp_loop/prj/eth_udp_loop.gen/sources_1/ip/async_fifo_2048x8b/async_fifo_2048x8b.dcp' for cell 'u_async_fifo_2048x8b'
Netlist sorting complete. Time (s): cpu = 00:00:00 ; elapsed = 00:00:00.086 . Memory (MB): peak = 2611.992 ; gain = 0.000
INFO: [Netlist 29-17] Analyzing 24 Unisim elements for replacement
INFO: [Netlist 29-28] Unisim Transformation completed in 0 CPU seconds
INFO: [Project 1-479] Netlist was created with Vivado 2020.2
INFO: [Project 1-570] Preparing netlist for logic optimization

Processing XDC Constraints
Initializing timing engine
Parsing XDC File [d:/Project/FPGA/temporary/cc/41_eth_udp_loop/prj/eth_udp_loop.gen/sources_1/ip/async_fifo_2048x8b/async_fifo_2048x8b.xdc] for cell 'u_async_fifo_2048x8b/U0'
Finished Parsing XDC File [d:/Project/FPGA/temporary/cc/41_eth_udp_loop/prj/eth_udp_loop.gen/sources_1/ip/async_fifo_2048x8b/async_fifo_2048x8b.xdc] for cell 'u_async_fifo_2048x8b/U0'
Parsing XDC File [D:/Project/FPGA/temporary/cc/41_eth_udp_loop/prj/eth_udp_loop.srcs/constrs_1/eth_udp_loop.xdc]
WARNING: [Vivado 12-584] No ports matched 'sys_clk'. [D:/Project/FPGA/temporary/cc/41_eth_udp_loop/prj/eth_udp_loop.srcs/constrs_1/eth_udp_loop.xdc:17]
WARNING: [Vivado 12-584] No ports matched 'sys_clk'. [D:/Project/FPGA/temporary/cc/41_eth_udp_loop/prj/eth_udp_loop.srcs/constrs_1/eth_udp_loop.xdc:19]
WARNING: [Vivado 12-584] No ports matched 'DB15_0[15]'. [D:/Project/FPGA/temporary/cc/41_eth_udp_loop/prj/eth_udp_loop.srcs/constrs_1/eth_udp_loop.xdc:23]
WARNING: [Vivado 12-584] No ports matched 'DB15_0[14]'. [D:/Project/FPGA/temporary/cc/41_eth_udp_loop/prj/eth_udp_loop.srcs/constrs_1/eth_udp_loop.xdc:24]
WARNING: [Vivado 12-584] No ports matched 'DB15_0[13]'. [D:/Project/FPGA/temporary/cc/41_eth_udp_loop/prj/eth_udp_loop.srcs/constrs_1/eth_udp_loop.xdc:25]
WARNING: [Vivado 12-584] No ports matched 'DB15_0[12]'. [D:/Project/FPGA/temporary/cc/41_eth_udp_loop/prj/eth_udp_loop.srcs/constrs_1/eth_udp_loop.xdc:26]
WARNING: [Vivado 12-584] No ports matched 'DB15_0[11]'. [D:/Project/FPGA/temporary/cc/41_eth_udp_loop/prj/eth_udp_loop.srcs/constrs_1/eth_udp_loop.xdc:27]
WARNING: [Vivado 12-584] No ports matched 'DB15_0[10]'. [D:/Project/FPGA/temporary/cc/41_eth_udp_loop/prj/eth_udp_loop.srcs/constrs_1/eth_udp_loop.xdc:28]
WARNING: [Vivado 12-584] No ports matched 'DB15_0[9]'. [D:/Project/FPGA/temporary/cc/41_eth_udp_loop/prj/eth_udp_loop.srcs/constrs_1/eth_udp_loop.xdc:29]
WARNING: [Vivado 12-584] No ports matched 'DB15_0[8]'. [D:/Project/FPGA/temporary/cc/41_eth_udp_loop/prj/eth_udp_loop.srcs/constrs_1/eth_udp_loop.xdc:30]
WARNING: [Vivado 12-584] No ports matched 'DB15_0[7]'. [D:/Project/FPGA/temporary/cc/41_eth_udp_loop/prj/eth_udp_loop.srcs/constrs_1/eth_udp_loop.xdc:31]
WARNING: [Vivado 12-584] No ports matched 'DB15_0[6]'. [D:/Project/FPGA/temporary/cc/41_eth_udp_loop/prj/eth_udp_loop.srcs/constrs_1/eth_udp_loop.xdc:32]
WARNING: [Vivado 12-584] No ports matched 'DB15_0[5]'. [D:/Project/FPGA/temporary/cc/41_eth_udp_loop/prj/eth_udp_loop.srcs/constrs_1/eth_udp_loop.xdc:33]
WARNING: [Vivado 12-584] No ports matched 'DB15_0[4]'. [D:/Project/FPGA/temporary/cc/41_eth_udp_loop/prj/eth_udp_loop.srcs/constrs_1/eth_udp_loop.xdc:34]
WARNING: [Vivado 12-584] No ports matched 'DB15_0[3]'. [D:/Project/FPGA/temporary/cc/41_eth_udp_loop/prj/eth_udp_loop.srcs/constrs_1/eth_udp_loop.xdc:35]
WARNING: [Vivado 12-584] No ports matched 'DB15_0[2]'. [D:/Project/FPGA/temporary/cc/41_eth_udp_loop/prj/eth_udp_loop.srcs/constrs_1/eth_udp_loop.xdc:36]
WARNING: [Vivado 12-584] No ports matched 'DB15_0[1]'. [D:/Project/FPGA/temporary/cc/41_eth_udp_loop/prj/eth_udp_loop.srcs/constrs_1/eth_udp_loop.xdc:37]
WARNING: [Vivado 12-584] No ports matched 'DB15_0[0]'. [D:/Project/FPGA/temporary/cc/41_eth_udp_loop/prj/eth_udp_loop.srcs/constrs_1/eth_udp_loop.xdc:38]
WARNING: [Vivado 12-584] No ports matched 'DB15_0[15]'. [D:/Project/FPGA/temporary/cc/41_eth_udp_loop/prj/eth_udp_loop.srcs/constrs_1/eth_udp_loop.xdc:39]
WARNING: [Vivado 12-584] No ports matched 'DB15_0[14]'. [D:/Project/FPGA/temporary/cc/41_eth_udp_loop/prj/eth_udp_loop.srcs/constrs_1/eth_udp_loop.xdc:40]
WARNING: [Vivado 12-584] No ports matched 'DB15_0[13]'. [D:/Project/FPGA/temporary/cc/41_eth_udp_loop/prj/eth_udp_loop.srcs/constrs_1/eth_udp_loop.xdc:41]
WARNING: [Vivado 12-584] No ports matched 'DB15_0[12]'. [D:/Project/FPGA/temporary/cc/41_eth_udp_loop/prj/eth_udp_loop.srcs/constrs_1/eth_udp_loop.xdc:42]
WARNING: [Vivado 12-584] No ports matched 'DB15_0[11]'. [D:/Project/FPGA/temporary/cc/41_eth_udp_loop/prj/eth_udp_loop.srcs/constrs_1/eth_udp_loop.xdc:43]
WARNING: [Vivado 12-584] No ports matched 'DB15_0[10]'. [D:/Project/FPGA/temporary/cc/41_eth_udp_loop/prj/eth_udp_loop.srcs/constrs_1/eth_udp_loop.xdc:44]
WARNING: [Vivado 12-584] No ports matched 'DB15_0[9]'. [D:/Project/FPGA/temporary/cc/41_eth_udp_loop/prj/eth_udp_loop.srcs/constrs_1/eth_udp_loop.xdc:45]
WARNING: [Vivado 12-584] No ports matched 'DB15_0[8]'. [D:/Project/FPGA/temporary/cc/41_eth_udp_loop/prj/eth_udp_loop.srcs/constrs_1/eth_udp_loop.xdc:46]
WARNING: [Vivado 12-584] No ports matched 'DB15_0[7]'. [D:/Project/FPGA/temporary/cc/41_eth_udp_loop/prj/eth_udp_loop.srcs/constrs_1/eth_udp_loop.xdc:47]
WARNING: [Vivado 12-584] No ports matched 'DB15_0[6]'. [D:/Project/FPGA/temporary/cc/41_eth_udp_loop/prj/eth_udp_loop.srcs/constrs_1/eth_udp_loop.xdc:48]
WARNING: [Vivado 12-584] No ports matched 'DB15_0[5]'. [D:/Project/FPGA/temporary/cc/41_eth_udp_loop/prj/eth_udp_loop.srcs/constrs_1/eth_udp_loop.xdc:49]
WARNING: [Vivado 12-584] No ports matched 'DB15_0[4]'. [D:/Project/FPGA/temporary/cc/41_eth_udp_loop/prj/eth_udp_loop.srcs/constrs_1/eth_udp_loop.xdc:50]
WARNING: [Vivado 12-584] No ports matched 'DB15_0[3]'. [D:/Project/FPGA/temporary/cc/41_eth_udp_loop/prj/eth_udp_loop.srcs/constrs_1/eth_udp_loop.xdc:51]
WARNING: [Vivado 12-584] No ports matched 'DB15_0[2]'. [D:/Project/FPGA/temporary/cc/41_eth_udp_loop/prj/eth_udp_loop.srcs/constrs_1/eth_udp_loop.xdc:52]
WARNING: [Vivado 12-584] No ports matched 'DB15_0[1]'. [D:/Project/FPGA/temporary/cc/41_eth_udp_loop/prj/eth_udp_loop.srcs/constrs_1/eth_udp_loop.xdc:53]
WARNING: [Vivado 12-584] No ports matched 'DB15_0[0]'. [D:/Project/FPGA/temporary/cc/41_eth_udp_loop/prj/eth_udp_loop.srcs/constrs_1/eth_udp_loop.xdc:54]
WARNING: [Vivado 12-584] No ports matched 'CSB'. [D:/Project/FPGA/temporary/cc/41_eth_udp_loop/prj/eth_udp_loop.srcs/constrs_1/eth_udp_loop.xdc:56]
WARNING: [Vivado 12-584] No ports matched 'DCO'. [D:/Project/FPGA/temporary/cc/41_eth_udp_loop/prj/eth_udp_loop.srcs/constrs_1/eth_udp_loop.xdc:57]
WARNING: [Vivado 12-584] No ports matched 'CSB'. [D:/Project/FPGA/temporary/cc/41_eth_udp_loop/prj/eth_udp_loop.srcs/constrs_1/eth_udp_loop.xdc:58]
WARNING: [Vivado 12-584] No ports matched 'DCO'. [D:/Project/FPGA/temporary/cc/41_eth_udp_loop/prj/eth_udp_loop.srcs/constrs_1/eth_udp_loop.xdc:59]
WARNING: [Vivado 12-584] No ports matched 'OEB'. [D:/Project/FPGA/temporary/cc/41_eth_udp_loop/prj/eth_udp_loop.srcs/constrs_1/eth_udp_loop.xdc:60]
WARNING: [Vivado 12-584] No ports matched 'OTR'. [D:/Project/FPGA/temporary/cc/41_eth_udp_loop/prj/eth_udp_loop.srcs/constrs_1/eth_udp_loop.xdc:61]
WARNING: [Vivado 12-584] No ports matched 'PDWM'. [D:/Project/FPGA/temporary/cc/41_eth_udp_loop/prj/eth_udp_loop.srcs/constrs_1/eth_udp_loop.xdc:62]
WARNING: [Vivado 12-584] No ports matched 'SCLK'. [D:/Project/FPGA/temporary/cc/41_eth_udp_loop/prj/eth_udp_loop.srcs/constrs_1/eth_udp_loop.xdc:63]
WARNING: [Vivado 12-584] No ports matched 'SDIO'. [D:/Project/FPGA/temporary/cc/41_eth_udp_loop/prj/eth_udp_loop.srcs/constrs_1/eth_udp_loop.xdc:64]
WARNING: [Vivado 12-584] No ports matched 'OEB'. [D:/Project/FPGA/temporary/cc/41_eth_udp_loop/prj/eth_udp_loop.srcs/constrs_1/eth_udp_loop.xdc:65]
WARNING: [Vivado 12-584] No ports matched 'OTR'. [D:/Project/FPGA/temporary/cc/41_eth_udp_loop/prj/eth_udp_loop.srcs/constrs_1/eth_udp_loop.xdc:66]
WARNING: [Vivado 12-584] No ports matched 'PDWM'. [D:/Project/FPGA/temporary/cc/41_eth_udp_loop/prj/eth_udp_loop.srcs/constrs_1/eth_udp_loop.xdc:67]
WARNING: [Vivado 12-584] No ports matched 'SCLK'. [D:/Project/FPGA/temporary/cc/41_eth_udp_loop/prj/eth_udp_loop.srcs/constrs_1/eth_udp_loop.xdc:68]
WARNING: [Vivado 12-584] No ports matched 'SDIO'. [D:/Project/FPGA/temporary/cc/41_eth_udp_loop/prj/eth_udp_loop.srcs/constrs_1/eth_udp_loop.xdc:69]
WARNING: [Vivado 12-584] No ports matched 'AD_CLK'. [D:/Project/FPGA/temporary/cc/41_eth_udp_loop/prj/eth_udp_loop.srcs/constrs_1/eth_udp_loop.xdc:71]
WARNING: [Vivado 12-584] No ports matched 'AD_CLK'. [D:/Project/FPGA/temporary/cc/41_eth_udp_loop/prj/eth_udp_loop.srcs/constrs_1/eth_udp_loop.xdc:72]
Finished Parsing XDC File [D:/Project/FPGA/temporary/cc/41_eth_udp_loop/prj/eth_udp_loop.srcs/constrs_1/eth_udp_loop.xdc]
WARNING: [Project 1-498] One or more constraints failed evaluation while reading constraint file [D:/Project/FPGA/temporary/cc/41_eth_udp_loop/prj/eth_udp_loop.srcs/constrs_1/eth_udp_loop.xdc] and the design contains unresolved black boxes. These constraints will be read post-synthesis (as long as their source constraint file is marked as used_in_implementation) and should be applied correctly then. You should review the constraints listed in the file [.Xil/eth_udp_loop_propImpl.xdc] and check the run log file to verify that these constraints were correctly applied.
Parsing XDC File [d:/Project/FPGA/temporary/cc/41_eth_udp_loop/prj/eth_udp_loop.gen/sources_1/ip/async_fifo_2048x8b/async_fifo_2048x8b_clocks.xdc] for cell 'u_async_fifo_2048x8b/U0'
Finished Parsing XDC File [d:/Project/FPGA/temporary/cc/41_eth_udp_loop/prj/eth_udp_loop.gen/sources_1/ip/async_fifo_2048x8b/async_fifo_2048x8b_clocks.xdc] for cell 'u_async_fifo_2048x8b/U0'
INFO: [Vivado 12-3272] Current instance is the top level cell 'u_async_fifo_2048x8b/U0/inst_fifo_gen/gconvfifo.rf/grf.rf/gntv_or_sync_fifo.gcx.clkx/rd_pntr_cdc_inst' of design 'rtl_1' [F:/Software/Xilinx/Vivado/2020.2/data/ip/xpm/xpm_cdc/tcl/xpm_cdc_gray.tcl:16]
WARNING: [XPM_CDC_GRAY: TCL-1000] The source and destination clocks are the same. 
     Instance: u_async_fifo_2048x8b/U0/inst_fifo_gen/gconvfifo.rf/grf.rf/gntv_or_sync_fifo.gcx.clkx/rd_pntr_cdc_inst 
  This will add unnecessary latency to the design. Please check the design for the following: 
 1) Manually instantiated XPM_CDC modules: Xilinx recommends that you remove these modules. 
 2) Xilinx IP that contains XPM_CDC modules: Verify the connections to the IP to determine whether you can safely ignore this message.
 [F:/Software/Xilinx/Vivado/2020.2/data/ip/xpm/xpm_cdc/tcl/xpm_cdc_gray.tcl:16]
INFO: [Vivado 12-3272] Current instance is the top level cell 'u_async_fifo_2048x8b/U0/inst_fifo_gen/gconvfifo.rf/grf.rf/gntv_or_sync_fifo.gcx.clkx/wr_pntr_cdc_inst' of design 'rtl_1' [F:/Software/Xilinx/Vivado/2020.2/data/ip/xpm/xpm_cdc/tcl/xpm_cdc_gray.tcl:16]
WARNING: [XPM_CDC_GRAY: TCL-1000] The source and destination clocks are the same. 
     Instance: u_async_fifo_2048x8b/U0/inst_fifo_gen/gconvfifo.rf/grf.rf/gntv_or_sync_fifo.gcx.clkx/wr_pntr_cdc_inst 
  This will add unnecessary latency to the design. Please check the design for the following: 
 1) Manually instantiated XPM_CDC modules: Xilinx recommends that you remove these modules. 
 2) Xilinx IP that contains XPM_CDC modules: Verify the connections to the IP to determine whether you can safely ignore this message.
 [F:/Software/Xilinx/Vivado/2020.2/data/ip/xpm/xpm_cdc/tcl/xpm_cdc_gray.tcl:16]
INFO: [Project 1-236] Implementation specific constraints were found while reading constraint file [F:/Software/Xilinx/Vivado/2020.2/data/ip/xpm/xpm_cdc/tcl/xpm_cdc_gray.tcl]. These constraints will be ignored for synthesis but will be used in implementation. Impacted constraints are listed in the file [.Xil/eth_udp_loop_propImpl.xdc].
Resolution: To avoid this warning, move constraints listed in [.Xil/eth_udp_loop_propImpl.xdc] to another XDC file and exclude this new file from synthesis with the used_in_synthesis property (File Properties dialog in GUI) and re-run elaboration/synthesis.
INFO: [Project 1-236] Implementation specific constraints were found while reading constraint file [F:/Software/Xilinx/Vivado/2020.2/data/ip/xpm/xpm_cdc/tcl/xpm_cdc_single.tcl]. These constraints will be ignored for synthesis but will be used in implementation. Impacted constraints are listed in the file [.Xil/eth_udp_loop_propImpl.xdc].
Resolution: To avoid this warning, move constraints listed in [.Xil/eth_udp_loop_propImpl.xdc] to another XDC file and exclude this new file from synthesis with the used_in_synthesis property (File Properties dialog in GUI) and re-run elaboration/synthesis.
INFO: [Project 1-1715] 3 XPM XDC files have been applied to the design.
Completed Processing XDC Constraints

Netlist sorting complete. Time (s): cpu = 00:00:00 ; elapsed = 00:00:00.001 . Memory (MB): peak = 2611.992 ; gain = 0.000
INFO: [Project 1-111] Unisim Transformation Summary:
No Unisim elements were transformed.

RTL Elaboration Complete:  : Time (s): cpu = 00:00:11 ; elapsed = 00:00:11 . Memory (MB): peak = 2611.992 ; gain = 0.000
55 Infos, 54 Warnings, 0 Critical Warnings and 0 Errors encountered.
synth_design completed successfully
synth_design: Time (s): cpu = 00:00:11 ; elapsed = 00:00:11 . Memory (MB): peak = 2611.992 ; gain = 0.000
reset_run synth_1
launch_runs synth_1 -jobs 12
INFO: [Vivado 12-4149] The synthesis checkpoint for IP 'D:/Project/FPGA/temporary/cc/41_eth_udp_loop/prj/eth_udp_loop.srcs/sources_1/ip/async_fifo_2048x8b/async_fifo_2048x8b.xci' is already up-to-date
[Tue Nov 12 13:59:31 2024] Launched synth_1...
Run output will be captured here: D:/Project/FPGA/temporary/cc/41_eth_udp_loop/prj/eth_udp_loop.runs/synth_1/runme.log
current_design synth_1
refresh_design
INFO: [Project 1-454] Reading design checkpoint 'd:/Project/FPGA/temporary/cc/41_eth_udp_loop/prj/eth_udp_loop.gen/sources_1/ip/async_fifo_2048x8b/async_fifo_2048x8b.dcp' for cell 'u_async_fifo_2048x8b'
Netlist sorting complete. Time (s): cpu = 00:00:00 ; elapsed = 00:00:00.044 . Memory (MB): peak = 2654.109 ; gain = 0.000
INFO: [Netlist 29-17] Analyzing 220 Unisim elements for replacement
INFO: [Netlist 29-28] Unisim Transformation completed in 0 CPU seconds
INFO: [Project 1-479] Netlist was created with Vivado 2020.2
INFO: [Project 1-570] Preparing netlist for logic optimization
Parsing XDC File [d:/Project/FPGA/temporary/cc/41_eth_udp_loop/prj/eth_udp_loop.gen/sources_1/ip/async_fifo_2048x8b/async_fifo_2048x8b.xdc] for cell 'u_async_fifo_2048x8b/U0'
Finished Parsing XDC File [d:/Project/FPGA/temporary/cc/41_eth_udp_loop/prj/eth_udp_loop.gen/sources_1/ip/async_fifo_2048x8b/async_fifo_2048x8b.xdc] for cell 'u_async_fifo_2048x8b/U0'
Parsing XDC File [D:/Project/FPGA/temporary/cc/41_eth_udp_loop/prj/eth_udp_loop.srcs/constrs_1/eth_udp_loop.xdc]
WARNING: [Vivado 12-584] No ports matched 'sys_clk'. [D:/Project/FPGA/temporary/cc/41_eth_udp_loop/prj/eth_udp_loop.srcs/constrs_1/eth_udp_loop.xdc:17]
CRITICAL WARNING: [Vivado 12-4739] create_clock:No valid object(s) found for '-objects [get_ports sys_clk]'. [D:/Project/FPGA/temporary/cc/41_eth_udp_loop/prj/eth_udp_loop.srcs/constrs_1/eth_udp_loop.xdc:17]
Resolution: Check if the specified object(s) exists in the current design. If it does, ensure that the correct design hierarchy was specified for the object. If you are working with clocks, make sure create_clock was used to create the clock object before it is referenced.
WARNING: [Vivado 12-584] No ports matched 'sys_clk'. [D:/Project/FPGA/temporary/cc/41_eth_udp_loop/prj/eth_udp_loop.srcs/constrs_1/eth_udp_loop.xdc:19]
CRITICAL WARNING: [Common 17-55] 'set_property' expects at least one object. [D:/Project/FPGA/temporary/cc/41_eth_udp_loop/prj/eth_udp_loop.srcs/constrs_1/eth_udp_loop.xdc:19]
Resolution: If [get_<value>] was used to populate the object, check to make sure this command returns at least one valid object.
WARNING: [Vivado 12-584] No ports matched 'DB15_0[15]'. [D:/Project/FPGA/temporary/cc/41_eth_udp_loop/prj/eth_udp_loop.srcs/constrs_1/eth_udp_loop.xdc:23]
CRITICAL WARNING: [Common 17-55] 'set_property' expects at least one object. [D:/Project/FPGA/temporary/cc/41_eth_udp_loop/prj/eth_udp_loop.srcs/constrs_1/eth_udp_loop.xdc:23]
Resolution: If [get_<value>] was used to populate the object, check to make sure this command returns at least one valid object.
WARNING: [Vivado 12-584] No ports matched 'DB15_0[14]'. [D:/Project/FPGA/temporary/cc/41_eth_udp_loop/prj/eth_udp_loop.srcs/constrs_1/eth_udp_loop.xdc:24]
CRITICAL WARNING: [Common 17-55] 'set_property' expects at least one object. [D:/Project/FPGA/temporary/cc/41_eth_udp_loop/prj/eth_udp_loop.srcs/constrs_1/eth_udp_loop.xdc:24]
Resolution: If [get_<value>] was used to populate the object, check to make sure this command returns at least one valid object.
WARNING: [Vivado 12-584] No ports matched 'DB15_0[13]'. [D:/Project/FPGA/temporary/cc/41_eth_udp_loop/prj/eth_udp_loop.srcs/constrs_1/eth_udp_loop.xdc:25]
CRITICAL WARNING: [Common 17-55] 'set_property' expects at least one object. [D:/Project/FPGA/temporary/cc/41_eth_udp_loop/prj/eth_udp_loop.srcs/constrs_1/eth_udp_loop.xdc:25]
Resolution: If [get_<value>] was used to populate the object, check to make sure this command returns at least one valid object.
WARNING: [Vivado 12-584] No ports matched 'DB15_0[12]'. [D:/Project/FPGA/temporary/cc/41_eth_udp_loop/prj/eth_udp_loop.srcs/constrs_1/eth_udp_loop.xdc:26]
CRITICAL WARNING: [Common 17-55] 'set_property' expects at least one object. [D:/Project/FPGA/temporary/cc/41_eth_udp_loop/prj/eth_udp_loop.srcs/constrs_1/eth_udp_loop.xdc:26]
Resolution: If [get_<value>] was used to populate the object, check to make sure this command returns at least one valid object.
WARNING: [Vivado 12-584] No ports matched 'DB15_0[11]'. [D:/Project/FPGA/temporary/cc/41_eth_udp_loop/prj/eth_udp_loop.srcs/constrs_1/eth_udp_loop.xdc:27]
CRITICAL WARNING: [Common 17-55] 'set_property' expects at least one object. [D:/Project/FPGA/temporary/cc/41_eth_udp_loop/prj/eth_udp_loop.srcs/constrs_1/eth_udp_loop.xdc:27]
Resolution: If [get_<value>] was used to populate the object, check to make sure this command returns at least one valid object.
WARNING: [Vivado 12-584] No ports matched 'DB15_0[10]'. [D:/Project/FPGA/temporary/cc/41_eth_udp_loop/prj/eth_udp_loop.srcs/constrs_1/eth_udp_loop.xdc:28]
CRITICAL WARNING: [Common 17-55] 'set_property' expects at least one object. [D:/Project/FPGA/temporary/cc/41_eth_udp_loop/prj/eth_udp_loop.srcs/constrs_1/eth_udp_loop.xdc:28]
Resolution: If [get_<value>] was used to populate the object, check to make sure this command returns at least one valid object.
WARNING: [Vivado 12-584] No ports matched 'DB15_0[9]'. [D:/Project/FPGA/temporary/cc/41_eth_udp_loop/prj/eth_udp_loop.srcs/constrs_1/eth_udp_loop.xdc:29]
CRITICAL WARNING: [Common 17-55] 'set_property' expects at least one object. [D:/Project/FPGA/temporary/cc/41_eth_udp_loop/prj/eth_udp_loop.srcs/constrs_1/eth_udp_loop.xdc:29]
Resolution: If [get_<value>] was used to populate the object, check to make sure this command returns at least one valid object.
WARNING: [Vivado 12-584] No ports matched 'DB15_0[8]'. [D:/Project/FPGA/temporary/cc/41_eth_udp_loop/prj/eth_udp_loop.srcs/constrs_1/eth_udp_loop.xdc:30]
CRITICAL WARNING: [Common 17-55] 'set_property' expects at least one object. [D:/Project/FPGA/temporary/cc/41_eth_udp_loop/prj/eth_udp_loop.srcs/constrs_1/eth_udp_loop.xdc:30]
Resolution: If [get_<value>] was used to populate the object, check to make sure this command returns at least one valid object.
WARNING: [Vivado 12-584] No ports matched 'DB15_0[7]'. [D:/Project/FPGA/temporary/cc/41_eth_udp_loop/prj/eth_udp_loop.srcs/constrs_1/eth_udp_loop.xdc:31]
CRITICAL WARNING: [Common 17-55] 'set_property' expects at least one object. [D:/Project/FPGA/temporary/cc/41_eth_udp_loop/prj/eth_udp_loop.srcs/constrs_1/eth_udp_loop.xdc:31]
Resolution: If [get_<value>] was used to populate the object, check to make sure this command returns at least one valid object.
WARNING: [Vivado 12-584] No ports matched 'DB15_0[6]'. [D:/Project/FPGA/temporary/cc/41_eth_udp_loop/prj/eth_udp_loop.srcs/constrs_1/eth_udp_loop.xdc:32]
CRITICAL WARNING: [Common 17-55] 'set_property' expects at least one object. [D:/Project/FPGA/temporary/cc/41_eth_udp_loop/prj/eth_udp_loop.srcs/constrs_1/eth_udp_loop.xdc:32]
Resolution: If [get_<value>] was used to populate the object, check to make sure this command returns at least one valid object.
WARNING: [Vivado 12-584] No ports matched 'DB15_0[5]'. [D:/Project/FPGA/temporary/cc/41_eth_udp_loop/prj/eth_udp_loop.srcs/constrs_1/eth_udp_loop.xdc:33]
CRITICAL WARNING: [Common 17-55] 'set_property' expects at least one object. [D:/Project/FPGA/temporary/cc/41_eth_udp_loop/prj/eth_udp_loop.srcs/constrs_1/eth_udp_loop.xdc:33]
Resolution: If [get_<value>] was used to populate the object, check to make sure this command returns at least one valid object.
WARNING: [Vivado 12-584] No ports matched 'DB15_0[4]'. [D:/Project/FPGA/temporary/cc/41_eth_udp_loop/prj/eth_udp_loop.srcs/constrs_1/eth_udp_loop.xdc:34]
CRITICAL WARNING: [Common 17-55] 'set_property' expects at least one object. [D:/Project/FPGA/temporary/cc/41_eth_udp_loop/prj/eth_udp_loop.srcs/constrs_1/eth_udp_loop.xdc:34]
Resolution: If [get_<value>] was used to populate the object, check to make sure this command returns at least one valid object.
WARNING: [Vivado 12-584] No ports matched 'DB15_0[3]'. [D:/Project/FPGA/temporary/cc/41_eth_udp_loop/prj/eth_udp_loop.srcs/constrs_1/eth_udp_loop.xdc:35]
CRITICAL WARNING: [Common 17-55] 'set_property' expects at least one object. [D:/Project/FPGA/temporary/cc/41_eth_udp_loop/prj/eth_udp_loop.srcs/constrs_1/eth_udp_loop.xdc:35]
Resolution: If [get_<value>] was used to populate the object, check to make sure this command returns at least one valid object.
WARNING: [Vivado 12-584] No ports matched 'DB15_0[2]'. [D:/Project/FPGA/temporary/cc/41_eth_udp_loop/prj/eth_udp_loop.srcs/constrs_1/eth_udp_loop.xdc:36]
CRITICAL WARNING: [Common 17-55] 'set_property' expects at least one object. [D:/Project/FPGA/temporary/cc/41_eth_udp_loop/prj/eth_udp_loop.srcs/constrs_1/eth_udp_loop.xdc:36]
Resolution: If [get_<value>] was used to populate the object, check to make sure this command returns at least one valid object.
WARNING: [Vivado 12-584] No ports matched 'DB15_0[1]'. [D:/Project/FPGA/temporary/cc/41_eth_udp_loop/prj/eth_udp_loop.srcs/constrs_1/eth_udp_loop.xdc:37]
CRITICAL WARNING: [Common 17-55] 'set_property' expects at least one object. [D:/Project/FPGA/temporary/cc/41_eth_udp_loop/prj/eth_udp_loop.srcs/constrs_1/eth_udp_loop.xdc:37]
Resolution: If [get_<value>] was used to populate the object, check to make sure this command returns at least one valid object.
WARNING: [Vivado 12-584] No ports matched 'DB15_0[0]'. [D:/Project/FPGA/temporary/cc/41_eth_udp_loop/prj/eth_udp_loop.srcs/constrs_1/eth_udp_loop.xdc:38]
CRITICAL WARNING: [Common 17-55] 'set_property' expects at least one object. [D:/Project/FPGA/temporary/cc/41_eth_udp_loop/prj/eth_udp_loop.srcs/constrs_1/eth_udp_loop.xdc:38]
Resolution: If [get_<value>] was used to populate the object, check to make sure this command returns at least one valid object.
WARNING: [Vivado 12-584] No ports matched 'DB15_0[15]'. [D:/Project/FPGA/temporary/cc/41_eth_udp_loop/prj/eth_udp_loop.srcs/constrs_1/eth_udp_loop.xdc:39]
CRITICAL WARNING: [Common 17-55] 'set_property' expects at least one object. [D:/Project/FPGA/temporary/cc/41_eth_udp_loop/prj/eth_udp_loop.srcs/constrs_1/eth_udp_loop.xdc:39]
Resolution: If [get_<value>] was used to populate the object, check to make sure this command returns at least one valid object.
WARNING: [Vivado 12-584] No ports matched 'DB15_0[14]'. [D:/Project/FPGA/temporary/cc/41_eth_udp_loop/prj/eth_udp_loop.srcs/constrs_1/eth_udp_loop.xdc:40]
CRITICAL WARNING: [Common 17-55] 'set_property' expects at least one object. [D:/Project/FPGA/temporary/cc/41_eth_udp_loop/prj/eth_udp_loop.srcs/constrs_1/eth_udp_loop.xdc:40]
Resolution: If [get_<value>] was used to populate the object, check to make sure this command returns at least one valid object.
WARNING: [Vivado 12-584] No ports matched 'DB15_0[13]'. [D:/Project/FPGA/temporary/cc/41_eth_udp_loop/prj/eth_udp_loop.srcs/constrs_1/eth_udp_loop.xdc:41]
CRITICAL WARNING: [Common 17-55] 'set_property' expects at least one object. [D:/Project/FPGA/temporary/cc/41_eth_udp_loop/prj/eth_udp_loop.srcs/constrs_1/eth_udp_loop.xdc:41]
Resolution: If [get_<value>] was used to populate the object, check to make sure this command returns at least one valid object.
WARNING: [Vivado 12-584] No ports matched 'DB15_0[12]'. [D:/Project/FPGA/temporary/cc/41_eth_udp_loop/prj/eth_udp_loop.srcs/constrs_1/eth_udp_loop.xdc:42]
CRITICAL WARNING: [Common 17-55] 'set_property' expects at least one object. [D:/Project/FPGA/temporary/cc/41_eth_udp_loop/prj/eth_udp_loop.srcs/constrs_1/eth_udp_loop.xdc:42]
Resolution: If [get_<value>] was used to populate the object, check to make sure this command returns at least one valid object.
WARNING: [Vivado 12-584] No ports matched 'DB15_0[11]'. [D:/Project/FPGA/temporary/cc/41_eth_udp_loop/prj/eth_udp_loop.srcs/constrs_1/eth_udp_loop.xdc:43]
CRITICAL WARNING: [Common 17-55] 'set_property' expects at least one object. [D:/Project/FPGA/temporary/cc/41_eth_udp_loop/prj/eth_udp_loop.srcs/constrs_1/eth_udp_loop.xdc:43]
Resolution: If [get_<value>] was used to populate the object, check to make sure this command returns at least one valid object.
WARNING: [Vivado 12-584] No ports matched 'DB15_0[10]'. [D:/Project/FPGA/temporary/cc/41_eth_udp_loop/prj/eth_udp_loop.srcs/constrs_1/eth_udp_loop.xdc:44]
CRITICAL WARNING: [Common 17-55] 'set_property' expects at least one object. [D:/Project/FPGA/temporary/cc/41_eth_udp_loop/prj/eth_udp_loop.srcs/constrs_1/eth_udp_loop.xdc:44]
Resolution: If [get_<value>] was used to populate the object, check to make sure this command returns at least one valid object.
WARNING: [Vivado 12-584] No ports matched 'DB15_0[9]'. [D:/Project/FPGA/temporary/cc/41_eth_udp_loop/prj/eth_udp_loop.srcs/constrs_1/eth_udp_loop.xdc:45]
CRITICAL WARNING: [Common 17-55] 'set_property' expects at least one object. [D:/Project/FPGA/temporary/cc/41_eth_udp_loop/prj/eth_udp_loop.srcs/constrs_1/eth_udp_loop.xdc:45]
Resolution: If [get_<value>] was used to populate the object, check to make sure this command returns at least one valid object.
WARNING: [Vivado 12-584] No ports matched 'DB15_0[8]'. [D:/Project/FPGA/temporary/cc/41_eth_udp_loop/prj/eth_udp_loop.srcs/constrs_1/eth_udp_loop.xdc:46]
CRITICAL WARNING: [Common 17-55] 'set_property' expects at least one object. [D:/Project/FPGA/temporary/cc/41_eth_udp_loop/prj/eth_udp_loop.srcs/constrs_1/eth_udp_loop.xdc:46]
Resolution: If [get_<value>] was used to populate the object, check to make sure this command returns at least one valid object.
WARNING: [Vivado 12-584] No ports matched 'DB15_0[7]'. [D:/Project/FPGA/temporary/cc/41_eth_udp_loop/prj/eth_udp_loop.srcs/constrs_1/eth_udp_loop.xdc:47]
CRITICAL WARNING: [Common 17-55] 'set_property' expects at least one object. [D:/Project/FPGA/temporary/cc/41_eth_udp_loop/prj/eth_udp_loop.srcs/constrs_1/eth_udp_loop.xdc:47]
Resolution: If [get_<value>] was used to populate the object, check to make sure this command returns at least one valid object.
WARNING: [Vivado 12-584] No ports matched 'DB15_0[6]'. [D:/Project/FPGA/temporary/cc/41_eth_udp_loop/prj/eth_udp_loop.srcs/constrs_1/eth_udp_loop.xdc:48]
CRITICAL WARNING: [Common 17-55] 'set_property' expects at least one object. [D:/Project/FPGA/temporary/cc/41_eth_udp_loop/prj/eth_udp_loop.srcs/constrs_1/eth_udp_loop.xdc:48]
Resolution: If [get_<value>] was used to populate the object, check to make sure this command returns at least one valid object.
WARNING: [Vivado 12-584] No ports matched 'DB15_0[5]'. [D:/Project/FPGA/temporary/cc/41_eth_udp_loop/prj/eth_udp_loop.srcs/constrs_1/eth_udp_loop.xdc:49]
CRITICAL WARNING: [Common 17-55] 'set_property' expects at least one object. [D:/Project/FPGA/temporary/cc/41_eth_udp_loop/prj/eth_udp_loop.srcs/constrs_1/eth_udp_loop.xdc:49]
Resolution: If [get_<value>] was used to populate the object, check to make sure this command returns at least one valid object.
WARNING: [Vivado 12-584] No ports matched 'DB15_0[4]'. [D:/Project/FPGA/temporary/cc/41_eth_udp_loop/prj/eth_udp_loop.srcs/constrs_1/eth_udp_loop.xdc:50]
CRITICAL WARNING: [Common 17-55] 'set_property' expects at least one object. [D:/Project/FPGA/temporary/cc/41_eth_udp_loop/prj/eth_udp_loop.srcs/constrs_1/eth_udp_loop.xdc:50]
Resolution: If [get_<value>] was used to populate the object, check to make sure this command returns at least one valid object.
WARNING: [Vivado 12-584] No ports matched 'DB15_0[3]'. [D:/Project/FPGA/temporary/cc/41_eth_udp_loop/prj/eth_udp_loop.srcs/constrs_1/eth_udp_loop.xdc:51]
CRITICAL WARNING: [Common 17-55] 'set_property' expects at least one object. [D:/Project/FPGA/temporary/cc/41_eth_udp_loop/prj/eth_udp_loop.srcs/constrs_1/eth_udp_loop.xdc:51]
Resolution: If [get_<value>] was used to populate the object, check to make sure this command returns at least one valid object.
WARNING: [Vivado 12-584] No ports matched 'DB15_0[2]'. [D:/Project/FPGA/temporary/cc/41_eth_udp_loop/prj/eth_udp_loop.srcs/constrs_1/eth_udp_loop.xdc:52]
CRITICAL WARNING: [Common 17-55] 'set_property' expects at least one object. [D:/Project/FPGA/temporary/cc/41_eth_udp_loop/prj/eth_udp_loop.srcs/constrs_1/eth_udp_loop.xdc:52]
Resolution: If [get_<value>] was used to populate the object, check to make sure this command returns at least one valid object.
WARNING: [Vivado 12-584] No ports matched 'DB15_0[1]'. [D:/Project/FPGA/temporary/cc/41_eth_udp_loop/prj/eth_udp_loop.srcs/constrs_1/eth_udp_loop.xdc:53]
CRITICAL WARNING: [Common 17-55] 'set_property' expects at least one object. [D:/Project/FPGA/temporary/cc/41_eth_udp_loop/prj/eth_udp_loop.srcs/constrs_1/eth_udp_loop.xdc:53]
Resolution: If [get_<value>] was used to populate the object, check to make sure this command returns at least one valid object.
WARNING: [Vivado 12-584] No ports matched 'DB15_0[0]'. [D:/Project/FPGA/temporary/cc/41_eth_udp_loop/prj/eth_udp_loop.srcs/constrs_1/eth_udp_loop.xdc:54]
CRITICAL WARNING: [Common 17-55] 'set_property' expects at least one object. [D:/Project/FPGA/temporary/cc/41_eth_udp_loop/prj/eth_udp_loop.srcs/constrs_1/eth_udp_loop.xdc:54]
Resolution: If [get_<value>] was used to populate the object, check to make sure this command returns at least one valid object.
WARNING: [Vivado 12-584] No ports matched 'CSB'. [D:/Project/FPGA/temporary/cc/41_eth_udp_loop/prj/eth_udp_loop.srcs/constrs_1/eth_udp_loop.xdc:56]
CRITICAL WARNING: [Common 17-55] 'set_property' expects at least one object. [D:/Project/FPGA/temporary/cc/41_eth_udp_loop/prj/eth_udp_loop.srcs/constrs_1/eth_udp_loop.xdc:56]
Resolution: If [get_<value>] was used to populate the object, check to make sure this command returns at least one valid object.
WARNING: [Vivado 12-584] No ports matched 'DCO'. [D:/Project/FPGA/temporary/cc/41_eth_udp_loop/prj/eth_udp_loop.srcs/constrs_1/eth_udp_loop.xdc:57]
CRITICAL WARNING: [Common 17-55] 'set_property' expects at least one object. [D:/Project/FPGA/temporary/cc/41_eth_udp_loop/prj/eth_udp_loop.srcs/constrs_1/eth_udp_loop.xdc:57]
Resolution: If [get_<value>] was used to populate the object, check to make sure this command returns at least one valid object.
WARNING: [Vivado 12-584] No ports matched 'CSB'. [D:/Project/FPGA/temporary/cc/41_eth_udp_loop/prj/eth_udp_loop.srcs/constrs_1/eth_udp_loop.xdc:58]
CRITICAL WARNING: [Common 17-55] 'set_property' expects at least one object. [D:/Project/FPGA/temporary/cc/41_eth_udp_loop/prj/eth_udp_loop.srcs/constrs_1/eth_udp_loop.xdc:58]
Resolution: If [get_<value>] was used to populate the object, check to make sure this command returns at least one valid object.
WARNING: [Vivado 12-584] No ports matched 'DCO'. [D:/Project/FPGA/temporary/cc/41_eth_udp_loop/prj/eth_udp_loop.srcs/constrs_1/eth_udp_loop.xdc:59]
CRITICAL WARNING: [Common 17-55] 'set_property' expects at least one object. [D:/Project/FPGA/temporary/cc/41_eth_udp_loop/prj/eth_udp_loop.srcs/constrs_1/eth_udp_loop.xdc:59]
Resolution: If [get_<value>] was used to populate the object, check to make sure this command returns at least one valid object.
WARNING: [Vivado 12-584] No ports matched 'OEB'. [D:/Project/FPGA/temporary/cc/41_eth_udp_loop/prj/eth_udp_loop.srcs/constrs_1/eth_udp_loop.xdc:60]
CRITICAL WARNING: [Common 17-55] 'set_property' expects at least one object. [D:/Project/FPGA/temporary/cc/41_eth_udp_loop/prj/eth_udp_loop.srcs/constrs_1/eth_udp_loop.xdc:60]
Resolution: If [get_<value>] was used to populate the object, check to make sure this command returns at least one valid object.
WARNING: [Vivado 12-584] No ports matched 'OTR'. [D:/Project/FPGA/temporary/cc/41_eth_udp_loop/prj/eth_udp_loop.srcs/constrs_1/eth_udp_loop.xdc:61]
CRITICAL WARNING: [Common 17-55] 'set_property' expects at least one object. [D:/Project/FPGA/temporary/cc/41_eth_udp_loop/prj/eth_udp_loop.srcs/constrs_1/eth_udp_loop.xdc:61]
Resolution: If [get_<value>] was used to populate the object, check to make sure this command returns at least one valid object.
WARNING: [Vivado 12-584] No ports matched 'PDWM'. [D:/Project/FPGA/temporary/cc/41_eth_udp_loop/prj/eth_udp_loop.srcs/constrs_1/eth_udp_loop.xdc:62]
CRITICAL WARNING: [Common 17-55] 'set_property' expects at least one object. [D:/Project/FPGA/temporary/cc/41_eth_udp_loop/prj/eth_udp_loop.srcs/constrs_1/eth_udp_loop.xdc:62]
Resolution: If [get_<value>] was used to populate the object, check to make sure this command returns at least one valid object.
WARNING: [Vivado 12-584] No ports matched 'SCLK'. [D:/Project/FPGA/temporary/cc/41_eth_udp_loop/prj/eth_udp_loop.srcs/constrs_1/eth_udp_loop.xdc:63]
CRITICAL WARNING: [Common 17-55] 'set_property' expects at least one object. [D:/Project/FPGA/temporary/cc/41_eth_udp_loop/prj/eth_udp_loop.srcs/constrs_1/eth_udp_loop.xdc:63]
Resolution: If [get_<value>] was used to populate the object, check to make sure this command returns at least one valid object.
WARNING: [Vivado 12-584] No ports matched 'SDIO'. [D:/Project/FPGA/temporary/cc/41_eth_udp_loop/prj/eth_udp_loop.srcs/constrs_1/eth_udp_loop.xdc:64]
CRITICAL WARNING: [Common 17-55] 'set_property' expects at least one object. [D:/Project/FPGA/temporary/cc/41_eth_udp_loop/prj/eth_udp_loop.srcs/constrs_1/eth_udp_loop.xdc:64]
Resolution: If [get_<value>] was used to populate the object, check to make sure this command returns at least one valid object.
WARNING: [Vivado 12-584] No ports matched 'OEB'. [D:/Project/FPGA/temporary/cc/41_eth_udp_loop/prj/eth_udp_loop.srcs/constrs_1/eth_udp_loop.xdc:65]
CRITICAL WARNING: [Common 17-55] 'set_property' expects at least one object. [D:/Project/FPGA/temporary/cc/41_eth_udp_loop/prj/eth_udp_loop.srcs/constrs_1/eth_udp_loop.xdc:65]
Resolution: If [get_<value>] was used to populate the object, check to make sure this command returns at least one valid object.
WARNING: [Vivado 12-584] No ports matched 'OTR'. [D:/Project/FPGA/temporary/cc/41_eth_udp_loop/prj/eth_udp_loop.srcs/constrs_1/eth_udp_loop.xdc:66]
CRITICAL WARNING: [Common 17-55] 'set_property' expects at least one object. [D:/Project/FPGA/temporary/cc/41_eth_udp_loop/prj/eth_udp_loop.srcs/constrs_1/eth_udp_loop.xdc:66]
Resolution: If [get_<value>] was used to populate the object, check to make sure this command returns at least one valid object.
WARNING: [Vivado 12-584] No ports matched 'PDWM'. [D:/Project/FPGA/temporary/cc/41_eth_udp_loop/prj/eth_udp_loop.srcs/constrs_1/eth_udp_loop.xdc:67]
CRITICAL WARNING: [Common 17-55] 'set_property' expects at least one object. [D:/Project/FPGA/temporary/cc/41_eth_udp_loop/prj/eth_udp_loop.srcs/constrs_1/eth_udp_loop.xdc:67]
Resolution: If [get_<value>] was used to populate the object, check to make sure this command returns at least one valid object.
WARNING: [Vivado 12-584] No ports matched 'SCLK'. [D:/Project/FPGA/temporary/cc/41_eth_udp_loop/prj/eth_udp_loop.srcs/constrs_1/eth_udp_loop.xdc:68]
CRITICAL WARNING: [Common 17-55] 'set_property' expects at least one object. [D:/Project/FPGA/temporary/cc/41_eth_udp_loop/prj/eth_udp_loop.srcs/constrs_1/eth_udp_loop.xdc:68]
Resolution: If [get_<value>] was used to populate the object, check to make sure this command returns at least one valid object.
WARNING: [Vivado 12-584] No ports matched 'SDIO'. [D:/Project/FPGA/temporary/cc/41_eth_udp_loop/prj/eth_udp_loop.srcs/constrs_1/eth_udp_loop.xdc:69]
CRITICAL WARNING: [Common 17-55] 'set_property' expects at least one object. [D:/Project/FPGA/temporary/cc/41_eth_udp_loop/prj/eth_udp_loop.srcs/constrs_1/eth_udp_loop.xdc:69]
Resolution: If [get_<value>] was used to populate the object, check to make sure this command returns at least one valid object.
WARNING: [Vivado 12-584] No ports matched 'AD_CLK'. [D:/Project/FPGA/temporary/cc/41_eth_udp_loop/prj/eth_udp_loop.srcs/constrs_1/eth_udp_loop.xdc:71]
CRITICAL WARNING: [Common 17-55] 'set_property' expects at least one object. [D:/Project/FPGA/temporary/cc/41_eth_udp_loop/prj/eth_udp_loop.srcs/constrs_1/eth_udp_loop.xdc:71]
Resolution: If [get_<value>] was used to populate the object, check to make sure this command returns at least one valid object.
WARNING: [Vivado 12-584] No ports matched 'AD_CLK'. [D:/Project/FPGA/temporary/cc/41_eth_udp_loop/prj/eth_udp_loop.srcs/constrs_1/eth_udp_loop.xdc:72]
INFO: [Common 17-14] Message 'Vivado 12-584' appears 100 times and further instances of the messages will be disabled. Use the Tcl command set_msg_config to change the current settings. [D:/Project/FPGA/temporary/cc/41_eth_udp_loop/prj/eth_udp_loop.srcs/constrs_1/eth_udp_loop.xdc:72]
CRITICAL WARNING: [Common 17-55] 'set_property' expects at least one object. [D:/Project/FPGA/temporary/cc/41_eth_udp_loop/prj/eth_udp_loop.srcs/constrs_1/eth_udp_loop.xdc:72]
Resolution: If [get_<value>] was used to populate the object, check to make sure this command returns at least one valid object.
Finished Parsing XDC File [D:/Project/FPGA/temporary/cc/41_eth_udp_loop/prj/eth_udp_loop.srcs/constrs_1/eth_udp_loop.xdc]
Parsing XDC File [d:/Project/FPGA/temporary/cc/41_eth_udp_loop/prj/eth_udp_loop.gen/sources_1/ip/async_fifo_2048x8b/async_fifo_2048x8b_clocks.xdc] for cell 'u_async_fifo_2048x8b/U0'
Finished Parsing XDC File [d:/Project/FPGA/temporary/cc/41_eth_udp_loop/prj/eth_udp_loop.gen/sources_1/ip/async_fifo_2048x8b/async_fifo_2048x8b_clocks.xdc] for cell 'u_async_fifo_2048x8b/U0'
WARNING: [XPM_CDC_GRAY: TCL-1000] The source and destination clocks are the same. 
     Instance: u_async_fifo_2048x8b/U0/inst_fifo_gen/gconvfifo.rf/grf.rf/gntv_or_sync_fifo.gcx.clkx/rd_pntr_cdc_inst 
  This will add unnecessary latency to the design. Please check the design for the following: 
 1) Manually instantiated XPM_CDC modules: Xilinx recommends that you remove these modules. 
 2) Xilinx IP that contains XPM_CDC modules: Verify the connections to the IP to determine whether you can safely ignore this message.
 [F:/Software/Xilinx/Vivado/2020.2/data/ip/xpm/xpm_cdc/tcl/xpm_cdc_gray.tcl:16]
WARNING: [XPM_CDC_GRAY: TCL-1000] The source and destination clocks are the same. 
     Instance: u_async_fifo_2048x8b/U0/inst_fifo_gen/gconvfifo.rf/grf.rf/gntv_or_sync_fifo.gcx.clkx/wr_pntr_cdc_inst 
  This will add unnecessary latency to the design. Please check the design for the following: 
 1) Manually instantiated XPM_CDC modules: Xilinx recommends that you remove these modules. 
 2) Xilinx IP that contains XPM_CDC modules: Verify the connections to the IP to determine whether you can safely ignore this message.
 [F:/Software/Xilinx/Vivado/2020.2/data/ip/xpm/xpm_cdc/tcl/xpm_cdc_gray.tcl:16]
INFO: [Project 1-1715] 3 XPM XDC files have been applied to the design.
INFO: [Opt 31-138] Pushed 0 inverter(s) to 0 load pin(s).
refresh_design: Time (s): cpu = 00:00:05 ; elapsed = 00:00:06 . Memory (MB): peak = 2654.664 ; gain = 14.523
current_design rtl_1
refresh_design
INFO: [Project 1-570] Preparing netlist for logic optimization

Processing XDC Constraints
Initializing timing engine
Parsing XDC File [d:/Project/FPGA/temporary/cc/41_eth_udp_loop/prj/eth_udp_loop.gen/sources_1/ip/async_fifo_2048x8b/async_fifo_2048x8b.xdc] for cell 'u_async_fifo_2048x8b/U0'
Finished Parsing XDC File [d:/Project/FPGA/temporary/cc/41_eth_udp_loop/prj/eth_udp_loop.gen/sources_1/ip/async_fifo_2048x8b/async_fifo_2048x8b.xdc] for cell 'u_async_fifo_2048x8b/U0'
Parsing XDC File [D:/Project/FPGA/temporary/cc/41_eth_udp_loop/prj/eth_udp_loop.srcs/constrs_1/eth_udp_loop.xdc]
Finished Parsing XDC File [D:/Project/FPGA/temporary/cc/41_eth_udp_loop/prj/eth_udp_loop.srcs/constrs_1/eth_udp_loop.xdc]
WARNING: [Project 1-498] One or more constraints failed evaluation while reading constraint file [D:/Project/FPGA/temporary/cc/41_eth_udp_loop/prj/eth_udp_loop.srcs/constrs_1/eth_udp_loop.xdc] and the design contains unresolved black boxes. These constraints will be read post-synthesis (as long as their source constraint file is marked as used_in_implementation) and should be applied correctly then. You should review the constraints listed in the file [.Xil/eth_udp_loop_propImpl.xdc] and check the run log file to verify that these constraints were correctly applied.
Parsing XDC File [d:/Project/FPGA/temporary/cc/41_eth_udp_loop/prj/eth_udp_loop.gen/sources_1/ip/async_fifo_2048x8b/async_fifo_2048x8b_clocks.xdc] for cell 'u_async_fifo_2048x8b/U0'
Finished Parsing XDC File [d:/Project/FPGA/temporary/cc/41_eth_udp_loop/prj/eth_udp_loop.gen/sources_1/ip/async_fifo_2048x8b/async_fifo_2048x8b_clocks.xdc] for cell 'u_async_fifo_2048x8b/U0'
INFO: [Vivado 12-3272] Current instance is the top level cell 'u_async_fifo_2048x8b/U0/inst_fifo_gen/gconvfifo.rf/grf.rf/gntv_or_sync_fifo.gcx.clkx/rd_pntr_cdc_inst' of design 'rtl_1' [F:/Software/Xilinx/Vivado/2020.2/data/ip/xpm/xpm_cdc/tcl/xpm_cdc_gray.tcl:16]
WARNING: [XPM_CDC_GRAY: TCL-1000] The source and destination clocks are the same. 
     Instance: u_async_fifo_2048x8b/U0/inst_fifo_gen/gconvfifo.rf/grf.rf/gntv_or_sync_fifo.gcx.clkx/rd_pntr_cdc_inst 
  This will add unnecessary latency to the design. Please check the design for the following: 
 1) Manually instantiated XPM_CDC modules: Xilinx recommends that you remove these modules. 
 2) Xilinx IP that contains XPM_CDC modules: Verify the connections to the IP to determine whether you can safely ignore this message.
 [F:/Software/Xilinx/Vivado/2020.2/data/ip/xpm/xpm_cdc/tcl/xpm_cdc_gray.tcl:16]
INFO: [Vivado 12-3272] Current instance is the top level cell 'u_async_fifo_2048x8b/U0/inst_fifo_gen/gconvfifo.rf/grf.rf/gntv_or_sync_fifo.gcx.clkx/wr_pntr_cdc_inst' of design 'rtl_1' [F:/Software/Xilinx/Vivado/2020.2/data/ip/xpm/xpm_cdc/tcl/xpm_cdc_gray.tcl:16]
WARNING: [XPM_CDC_GRAY: TCL-1000] The source and destination clocks are the same. 
     Instance: u_async_fifo_2048x8b/U0/inst_fifo_gen/gconvfifo.rf/grf.rf/gntv_or_sync_fifo.gcx.clkx/wr_pntr_cdc_inst 
  This will add unnecessary latency to the design. Please check the design for the following: 
 1) Manually instantiated XPM_CDC modules: Xilinx recommends that you remove these modules. 
 2) Xilinx IP that contains XPM_CDC modules: Verify the connections to the IP to determine whether you can safely ignore this message.
 [F:/Software/Xilinx/Vivado/2020.2/data/ip/xpm/xpm_cdc/tcl/xpm_cdc_gray.tcl:16]
INFO: [Project 1-236] Implementation specific constraints were found while reading constraint file [F:/Software/Xilinx/Vivado/2020.2/data/ip/xpm/xpm_cdc/tcl/xpm_cdc_gray.tcl]. These constraints will be ignored for synthesis but will be used in implementation. Impacted constraints are listed in the file [.Xil/eth_udp_loop_propImpl.xdc].
Resolution: To avoid this warning, move constraints listed in [.Xil/eth_udp_loop_propImpl.xdc] to another XDC file and exclude this new file from synthesis with the used_in_synthesis property (File Properties dialog in GUI) and re-run elaboration/synthesis.
INFO: [Project 1-236] Implementation specific constraints were found while reading constraint file [F:/Software/Xilinx/Vivado/2020.2/data/ip/xpm/xpm_cdc/tcl/xpm_cdc_single.tcl]. These constraints will be ignored for synthesis but will be used in implementation. Impacted constraints are listed in the file [.Xil/eth_udp_loop_propImpl.xdc].
Resolution: To avoid this warning, move constraints listed in [.Xil/eth_udp_loop_propImpl.xdc] to another XDC file and exclude this new file from synthesis with the used_in_synthesis property (File Properties dialog in GUI) and re-run elaboration/synthesis.
INFO: [Project 1-1715] 3 XPM XDC files have been applied to the design.
Completed Processing XDC Constraints

add_files -norecurse D:/Project/FPGA/temporary/cc/41_eth_udp_loop/rtl/TOP.v
update_compile_order -fileset sources_1
update_compile_order -fileset sources_1
reset_run synth_1
refresh_design
---------------------------------------------------------------------------------
Starting RTL Elaboration : Time (s): cpu = 00:00:04 ; elapsed = 00:00:04 . Memory (MB): peak = 2690.742 ; gain = 36.078
---------------------------------------------------------------------------------
INFO: [Synth 8-6157] synthesizing module 'TOP' [D:/Project/FPGA/temporary/cc/41_eth_udp_loop/rtl/TOP.v:4]
INFO: [Synth 8-6157] synthesizing module 'clk_wiz_0' [D:/Project/FPGA/temporary/cc/41_eth_udp_loop/prj/.Xil/Vivado-19292-LEGION2020/realtime/clk_wiz_0_stub.v:5]
INFO: [Synth 8-6155] done synthesizing module 'clk_wiz_0' (1#1) [D:/Project/FPGA/temporary/cc/41_eth_udp_loop/prj/.Xil/Vivado-19292-LEGION2020/realtime/clk_wiz_0_stub.v:5]
INFO: [Synth 8-6157] synthesizing module 'eth_udp_loop' [D:/Project/FPGA/temporary/cc/41_eth_udp_loop/rtl/eth_udp_loop.v:23]
	Parameter BOARD_MAC bound to: 48'b000000000001000100100010001100110100010001010101 
	Parameter BOARD_IP bound to: -1062731510 - type: integer 
	Parameter DES_MAC bound to: 48'b111111111111111111111111111111111111111111111111 
	Parameter DES_IP bound to: -1062731418 - type: integer 
	Parameter IDELAY_VALUE bound to: 0 - type: integer 
INFO: [Synth 8-6157] synthesizing module 'gmii_to_rgmii' [D:/Project/FPGA/temporary/cc/41_eth_udp_loop/rtl/gmii_to_rgmii/gmii_to_rgmii.v:23]
	Parameter IDELAY_VALUE bound to: 0 - type: integer 
INFO: [Synth 8-6157] synthesizing module 'rgmii_rx' [D:/Project/FPGA/temporary/cc/41_eth_udp_loop/rtl/gmii_to_rgmii/rgmii_rx.v:23]
	Parameter IDELAY_VALUE bound to: 0 - type: integer 
INFO: [Synth 8-6157] synthesizing module 'IDELAYE2' [F:/Software/Xilinx/Vivado/2020.2/scripts/rt/data/unisim_comp.v:35073]
	Parameter CINVCTRL_SEL bound to: FALSE - type: string 
	Parameter DELAY_SRC bound to: IDATAIN - type: string 
	Parameter HIGH_PERFORMANCE_MODE bound to: FALSE - type: string 
	Parameter IDELAY_TYPE bound to: FIXED - type: string 
	Parameter IDELAY_VALUE bound to: 0 - type: integer 
	Parameter IS_C_INVERTED bound to: 1'b0 
	Parameter IS_DATAIN_INVERTED bound to: 1'b0 
	Parameter IS_IDATAIN_INVERTED bound to: 1'b0 
	Parameter PIPE_SEL bound to: FALSE - type: string 
	Parameter REFCLK_FREQUENCY bound to: 200.000000 - type: double 
	Parameter SIGNAL_PATTERN bound to: DATA - type: string 
	Parameter SIM_DELAY_D bound to: 0 - type: integer 
INFO: [Synth 8-6155] done synthesizing module 'IDELAYE2' (2#1) [F:/Software/Xilinx/Vivado/2020.2/scripts/rt/data/unisim_comp.v:35073]
INFO: [Synth 8-6157] synthesizing module 'IDDR' [F:/Software/Xilinx/Vivado/2020.2/scripts/rt/data/unisim_comp.v:34938]
	Parameter DDR_CLK_EDGE bound to: SAME_EDGE_PIPELINED - type: string 
	Parameter INIT_Q1 bound to: 1'b0 
	Parameter INIT_Q2 bound to: 1'b0 
	Parameter IS_C_INVERTED bound to: 1'b0 
	Parameter IS_D_INVERTED bound to: 1'b0 
	Parameter SRTYPE bound to: SYNC - type: string 
INFO: [Synth 8-6155] done synthesizing module 'IDDR' (3#1) [F:/Software/Xilinx/Vivado/2020.2/scripts/rt/data/unisim_comp.v:34938]
INFO: [Synth 8-6157] synthesizing module 'BUFG' [F:/Software/Xilinx/Vivado/2020.2/scripts/rt/data/unisim_comp.v:1083]
INFO: [Synth 8-6155] done synthesizing module 'BUFG' (4#1) [F:/Software/Xilinx/Vivado/2020.2/scripts/rt/data/unisim_comp.v:1083]
INFO: [Synth 8-6157] synthesizing module 'BUFIO' [F:/Software/Xilinx/Vivado/2020.2/scripts/rt/data/unisim_comp.v:1344]
INFO: [Synth 8-6155] done synthesizing module 'BUFIO' (5#1) [F:/Software/Xilinx/Vivado/2020.2/scripts/rt/data/unisim_comp.v:1344]
WARNING: [Synth 8-4446] all outputs are unconnected for this instance and logic may be removed [D:/Project/FPGA/temporary/cc/41_eth_udp_loop/rtl/gmii_to_rgmii/rgmii_rx.v:69]
INFO: [Synth 8-6157] synthesizing module 'IDELAYCTRL' [F:/Software/Xilinx/Vivado/2020.2/scripts/rt/data/unisim_comp.v:35060]
	Parameter SIM_DEVICE bound to: 7SERIES - type: string 
INFO: [Synth 8-6155] done synthesizing module 'IDELAYCTRL' (6#1) [F:/Software/Xilinx/Vivado/2020.2/scripts/rt/data/unisim_comp.v:35060]
INFO: [Synth 8-6155] done synthesizing module 'rgmii_rx' (7#1) [D:/Project/FPGA/temporary/cc/41_eth_udp_loop/rtl/gmii_to_rgmii/rgmii_rx.v:23]
INFO: [Synth 8-6157] synthesizing module 'rgmii_tx' [D:/Project/FPGA/temporary/cc/41_eth_udp_loop/rtl/gmii_to_rgmii/rgmii_tx.v:23]
INFO: [Synth 8-6157] synthesizing module 'ODDR' [F:/Software/Xilinx/Vivado/2020.2/scripts/rt/data/unisim_comp.v:49791]
	Parameter DDR_CLK_EDGE bound to: SAME_EDGE - type: string 
	Parameter INIT bound to: 1'b0 
	Parameter IS_C_INVERTED bound to: 1'b0 
	Parameter IS_D1_INVERTED bound to: 1'b0 
	Parameter IS_D2_INVERTED bound to: 1'b0 
	Parameter SRTYPE bound to: SYNC - type: string 
INFO: [Synth 8-6155] done synthesizing module 'ODDR' (8#1) [F:/Software/Xilinx/Vivado/2020.2/scripts/rt/data/unisim_comp.v:49791]
INFO: [Synth 8-6155] done synthesizing module 'rgmii_tx' (9#1) [D:/Project/FPGA/temporary/cc/41_eth_udp_loop/rtl/gmii_to_rgmii/rgmii_tx.v:23]
INFO: [Synth 8-6155] done synthesizing module 'gmii_to_rgmii' (10#1) [D:/Project/FPGA/temporary/cc/41_eth_udp_loop/rtl/gmii_to_rgmii/gmii_to_rgmii.v:23]
INFO: [Synth 8-6157] synthesizing module 'arp' [D:/Project/FPGA/temporary/cc/41_eth_udp_loop/rtl/arp/arp.v:23]
	Parameter BOARD_MAC bound to: 48'b000000000001000100100010001100110100010001010101 
	Parameter BOARD_IP bound to: -1062731510 - type: integer 
	Parameter DES_MAC bound to: 48'b111111111111111111111111111111111111111111111111 
	Parameter DES_IP bound to: -1062731418 - type: integer 
INFO: [Synth 8-6157] synthesizing module 'arp_rx' [D:/Project/FPGA/temporary/cc/41_eth_udp_loop/rtl/arp/arp_rx.v:23]
	Parameter BOARD_MAC bound to: 48'b000000000001000100100010001100110100010001010101 
	Parameter BOARD_IP bound to: -1062731510 - type: integer 
	Parameter st_idle bound to: 5'b00001 
	Parameter st_preamble bound to: 5'b00010 
	Parameter st_eth_head bound to: 5'b00100 
	Parameter st_arp_data bound to: 5'b01000 
	Parameter st_rx_end bound to: 5'b10000 
	Parameter ETH_TPYE bound to: 16'b0000100000000110 
INFO: [Synth 8-6155] done synthesizing module 'arp_rx' (11#1) [D:/Project/FPGA/temporary/cc/41_eth_udp_loop/rtl/arp/arp_rx.v:23]
INFO: [Synth 8-6157] synthesizing module 'arp_tx' [D:/Project/FPGA/temporary/cc/41_eth_udp_loop/rtl/arp/arp_tx.v:23]
	Parameter BOARD_MAC bound to: 48'b000000000001000100100010001100110100010001010101 
	Parameter BOARD_IP bound to: -1062731510 - type: integer 
	Parameter DES_MAC bound to: 48'b111111111111111111111111111111111111111111111111 
	Parameter DES_IP bound to: -1062731418 - type: integer 
	Parameter st_idle bound to: 5'b00001 
	Parameter st_preamble bound to: 5'b00010 
	Parameter st_eth_head bound to: 5'b00100 
	Parameter st_arp_data bound to: 5'b01000 
	Parameter st_crc bound to: 5'b10000 
	Parameter ETH_TYPE bound to: 16'b0000100000000110 
	Parameter HD_TYPE bound to: 16'b0000000000000001 
	Parameter PROTOCOL_TYPE bound to: 16'b0000100000000000 
	Parameter MIN_DATA_NUM bound to: 16'b0000000000101110 
INFO: [Synth 8-6155] done synthesizing module 'arp_tx' (12#1) [D:/Project/FPGA/temporary/cc/41_eth_udp_loop/rtl/arp/arp_tx.v:23]
INFO: [Synth 8-6157] synthesizing module 'crc32_d8' [D:/Project/FPGA/temporary/cc/41_eth_udp_loop/rtl/arp/crc32_d8.v:22]
INFO: [Synth 8-6155] done synthesizing module 'crc32_d8' (13#1) [D:/Project/FPGA/temporary/cc/41_eth_udp_loop/rtl/arp/crc32_d8.v:22]
INFO: [Synth 8-6155] done synthesizing module 'arp' (14#1) [D:/Project/FPGA/temporary/cc/41_eth_udp_loop/rtl/arp/arp.v:23]
INFO: [Synth 8-6157] synthesizing module 'icmp' [D:/Project/FPGA/temporary/cc/41_eth_udp_loop/rtl/icmp/icmp.v:23]
	Parameter BOARD_MAC bound to: 48'b000000000001000100100010001100110100010001010101 
	Parameter BOARD_IP bound to: -1062731510 - type: integer 
	Parameter DES_MAC bound to: 48'b111111111111111111111111111111111111111111111111 
	Parameter DES_IP bound to: -1062731418 - type: integer 
INFO: [Synth 8-6157] synthesizing module 'icmp_rx' [D:/Project/FPGA/temporary/cc/41_eth_udp_loop/rtl/icmp/icmp_rx.v:23]
	Parameter BOARD_MAC bound to: 48'b000000000001000100100010001100110100010001010101 
	Parameter BOARD_IP bound to: -1062731510 - type: integer 
	Parameter st_idle bound to: 7'b0000001 
	Parameter st_preamble bound to: 7'b0000010 
	Parameter st_eth_head bound to: 7'b0000100 
	Parameter st_ip_head bound to: 7'b0001000 
	Parameter st_icmp_head bound to: 7'b0010000 
	Parameter st_rx_data bound to: 7'b0100000 
	Parameter st_rx_end bound to: 7'b1000000 
	Parameter ETH_TYPE bound to: 16'b0000100000000000 
	Parameter ICMP_TYPE bound to: 8'b00000001 
	Parameter ECHO_REQUEST bound to: 8'b00001000 
INFO: [Synth 8-6155] done synthesizing module 'icmp_rx' (15#1) [D:/Project/FPGA/temporary/cc/41_eth_udp_loop/rtl/icmp/icmp_rx.v:23]
INFO: [Synth 8-6157] synthesizing module 'icmp_tx' [D:/Project/FPGA/temporary/cc/41_eth_udp_loop/rtl/icmp/icmp_tx.v:23]
	Parameter BOARD_MAC bound to: 48'b000000000001000100100010001100110100010001010101 
	Parameter BOARD_IP bound to: -1062731510 - type: integer 
	Parameter DES_MAC bound to: 48'b111111111111111111111111111111111111111111111111 
	Parameter DES_IP bound to: -1062731418 - type: integer 
	Parameter st_idle bound to: 8'b00000001 
	Parameter st_check_sum bound to: 8'b00000010 
	Parameter st_check_icmp bound to: 8'b00000100 
	Parameter st_preamble bound to: 8'b00001000 
	Parameter st_eth_head bound to: 8'b00010000 
	Parameter st_ip_head bound to: 8'b00100000 
	Parameter st_tx_data bound to: 8'b01000000 
	Parameter st_crc bound to: 8'b10000000 
	Parameter ETH_TYPE bound to: 16'b0000100000000000 
	Parameter MIN_DATA_NUM bound to: 16'b0000000000010010 
	Parameter ECHO_REPLY bound to: 8'b00000000 
INFO: [Synth 8-6155] done synthesizing module 'icmp_tx' (16#1) [D:/Project/FPGA/temporary/cc/41_eth_udp_loop/rtl/icmp/icmp_tx.v:23]
INFO: [Synth 8-6155] done synthesizing module 'icmp' (17#1) [D:/Project/FPGA/temporary/cc/41_eth_udp_loop/rtl/icmp/icmp.v:23]
INFO: [Synth 8-6157] synthesizing module 'udp' [D:/Project/FPGA/temporary/cc/41_eth_udp_loop/rtl/udp/udp.v:23]
	Parameter BOARD_MAC bound to: 48'b000000000001000100100010001100110100010001010101 
	Parameter BOARD_IP bound to: -1062731510 - type: integer 
	Parameter DES_MAC bound to: 48'b111111111111111111111111111111111111111111111111 
	Parameter DES_IP bound to: -1062731418 - type: integer 
INFO: [Synth 8-6157] synthesizing module 'udp_rx' [D:/Project/FPGA/temporary/cc/41_eth_udp_loop/rtl/udp/udp_rx.v:23]
	Parameter BOARD_MAC bound to: 48'b000000000001000100100010001100110100010001010101 
	Parameter BOARD_IP bound to: -1062731510 - type: integer 
	Parameter st_idle bound to: 7'b0000001 
	Parameter st_preamble bound to: 7'b0000010 
	Parameter st_eth_head bound to: 7'b0000100 
	Parameter st_ip_head bound to: 7'b0001000 
	Parameter st_udp_head bound to: 7'b0010000 
	Parameter st_rx_data bound to: 7'b0100000 
	Parameter st_rx_end bound to: 7'b1000000 
	Parameter ETH_TYPE bound to: 16'b0000100000000000 
	Parameter UDP_TYPE bound to: 8'b00010001 
INFO: [Synth 8-6155] done synthesizing module 'udp_rx' (18#1) [D:/Project/FPGA/temporary/cc/41_eth_udp_loop/rtl/udp/udp_rx.v:23]
INFO: [Synth 8-6157] synthesizing module 'udp_tx' [D:/Project/FPGA/temporary/cc/41_eth_udp_loop/rtl/udp/udp_tx.v:23]
	Parameter BOARD_MAC bound to: 48'b000000000001000100100010001100110100010001010101 
	Parameter BOARD_IP bound to: -1062731510 - type: integer 
	Parameter DES_MAC bound to: 48'b111111111111111111111111111111111111111111111111 
	Parameter DES_IP bound to: -1062731418 - type: integer 
	Parameter st_idle bound to: 7'b0000001 
	Parameter st_check_sum bound to: 7'b0000010 
	Parameter st_preamble bound to: 7'b0000100 
	Parameter st_eth_head bound to: 7'b0001000 
	Parameter st_ip_head bound to: 7'b0010000 
	Parameter st_tx_data bound to: 7'b0100000 
	Parameter st_crc bound to: 7'b1000000 
	Parameter ETH_TYPE bound to: 16'b0000100000000000 
	Parameter MIN_DATA_NUM bound to: 16'b0000000000010010 
INFO: [Synth 8-6155] done synthesizing module 'udp_tx' (19#1) [D:/Project/FPGA/temporary/cc/41_eth_udp_loop/rtl/udp/udp_tx.v:23]
INFO: [Synth 8-6155] done synthesizing module 'udp' (20#1) [D:/Project/FPGA/temporary/cc/41_eth_udp_loop/rtl/udp/udp.v:23]
INFO: [Synth 8-6157] synthesizing module 'async_fifo_2048x8b' [D:/Project/FPGA/temporary/cc/41_eth_udp_loop/prj/.Xil/Vivado-19292-LEGION2020/realtime/async_fifo_2048x8b_stub.v:6]
INFO: [Synth 8-6155] done synthesizing module 'async_fifo_2048x8b' (21#1) [D:/Project/FPGA/temporary/cc/41_eth_udp_loop/prj/.Xil/Vivado-19292-LEGION2020/realtime/async_fifo_2048x8b_stub.v:6]
INFO: [Synth 8-6157] synthesizing module 'eth_ctrl' [D:/Project/FPGA/temporary/cc/41_eth_udp_loop/rtl/eth_ctrl.v:23]
INFO: [Synth 8-6155] done synthesizing module 'eth_ctrl' (22#1) [D:/Project/FPGA/temporary/cc/41_eth_udp_loop/rtl/eth_ctrl.v:23]
INFO: [Synth 8-6155] done synthesizing module 'eth_udp_loop' (23#1) [D:/Project/FPGA/temporary/cc/41_eth_udp_loop/rtl/eth_udp_loop.v:23]
INFO: [Synth 8-6157] synthesizing module 'AD_convert' [D:/Project/FPGA/temporary/cc/41_eth_udp_loop/rtl/ad/AD_convert.v:2]
INFO: [Synth 8-6155] done synthesizing module 'AD_convert' (24#1) [D:/Project/FPGA/temporary/cc/41_eth_udp_loop/rtl/ad/AD_convert.v:2]
INFO: [Synth 8-6157] synthesizing module 'AD9269' [D:/Project/FPGA/temporary/cc/41_eth_udp_loop/rtl/ad/AD9269.v:1]
INFO: [Synth 8-6157] synthesizing module 'AD9269_SPI' [D:/Project/FPGA/temporary/cc/41_eth_udp_loop/rtl/ad/AD9269_SPI.v:1]
	Parameter delay_10ms bound to: 499999 - type: integer 
	Parameter sclk_cnt bound to: 47 - type: integer 
	Parameter Modes bound to: 8'b00001000 
	Parameter Clock bound to: 8'b00001001 
	Parameter Clock_divider bound to: 8'b00001011 
	Parameter Test_mode bound to: 8'b00001101 
	Parameter Offset_adjust bound to: 8'b00010000 
	Parameter Output_mode bound to: 8'b00010100 
	Parameter OUTPUT_ADJUST bound to: 8'b00010101 
	Parameter OUTPUT_PHASE bound to: 8'b00010110 
	Parameter OUTPUT_DELAY bound to: 8'b00010111 
	Parameter Features bound to: 8'b00101010 
	Parameter Output_assign bound to: 8'b00101110 
	Parameter Transfer bound to: 8'b11111111 
	Parameter Sync_control bound to: 9'b100000000 
	Parameter USR2 bound to: 9'b100000001 
	Parameter QEC_Control_0 bound to: 9'b100010000 
	Parameter QEC_Control_1 bound to: 9'b100010001 
	Parameter QEC_gain bound to: 9'b100010010 
	Parameter QEC_phase bound to: 9'b100010011 
	Parameter QEC_DC bound to: 9'b100010100 
	Parameter QEC_Initial_Gain0 bound to: 9'b100010110 
	Parameter QEC_Initial_Gain1 bound to: 9'b100010111 
	Parameter QEC_Initial_phase0 bound to: 9'b100011000 
	Parameter QEC_Initial_phase1 bound to: 9'b100011001 
	Parameter QEC_Initial_DC_I_0 bound to: 9'b100011010 
	Parameter QEC_Initial_DC_I_1 bound to: 9'b100011011 
	Parameter QEC_Initial_DC_Q_0 bound to: 9'b100011100 
	Parameter QEC_Initial_DC_Q_1 bound to: 9'b100011101 
	Parameter clock_cycle0 bound to: 3'b000 
	Parameter clock_cycle1 bound to: 3'b001 
	Parameter clock_cycle2 bound to: 3'b010 
	Parameter clock_cycle3 bound to: 3'b011 
	Parameter clock_cycle4 bound to: 3'b100 
	Parameter clock_cycle5 bound to: 3'b101 
	Parameter clock_cycle6 bound to: 3'b110 
	Parameter clock_cycle7 bound to: 3'b111 
	Parameter READ bound to: 1'b1 
	Parameter WRITE bound to: 1'b0 
INFO: [Synth 8-226] default block is never used [D:/Project/FPGA/temporary/cc/41_eth_udp_loop/rtl/ad/AD9269_SPI.v:96]
INFO: [Synth 8-6155] done synthesizing module 'AD9269_SPI' (25#1) [D:/Project/FPGA/temporary/cc/41_eth_udp_loop/rtl/ad/AD9269_SPI.v:1]
INFO: [Synth 8-6155] done synthesizing module 'AD9269' (26#1) [D:/Project/FPGA/temporary/cc/41_eth_udp_loop/rtl/ad/AD9269.v:1]
INFO: [Synth 8-6155] done synthesizing module 'TOP' (27#1) [D:/Project/FPGA/temporary/cc/41_eth_udp_loop/rtl/TOP.v:4]
---------------------------------------------------------------------------------
Finished RTL Elaboration : Time (s): cpu = 00:00:06 ; elapsed = 00:00:06 . Memory (MB): peak = 2786.777 ; gain = 132.113
---------------------------------------------------------------------------------
---------------------------------------------------------------------------------
Start Handling Custom Attributes
---------------------------------------------------------------------------------
---------------------------------------------------------------------------------
Finished Handling Custom Attributes : Time (s): cpu = 00:00:06 ; elapsed = 00:00:07 . Memory (MB): peak = 2805.613 ; gain = 150.949
---------------------------------------------------------------------------------
---------------------------------------------------------------------------------
Finished RTL Optimization Phase 1 : Time (s): cpu = 00:00:06 ; elapsed = 00:00:07 . Memory (MB): peak = 2805.613 ; gain = 150.949
---------------------------------------------------------------------------------
INFO: [Project 1-454] Reading design checkpoint 'd:/Project/FPGA/temporary/cc/41_eth_udp_loop/prj/eth_udp_loop.gen/sources_1/ip/clk_wiz_0/clk_wiz_0.dcp' for cell 'u_clk_wiz_0'
INFO: [Project 1-454] Reading design checkpoint 'd:/Project/FPGA/temporary/cc/41_eth_udp_loop/prj/eth_udp_loop.gen/sources_1/ip/async_fifo_2048x8b/async_fifo_2048x8b.dcp' for cell 'u_eth_udp_loop/u_async_fifo_2048x8b'
Netlist sorting complete. Time (s): cpu = 00:00:00 ; elapsed = 00:00:00.088 . Memory (MB): peak = 2825.582 ; gain = 0.000
INFO: [Netlist 29-17] Analyzing 25 Unisim elements for replacement
INFO: [Netlist 29-28] Unisim Transformation completed in 0 CPU seconds
INFO: [Project 1-479] Netlist was created with Vivado 2020.2
INFO: [Project 1-570] Preparing netlist for logic optimization

Processing XDC Constraints
Initializing timing engine
Parsing XDC File [d:/Project/FPGA/temporary/cc/41_eth_udp_loop/prj/eth_udp_loop.gen/sources_1/ip/async_fifo_2048x8b/async_fifo_2048x8b.xdc] for cell 'u_eth_udp_loop/u_async_fifo_2048x8b/U0'
Finished Parsing XDC File [d:/Project/FPGA/temporary/cc/41_eth_udp_loop/prj/eth_udp_loop.gen/sources_1/ip/async_fifo_2048x8b/async_fifo_2048x8b.xdc] for cell 'u_eth_udp_loop/u_async_fifo_2048x8b/U0'
Parsing XDC File [d:/Project/FPGA/temporary/cc/41_eth_udp_loop/prj/eth_udp_loop.gen/sources_1/ip/clk_wiz_0/clk_wiz_0_board.xdc] for cell 'u_clk_wiz_0/inst'
Finished Parsing XDC File [d:/Project/FPGA/temporary/cc/41_eth_udp_loop/prj/eth_udp_loop.gen/sources_1/ip/clk_wiz_0/clk_wiz_0_board.xdc] for cell 'u_clk_wiz_0/inst'
Parsing XDC File [d:/Project/FPGA/temporary/cc/41_eth_udp_loop/prj/eth_udp_loop.gen/sources_1/ip/clk_wiz_0/clk_wiz_0.xdc] for cell 'u_clk_wiz_0/inst'
Finished Parsing XDC File [d:/Project/FPGA/temporary/cc/41_eth_udp_loop/prj/eth_udp_loop.gen/sources_1/ip/clk_wiz_0/clk_wiz_0.xdc] for cell 'u_clk_wiz_0/inst'
INFO: [Project 1-236] Implementation specific constraints were found while reading constraint file [d:/Project/FPGA/temporary/cc/41_eth_udp_loop/prj/eth_udp_loop.gen/sources_1/ip/clk_wiz_0/clk_wiz_0.xdc]. These constraints will be ignored for synthesis but will be used in implementation. Impacted constraints are listed in the file [.Xil/TOP_propImpl.xdc].
Resolution: To avoid this warning, move constraints listed in [.Xil/TOP_propImpl.xdc] to another XDC file and exclude this new file from synthesis with the used_in_synthesis property (File Properties dialog in GUI) and re-run elaboration/synthesis.
INFO: [Timing 38-2] Deriving generated clocks
Parsing XDC File [D:/Project/FPGA/temporary/cc/41_eth_udp_loop/prj/eth_udp_loop.srcs/constrs_1/eth_udp_loop.xdc]
WARNING: [Constraints 18-619] A clock with name 'sys_clk' already exists, overwriting the previous clock with the same name. [D:/Project/FPGA/temporary/cc/41_eth_udp_loop/prj/eth_udp_loop.srcs/constrs_1/eth_udp_loop.xdc:17]
Finished Parsing XDC File [D:/Project/FPGA/temporary/cc/41_eth_udp_loop/prj/eth_udp_loop.srcs/constrs_1/eth_udp_loop.xdc]
Parsing XDC File [d:/Project/FPGA/temporary/cc/41_eth_udp_loop/prj/eth_udp_loop.gen/sources_1/ip/async_fifo_2048x8b/async_fifo_2048x8b_clocks.xdc] for cell 'u_eth_udp_loop/u_async_fifo_2048x8b/U0'
Finished Parsing XDC File [d:/Project/FPGA/temporary/cc/41_eth_udp_loop/prj/eth_udp_loop.gen/sources_1/ip/async_fifo_2048x8b/async_fifo_2048x8b_clocks.xdc] for cell 'u_eth_udp_loop/u_async_fifo_2048x8b/U0'
INFO: [Vivado 12-3272] Current instance is the top level cell 'u_eth_udp_loop/u_async_fifo_2048x8b/U0/inst_fifo_gen/gconvfifo.rf/grf.rf/gntv_or_sync_fifo.gcx.clkx/rd_pntr_cdc_inst' of design 'rtl_1' [F:/Software/Xilinx/Vivado/2020.2/data/ip/xpm/xpm_cdc/tcl/xpm_cdc_gray.tcl:16]
WARNING: [XPM_CDC_GRAY: TCL-1000] The source and destination clocks are the same. 
     Instance: u_eth_udp_loop/u_async_fifo_2048x8b/U0/inst_fifo_gen/gconvfifo.rf/grf.rf/gntv_or_sync_fifo.gcx.clkx/rd_pntr_cdc_inst 
  This will add unnecessary latency to the design. Please check the design for the following: 
 1) Manually instantiated XPM_CDC modules: Xilinx recommends that you remove these modules. 
 2) Xilinx IP that contains XPM_CDC modules: Verify the connections to the IP to determine whether you can safely ignore this message.
 [F:/Software/Xilinx/Vivado/2020.2/data/ip/xpm/xpm_cdc/tcl/xpm_cdc_gray.tcl:16]
INFO: [Vivado 12-3272] Current instance is the top level cell 'u_eth_udp_loop/u_async_fifo_2048x8b/U0/inst_fifo_gen/gconvfifo.rf/grf.rf/gntv_or_sync_fifo.gcx.clkx/wr_pntr_cdc_inst' of design 'rtl_1' [F:/Software/Xilinx/Vivado/2020.2/data/ip/xpm/xpm_cdc/tcl/xpm_cdc_gray.tcl:16]
WARNING: [XPM_CDC_GRAY: TCL-1000] The source and destination clocks are the same. 
     Instance: u_eth_udp_loop/u_async_fifo_2048x8b/U0/inst_fifo_gen/gconvfifo.rf/grf.rf/gntv_or_sync_fifo.gcx.clkx/wr_pntr_cdc_inst 
  This will add unnecessary latency to the design. Please check the design for the following: 
 1) Manually instantiated XPM_CDC modules: Xilinx recommends that you remove these modules. 
 2) Xilinx IP that contains XPM_CDC modules: Verify the connections to the IP to determine whether you can safely ignore this message.
 [F:/Software/Xilinx/Vivado/2020.2/data/ip/xpm/xpm_cdc/tcl/xpm_cdc_gray.tcl:16]
INFO: [Project 1-236] Implementation specific constraints were found while reading constraint file [F:/Software/Xilinx/Vivado/2020.2/data/ip/xpm/xpm_cdc/tcl/xpm_cdc_gray.tcl]. These constraints will be ignored for synthesis but will be used in implementation. Impacted constraints are listed in the file [.Xil/TOP_propImpl.xdc].
Resolution: To avoid this warning, move constraints listed in [.Xil/TOP_propImpl.xdc] to another XDC file and exclude this new file from synthesis with the used_in_synthesis property (File Properties dialog in GUI) and re-run elaboration/synthesis.
INFO: [Project 1-236] Implementation specific constraints were found while reading constraint file [F:/Software/Xilinx/Vivado/2020.2/data/ip/xpm/xpm_cdc/tcl/xpm_cdc_single.tcl]. These constraints will be ignored for synthesis but will be used in implementation. Impacted constraints are listed in the file [.Xil/TOP_propImpl.xdc].
Resolution: To avoid this warning, move constraints listed in [.Xil/TOP_propImpl.xdc] to another XDC file and exclude this new file from synthesis with the used_in_synthesis property (File Properties dialog in GUI) and re-run elaboration/synthesis.
INFO: [Project 1-1715] 3 XPM XDC files have been applied to the design.
Completed Processing XDC Constraints

refresh_design: Time (s): cpu = 00:00:11 ; elapsed = 00:00:12 . Memory (MB): peak = 2825.582 ; gain = 170.918
refresh_design
---------------------------------------------------------------------------------
Starting RTL Elaboration : Time (s): cpu = 00:00:04 ; elapsed = 00:00:04 . Memory (MB): peak = 2825.582 ; gain = 0.000
---------------------------------------------------------------------------------
INFO: [Synth 8-6157] synthesizing module 'TOP' [D:/Project/FPGA/temporary/cc/41_eth_udp_loop/rtl/TOP.v:4]
INFO: [Synth 8-6157] synthesizing module 'clk_wiz_0' [D:/Project/FPGA/temporary/cc/41_eth_udp_loop/prj/.Xil/Vivado-19292-LEGION2020/realtime/clk_wiz_0_stub.v:5]
INFO: [Synth 8-6155] done synthesizing module 'clk_wiz_0' (1#1) [D:/Project/FPGA/temporary/cc/41_eth_udp_loop/prj/.Xil/Vivado-19292-LEGION2020/realtime/clk_wiz_0_stub.v:5]
INFO: [Synth 8-6157] synthesizing module 'eth_udp_loop' [D:/Project/FPGA/temporary/cc/41_eth_udp_loop/rtl/eth_udp_loop.v:23]
	Parameter BOARD_MAC bound to: 48'b000000000001000100100010001100110100010001010101 
	Parameter BOARD_IP bound to: -1062731510 - type: integer 
	Parameter DES_MAC bound to: 48'b111111111111111111111111111111111111111111111111 
	Parameter DES_IP bound to: -1062731418 - type: integer 
	Parameter IDELAY_VALUE bound to: 0 - type: integer 
INFO: [Synth 8-6157] synthesizing module 'gmii_to_rgmii' [D:/Project/FPGA/temporary/cc/41_eth_udp_loop/rtl/gmii_to_rgmii/gmii_to_rgmii.v:23]
	Parameter IDELAY_VALUE bound to: 0 - type: integer 
INFO: [Synth 8-6157] synthesizing module 'rgmii_rx' [D:/Project/FPGA/temporary/cc/41_eth_udp_loop/rtl/gmii_to_rgmii/rgmii_rx.v:23]
	Parameter IDELAY_VALUE bound to: 0 - type: integer 
INFO: [Synth 8-6157] synthesizing module 'IDELAYE2' [F:/Software/Xilinx/Vivado/2020.2/scripts/rt/data/unisim_comp.v:35073]
	Parameter CINVCTRL_SEL bound to: FALSE - type: string 
	Parameter DELAY_SRC bound to: IDATAIN - type: string 
	Parameter HIGH_PERFORMANCE_MODE bound to: FALSE - type: string 
	Parameter IDELAY_TYPE bound to: FIXED - type: string 
	Parameter IDELAY_VALUE bound to: 0 - type: integer 
	Parameter IS_C_INVERTED bound to: 1'b0 
	Parameter IS_DATAIN_INVERTED bound to: 1'b0 
	Parameter IS_IDATAIN_INVERTED bound to: 1'b0 
	Parameter PIPE_SEL bound to: FALSE - type: string 
	Parameter REFCLK_FREQUENCY bound to: 200.000000 - type: double 
	Parameter SIGNAL_PATTERN bound to: DATA - type: string 
	Parameter SIM_DELAY_D bound to: 0 - type: integer 
INFO: [Synth 8-6155] done synthesizing module 'IDELAYE2' (2#1) [F:/Software/Xilinx/Vivado/2020.2/scripts/rt/data/unisim_comp.v:35073]
INFO: [Synth 8-6157] synthesizing module 'IDDR' [F:/Software/Xilinx/Vivado/2020.2/scripts/rt/data/unisim_comp.v:34938]
	Parameter DDR_CLK_EDGE bound to: SAME_EDGE_PIPELINED - type: string 
	Parameter INIT_Q1 bound to: 1'b0 
	Parameter INIT_Q2 bound to: 1'b0 
	Parameter IS_C_INVERTED bound to: 1'b0 
	Parameter IS_D_INVERTED bound to: 1'b0 
	Parameter SRTYPE bound to: SYNC - type: string 
INFO: [Synth 8-6155] done synthesizing module 'IDDR' (3#1) [F:/Software/Xilinx/Vivado/2020.2/scripts/rt/data/unisim_comp.v:34938]
INFO: [Synth 8-6157] synthesizing module 'BUFG' [F:/Software/Xilinx/Vivado/2020.2/scripts/rt/data/unisim_comp.v:1083]
INFO: [Synth 8-6155] done synthesizing module 'BUFG' (4#1) [F:/Software/Xilinx/Vivado/2020.2/scripts/rt/data/unisim_comp.v:1083]
INFO: [Synth 8-6157] synthesizing module 'BUFIO' [F:/Software/Xilinx/Vivado/2020.2/scripts/rt/data/unisim_comp.v:1344]
INFO: [Synth 8-6155] done synthesizing module 'BUFIO' (5#1) [F:/Software/Xilinx/Vivado/2020.2/scripts/rt/data/unisim_comp.v:1344]
WARNING: [Synth 8-4446] all outputs are unconnected for this instance and logic may be removed [D:/Project/FPGA/temporary/cc/41_eth_udp_loop/rtl/gmii_to_rgmii/rgmii_rx.v:69]
INFO: [Synth 8-6157] synthesizing module 'IDELAYCTRL' [F:/Software/Xilinx/Vivado/2020.2/scripts/rt/data/unisim_comp.v:35060]
	Parameter SIM_DEVICE bound to: 7SERIES - type: string 
INFO: [Synth 8-6155] done synthesizing module 'IDELAYCTRL' (6#1) [F:/Software/Xilinx/Vivado/2020.2/scripts/rt/data/unisim_comp.v:35060]
INFO: [Synth 8-6155] done synthesizing module 'rgmii_rx' (7#1) [D:/Project/FPGA/temporary/cc/41_eth_udp_loop/rtl/gmii_to_rgmii/rgmii_rx.v:23]
INFO: [Synth 8-6157] synthesizing module 'rgmii_tx' [D:/Project/FPGA/temporary/cc/41_eth_udp_loop/rtl/gmii_to_rgmii/rgmii_tx.v:23]
INFO: [Synth 8-6157] synthesizing module 'ODDR' [F:/Software/Xilinx/Vivado/2020.2/scripts/rt/data/unisim_comp.v:49791]
	Parameter DDR_CLK_EDGE bound to: SAME_EDGE - type: string 
	Parameter INIT bound to: 1'b0 
	Parameter IS_C_INVERTED bound to: 1'b0 
	Parameter IS_D1_INVERTED bound to: 1'b0 
	Parameter IS_D2_INVERTED bound to: 1'b0 
	Parameter SRTYPE bound to: SYNC - type: string 
INFO: [Synth 8-6155] done synthesizing module 'ODDR' (8#1) [F:/Software/Xilinx/Vivado/2020.2/scripts/rt/data/unisim_comp.v:49791]
INFO: [Synth 8-6155] done synthesizing module 'rgmii_tx' (9#1) [D:/Project/FPGA/temporary/cc/41_eth_udp_loop/rtl/gmii_to_rgmii/rgmii_tx.v:23]
INFO: [Synth 8-6155] done synthesizing module 'gmii_to_rgmii' (10#1) [D:/Project/FPGA/temporary/cc/41_eth_udp_loop/rtl/gmii_to_rgmii/gmii_to_rgmii.v:23]
INFO: [Synth 8-6157] synthesizing module 'arp' [D:/Project/FPGA/temporary/cc/41_eth_udp_loop/rtl/arp/arp.v:23]
	Parameter BOARD_MAC bound to: 48'b000000000001000100100010001100110100010001010101 
	Parameter BOARD_IP bound to: -1062731510 - type: integer 
	Parameter DES_MAC bound to: 48'b111111111111111111111111111111111111111111111111 
	Parameter DES_IP bound to: -1062731418 - type: integer 
INFO: [Synth 8-6157] synthesizing module 'arp_rx' [D:/Project/FPGA/temporary/cc/41_eth_udp_loop/rtl/arp/arp_rx.v:23]
	Parameter BOARD_MAC bound to: 48'b000000000001000100100010001100110100010001010101 
	Parameter BOARD_IP bound to: -1062731510 - type: integer 
	Parameter st_idle bound to: 5'b00001 
	Parameter st_preamble bound to: 5'b00010 
	Parameter st_eth_head bound to: 5'b00100 
	Parameter st_arp_data bound to: 5'b01000 
	Parameter st_rx_end bound to: 5'b10000 
	Parameter ETH_TPYE bound to: 16'b0000100000000110 
INFO: [Synth 8-6155] done synthesizing module 'arp_rx' (11#1) [D:/Project/FPGA/temporary/cc/41_eth_udp_loop/rtl/arp/arp_rx.v:23]
INFO: [Synth 8-6157] synthesizing module 'arp_tx' [D:/Project/FPGA/temporary/cc/41_eth_udp_loop/rtl/arp/arp_tx.v:23]
	Parameter BOARD_MAC bound to: 48'b000000000001000100100010001100110100010001010101 
	Parameter BOARD_IP bound to: -1062731510 - type: integer 
	Parameter DES_MAC bound to: 48'b111111111111111111111111111111111111111111111111 
	Parameter DES_IP bound to: -1062731418 - type: integer 
	Parameter st_idle bound to: 5'b00001 
	Parameter st_preamble bound to: 5'b00010 
	Parameter st_eth_head bound to: 5'b00100 
	Parameter st_arp_data bound to: 5'b01000 
	Parameter st_crc bound to: 5'b10000 
	Parameter ETH_TYPE bound to: 16'b0000100000000110 
	Parameter HD_TYPE bound to: 16'b0000000000000001 
	Parameter PROTOCOL_TYPE bound to: 16'b0000100000000000 
	Parameter MIN_DATA_NUM bound to: 16'b0000000000101110 
INFO: [Synth 8-6155] done synthesizing module 'arp_tx' (12#1) [D:/Project/FPGA/temporary/cc/41_eth_udp_loop/rtl/arp/arp_tx.v:23]
INFO: [Synth 8-6157] synthesizing module 'crc32_d8' [D:/Project/FPGA/temporary/cc/41_eth_udp_loop/rtl/arp/crc32_d8.v:22]
INFO: [Synth 8-6155] done synthesizing module 'crc32_d8' (13#1) [D:/Project/FPGA/temporary/cc/41_eth_udp_loop/rtl/arp/crc32_d8.v:22]
INFO: [Synth 8-6155] done synthesizing module 'arp' (14#1) [D:/Project/FPGA/temporary/cc/41_eth_udp_loop/rtl/arp/arp.v:23]
INFO: [Synth 8-6157] synthesizing module 'icmp' [D:/Project/FPGA/temporary/cc/41_eth_udp_loop/rtl/icmp/icmp.v:23]
	Parameter BOARD_MAC bound to: 48'b000000000001000100100010001100110100010001010101 
	Parameter BOARD_IP bound to: -1062731510 - type: integer 
	Parameter DES_MAC bound to: 48'b111111111111111111111111111111111111111111111111 
	Parameter DES_IP bound to: -1062731418 - type: integer 
INFO: [Synth 8-6157] synthesizing module 'icmp_rx' [D:/Project/FPGA/temporary/cc/41_eth_udp_loop/rtl/icmp/icmp_rx.v:23]
	Parameter BOARD_MAC bound to: 48'b000000000001000100100010001100110100010001010101 
	Parameter BOARD_IP bound to: -1062731510 - type: integer 
	Parameter st_idle bound to: 7'b0000001 
	Parameter st_preamble bound to: 7'b0000010 
	Parameter st_eth_head bound to: 7'b0000100 
	Parameter st_ip_head bound to: 7'b0001000 
	Parameter st_icmp_head bound to: 7'b0010000 
	Parameter st_rx_data bound to: 7'b0100000 
	Parameter st_rx_end bound to: 7'b1000000 
	Parameter ETH_TYPE bound to: 16'b0000100000000000 
	Parameter ICMP_TYPE bound to: 8'b00000001 
	Parameter ECHO_REQUEST bound to: 8'b00001000 
INFO: [Synth 8-6155] done synthesizing module 'icmp_rx' (15#1) [D:/Project/FPGA/temporary/cc/41_eth_udp_loop/rtl/icmp/icmp_rx.v:23]
INFO: [Synth 8-6157] synthesizing module 'icmp_tx' [D:/Project/FPGA/temporary/cc/41_eth_udp_loop/rtl/icmp/icmp_tx.v:23]
	Parameter BOARD_MAC bound to: 48'b000000000001000100100010001100110100010001010101 
	Parameter BOARD_IP bound to: -1062731510 - type: integer 
	Parameter DES_MAC bound to: 48'b111111111111111111111111111111111111111111111111 
	Parameter DES_IP bound to: -1062731418 - type: integer 
	Parameter st_idle bound to: 8'b00000001 
	Parameter st_check_sum bound to: 8'b00000010 
	Parameter st_check_icmp bound to: 8'b00000100 
	Parameter st_preamble bound to: 8'b00001000 
	Parameter st_eth_head bound to: 8'b00010000 
	Parameter st_ip_head bound to: 8'b00100000 
	Parameter st_tx_data bound to: 8'b01000000 
	Parameter st_crc bound to: 8'b10000000 
	Parameter ETH_TYPE bound to: 16'b0000100000000000 
	Parameter MIN_DATA_NUM bound to: 16'b0000000000010010 
	Parameter ECHO_REPLY bound to: 8'b00000000 
INFO: [Synth 8-6155] done synthesizing module 'icmp_tx' (16#1) [D:/Project/FPGA/temporary/cc/41_eth_udp_loop/rtl/icmp/icmp_tx.v:23]
INFO: [Synth 8-6155] done synthesizing module 'icmp' (17#1) [D:/Project/FPGA/temporary/cc/41_eth_udp_loop/rtl/icmp/icmp.v:23]
INFO: [Synth 8-6157] synthesizing module 'udp' [D:/Project/FPGA/temporary/cc/41_eth_udp_loop/rtl/udp/udp.v:23]
	Parameter BOARD_MAC bound to: 48'b000000000001000100100010001100110100010001010101 
	Parameter BOARD_IP bound to: -1062731510 - type: integer 
	Parameter DES_MAC bound to: 48'b111111111111111111111111111111111111111111111111 
	Parameter DES_IP bound to: -1062731418 - type: integer 
INFO: [Synth 8-6157] synthesizing module 'udp_rx' [D:/Project/FPGA/temporary/cc/41_eth_udp_loop/rtl/udp/udp_rx.v:23]
	Parameter BOARD_MAC bound to: 48'b000000000001000100100010001100110100010001010101 
	Parameter BOARD_IP bound to: -1062731510 - type: integer 
	Parameter st_idle bound to: 7'b0000001 
	Parameter st_preamble bound to: 7'b0000010 
	Parameter st_eth_head bound to: 7'b0000100 
	Parameter st_ip_head bound to: 7'b0001000 
	Parameter st_udp_head bound to: 7'b0010000 
	Parameter st_rx_data bound to: 7'b0100000 
	Parameter st_rx_end bound to: 7'b1000000 
	Parameter ETH_TYPE bound to: 16'b0000100000000000 
	Parameter UDP_TYPE bound to: 8'b00010001 
INFO: [Synth 8-6155] done synthesizing module 'udp_rx' (18#1) [D:/Project/FPGA/temporary/cc/41_eth_udp_loop/rtl/udp/udp_rx.v:23]
INFO: [Synth 8-6157] synthesizing module 'udp_tx' [D:/Project/FPGA/temporary/cc/41_eth_udp_loop/rtl/udp/udp_tx.v:23]
	Parameter BOARD_MAC bound to: 48'b000000000001000100100010001100110100010001010101 
	Parameter BOARD_IP bound to: -1062731510 - type: integer 
	Parameter DES_MAC bound to: 48'b111111111111111111111111111111111111111111111111 
	Parameter DES_IP bound to: -1062731418 - type: integer 
	Parameter st_idle bound to: 7'b0000001 
	Parameter st_check_sum bound to: 7'b0000010 
	Parameter st_preamble bound to: 7'b0000100 
	Parameter st_eth_head bound to: 7'b0001000 
	Parameter st_ip_head bound to: 7'b0010000 
	Parameter st_tx_data bound to: 7'b0100000 
	Parameter st_crc bound to: 7'b1000000 
	Parameter ETH_TYPE bound to: 16'b0000100000000000 
	Parameter MIN_DATA_NUM bound to: 16'b0000000000010010 
INFO: [Synth 8-6155] done synthesizing module 'udp_tx' (19#1) [D:/Project/FPGA/temporary/cc/41_eth_udp_loop/rtl/udp/udp_tx.v:23]
INFO: [Synth 8-6155] done synthesizing module 'udp' (20#1) [D:/Project/FPGA/temporary/cc/41_eth_udp_loop/rtl/udp/udp.v:23]
INFO: [Synth 8-6157] synthesizing module 'async_fifo_2048x8b' [D:/Project/FPGA/temporary/cc/41_eth_udp_loop/prj/.Xil/Vivado-19292-LEGION2020/realtime/async_fifo_2048x8b_stub.v:6]
INFO: [Synth 8-6155] done synthesizing module 'async_fifo_2048x8b' (21#1) [D:/Project/FPGA/temporary/cc/41_eth_udp_loop/prj/.Xil/Vivado-19292-LEGION2020/realtime/async_fifo_2048x8b_stub.v:6]
INFO: [Synth 8-6157] synthesizing module 'eth_ctrl' [D:/Project/FPGA/temporary/cc/41_eth_udp_loop/rtl/eth_ctrl.v:23]
INFO: [Synth 8-6155] done synthesizing module 'eth_ctrl' (22#1) [D:/Project/FPGA/temporary/cc/41_eth_udp_loop/rtl/eth_ctrl.v:23]
INFO: [Synth 8-6155] done synthesizing module 'eth_udp_loop' (23#1) [D:/Project/FPGA/temporary/cc/41_eth_udp_loop/rtl/eth_udp_loop.v:23]
INFO: [Synth 8-6157] synthesizing module 'AD_convert' [D:/Project/FPGA/temporary/cc/41_eth_udp_loop/rtl/ad/AD_convert.v:2]
INFO: [Synth 8-6155] done synthesizing module 'AD_convert' (24#1) [D:/Project/FPGA/temporary/cc/41_eth_udp_loop/rtl/ad/AD_convert.v:2]
INFO: [Synth 8-6157] synthesizing module 'AD9269' [D:/Project/FPGA/temporary/cc/41_eth_udp_loop/rtl/ad/AD9269.v:1]
INFO: [Synth 8-6157] synthesizing module 'AD9269_SPI' [D:/Project/FPGA/temporary/cc/41_eth_udp_loop/rtl/ad/AD9269_SPI.v:1]
	Parameter delay_10ms bound to: 499999 - type: integer 
	Parameter sclk_cnt bound to: 47 - type: integer 
	Parameter Modes bound to: 8'b00001000 
	Parameter Clock bound to: 8'b00001001 
	Parameter Clock_divider bound to: 8'b00001011 
	Parameter Test_mode bound to: 8'b00001101 
	Parameter Offset_adjust bound to: 8'b00010000 
	Parameter Output_mode bound to: 8'b00010100 
	Parameter OUTPUT_ADJUST bound to: 8'b00010101 
	Parameter OUTPUT_PHASE bound to: 8'b00010110 
	Parameter OUTPUT_DELAY bound to: 8'b00010111 
	Parameter Features bound to: 8'b00101010 
	Parameter Output_assign bound to: 8'b00101110 
	Parameter Transfer bound to: 8'b11111111 
	Parameter Sync_control bound to: 9'b100000000 
	Parameter USR2 bound to: 9'b100000001 
	Parameter QEC_Control_0 bound to: 9'b100010000 
	Parameter QEC_Control_1 bound to: 9'b100010001 
	Parameter QEC_gain bound to: 9'b100010010 
	Parameter QEC_phase bound to: 9'b100010011 
	Parameter QEC_DC bound to: 9'b100010100 
	Parameter QEC_Initial_Gain0 bound to: 9'b100010110 
	Parameter QEC_Initial_Gain1 bound to: 9'b100010111 
	Parameter QEC_Initial_phase0 bound to: 9'b100011000 
	Parameter QEC_Initial_phase1 bound to: 9'b100011001 
	Parameter QEC_Initial_DC_I_0 bound to: 9'b100011010 
	Parameter QEC_Initial_DC_I_1 bound to: 9'b100011011 
	Parameter QEC_Initial_DC_Q_0 bound to: 9'b100011100 
	Parameter QEC_Initial_DC_Q_1 bound to: 9'b100011101 
	Parameter clock_cycle0 bound to: 3'b000 
	Parameter clock_cycle1 bound to: 3'b001 
	Parameter clock_cycle2 bound to: 3'b010 
	Parameter clock_cycle3 bound to: 3'b011 
	Parameter clock_cycle4 bound to: 3'b100 
	Parameter clock_cycle5 bound to: 3'b101 
	Parameter clock_cycle6 bound to: 3'b110 
	Parameter clock_cycle7 bound to: 3'b111 
	Parameter READ bound to: 1'b1 
	Parameter WRITE bound to: 1'b0 
INFO: [Synth 8-226] default block is never used [D:/Project/FPGA/temporary/cc/41_eth_udp_loop/rtl/ad/AD9269_SPI.v:96]
INFO: [Synth 8-6155] done synthesizing module 'AD9269_SPI' (25#1) [D:/Project/FPGA/temporary/cc/41_eth_udp_loop/rtl/ad/AD9269_SPI.v:1]
INFO: [Synth 8-6155] done synthesizing module 'AD9269' (26#1) [D:/Project/FPGA/temporary/cc/41_eth_udp_loop/rtl/ad/AD9269.v:1]
INFO: [Synth 8-6155] done synthesizing module 'TOP' (27#1) [D:/Project/FPGA/temporary/cc/41_eth_udp_loop/rtl/TOP.v:4]
---------------------------------------------------------------------------------
Finished RTL Elaboration : Time (s): cpu = 00:00:05 ; elapsed = 00:00:06 . Memory (MB): peak = 2825.582 ; gain = 0.000
---------------------------------------------------------------------------------
---------------------------------------------------------------------------------
Start Handling Custom Attributes
---------------------------------------------------------------------------------
---------------------------------------------------------------------------------
Finished Handling Custom Attributes : Time (s): cpu = 00:00:06 ; elapsed = 00:00:06 . Memory (MB): peak = 2825.582 ; gain = 0.000
---------------------------------------------------------------------------------
---------------------------------------------------------------------------------
Finished RTL Optimization Phase 1 : Time (s): cpu = 00:00:06 ; elapsed = 00:00:06 . Memory (MB): peak = 2825.582 ; gain = 0.000
---------------------------------------------------------------------------------
INFO: [Project 1-454] Reading design checkpoint 'd:/Project/FPGA/temporary/cc/41_eth_udp_loop/prj/eth_udp_loop.gen/sources_1/ip/clk_wiz_0/clk_wiz_0.dcp' for cell 'u_clk_wiz_0'
INFO: [Project 1-454] Reading design checkpoint 'd:/Project/FPGA/temporary/cc/41_eth_udp_loop/prj/eth_udp_loop.gen/sources_1/ip/async_fifo_2048x8b/async_fifo_2048x8b.dcp' for cell 'u_eth_udp_loop/u_async_fifo_2048x8b'
Netlist sorting complete. Time (s): cpu = 00:00:00 ; elapsed = 00:00:00.087 . Memory (MB): peak = 2834.836 ; gain = 0.000
INFO: [Netlist 29-17] Analyzing 25 Unisim elements for replacement
INFO: [Netlist 29-28] Unisim Transformation completed in 0 CPU seconds
INFO: [Project 1-479] Netlist was created with Vivado 2020.2
INFO: [Project 1-570] Preparing netlist for logic optimization

Processing XDC Constraints
Initializing timing engine
Parsing XDC File [d:/Project/FPGA/temporary/cc/41_eth_udp_loop/prj/eth_udp_loop.gen/sources_1/ip/async_fifo_2048x8b/async_fifo_2048x8b.xdc] for cell 'u_eth_udp_loop/u_async_fifo_2048x8b/U0'
Finished Parsing XDC File [d:/Project/FPGA/temporary/cc/41_eth_udp_loop/prj/eth_udp_loop.gen/sources_1/ip/async_fifo_2048x8b/async_fifo_2048x8b.xdc] for cell 'u_eth_udp_loop/u_async_fifo_2048x8b/U0'
Parsing XDC File [d:/Project/FPGA/temporary/cc/41_eth_udp_loop/prj/eth_udp_loop.gen/sources_1/ip/clk_wiz_0/clk_wiz_0_board.xdc] for cell 'u_clk_wiz_0/inst'
Finished Parsing XDC File [d:/Project/FPGA/temporary/cc/41_eth_udp_loop/prj/eth_udp_loop.gen/sources_1/ip/clk_wiz_0/clk_wiz_0_board.xdc] for cell 'u_clk_wiz_0/inst'
Parsing XDC File [d:/Project/FPGA/temporary/cc/41_eth_udp_loop/prj/eth_udp_loop.gen/sources_1/ip/clk_wiz_0/clk_wiz_0.xdc] for cell 'u_clk_wiz_0/inst'
Finished Parsing XDC File [d:/Project/FPGA/temporary/cc/41_eth_udp_loop/prj/eth_udp_loop.gen/sources_1/ip/clk_wiz_0/clk_wiz_0.xdc] for cell 'u_clk_wiz_0/inst'
INFO: [Project 1-236] Implementation specific constraints were found while reading constraint file [d:/Project/FPGA/temporary/cc/41_eth_udp_loop/prj/eth_udp_loop.gen/sources_1/ip/clk_wiz_0/clk_wiz_0.xdc]. These constraints will be ignored for synthesis but will be used in implementation. Impacted constraints are listed in the file [.Xil/TOP_propImpl.xdc].
Resolution: To avoid this warning, move constraints listed in [.Xil/TOP_propImpl.xdc] to another XDC file and exclude this new file from synthesis with the used_in_synthesis property (File Properties dialog in GUI) and re-run elaboration/synthesis.
INFO: [Timing 38-2] Deriving generated clocks
Parsing XDC File [D:/Project/FPGA/temporary/cc/41_eth_udp_loop/prj/eth_udp_loop.srcs/constrs_1/eth_udp_loop.xdc]
WARNING: [Constraints 18-619] A clock with name 'sys_clk' already exists, overwriting the previous clock with the same name. [D:/Project/FPGA/temporary/cc/41_eth_udp_loop/prj/eth_udp_loop.srcs/constrs_1/eth_udp_loop.xdc:17]
WARNING: [Vivado 12-584] No ports matched 'DB15_0[15]'. [D:/Project/FPGA/temporary/cc/41_eth_udp_loop/prj/eth_udp_loop.srcs/constrs_1/eth_udp_loop.xdc:23]
WARNING: [Vivado 12-584] No ports matched 'DB15_0[14]'. [D:/Project/FPGA/temporary/cc/41_eth_udp_loop/prj/eth_udp_loop.srcs/constrs_1/eth_udp_loop.xdc:24]
WARNING: [Vivado 12-584] No ports matched 'DB15_0[13]'. [D:/Project/FPGA/temporary/cc/41_eth_udp_loop/prj/eth_udp_loop.srcs/constrs_1/eth_udp_loop.xdc:25]
WARNING: [Vivado 12-584] No ports matched 'DB15_0[12]'. [D:/Project/FPGA/temporary/cc/41_eth_udp_loop/prj/eth_udp_loop.srcs/constrs_1/eth_udp_loop.xdc:26]
WARNING: [Vivado 12-584] No ports matched 'DB15_0[11]'. [D:/Project/FPGA/temporary/cc/41_eth_udp_loop/prj/eth_udp_loop.srcs/constrs_1/eth_udp_loop.xdc:27]
WARNING: [Vivado 12-584] No ports matched 'DB15_0[10]'. [D:/Project/FPGA/temporary/cc/41_eth_udp_loop/prj/eth_udp_loop.srcs/constrs_1/eth_udp_loop.xdc:28]
WARNING: [Vivado 12-584] No ports matched 'DB15_0[9]'. [D:/Project/FPGA/temporary/cc/41_eth_udp_loop/prj/eth_udp_loop.srcs/constrs_1/eth_udp_loop.xdc:29]
WARNING: [Vivado 12-584] No ports matched 'DB15_0[8]'. [D:/Project/FPGA/temporary/cc/41_eth_udp_loop/prj/eth_udp_loop.srcs/constrs_1/eth_udp_loop.xdc:30]
WARNING: [Vivado 12-584] No ports matched 'DB15_0[7]'. [D:/Project/FPGA/temporary/cc/41_eth_udp_loop/prj/eth_udp_loop.srcs/constrs_1/eth_udp_loop.xdc:31]
WARNING: [Vivado 12-584] No ports matched 'DB15_0[6]'. [D:/Project/FPGA/temporary/cc/41_eth_udp_loop/prj/eth_udp_loop.srcs/constrs_1/eth_udp_loop.xdc:32]
WARNING: [Vivado 12-584] No ports matched 'DB15_0[5]'. [D:/Project/FPGA/temporary/cc/41_eth_udp_loop/prj/eth_udp_loop.srcs/constrs_1/eth_udp_loop.xdc:33]
WARNING: [Vivado 12-584] No ports matched 'DB15_0[4]'. [D:/Project/FPGA/temporary/cc/41_eth_udp_loop/prj/eth_udp_loop.srcs/constrs_1/eth_udp_loop.xdc:34]
WARNING: [Vivado 12-584] No ports matched 'DB15_0[3]'. [D:/Project/FPGA/temporary/cc/41_eth_udp_loop/prj/eth_udp_loop.srcs/constrs_1/eth_udp_loop.xdc:35]
WARNING: [Vivado 12-584] No ports matched 'DB15_0[2]'. [D:/Project/FPGA/temporary/cc/41_eth_udp_loop/prj/eth_udp_loop.srcs/constrs_1/eth_udp_loop.xdc:36]
WARNING: [Vivado 12-584] No ports matched 'DB15_0[1]'. [D:/Project/FPGA/temporary/cc/41_eth_udp_loop/prj/eth_udp_loop.srcs/constrs_1/eth_udp_loop.xdc:37]
WARNING: [Vivado 12-584] No ports matched 'DB15_0[0]'. [D:/Project/FPGA/temporary/cc/41_eth_udp_loop/prj/eth_udp_loop.srcs/constrs_1/eth_udp_loop.xdc:38]
WARNING: [Vivado 12-584] No ports matched 'DB15_0[15]'. [D:/Project/FPGA/temporary/cc/41_eth_udp_loop/prj/eth_udp_loop.srcs/constrs_1/eth_udp_loop.xdc:39]
WARNING: [Vivado 12-584] No ports matched 'DB15_0[14]'. [D:/Project/FPGA/temporary/cc/41_eth_udp_loop/prj/eth_udp_loop.srcs/constrs_1/eth_udp_loop.xdc:40]
WARNING: [Vivado 12-584] No ports matched 'DB15_0[13]'. [D:/Project/FPGA/temporary/cc/41_eth_udp_loop/prj/eth_udp_loop.srcs/constrs_1/eth_udp_loop.xdc:41]
WARNING: [Vivado 12-584] No ports matched 'DB15_0[12]'. [D:/Project/FPGA/temporary/cc/41_eth_udp_loop/prj/eth_udp_loop.srcs/constrs_1/eth_udp_loop.xdc:42]
WARNING: [Vivado 12-584] No ports matched 'DB15_0[11]'. [D:/Project/FPGA/temporary/cc/41_eth_udp_loop/prj/eth_udp_loop.srcs/constrs_1/eth_udp_loop.xdc:43]
WARNING: [Vivado 12-584] No ports matched 'DB15_0[10]'. [D:/Project/FPGA/temporary/cc/41_eth_udp_loop/prj/eth_udp_loop.srcs/constrs_1/eth_udp_loop.xdc:44]
WARNING: [Vivado 12-584] No ports matched 'DB15_0[9]'. [D:/Project/FPGA/temporary/cc/41_eth_udp_loop/prj/eth_udp_loop.srcs/constrs_1/eth_udp_loop.xdc:45]
WARNING: [Vivado 12-584] No ports matched 'DB15_0[8]'. [D:/Project/FPGA/temporary/cc/41_eth_udp_loop/prj/eth_udp_loop.srcs/constrs_1/eth_udp_loop.xdc:46]
WARNING: [Vivado 12-584] No ports matched 'DB15_0[7]'. [D:/Project/FPGA/temporary/cc/41_eth_udp_loop/prj/eth_udp_loop.srcs/constrs_1/eth_udp_loop.xdc:47]
WARNING: [Vivado 12-584] No ports matched 'DB15_0[6]'. [D:/Project/FPGA/temporary/cc/41_eth_udp_loop/prj/eth_udp_loop.srcs/constrs_1/eth_udp_loop.xdc:48]
WARNING: [Vivado 12-584] No ports matched 'DB15_0[5]'. [D:/Project/FPGA/temporary/cc/41_eth_udp_loop/prj/eth_udp_loop.srcs/constrs_1/eth_udp_loop.xdc:49]
WARNING: [Vivado 12-584] No ports matched 'DB15_0[4]'. [D:/Project/FPGA/temporary/cc/41_eth_udp_loop/prj/eth_udp_loop.srcs/constrs_1/eth_udp_loop.xdc:50]
WARNING: [Vivado 12-584] No ports matched 'DB15_0[3]'. [D:/Project/FPGA/temporary/cc/41_eth_udp_loop/prj/eth_udp_loop.srcs/constrs_1/eth_udp_loop.xdc:51]
WARNING: [Vivado 12-584] No ports matched 'DB15_0[2]'. [D:/Project/FPGA/temporary/cc/41_eth_udp_loop/prj/eth_udp_loop.srcs/constrs_1/eth_udp_loop.xdc:52]
WARNING: [Vivado 12-584] No ports matched 'DB15_0[1]'. [D:/Project/FPGA/temporary/cc/41_eth_udp_loop/prj/eth_udp_loop.srcs/constrs_1/eth_udp_loop.xdc:53]
WARNING: [Vivado 12-584] No ports matched 'DB15_0[0]'. [D:/Project/FPGA/temporary/cc/41_eth_udp_loop/prj/eth_udp_loop.srcs/constrs_1/eth_udp_loop.xdc:54]
Finished Parsing XDC File [D:/Project/FPGA/temporary/cc/41_eth_udp_loop/prj/eth_udp_loop.srcs/constrs_1/eth_udp_loop.xdc]
WARNING: [Project 1-498] One or more constraints failed evaluation while reading constraint file [D:/Project/FPGA/temporary/cc/41_eth_udp_loop/prj/eth_udp_loop.srcs/constrs_1/eth_udp_loop.xdc] and the design contains unresolved black boxes. These constraints will be read post-synthesis (as long as their source constraint file is marked as used_in_implementation) and should be applied correctly then. You should review the constraints listed in the file [.Xil/TOP_propImpl.xdc] and check the run log file to verify that these constraints were correctly applied.
Parsing XDC File [d:/Project/FPGA/temporary/cc/41_eth_udp_loop/prj/eth_udp_loop.gen/sources_1/ip/async_fifo_2048x8b/async_fifo_2048x8b_clocks.xdc] for cell 'u_eth_udp_loop/u_async_fifo_2048x8b/U0'
Finished Parsing XDC File [d:/Project/FPGA/temporary/cc/41_eth_udp_loop/prj/eth_udp_loop.gen/sources_1/ip/async_fifo_2048x8b/async_fifo_2048x8b_clocks.xdc] for cell 'u_eth_udp_loop/u_async_fifo_2048x8b/U0'
INFO: [Vivado 12-3272] Current instance is the top level cell 'u_eth_udp_loop/u_async_fifo_2048x8b/U0/inst_fifo_gen/gconvfifo.rf/grf.rf/gntv_or_sync_fifo.gcx.clkx/rd_pntr_cdc_inst' of design 'rtl_1' [F:/Software/Xilinx/Vivado/2020.2/data/ip/xpm/xpm_cdc/tcl/xpm_cdc_gray.tcl:16]
WARNING: [XPM_CDC_GRAY: TCL-1000] The source and destination clocks are the same. 
     Instance: u_eth_udp_loop/u_async_fifo_2048x8b/U0/inst_fifo_gen/gconvfifo.rf/grf.rf/gntv_or_sync_fifo.gcx.clkx/rd_pntr_cdc_inst 
  This will add unnecessary latency to the design. Please check the design for the following: 
 1) Manually instantiated XPM_CDC modules: Xilinx recommends that you remove these modules. 
 2) Xilinx IP that contains XPM_CDC modules: Verify the connections to the IP to determine whether you can safely ignore this message.
 [F:/Software/Xilinx/Vivado/2020.2/data/ip/xpm/xpm_cdc/tcl/xpm_cdc_gray.tcl:16]
INFO: [Vivado 12-3272] Current instance is the top level cell 'u_eth_udp_loop/u_async_fifo_2048x8b/U0/inst_fifo_gen/gconvfifo.rf/grf.rf/gntv_or_sync_fifo.gcx.clkx/wr_pntr_cdc_inst' of design 'rtl_1' [F:/Software/Xilinx/Vivado/2020.2/data/ip/xpm/xpm_cdc/tcl/xpm_cdc_gray.tcl:16]
WARNING: [XPM_CDC_GRAY: TCL-1000] The source and destination clocks are the same. 
     Instance: u_eth_udp_loop/u_async_fifo_2048x8b/U0/inst_fifo_gen/gconvfifo.rf/grf.rf/gntv_or_sync_fifo.gcx.clkx/wr_pntr_cdc_inst 
  This will add unnecessary latency to the design. Please check the design for the following: 
 1) Manually instantiated XPM_CDC modules: Xilinx recommends that you remove these modules. 
 2) Xilinx IP that contains XPM_CDC modules: Verify the connections to the IP to determine whether you can safely ignore this message.
 [F:/Software/Xilinx/Vivado/2020.2/data/ip/xpm/xpm_cdc/tcl/xpm_cdc_gray.tcl:16]
INFO: [Project 1-236] Implementation specific constraints were found while reading constraint file [F:/Software/Xilinx/Vivado/2020.2/data/ip/xpm/xpm_cdc/tcl/xpm_cdc_gray.tcl]. These constraints will be ignored for synthesis but will be used in implementation. Impacted constraints are listed in the file [.Xil/TOP_propImpl.xdc].
Resolution: To avoid this warning, move constraints listed in [.Xil/TOP_propImpl.xdc] to another XDC file and exclude this new file from synthesis with the used_in_synthesis property (File Properties dialog in GUI) and re-run elaboration/synthesis.
INFO: [Project 1-236] Implementation specific constraints were found while reading constraint file [F:/Software/Xilinx/Vivado/2020.2/data/ip/xpm/xpm_cdc/tcl/xpm_cdc_single.tcl]. These constraints will be ignored for synthesis but will be used in implementation. Impacted constraints are listed in the file [.Xil/TOP_propImpl.xdc].
Resolution: To avoid this warning, move constraints listed in [.Xil/TOP_propImpl.xdc] to another XDC file and exclude this new file from synthesis with the used_in_synthesis property (File Properties dialog in GUI) and re-run elaboration/synthesis.
INFO: [Project 1-1715] 3 XPM XDC files have been applied to the design.
Completed Processing XDC Constraints

refresh_design: Time (s): cpu = 00:00:10 ; elapsed = 00:00:11 . Memory (MB): peak = 2834.836 ; gain = 9.254
launch_runs synth_1 -jobs 12
INFO: [Vivado 12-4149] The synthesis checkpoint for IP 'D:/Project/FPGA/temporary/cc/41_eth_udp_loop/prj/eth_udp_loop.srcs/sources_1/ip/async_fifo_2048x8b/async_fifo_2048x8b.xci' is already up-to-date
[Tue Nov 12 14:06:50 2024] Launched synth_1...
Run output will be captured here: D:/Project/FPGA/temporary/cc/41_eth_udp_loop/prj/eth_udp_loop.runs/synth_1/runme.log
current_design synth_1
refresh_design
INFO: [Project 1-454] Reading design checkpoint 'd:/Project/FPGA/temporary/cc/41_eth_udp_loop/prj/eth_udp_loop.gen/sources_1/ip/clk_wiz_0/clk_wiz_0.dcp' for cell 'u_clk_wiz_0'
INFO: [Project 1-454] Reading design checkpoint 'd:/Project/FPGA/temporary/cc/41_eth_udp_loop/prj/eth_udp_loop.gen/sources_1/ip/async_fifo_2048x8b/async_fifo_2048x8b.dcp' for cell 'u_eth_udp_loop/u_async_fifo_2048x8b'
Netlist sorting complete. Time (s): cpu = 00:00:00 ; elapsed = 00:00:00.043 . Memory (MB): peak = 2839.156 ; gain = 0.000
INFO: [Netlist 29-17] Analyzing 226 Unisim elements for replacement
INFO: [Netlist 29-28] Unisim Transformation completed in 0 CPU seconds
INFO: [Project 1-479] Netlist was created with Vivado 2020.2
INFO: [Project 1-570] Preparing netlist for logic optimization
WARNING: [Opt 31-35] Removing redundant IBUF, u_clk_wiz_0/inst/clkin1_ibufg, from the path connected to top-level port: sys_clk 
Resolution: The tool has removed redundant IBUF. To resolve this warning, check for redundant IBUF in the input design.
WARNING: [Constraints 18-550] Could not create 'IBUF_LOW_PWR' constraint because net 'u_clk_wiz_0/clk_in1' is not directly connected to top level port. Synthesis is ignored for IBUF_LOW_PWR but preserved for implementation.
Parsing XDC File [d:/Project/FPGA/temporary/cc/41_eth_udp_loop/prj/eth_udp_loop.gen/sources_1/ip/async_fifo_2048x8b/async_fifo_2048x8b.xdc] for cell 'u_eth_udp_loop/u_async_fifo_2048x8b/U0'
Finished Parsing XDC File [d:/Project/FPGA/temporary/cc/41_eth_udp_loop/prj/eth_udp_loop.gen/sources_1/ip/async_fifo_2048x8b/async_fifo_2048x8b.xdc] for cell 'u_eth_udp_loop/u_async_fifo_2048x8b/U0'
Parsing XDC File [d:/Project/FPGA/temporary/cc/41_eth_udp_loop/prj/eth_udp_loop.gen/sources_1/ip/clk_wiz_0/clk_wiz_0_board.xdc] for cell 'u_clk_wiz_0/inst'
Finished Parsing XDC File [d:/Project/FPGA/temporary/cc/41_eth_udp_loop/prj/eth_udp_loop.gen/sources_1/ip/clk_wiz_0/clk_wiz_0_board.xdc] for cell 'u_clk_wiz_0/inst'
Parsing XDC File [d:/Project/FPGA/temporary/cc/41_eth_udp_loop/prj/eth_udp_loop.gen/sources_1/ip/clk_wiz_0/clk_wiz_0.xdc] for cell 'u_clk_wiz_0/inst'
INFO: [Timing 38-35] Done setting XDC timing constraints. [d:/Project/FPGA/temporary/cc/41_eth_udp_loop/prj/eth_udp_loop.gen/sources_1/ip/clk_wiz_0/clk_wiz_0.xdc:57]
INFO: [Timing 38-2] Deriving generated clocks [d:/Project/FPGA/temporary/cc/41_eth_udp_loop/prj/eth_udp_loop.gen/sources_1/ip/clk_wiz_0/clk_wiz_0.xdc:57]
Finished Parsing XDC File [d:/Project/FPGA/temporary/cc/41_eth_udp_loop/prj/eth_udp_loop.gen/sources_1/ip/clk_wiz_0/clk_wiz_0.xdc] for cell 'u_clk_wiz_0/inst'
Parsing XDC File [D:/Project/FPGA/temporary/cc/41_eth_udp_loop/prj/eth_udp_loop.srcs/constrs_1/eth_udp_loop.xdc]
WARNING: [Vivado 12-584] No ports matched 'DB15_0[15]'. [D:/Project/FPGA/temporary/cc/41_eth_udp_loop/prj/eth_udp_loop.srcs/constrs_1/eth_udp_loop.xdc:23]
CRITICAL WARNING: [Common 17-55] 'set_property' expects at least one object. [D:/Project/FPGA/temporary/cc/41_eth_udp_loop/prj/eth_udp_loop.srcs/constrs_1/eth_udp_loop.xdc:23]
Resolution: If [get_<value>] was used to populate the object, check to make sure this command returns at least one valid object.
WARNING: [Vivado 12-584] No ports matched 'DB15_0[14]'. [D:/Project/FPGA/temporary/cc/41_eth_udp_loop/prj/eth_udp_loop.srcs/constrs_1/eth_udp_loop.xdc:24]
CRITICAL WARNING: [Common 17-55] 'set_property' expects at least one object. [D:/Project/FPGA/temporary/cc/41_eth_udp_loop/prj/eth_udp_loop.srcs/constrs_1/eth_udp_loop.xdc:24]
Resolution: If [get_<value>] was used to populate the object, check to make sure this command returns at least one valid object.
WARNING: [Vivado 12-584] No ports matched 'DB15_0[13]'. [D:/Project/FPGA/temporary/cc/41_eth_udp_loop/prj/eth_udp_loop.srcs/constrs_1/eth_udp_loop.xdc:25]
CRITICAL WARNING: [Common 17-55] 'set_property' expects at least one object. [D:/Project/FPGA/temporary/cc/41_eth_udp_loop/prj/eth_udp_loop.srcs/constrs_1/eth_udp_loop.xdc:25]
Resolution: If [get_<value>] was used to populate the object, check to make sure this command returns at least one valid object.
WARNING: [Vivado 12-584] No ports matched 'DB15_0[12]'. [D:/Project/FPGA/temporary/cc/41_eth_udp_loop/prj/eth_udp_loop.srcs/constrs_1/eth_udp_loop.xdc:26]
CRITICAL WARNING: [Common 17-55] 'set_property' expects at least one object. [D:/Project/FPGA/temporary/cc/41_eth_udp_loop/prj/eth_udp_loop.srcs/constrs_1/eth_udp_loop.xdc:26]
Resolution: If [get_<value>] was used to populate the object, check to make sure this command returns at least one valid object.
WARNING: [Vivado 12-584] No ports matched 'DB15_0[11]'. [D:/Project/FPGA/temporary/cc/41_eth_udp_loop/prj/eth_udp_loop.srcs/constrs_1/eth_udp_loop.xdc:27]
CRITICAL WARNING: [Common 17-55] 'set_property' expects at least one object. [D:/Project/FPGA/temporary/cc/41_eth_udp_loop/prj/eth_udp_loop.srcs/constrs_1/eth_udp_loop.xdc:27]
Resolution: If [get_<value>] was used to populate the object, check to make sure this command returns at least one valid object.
WARNING: [Vivado 12-584] No ports matched 'DB15_0[10]'. [D:/Project/FPGA/temporary/cc/41_eth_udp_loop/prj/eth_udp_loop.srcs/constrs_1/eth_udp_loop.xdc:28]
CRITICAL WARNING: [Common 17-55] 'set_property' expects at least one object. [D:/Project/FPGA/temporary/cc/41_eth_udp_loop/prj/eth_udp_loop.srcs/constrs_1/eth_udp_loop.xdc:28]
Resolution: If [get_<value>] was used to populate the object, check to make sure this command returns at least one valid object.
WARNING: [Vivado 12-584] No ports matched 'DB15_0[9]'. [D:/Project/FPGA/temporary/cc/41_eth_udp_loop/prj/eth_udp_loop.srcs/constrs_1/eth_udp_loop.xdc:29]
CRITICAL WARNING: [Common 17-55] 'set_property' expects at least one object. [D:/Project/FPGA/temporary/cc/41_eth_udp_loop/prj/eth_udp_loop.srcs/constrs_1/eth_udp_loop.xdc:29]
Resolution: If [get_<value>] was used to populate the object, check to make sure this command returns at least one valid object.
WARNING: [Vivado 12-584] No ports matched 'DB15_0[8]'. [D:/Project/FPGA/temporary/cc/41_eth_udp_loop/prj/eth_udp_loop.srcs/constrs_1/eth_udp_loop.xdc:30]
CRITICAL WARNING: [Common 17-55] 'set_property' expects at least one object. [D:/Project/FPGA/temporary/cc/41_eth_udp_loop/prj/eth_udp_loop.srcs/constrs_1/eth_udp_loop.xdc:30]
Resolution: If [get_<value>] was used to populate the object, check to make sure this command returns at least one valid object.
WARNING: [Vivado 12-584] No ports matched 'DB15_0[7]'. [D:/Project/FPGA/temporary/cc/41_eth_udp_loop/prj/eth_udp_loop.srcs/constrs_1/eth_udp_loop.xdc:31]
CRITICAL WARNING: [Common 17-55] 'set_property' expects at least one object. [D:/Project/FPGA/temporary/cc/41_eth_udp_loop/prj/eth_udp_loop.srcs/constrs_1/eth_udp_loop.xdc:31]
Resolution: If [get_<value>] was used to populate the object, check to make sure this command returns at least one valid object.
WARNING: [Vivado 12-584] No ports matched 'DB15_0[6]'. [D:/Project/FPGA/temporary/cc/41_eth_udp_loop/prj/eth_udp_loop.srcs/constrs_1/eth_udp_loop.xdc:32]
CRITICAL WARNING: [Common 17-55] 'set_property' expects at least one object. [D:/Project/FPGA/temporary/cc/41_eth_udp_loop/prj/eth_udp_loop.srcs/constrs_1/eth_udp_loop.xdc:32]
Resolution: If [get_<value>] was used to populate the object, check to make sure this command returns at least one valid object.
WARNING: [Vivado 12-584] No ports matched 'DB15_0[5]'. [D:/Project/FPGA/temporary/cc/41_eth_udp_loop/prj/eth_udp_loop.srcs/constrs_1/eth_udp_loop.xdc:33]
CRITICAL WARNING: [Common 17-55] 'set_property' expects at least one object. [D:/Project/FPGA/temporary/cc/41_eth_udp_loop/prj/eth_udp_loop.srcs/constrs_1/eth_udp_loop.xdc:33]
Resolution: If [get_<value>] was used to populate the object, check to make sure this command returns at least one valid object.
WARNING: [Vivado 12-584] No ports matched 'DB15_0[4]'. [D:/Project/FPGA/temporary/cc/41_eth_udp_loop/prj/eth_udp_loop.srcs/constrs_1/eth_udp_loop.xdc:34]
CRITICAL WARNING: [Common 17-55] 'set_property' expects at least one object. [D:/Project/FPGA/temporary/cc/41_eth_udp_loop/prj/eth_udp_loop.srcs/constrs_1/eth_udp_loop.xdc:34]
Resolution: If [get_<value>] was used to populate the object, check to make sure this command returns at least one valid object.
WARNING: [Vivado 12-584] No ports matched 'DB15_0[3]'. [D:/Project/FPGA/temporary/cc/41_eth_udp_loop/prj/eth_udp_loop.srcs/constrs_1/eth_udp_loop.xdc:35]
CRITICAL WARNING: [Common 17-55] 'set_property' expects at least one object. [D:/Project/FPGA/temporary/cc/41_eth_udp_loop/prj/eth_udp_loop.srcs/constrs_1/eth_udp_loop.xdc:35]
Resolution: If [get_<value>] was used to populate the object, check to make sure this command returns at least one valid object.
WARNING: [Vivado 12-584] No ports matched 'DB15_0[2]'. [D:/Project/FPGA/temporary/cc/41_eth_udp_loop/prj/eth_udp_loop.srcs/constrs_1/eth_udp_loop.xdc:36]
CRITICAL WARNING: [Common 17-55] 'set_property' expects at least one object. [D:/Project/FPGA/temporary/cc/41_eth_udp_loop/prj/eth_udp_loop.srcs/constrs_1/eth_udp_loop.xdc:36]
Resolution: If [get_<value>] was used to populate the object, check to make sure this command returns at least one valid object.
WARNING: [Vivado 12-584] No ports matched 'DB15_0[1]'. [D:/Project/FPGA/temporary/cc/41_eth_udp_loop/prj/eth_udp_loop.srcs/constrs_1/eth_udp_loop.xdc:37]
CRITICAL WARNING: [Common 17-55] 'set_property' expects at least one object. [D:/Project/FPGA/temporary/cc/41_eth_udp_loop/prj/eth_udp_loop.srcs/constrs_1/eth_udp_loop.xdc:37]
Resolution: If [get_<value>] was used to populate the object, check to make sure this command returns at least one valid object.
WARNING: [Vivado 12-584] No ports matched 'DB15_0[0]'. [D:/Project/FPGA/temporary/cc/41_eth_udp_loop/prj/eth_udp_loop.srcs/constrs_1/eth_udp_loop.xdc:38]
CRITICAL WARNING: [Common 17-55] 'set_property' expects at least one object. [D:/Project/FPGA/temporary/cc/41_eth_udp_loop/prj/eth_udp_loop.srcs/constrs_1/eth_udp_loop.xdc:38]
Resolution: If [get_<value>] was used to populate the object, check to make sure this command returns at least one valid object.
WARNING: [Vivado 12-584] No ports matched 'DB15_0[15]'. [D:/Project/FPGA/temporary/cc/41_eth_udp_loop/prj/eth_udp_loop.srcs/constrs_1/eth_udp_loop.xdc:39]
CRITICAL WARNING: [Common 17-55] 'set_property' expects at least one object. [D:/Project/FPGA/temporary/cc/41_eth_udp_loop/prj/eth_udp_loop.srcs/constrs_1/eth_udp_loop.xdc:39]
Resolution: If [get_<value>] was used to populate the object, check to make sure this command returns at least one valid object.
WARNING: [Vivado 12-584] No ports matched 'DB15_0[14]'. [D:/Project/FPGA/temporary/cc/41_eth_udp_loop/prj/eth_udp_loop.srcs/constrs_1/eth_udp_loop.xdc:40]
CRITICAL WARNING: [Common 17-55] 'set_property' expects at least one object. [D:/Project/FPGA/temporary/cc/41_eth_udp_loop/prj/eth_udp_loop.srcs/constrs_1/eth_udp_loop.xdc:40]
Resolution: If [get_<value>] was used to populate the object, check to make sure this command returns at least one valid object.
WARNING: [Vivado 12-584] No ports matched 'DB15_0[13]'. [D:/Project/FPGA/temporary/cc/41_eth_udp_loop/prj/eth_udp_loop.srcs/constrs_1/eth_udp_loop.xdc:41]
CRITICAL WARNING: [Common 17-55] 'set_property' expects at least one object. [D:/Project/FPGA/temporary/cc/41_eth_udp_loop/prj/eth_udp_loop.srcs/constrs_1/eth_udp_loop.xdc:41]
Resolution: If [get_<value>] was used to populate the object, check to make sure this command returns at least one valid object.
WARNING: [Vivado 12-584] No ports matched 'DB15_0[12]'. [D:/Project/FPGA/temporary/cc/41_eth_udp_loop/prj/eth_udp_loop.srcs/constrs_1/eth_udp_loop.xdc:42]
CRITICAL WARNING: [Common 17-55] 'set_property' expects at least one object. [D:/Project/FPGA/temporary/cc/41_eth_udp_loop/prj/eth_udp_loop.srcs/constrs_1/eth_udp_loop.xdc:42]
Resolution: If [get_<value>] was used to populate the object, check to make sure this command returns at least one valid object.
WARNING: [Vivado 12-584] No ports matched 'DB15_0[11]'. [D:/Project/FPGA/temporary/cc/41_eth_udp_loop/prj/eth_udp_loop.srcs/constrs_1/eth_udp_loop.xdc:43]
CRITICAL WARNING: [Common 17-55] 'set_property' expects at least one object. [D:/Project/FPGA/temporary/cc/41_eth_udp_loop/prj/eth_udp_loop.srcs/constrs_1/eth_udp_loop.xdc:43]
Resolution: If [get_<value>] was used to populate the object, check to make sure this command returns at least one valid object.
WARNING: [Vivado 12-584] No ports matched 'DB15_0[10]'. [D:/Project/FPGA/temporary/cc/41_eth_udp_loop/prj/eth_udp_loop.srcs/constrs_1/eth_udp_loop.xdc:44]
CRITICAL WARNING: [Common 17-55] 'set_property' expects at least one object. [D:/Project/FPGA/temporary/cc/41_eth_udp_loop/prj/eth_udp_loop.srcs/constrs_1/eth_udp_loop.xdc:44]
Resolution: If [get_<value>] was used to populate the object, check to make sure this command returns at least one valid object.
WARNING: [Vivado 12-584] No ports matched 'DB15_0[9]'. [D:/Project/FPGA/temporary/cc/41_eth_udp_loop/prj/eth_udp_loop.srcs/constrs_1/eth_udp_loop.xdc:45]
CRITICAL WARNING: [Common 17-55] 'set_property' expects at least one object. [D:/Project/FPGA/temporary/cc/41_eth_udp_loop/prj/eth_udp_loop.srcs/constrs_1/eth_udp_loop.xdc:45]
Resolution: If [get_<value>] was used to populate the object, check to make sure this command returns at least one valid object.
WARNING: [Vivado 12-584] No ports matched 'DB15_0[8]'. [D:/Project/FPGA/temporary/cc/41_eth_udp_loop/prj/eth_udp_loop.srcs/constrs_1/eth_udp_loop.xdc:46]
CRITICAL WARNING: [Common 17-55] 'set_property' expects at least one object. [D:/Project/FPGA/temporary/cc/41_eth_udp_loop/prj/eth_udp_loop.srcs/constrs_1/eth_udp_loop.xdc:46]
Resolution: If [get_<value>] was used to populate the object, check to make sure this command returns at least one valid object.
WARNING: [Vivado 12-584] No ports matched 'DB15_0[7]'. [D:/Project/FPGA/temporary/cc/41_eth_udp_loop/prj/eth_udp_loop.srcs/constrs_1/eth_udp_loop.xdc:47]
CRITICAL WARNING: [Common 17-55] 'set_property' expects at least one object. [D:/Project/FPGA/temporary/cc/41_eth_udp_loop/prj/eth_udp_loop.srcs/constrs_1/eth_udp_loop.xdc:47]
Resolution: If [get_<value>] was used to populate the object, check to make sure this command returns at least one valid object.
WARNING: [Vivado 12-584] No ports matched 'DB15_0[6]'. [D:/Project/FPGA/temporary/cc/41_eth_udp_loop/prj/eth_udp_loop.srcs/constrs_1/eth_udp_loop.xdc:48]
CRITICAL WARNING: [Common 17-55] 'set_property' expects at least one object. [D:/Project/FPGA/temporary/cc/41_eth_udp_loop/prj/eth_udp_loop.srcs/constrs_1/eth_udp_loop.xdc:48]
Resolution: If [get_<value>] was used to populate the object, check to make sure this command returns at least one valid object.
WARNING: [Vivado 12-584] No ports matched 'DB15_0[5]'. [D:/Project/FPGA/temporary/cc/41_eth_udp_loop/prj/eth_udp_loop.srcs/constrs_1/eth_udp_loop.xdc:49]
CRITICAL WARNING: [Common 17-55] 'set_property' expects at least one object. [D:/Project/FPGA/temporary/cc/41_eth_udp_loop/prj/eth_udp_loop.srcs/constrs_1/eth_udp_loop.xdc:49]
Resolution: If [get_<value>] was used to populate the object, check to make sure this command returns at least one valid object.
WARNING: [Vivado 12-584] No ports matched 'DB15_0[4]'. [D:/Project/FPGA/temporary/cc/41_eth_udp_loop/prj/eth_udp_loop.srcs/constrs_1/eth_udp_loop.xdc:50]
CRITICAL WARNING: [Common 17-55] 'set_property' expects at least one object. [D:/Project/FPGA/temporary/cc/41_eth_udp_loop/prj/eth_udp_loop.srcs/constrs_1/eth_udp_loop.xdc:50]
Resolution: If [get_<value>] was used to populate the object, check to make sure this command returns at least one valid object.
WARNING: [Vivado 12-584] No ports matched 'DB15_0[3]'. [D:/Project/FPGA/temporary/cc/41_eth_udp_loop/prj/eth_udp_loop.srcs/constrs_1/eth_udp_loop.xdc:51]
CRITICAL WARNING: [Common 17-55] 'set_property' expects at least one object. [D:/Project/FPGA/temporary/cc/41_eth_udp_loop/prj/eth_udp_loop.srcs/constrs_1/eth_udp_loop.xdc:51]
Resolution: If [get_<value>] was used to populate the object, check to make sure this command returns at least one valid object.
WARNING: [Vivado 12-584] No ports matched 'DB15_0[2]'. [D:/Project/FPGA/temporary/cc/41_eth_udp_loop/prj/eth_udp_loop.srcs/constrs_1/eth_udp_loop.xdc:52]
CRITICAL WARNING: [Common 17-55] 'set_property' expects at least one object. [D:/Project/FPGA/temporary/cc/41_eth_udp_loop/prj/eth_udp_loop.srcs/constrs_1/eth_udp_loop.xdc:52]
Resolution: If [get_<value>] was used to populate the object, check to make sure this command returns at least one valid object.
WARNING: [Vivado 12-584] No ports matched 'DB15_0[1]'. [D:/Project/FPGA/temporary/cc/41_eth_udp_loop/prj/eth_udp_loop.srcs/constrs_1/eth_udp_loop.xdc:53]
CRITICAL WARNING: [Common 17-55] 'set_property' expects at least one object. [D:/Project/FPGA/temporary/cc/41_eth_udp_loop/prj/eth_udp_loop.srcs/constrs_1/eth_udp_loop.xdc:53]
Resolution: If [get_<value>] was used to populate the object, check to make sure this command returns at least one valid object.
WARNING: [Vivado 12-584] No ports matched 'DB15_0[0]'. [D:/Project/FPGA/temporary/cc/41_eth_udp_loop/prj/eth_udp_loop.srcs/constrs_1/eth_udp_loop.xdc:54]
CRITICAL WARNING: [Common 17-55] 'set_property' expects at least one object. [D:/Project/FPGA/temporary/cc/41_eth_udp_loop/prj/eth_udp_loop.srcs/constrs_1/eth_udp_loop.xdc:54]
Resolution: If [get_<value>] was used to populate the object, check to make sure this command returns at least one valid object.
Finished Parsing XDC File [D:/Project/FPGA/temporary/cc/41_eth_udp_loop/prj/eth_udp_loop.srcs/constrs_1/eth_udp_loop.xdc]
Parsing XDC File [d:/Project/FPGA/temporary/cc/41_eth_udp_loop/prj/eth_udp_loop.gen/sources_1/ip/async_fifo_2048x8b/async_fifo_2048x8b_clocks.xdc] for cell 'u_eth_udp_loop/u_async_fifo_2048x8b/U0'
Finished Parsing XDC File [d:/Project/FPGA/temporary/cc/41_eth_udp_loop/prj/eth_udp_loop.gen/sources_1/ip/async_fifo_2048x8b/async_fifo_2048x8b_clocks.xdc] for cell 'u_eth_udp_loop/u_async_fifo_2048x8b/U0'
WARNING: [XPM_CDC_GRAY: TCL-1000] The source and destination clocks are the same. 
     Instance: u_eth_udp_loop/u_async_fifo_2048x8b/U0/inst_fifo_gen/gconvfifo.rf/grf.rf/gntv_or_sync_fifo.gcx.clkx/rd_pntr_cdc_inst 
  This will add unnecessary latency to the design. Please check the design for the following: 
 1) Manually instantiated XPM_CDC modules: Xilinx recommends that you remove these modules. 
 2) Xilinx IP that contains XPM_CDC modules: Verify the connections to the IP to determine whether you can safely ignore this message.
 [F:/Software/Xilinx/Vivado/2020.2/data/ip/xpm/xpm_cdc/tcl/xpm_cdc_gray.tcl:16]
WARNING: [XPM_CDC_GRAY: TCL-1000] The source and destination clocks are the same. 
     Instance: u_eth_udp_loop/u_async_fifo_2048x8b/U0/inst_fifo_gen/gconvfifo.rf/grf.rf/gntv_or_sync_fifo.gcx.clkx/wr_pntr_cdc_inst 
  This will add unnecessary latency to the design. Please check the design for the following: 
 1) Manually instantiated XPM_CDC modules: Xilinx recommends that you remove these modules. 
 2) Xilinx IP that contains XPM_CDC modules: Verify the connections to the IP to determine whether you can safely ignore this message.
 [F:/Software/Xilinx/Vivado/2020.2/data/ip/xpm/xpm_cdc/tcl/xpm_cdc_gray.tcl:16]
INFO: [Project 1-1715] 3 XPM XDC files have been applied to the design.
INFO: [Opt 31-138] Pushed 0 inverter(s) to 0 load pin(s).
refresh_design: Time (s): cpu = 00:00:05 ; elapsed = 00:00:06 . Memory (MB): peak = 2917.609 ; gain = 82.773
refresh_design
INFO: [Project 1-570] Preparing netlist for logic optimization
Parsing XDC File [d:/Project/FPGA/temporary/cc/41_eth_udp_loop/prj/eth_udp_loop.gen/sources_1/ip/async_fifo_2048x8b/async_fifo_2048x8b.xdc] for cell 'u_eth_udp_loop/u_async_fifo_2048x8b/U0'
Finished Parsing XDC File [d:/Project/FPGA/temporary/cc/41_eth_udp_loop/prj/eth_udp_loop.gen/sources_1/ip/async_fifo_2048x8b/async_fifo_2048x8b.xdc] for cell 'u_eth_udp_loop/u_async_fifo_2048x8b/U0'
Parsing XDC File [d:/Project/FPGA/temporary/cc/41_eth_udp_loop/prj/eth_udp_loop.gen/sources_1/ip/clk_wiz_0/clk_wiz_0_board.xdc] for cell 'u_clk_wiz_0/inst'
Finished Parsing XDC File [d:/Project/FPGA/temporary/cc/41_eth_udp_loop/prj/eth_udp_loop.gen/sources_1/ip/clk_wiz_0/clk_wiz_0_board.xdc] for cell 'u_clk_wiz_0/inst'
Parsing XDC File [d:/Project/FPGA/temporary/cc/41_eth_udp_loop/prj/eth_udp_loop.gen/sources_1/ip/clk_wiz_0/clk_wiz_0.xdc] for cell 'u_clk_wiz_0/inst'
INFO: [Timing 38-35] Done setting XDC timing constraints. [d:/Project/FPGA/temporary/cc/41_eth_udp_loop/prj/eth_udp_loop.gen/sources_1/ip/clk_wiz_0/clk_wiz_0.xdc:57]
INFO: [Timing 38-2] Deriving generated clocks [d:/Project/FPGA/temporary/cc/41_eth_udp_loop/prj/eth_udp_loop.gen/sources_1/ip/clk_wiz_0/clk_wiz_0.xdc:57]
Finished Parsing XDC File [d:/Project/FPGA/temporary/cc/41_eth_udp_loop/prj/eth_udp_loop.gen/sources_1/ip/clk_wiz_0/clk_wiz_0.xdc] for cell 'u_clk_wiz_0/inst'
Parsing XDC File [D:/Project/FPGA/temporary/cc/41_eth_udp_loop/prj/eth_udp_loop.srcs/constrs_1/eth_udp_loop.xdc]
Finished Parsing XDC File [D:/Project/FPGA/temporary/cc/41_eth_udp_loop/prj/eth_udp_loop.srcs/constrs_1/eth_udp_loop.xdc]
Parsing XDC File [d:/Project/FPGA/temporary/cc/41_eth_udp_loop/prj/eth_udp_loop.gen/sources_1/ip/async_fifo_2048x8b/async_fifo_2048x8b_clocks.xdc] for cell 'u_eth_udp_loop/u_async_fifo_2048x8b/U0'
Finished Parsing XDC File [d:/Project/FPGA/temporary/cc/41_eth_udp_loop/prj/eth_udp_loop.gen/sources_1/ip/async_fifo_2048x8b/async_fifo_2048x8b_clocks.xdc] for cell 'u_eth_udp_loop/u_async_fifo_2048x8b/U0'
WARNING: [XPM_CDC_GRAY: TCL-1000] The source and destination clocks are the same. 
     Instance: u_eth_udp_loop/u_async_fifo_2048x8b/U0/inst_fifo_gen/gconvfifo.rf/grf.rf/gntv_or_sync_fifo.gcx.clkx/rd_pntr_cdc_inst 
  This will add unnecessary latency to the design. Please check the design for the following: 
 1) Manually instantiated XPM_CDC modules: Xilinx recommends that you remove these modules. 
 2) Xilinx IP that contains XPM_CDC modules: Verify the connections to the IP to determine whether you can safely ignore this message.
 [F:/Software/Xilinx/Vivado/2020.2/data/ip/xpm/xpm_cdc/tcl/xpm_cdc_gray.tcl:16]
WARNING: [XPM_CDC_GRAY: TCL-1000] The source and destination clocks are the same. 
     Instance: u_eth_udp_loop/u_async_fifo_2048x8b/U0/inst_fifo_gen/gconvfifo.rf/grf.rf/gntv_or_sync_fifo.gcx.clkx/wr_pntr_cdc_inst 
  This will add unnecessary latency to the design. Please check the design for the following: 
 1) Manually instantiated XPM_CDC modules: Xilinx recommends that you remove these modules. 
 2) Xilinx IP that contains XPM_CDC modules: Verify the connections to the IP to determine whether you can safely ignore this message.
 [F:/Software/Xilinx/Vivado/2020.2/data/ip/xpm/xpm_cdc/tcl/xpm_cdc_gray.tcl:16]
INFO: [Project 1-1715] 3 XPM XDC files have been applied to the design.
INFO: [Opt 31-138] Pushed 0 inverter(s) to 0 load pin(s).
refresh_design: Time (s): cpu = 00:00:05 ; elapsed = 00:00:05 . Memory (MB): peak = 2928.949 ; gain = 11.340
refresh_design
INFO: [Project 1-570] Preparing netlist for logic optimization
Parsing XDC File [d:/Project/FPGA/temporary/cc/41_eth_udp_loop/prj/eth_udp_loop.gen/sources_1/ip/async_fifo_2048x8b/async_fifo_2048x8b.xdc] for cell 'u_eth_udp_loop/u_async_fifo_2048x8b/U0'
Finished Parsing XDC File [d:/Project/FPGA/temporary/cc/41_eth_udp_loop/prj/eth_udp_loop.gen/sources_1/ip/async_fifo_2048x8b/async_fifo_2048x8b.xdc] for cell 'u_eth_udp_loop/u_async_fifo_2048x8b/U0'
Parsing XDC File [d:/Project/FPGA/temporary/cc/41_eth_udp_loop/prj/eth_udp_loop.gen/sources_1/ip/clk_wiz_0/clk_wiz_0_board.xdc] for cell 'u_clk_wiz_0/inst'
Finished Parsing XDC File [d:/Project/FPGA/temporary/cc/41_eth_udp_loop/prj/eth_udp_loop.gen/sources_1/ip/clk_wiz_0/clk_wiz_0_board.xdc] for cell 'u_clk_wiz_0/inst'
Parsing XDC File [d:/Project/FPGA/temporary/cc/41_eth_udp_loop/prj/eth_udp_loop.gen/sources_1/ip/clk_wiz_0/clk_wiz_0.xdc] for cell 'u_clk_wiz_0/inst'
INFO: [Timing 38-35] Done setting XDC timing constraints. [d:/Project/FPGA/temporary/cc/41_eth_udp_loop/prj/eth_udp_loop.gen/sources_1/ip/clk_wiz_0/clk_wiz_0.xdc:57]
INFO: [Timing 38-2] Deriving generated clocks [d:/Project/FPGA/temporary/cc/41_eth_udp_loop/prj/eth_udp_loop.gen/sources_1/ip/clk_wiz_0/clk_wiz_0.xdc:57]
Finished Parsing XDC File [d:/Project/FPGA/temporary/cc/41_eth_udp_loop/prj/eth_udp_loop.gen/sources_1/ip/clk_wiz_0/clk_wiz_0.xdc] for cell 'u_clk_wiz_0/inst'
Parsing XDC File [D:/Project/FPGA/temporary/cc/41_eth_udp_loop/prj/eth_udp_loop.srcs/constrs_1/eth_udp_loop.xdc]
Finished Parsing XDC File [D:/Project/FPGA/temporary/cc/41_eth_udp_loop/prj/eth_udp_loop.srcs/constrs_1/eth_udp_loop.xdc]
Parsing XDC File [d:/Project/FPGA/temporary/cc/41_eth_udp_loop/prj/eth_udp_loop.gen/sources_1/ip/async_fifo_2048x8b/async_fifo_2048x8b_clocks.xdc] for cell 'u_eth_udp_loop/u_async_fifo_2048x8b/U0'
Finished Parsing XDC File [d:/Project/FPGA/temporary/cc/41_eth_udp_loop/prj/eth_udp_loop.gen/sources_1/ip/async_fifo_2048x8b/async_fifo_2048x8b_clocks.xdc] for cell 'u_eth_udp_loop/u_async_fifo_2048x8b/U0'
WARNING: [XPM_CDC_GRAY: TCL-1000] The source and destination clocks are the same. 
     Instance: u_eth_udp_loop/u_async_fifo_2048x8b/U0/inst_fifo_gen/gconvfifo.rf/grf.rf/gntv_or_sync_fifo.gcx.clkx/rd_pntr_cdc_inst 
  This will add unnecessary latency to the design. Please check the design for the following: 
 1) Manually instantiated XPM_CDC modules: Xilinx recommends that you remove these modules. 
 2) Xilinx IP that contains XPM_CDC modules: Verify the connections to the IP to determine whether you can safely ignore this message.
 [F:/Software/Xilinx/Vivado/2020.2/data/ip/xpm/xpm_cdc/tcl/xpm_cdc_gray.tcl:16]
WARNING: [XPM_CDC_GRAY: TCL-1000] The source and destination clocks are the same. 
     Instance: u_eth_udp_loop/u_async_fifo_2048x8b/U0/inst_fifo_gen/gconvfifo.rf/grf.rf/gntv_or_sync_fifo.gcx.clkx/wr_pntr_cdc_inst 
  This will add unnecessary latency to the design. Please check the design for the following: 
 1) Manually instantiated XPM_CDC modules: Xilinx recommends that you remove these modules. 
 2) Xilinx IP that contains XPM_CDC modules: Verify the connections to the IP to determine whether you can safely ignore this message.
 [F:/Software/Xilinx/Vivado/2020.2/data/ip/xpm/xpm_cdc/tcl/xpm_cdc_gray.tcl:16]
INFO: [Project 1-1715] 3 XPM XDC files have been applied to the design.
INFO: [Opt 31-138] Pushed 0 inverter(s) to 0 load pin(s).
refresh_design: Time (s): cpu = 00:00:04 ; elapsed = 00:00:05 . Memory (MB): peak = 2929.219 ; gain = 0.270
reset_run synth_1
launch_runs synth_1 -jobs 12
INFO: [Vivado 12-4149] The synthesis checkpoint for IP 'D:/Project/FPGA/temporary/cc/41_eth_udp_loop/prj/eth_udp_loop.srcs/sources_1/ip/async_fifo_2048x8b/async_fifo_2048x8b.xci' is already up-to-date
[Tue Nov 12 14:14:28 2024] Launched synth_1...
Run output will be captured here: D:/Project/FPGA/temporary/cc/41_eth_udp_loop/prj/eth_udp_loop.runs/synth_1/runme.log
refresh_design
INFO: [Project 1-454] Reading design checkpoint 'd:/Project/FPGA/temporary/cc/41_eth_udp_loop/prj/eth_udp_loop.gen/sources_1/ip/clk_wiz_0/clk_wiz_0.dcp' for cell 'u_clk_wiz_0'
INFO: [Project 1-454] Reading design checkpoint 'd:/Project/FPGA/temporary/cc/41_eth_udp_loop/prj/eth_udp_loop.gen/sources_1/ip/async_fifo_2048x8b/async_fifo_2048x8b.dcp' for cell 'u_eth_udp_loop/u_async_fifo_2048x8b'
Netlist sorting complete. Time (s): cpu = 00:00:01 ; elapsed = 00:00:00.067 . Memory (MB): peak = 2929.219 ; gain = 0.000
INFO: [Netlist 29-17] Analyzing 226 Unisim elements for replacement
INFO: [Netlist 29-28] Unisim Transformation completed in 0 CPU seconds
INFO: [Project 1-479] Netlist was created with Vivado 2020.2
INFO: [Project 1-570] Preparing netlist for logic optimization
WARNING: [Opt 31-35] Removing redundant IBUF, u_clk_wiz_0/inst/clkin1_ibufg, from the path connected to top-level port: sys_clk 
Resolution: The tool has removed redundant IBUF. To resolve this warning, check for redundant IBUF in the input design.
WARNING: [Constraints 18-550] Could not create 'IBUF_LOW_PWR' constraint because net 'u_clk_wiz_0/clk_in1' is not directly connected to top level port. Synthesis is ignored for IBUF_LOW_PWR but preserved for implementation.
Parsing XDC File [d:/Project/FPGA/temporary/cc/41_eth_udp_loop/prj/eth_udp_loop.gen/sources_1/ip/async_fifo_2048x8b/async_fifo_2048x8b.xdc] for cell 'u_eth_udp_loop/u_async_fifo_2048x8b/U0'
Finished Parsing XDC File [d:/Project/FPGA/temporary/cc/41_eth_udp_loop/prj/eth_udp_loop.gen/sources_1/ip/async_fifo_2048x8b/async_fifo_2048x8b.xdc] for cell 'u_eth_udp_loop/u_async_fifo_2048x8b/U0'
Parsing XDC File [d:/Project/FPGA/temporary/cc/41_eth_udp_loop/prj/eth_udp_loop.gen/sources_1/ip/clk_wiz_0/clk_wiz_0_board.xdc] for cell 'u_clk_wiz_0/inst'
Finished Parsing XDC File [d:/Project/FPGA/temporary/cc/41_eth_udp_loop/prj/eth_udp_loop.gen/sources_1/ip/clk_wiz_0/clk_wiz_0_board.xdc] for cell 'u_clk_wiz_0/inst'
Parsing XDC File [d:/Project/FPGA/temporary/cc/41_eth_udp_loop/prj/eth_udp_loop.gen/sources_1/ip/clk_wiz_0/clk_wiz_0.xdc] for cell 'u_clk_wiz_0/inst'
INFO: [Timing 38-35] Done setting XDC timing constraints. [d:/Project/FPGA/temporary/cc/41_eth_udp_loop/prj/eth_udp_loop.gen/sources_1/ip/clk_wiz_0/clk_wiz_0.xdc:57]
INFO: [Timing 38-2] Deriving generated clocks [d:/Project/FPGA/temporary/cc/41_eth_udp_loop/prj/eth_udp_loop.gen/sources_1/ip/clk_wiz_0/clk_wiz_0.xdc:57]
Finished Parsing XDC File [d:/Project/FPGA/temporary/cc/41_eth_udp_loop/prj/eth_udp_loop.gen/sources_1/ip/clk_wiz_0/clk_wiz_0.xdc] for cell 'u_clk_wiz_0/inst'
Parsing XDC File [D:/Project/FPGA/temporary/cc/41_eth_udp_loop/prj/eth_udp_loop.srcs/constrs_1/eth_udp_loop.xdc]
Finished Parsing XDC File [D:/Project/FPGA/temporary/cc/41_eth_udp_loop/prj/eth_udp_loop.srcs/constrs_1/eth_udp_loop.xdc]
Parsing XDC File [d:/Project/FPGA/temporary/cc/41_eth_udp_loop/prj/eth_udp_loop.gen/sources_1/ip/async_fifo_2048x8b/async_fifo_2048x8b_clocks.xdc] for cell 'u_eth_udp_loop/u_async_fifo_2048x8b/U0'
Finished Parsing XDC File [d:/Project/FPGA/temporary/cc/41_eth_udp_loop/prj/eth_udp_loop.gen/sources_1/ip/async_fifo_2048x8b/async_fifo_2048x8b_clocks.xdc] for cell 'u_eth_udp_loop/u_async_fifo_2048x8b/U0'
WARNING: [XPM_CDC_GRAY: TCL-1000] The source and destination clocks are the same. 
     Instance: u_eth_udp_loop/u_async_fifo_2048x8b/U0/inst_fifo_gen/gconvfifo.rf/grf.rf/gntv_or_sync_fifo.gcx.clkx/rd_pntr_cdc_inst 
  This will add unnecessary latency to the design. Please check the design for the following: 
 1) Manually instantiated XPM_CDC modules: Xilinx recommends that you remove these modules. 
 2) Xilinx IP that contains XPM_CDC modules: Verify the connections to the IP to determine whether you can safely ignore this message.
 [F:/Software/Xilinx/Vivado/2020.2/data/ip/xpm/xpm_cdc/tcl/xpm_cdc_gray.tcl:16]
WARNING: [XPM_CDC_GRAY: TCL-1000] The source and destination clocks are the same. 
     Instance: u_eth_udp_loop/u_async_fifo_2048x8b/U0/inst_fifo_gen/gconvfifo.rf/grf.rf/gntv_or_sync_fifo.gcx.clkx/wr_pntr_cdc_inst 
  This will add unnecessary latency to the design. Please check the design for the following: 
 1) Manually instantiated XPM_CDC modules: Xilinx recommends that you remove these modules. 
 2) Xilinx IP that contains XPM_CDC modules: Verify the connections to the IP to determine whether you can safely ignore this message.
 [F:/Software/Xilinx/Vivado/2020.2/data/ip/xpm/xpm_cdc/tcl/xpm_cdc_gray.tcl:16]
INFO: [Project 1-1715] 3 XPM XDC files have been applied to the design.
INFO: [Opt 31-138] Pushed 0 inverter(s) to 0 load pin(s).
refresh_design: Time (s): cpu = 00:00:05 ; elapsed = 00:00:06 . Memory (MB): peak = 2949.980 ; gain = 20.762
launch_runs impl_1 -jobs 12
INFO: [Vivado 12-4149] The synthesis checkpoint for IP 'D:/Project/FPGA/temporary/cc/41_eth_udp_loop/prj/eth_udp_loop.srcs/sources_1/ip/async_fifo_2048x8b/async_fifo_2048x8b.xci' is already up-to-date
INFO: [Timing 38-480] Writing timing data to binary archive.
Writing placer database...
Writing XDEF routing.
Writing XDEF routing logical nets.
Writing XDEF routing special nets.
Write XDEF Complete: Time (s): cpu = 00:00:00 ; elapsed = 00:00:00.055 . Memory (MB): peak = 2949.980 ; gain = 0.000
[Tue Nov 12 14:18:44 2024] Launched impl_1...
Run output will be captured here: D:/Project/FPGA/temporary/cc/41_eth_udp_loop/prj/eth_udp_loop.runs/impl_1/runme.log
close_design
open_run impl_1
Netlist sorting complete. Time (s): cpu = 00:00:00 ; elapsed = 00:00:00.042 . Memory (MB): peak = 2949.980 ; gain = 0.000
INFO: [Netlist 29-17] Analyzing 226 Unisim elements for replacement
INFO: [Netlist 29-28] Unisim Transformation completed in 0 CPU seconds
INFO: [Project 1-479] Netlist was created with Vivado 2020.2
INFO: [Project 1-570] Preparing netlist for logic optimization
WARNING: [Constraints 18-550] Could not create 'IBUF_LOW_PWR' constraint because net 'u_clk_wiz_0/clk_in1' is not directly connected to top level port. Synthesis is ignored for IBUF_LOW_PWR but preserved for implementation.
INFO: [Timing 38-478] Restoring timing data from binary archive.
INFO: [Timing 38-479] Binary timing data restore complete.
INFO: [Project 1-856] Restoring constraints from binary archive.
INFO: [Project 1-853] Binary constraint restore complete.
Reading XDEF placement.
Reading placer database...
Reading XDEF routing.
Read XDEF File: Time (s): cpu = 00:00:00 ; elapsed = 00:00:00.375 . Memory (MB): peak = 2950.520 ; gain = 0.000
Restored from archive | CPU: 0.000000 secs | Memory: 0.000000 MB |
Finished XDEF File Restore: Time (s): cpu = 00:00:00 ; elapsed = 00:00:00.375 . Memory (MB): peak = 2950.520 ; gain = 0.000
Netlist sorting complete. Time (s): cpu = 00:00:00 ; elapsed = 00:00:00.002 . Memory (MB): peak = 2950.520 ; gain = 0.000
INFO: [Project 1-111] Unisim Transformation Summary:
No Unisim elements were transformed.

reset_run synth_1
launch_runs impl_1 -to_step write_bitstream -jobs 12
INFO: [Vivado 12-4149] The synthesis checkpoint for IP 'D:/Project/FPGA/temporary/cc/41_eth_udp_loop/prj/eth_udp_loop.srcs/sources_1/ip/async_fifo_2048x8b/async_fifo_2048x8b.xci' is already up-to-date
[Tue Nov 12 14:28:28 2024] Launched synth_1...
Run output will be captured here: D:/Project/FPGA/temporary/cc/41_eth_udp_loop/prj/eth_udp_loop.runs/synth_1/runme.log
[Tue Nov 12 14:28:28 2024] Launched impl_1...
Run output will be captured here: D:/Project/FPGA/temporary/cc/41_eth_udp_loop/prj/eth_udp_loop.runs/impl_1/runme.log
open_hw_manager
connect_hw_server -allow_non_jtag
INFO: [Labtools 27-2285] Connecting to hw_server url TCP:localhost:3121
INFO: [Labtools 27-2222] Launching hw_server...
INFO: [Labtools 27-2221] Launch Output:

****** Xilinx hw_server v2020.2
  **** Build date : Nov 18 2020 at 10:01:48
    ** Copyright 1986-2020 Xilinx, Inc. All Rights Reserved.


INFO: [Labtools 27-3415] Connecting to cs_server url TCP:localhost:3042
INFO: [Labtools 27-3417] Launching cs_server...
INFO: [Labtools 27-2221] Launch Output:


******** Xilinx cs_server v2020.2
  ****** Build date   : Nov 04 2020-05:02:56
    **** Build number : 2020.2.1604437376
      ** Copyright 2017-2020 Xilinx, Inc. All Rights Reserved.



connect_hw_server: Time (s): cpu = 00:00:01 ; elapsed = 00:00:12 . Memory (MB): peak = 3016.430 ; gain = 0.824
open_hw_target
INFO: [Labtoolstcl 44-466] Opening hw_target localhost:3121/xilinx_tcf/Digilent/C306A048ABCD
open_hw_target: Time (s): cpu = 00:00:04 ; elapsed = 00:00:07 . Memory (MB): peak = 4471.848 ; gain = 1455.418
set_property PROGRAM.FILE {D:/Project/FPGA/temporary/cc/41_eth_udp_loop/prj/eth_udp_loop.runs/impl_1/TOP.bit} [get_hw_devices xc7z010_1]
current_hw_device [get_hw_devices xc7z010_1]
refresh_hw_device -update_hw_probes false [lindex [get_hw_devices xc7z010_1] 0]
INFO: [Labtools 27-1435] Device xc7z010 (JTAG device index = 1) is not programmed (DONE status = 0).
set_property PROBES.FILE {} [get_hw_devices xc7z010_1]
set_property FULL_PROBES.FILE {} [get_hw_devices xc7z010_1]
set_property PROGRAM.FILE {D:/Project/FPGA/temporary/cc/41_eth_udp_loop/prj/eth_udp_loop.runs/impl_1/TOP.bit} [get_hw_devices xc7z010_1]
program_hw_devices [get_hw_devices xc7z010_1]
INFO: [Labtools 27-3164] End of startup status: HIGH
refresh_hw_device [lindex [get_hw_devices xc7z010_1] 0]
INFO: [Labtools 27-1434] Device xc7z010 (JTAG device index = 1) is programmed with a design that has no supported debug core(s) in it.
set_property PROBES.FILE {} [get_hw_devices xc7z010_1]
set_property FULL_PROBES.FILE {} [get_hw_devices xc7z010_1]
set_property PROGRAM.FILE {D:/Project/FPGA/temporary/cc/41_eth_udp_loop/prj/eth_udp_loop.runs/impl_1/TOP.bit} [get_hw_devices xc7z010_1]
program_hw_devices [get_hw_devices xc7z010_1]
INFO: [Labtools 27-3164] End of startup status: HIGH
refresh_hw_device [lindex [get_hw_devices xc7z010_1] 0]
INFO: [Labtools 27-1434] Device xc7z010 (JTAG device index = 1) is programmed with a design that has no supported debug core(s) in it.
update_compile_order -fileset sources_1
ERROR: [Labtoolstcl 44-513] HW Target shutdown. Closing target: localhost:3121/xilinx_tcf/Digilent/C306A048ABCD
update_compile_order -fileset sources_1
reset_run synth_1
WARNING: [Vivado 12-1017] Problems encountered:
1. Failed to delete one or more files in run directory D:/Project/FPGA/temporary/cc/41_eth_udp_loop/prj/eth_udp_loop.runs/synth_1

launch_runs synth_1 -jobs 12
INFO: [Vivado 12-4149] The synthesis checkpoint for IP 'D:/Project/FPGA/temporary/cc/41_eth_udp_loop/prj/eth_udp_loop.srcs/sources_1/ip/async_fifo_2048x8b/async_fifo_2048x8b.xci' is already up-to-date
[Tue Nov 12 15:29:56 2024] Launched synth_1...
Run output will be captured here: D:/Project/FPGA/temporary/cc/41_eth_udp_loop/prj/eth_udp_loop.runs/synth_1/runme.log
open_run synth_1 -name synth_1
Design is defaulting to impl run constrset: constrs_1
Design is defaulting to synth run part: xc7z010clg400-1
INFO: [Project 1-454] Reading design checkpoint 'd:/Project/FPGA/temporary/cc/41_eth_udp_loop/prj/eth_udp_loop.gen/sources_1/ip/clk_wiz_0/clk_wiz_0.dcp' for cell 'u_clk_wiz_0'
INFO: [Project 1-454] Reading design checkpoint 'd:/Project/FPGA/temporary/cc/41_eth_udp_loop/prj/eth_udp_loop.gen/sources_1/ip/async_fifo_2048x8b/async_fifo_2048x8b.dcp' for cell 'u_eth_udp_loop/u_async_fifo_2048x8b'
Netlist sorting complete. Time (s): cpu = 00:00:00 ; elapsed = 00:00:00.043 . Memory (MB): peak = 4538.398 ; gain = 0.000
INFO: [Netlist 29-17] Analyzing 206 Unisim elements for replacement
INFO: [Netlist 29-28] Unisim Transformation completed in 0 CPU seconds
INFO: [Project 1-479] Netlist was created with Vivado 2020.2
INFO: [Project 1-570] Preparing netlist for logic optimization
WARNING: [Opt 31-35] Removing redundant IBUF, u_clk_wiz_0/inst/clkin1_ibufg, from the path connected to top-level port: sys_clk 
Resolution: The tool has removed redundant IBUF. To resolve this warning, check for redundant IBUF in the input design.
WARNING: [Constraints 18-550] Could not create 'IBUF_LOW_PWR' constraint because net 'u_clk_wiz_0/clk_in1' is not directly connected to top level port. Synthesis is ignored for IBUF_LOW_PWR but preserved for implementation.
Parsing XDC File [d:/Project/FPGA/temporary/cc/41_eth_udp_loop/prj/eth_udp_loop.gen/sources_1/ip/async_fifo_2048x8b/async_fifo_2048x8b.xdc] for cell 'u_eth_udp_loop/u_async_fifo_2048x8b/U0'
Finished Parsing XDC File [d:/Project/FPGA/temporary/cc/41_eth_udp_loop/prj/eth_udp_loop.gen/sources_1/ip/async_fifo_2048x8b/async_fifo_2048x8b.xdc] for cell 'u_eth_udp_loop/u_async_fifo_2048x8b/U0'
Parsing XDC File [d:/Project/FPGA/temporary/cc/41_eth_udp_loop/prj/eth_udp_loop.gen/sources_1/ip/clk_wiz_0/clk_wiz_0_board.xdc] for cell 'u_clk_wiz_0/inst'
Finished Parsing XDC File [d:/Project/FPGA/temporary/cc/41_eth_udp_loop/prj/eth_udp_loop.gen/sources_1/ip/clk_wiz_0/clk_wiz_0_board.xdc] for cell 'u_clk_wiz_0/inst'
Parsing XDC File [d:/Project/FPGA/temporary/cc/41_eth_udp_loop/prj/eth_udp_loop.gen/sources_1/ip/clk_wiz_0/clk_wiz_0.xdc] for cell 'u_clk_wiz_0/inst'
INFO: [Timing 38-35] Done setting XDC timing constraints. [d:/Project/FPGA/temporary/cc/41_eth_udp_loop/prj/eth_udp_loop.gen/sources_1/ip/clk_wiz_0/clk_wiz_0.xdc:57]
INFO: [Timing 38-2] Deriving generated clocks [d:/Project/FPGA/temporary/cc/41_eth_udp_loop/prj/eth_udp_loop.gen/sources_1/ip/clk_wiz_0/clk_wiz_0.xdc:57]
Finished Parsing XDC File [d:/Project/FPGA/temporary/cc/41_eth_udp_loop/prj/eth_udp_loop.gen/sources_1/ip/clk_wiz_0/clk_wiz_0.xdc] for cell 'u_clk_wiz_0/inst'
Parsing XDC File [D:/Project/FPGA/temporary/cc/41_eth_udp_loop/prj/eth_udp_loop.srcs/constrs_1/eth_udp_loop.xdc]
Finished Parsing XDC File [D:/Project/FPGA/temporary/cc/41_eth_udp_loop/prj/eth_udp_loop.srcs/constrs_1/eth_udp_loop.xdc]
Parsing XDC File [d:/Project/FPGA/temporary/cc/41_eth_udp_loop/prj/eth_udp_loop.gen/sources_1/ip/async_fifo_2048x8b/async_fifo_2048x8b_clocks.xdc] for cell 'u_eth_udp_loop/u_async_fifo_2048x8b/U0'
Finished Parsing XDC File [d:/Project/FPGA/temporary/cc/41_eth_udp_loop/prj/eth_udp_loop.gen/sources_1/ip/async_fifo_2048x8b/async_fifo_2048x8b_clocks.xdc] for cell 'u_eth_udp_loop/u_async_fifo_2048x8b/U0'
WARNING: [XPM_CDC_GRAY: TCL-1000] The source and destination clocks are the same. 
     Instance: u_eth_udp_loop/u_async_fifo_2048x8b/U0/inst_fifo_gen/gconvfifo.rf/grf.rf/gntv_or_sync_fifo.gcx.clkx/rd_pntr_cdc_inst 
  This will add unnecessary latency to the design. Please check the design for the following: 
 1) Manually instantiated XPM_CDC modules: Xilinx recommends that you remove these modules. 
 2) Xilinx IP that contains XPM_CDC modules: Verify the connections to the IP to determine whether you can safely ignore this message.
 [F:/Software/Xilinx/Vivado/2020.2/data/ip/xpm/xpm_cdc/tcl/xpm_cdc_gray.tcl:16]
WARNING: [XPM_CDC_GRAY: TCL-1000] The source and destination clocks are the same. 
     Instance: u_eth_udp_loop/u_async_fifo_2048x8b/U0/inst_fifo_gen/gconvfifo.rf/grf.rf/gntv_or_sync_fifo.gcx.clkx/wr_pntr_cdc_inst 
  This will add unnecessary latency to the design. Please check the design for the following: 
 1) Manually instantiated XPM_CDC modules: Xilinx recommends that you remove these modules. 
 2) Xilinx IP that contains XPM_CDC modules: Verify the connections to the IP to determine whether you can safely ignore this message.
 [F:/Software/Xilinx/Vivado/2020.2/data/ip/xpm/xpm_cdc/tcl/xpm_cdc_gray.tcl:16]
INFO: [Project 1-1715] 3 XPM XDC files have been applied to the design.
INFO: [Opt 31-138] Pushed 0 inverter(s) to 0 load pin(s).
Netlist sorting complete. Time (s): cpu = 00:00:00 ; elapsed = 00:00:00.001 . Memory (MB): peak = 4732.871 ; gain = 0.000
INFO: [Project 1-111] Unisim Transformation Summary:
No Unisim elements were transformed.

launch_runs impl_1 -jobs 12
INFO: [Vivado 12-4149] The synthesis checkpoint for IP 'D:/Project/FPGA/temporary/cc/41_eth_udp_loop/prj/eth_udp_loop.srcs/sources_1/ip/async_fifo_2048x8b/async_fifo_2048x8b.xci' is already up-to-date
INFO: [Timing 38-480] Writing timing data to binary archive.
Writing placer database...
Writing XDEF routing.
Writing XDEF routing logical nets.
Writing XDEF routing special nets.
Write XDEF Complete: Time (s): cpu = 00:00:00 ; elapsed = 00:00:00.081 . Memory (MB): peak = 5233.820 ; gain = 0.000
[Tue Nov 12 15:31:58 2024] Launched impl_1...
Run output will be captured here: D:/Project/FPGA/temporary/cc/41_eth_udp_loop/prj/eth_udp_loop.runs/impl_1/runme.log
current_design impl_1
refresh_design
Netlist sorting complete. Time (s): cpu = 00:00:00 ; elapsed = 00:00:00.040 . Memory (MB): peak = 5233.820 ; gain = 0.000
INFO: [Netlist 29-17] Analyzing 206 Unisim elements for replacement
INFO: [Netlist 29-28] Unisim Transformation completed in 0 CPU seconds
INFO: [Project 1-479] Netlist was created with Vivado 2020.2
INFO: [Project 1-570] Preparing netlist for logic optimization
WARNING: [Constraints 18-550] Could not create 'IBUF_LOW_PWR' constraint because net 'u_clk_wiz_0/clk_in1' is not directly connected to top level port. Synthesis is ignored for IBUF_LOW_PWR but preserved for implementation.
INFO: [Timing 38-478] Restoring timing data from binary archive.
INFO: [Timing 38-479] Binary timing data restore complete.
INFO: [Project 1-856] Restoring constraints from binary archive.
INFO: [Project 1-853] Binary constraint restore complete.
Reading XDEF placement.
Reading placer database...
Reading XDEF routing.
Read XDEF File: Time (s): cpu = 00:00:01 ; elapsed = 00:00:00.402 . Memory (MB): peak = 5233.820 ; gain = 0.000
Restored from archive | CPU: 1.000000 secs | Memory: 0.000000 MB |
Finished XDEF File Restore: Time (s): cpu = 00:00:01 ; elapsed = 00:00:00.402 . Memory (MB): peak = 5233.820 ; gain = 0.000
refresh_design: Time (s): cpu = 00:00:06 ; elapsed = 00:00:06 . Memory (MB): peak = 5233.820 ; gain = 0.000
