Copyright 1986-2020 Xilinx, Inc. All Rights Reserved.
-----------------------------------------------------------------------------------------------------------------------------------------------------------------------------------------------------------
| Tool Version : Vivado v.2020.2 (win64) Build 3064766 Wed Nov 18 09:12:45 MST 2020
| Date         : Thu Nov  7 11:06:52 2024
| Host         : LEGION2020 running 64-bit major release  (build 9200)
| Command      : report_timing_summary -max_paths 10 -file eth_udp_loop_timing_summary_routed.rpt -pb eth_udp_loop_timing_summary_routed.pb -rpx eth_udp_loop_timing_summary_routed.rpx -warn_on_violation
| Design       : eth_udp_loop
| Device       : 7z010-clg400
| Speed File   : -1  PRODUCTION 1.12 2019-11-22
-----------------------------------------------------------------------------------------------------------------------------------------------------------------------------------------------------------

Timing Summary Report

------------------------------------------------------------------------------------------------
| Timer Settings
| --------------
------------------------------------------------------------------------------------------------

  Enable Multi Corner Analysis               :  Yes
  Enable Pessimism Removal                   :  Yes
  Pessimism Removal Resolution               :  Nearest Common Node
  Enable Input Delay Default Clock           :  No
  Enable Preset / Clear Arcs                 :  No
  Disable Flight Delays                      :  No
  Ignore I/O Paths                           :  No
  Timing Early Launch at Borrowing Latches   :  No
  Borrow Time for Max Delay Exceptions       :  Yes
  Merge Timing Exceptions                    :  Yes

  Corner  Analyze    Analyze    
  Name    Max Paths  Min Paths  
  ------  ---------  ---------  
  Slow    Yes        Yes        
  Fast    Yes        Yes        



check_timing report

Table of Contents
-----------------
1. checking no_clock (0)
2. checking constant_clock (0)
3. checking pulse_width_clock (0)
4. checking unconstrained_internal_endpoints (0)
5. checking no_input_delay (6)
6. checking no_output_delay (5)
7. checking multiple_clock (0)
8. checking generated_clocks (0)
9. checking loops (0)
10. checking partial_input_delay (0)
11. checking partial_output_delay (0)
12. checking latch_loops (0)

1. checking no_clock (0)
------------------------
 There are 0 register/latch pins with no clock.


2. checking constant_clock (0)
------------------------------
 There are 0 register/latch pins with constant_clock.


3. checking pulse_width_clock (0)
---------------------------------
 There are 0 register/latch pins which need pulse_width check


4. checking unconstrained_internal_endpoints (0)
------------------------------------------------
 There are 0 pins that are not constrained for maximum delay.

 There are 0 pins that are not constrained for maximum delay due to constant clock.


5. checking no_input_delay (6)
------------------------------
 There are 6 input ports with no input delay specified. (HIGH)

 There are 0 input ports with no input delay but user has a false path constraint.


6. checking no_output_delay (5)
-------------------------------
 There are 5 ports with no output delay specified. (HIGH)

 There are 0 ports with no output delay but user has a false path constraint

 There are 0 ports with no output delay but with a timing clock defined on it or propagating through it


7. checking multiple_clock (0)
------------------------------
 There are 0 register/latch pins with multiple clocks.


8. checking generated_clocks (0)
--------------------------------
 There are 0 generated clocks that are not connected to a clock source.


9. checking loops (0)
---------------------
 There are 0 combinational loops in the design.


10. checking partial_input_delay (0)
------------------------------------
 There are 0 input ports with partial input delay specified.


11. checking partial_output_delay (0)
-------------------------------------
 There are 0 ports with partial output delay specified.


12. checking latch_loops (0)
----------------------------
 There are 0 combinational latch loops in the design through latch input



------------------------------------------------------------------------------------------------
| Design Timing Summary
| ---------------------
------------------------------------------------------------------------------------------------

    WNS(ns)      TNS(ns)  TNS Failing Endpoints  TNS Total Endpoints      WHS(ns)      THS(ns)  THS Failing Endpoints  THS Total Endpoints     WPWS(ns)     TPWS(ns)  TPWS Failing Endpoints  TPWS Total Endpoints  
    -------      -------  ---------------------  -------------------      -------      -------  ---------------------  -------------------     --------     --------  ----------------------  --------------------  
      0.383        0.000                      0                 3269        0.074        0.000                      0                 3269        0.264        0.000                       0                  1665  


All user specified timing constraints are met.


------------------------------------------------------------------------------------------------
| Clock Summary
| -------------
------------------------------------------------------------------------------------------------

Clock                 Waveform(ns)         Period(ns)      Frequency(MHz)
-----                 ------------         ----------      --------------
eth_rxc               {0.000 4.000}        8.000           125.000         
sys_clk               {0.000 10.000}       20.000          50.000          
  clk_out1_clk_wiz_0  {0.000 2.500}        5.000           200.000         
  clk_out2_clk_wiz_0  {0.000 4.000}        8.000           125.000         
  clkfbout_clk_wiz_0  {0.000 10.000}       20.000          50.000          


------------------------------------------------------------------------------------------------
| Intra Clock Table
| -----------------
------------------------------------------------------------------------------------------------

Clock                     WNS(ns)      TNS(ns)  TNS Failing Endpoints  TNS Total Endpoints      WHS(ns)      THS(ns)  THS Failing Endpoints  THS Total Endpoints     WPWS(ns)     TPWS(ns)  TPWS Failing Endpoints  TPWS Total Endpoints  
-----                     -------      -------  ---------------------  -------------------      -------      -------  ---------------------  -------------------     --------     --------  ----------------------  --------------------  
eth_rxc                     0.383        0.000                      0                 3190        0.074        0.000                      0                 3190        3.500        0.000                       0                  1648  
sys_clk                                                                                                                                                                 7.000        0.000                       0                     1  
  clk_out1_clk_wiz_0                                                                                                                                                    0.264        0.000                       0                     3  
  clk_out2_clk_wiz_0        3.630        0.000                      0                    8        0.229        0.000                      0                    8        3.500        0.000                       0                    10  
  clkfbout_clk_wiz_0                                                                                                                                                   17.845        0.000                       0                     3  


------------------------------------------------------------------------------------------------
| Inter Clock Table
| -----------------
------------------------------------------------------------------------------------------------

From Clock          To Clock                WNS(ns)      TNS(ns)  TNS Failing Endpoints  TNS Total Endpoints      WHS(ns)      THS(ns)  THS Failing Endpoints  THS Total Endpoints  
----------          --------                -------      -------  ---------------------  -------------------      -------      -------  ---------------------  -------------------  
clk_out2_clk_wiz_0  eth_rxc                   3.797        0.000                      0                    8        0.416        0.000                      0                    8  


------------------------------------------------------------------------------------------------
| Other Path Groups Table
| -----------------------
------------------------------------------------------------------------------------------------

Path Group         From Clock         To Clock               WNS(ns)      TNS(ns)  TNS Failing Endpoints  TNS Total Endpoints      WHS(ns)      THS(ns)  THS Failing Endpoints  THS Total Endpoints  
----------         ----------         --------               -------      -------  ---------------------  -------------------      -------      -------  ---------------------  -------------------  
**async_default**  eth_rxc            eth_rxc                  5.950        0.000                      0                   71        0.419        0.000                      0                   71  


------------------------------------------------------------------------------------------------
| Timing Details
| --------------
------------------------------------------------------------------------------------------------


---------------------------------------------------------------------------------------------------
From Clock:  eth_rxc
  To Clock:  eth_rxc

Setup :            0  Failing Endpoints,  Worst Slack        0.383ns,  Total Violation        0.000ns
Hold  :            0  Failing Endpoints,  Worst Slack        0.074ns,  Total Violation        0.000ns
PW    :            0  Failing Endpoints,  Worst Slack        3.500ns,  Total Violation        0.000ns
---------------------------------------------------------------------------------------------------


Max Delay Paths
--------------------------------------------------------------------------------------
Slack (MET) :             0.383ns  (required time - arrival time)
  Source:                 u_udp/u_udp_tx/cur_state_reg[4]/C
                            (rising edge-triggered cell FDCE clocked by eth_rxc  {rise@0.000ns fall@4.000ns period=8.000ns})
  Destination:            u_udp/u_udp_tx/gmii_txd_reg[0]/D
                            (rising edge-triggered cell FDCE clocked by eth_rxc  {rise@0.000ns fall@4.000ns period=8.000ns})
  Path Group:             eth_rxc
  Path Type:              Setup (Max at Slow Process Corner)
  Requirement:            8.000ns  (eth_rxc rise@8.000ns - eth_rxc rise@0.000ns)
  Data Path Delay:        7.554ns  (logic 1.436ns (19.010%)  route 6.118ns (80.990%))
  Logic Levels:           6  (LUT4=2 LUT5=2 LUT6=2)
  Clock Path Skew:        -0.059ns (DCD - SCD + CPR)
    Destination Clock Delay (DCD):    4.878ns = ( 12.878 - 8.000 ) 
    Source Clock Delay      (SCD):    5.328ns
    Clock Pessimism Removal (CPR):    0.391ns
  Clock Uncertainty:      0.035ns  ((TSJ^2 + TIJ^2)^1/2 + DJ) / 2 + PE
    Total System Jitter     (TSJ):    0.071ns
    Total Input Jitter      (TIJ):    0.000ns
    Discrete Jitter          (DJ):    0.000ns
    Phase Error              (PE):    0.000ns

    Location             Delay type                Incr(ns)  Path(ns)    Netlist Resource(s)
  -------------------------------------------------------------------    -------------------
                         (clock eth_rxc rise edge)    0.000     0.000 r  
    K17                                               0.000     0.000 r  eth_rxc (IN)
                         net (fo=0)                   0.000     0.000    eth_rxc
    K17                  IBUF (Prop_ibuf_I_O)         1.492     1.492 r  eth_rxc_IBUF_inst/O
                         net (fo=2, routed)           2.076     3.568    u_gmii_to_rgmii/u_rgmii_rx/rgmii_rxc
    BUFGCTRL_X0Y16       BUFG (Prop_bufg_I_O)         0.101     3.669 r  u_gmii_to_rgmii/u_rgmii_rx/BUFG_inst/O
                         net (fo=1642, routed)        1.659     5.328    u_udp/u_udp_tx/clk
    SLICE_X26Y94         FDCE                                         r  u_udp/u_udp_tx/cur_state_reg[4]/C
  -------------------------------------------------------------------    -------------------
    SLICE_X26Y94         FDCE (Prop_fdce_C_Q)         0.456     5.784 r  u_udp/u_udp_tx/cur_state_reg[4]/Q
                         net (fo=15, routed)          1.009     6.793    u_udp/u_udp_tx/cur_state[4]
    SLICE_X27Y95         LUT4 (Prop_lut4_I1_O)        0.152     6.945 r  u_udp/u_udp_tx/cur_state[6]_i_4/O
                         net (fo=1, routed)           0.266     7.211    u_udp/u_udp_tx/cur_state[6]_i_4_n_0
    SLICE_X27Y95         LUT5 (Prop_lut5_I4_O)        0.332     7.543 f  u_udp/u_udp_tx/cur_state[6]_i_2/O
                         net (fo=27, routed)          0.837     8.380    u_udp/u_udp_tx/cur_state[6]_i_2_n_0
    SLICE_X31Y94         LUT4 (Prop_lut4_I0_O)        0.124     8.504 r  u_udp/u_udp_tx/crc_en_i_3/O
                         net (fo=20, routed)          0.958     9.461    u_udp/u_udp_tx/crc_en_i_3_n_0
    SLICE_X35Y91         LUT5 (Prop_lut5_I1_O)        0.124     9.585 r  u_udp/u_udp_tx/gmii_txd[0]_i_5/O
                         net (fo=1, routed)           1.246    10.831    u_udp/u_udp_tx/gmii_txd[0]_i_5_n_0
    SLICE_X32Y91         LUT6 (Prop_lut6_I1_O)        0.124    10.955 r  u_udp/u_udp_tx/gmii_txd[0]_i_2/O
                         net (fo=1, routed)           1.802    12.758    u_udp/u_udp_tx/gmii_txd[0]_i_2_n_0
    SLICE_X33Y92         LUT6 (Prop_lut6_I0_O)        0.124    12.882 r  u_udp/u_udp_tx/gmii_txd[0]_i_1/O
                         net (fo=1, routed)           0.000    12.882    u_udp/u_udp_tx/gmii_txd[0]_i_1_n_0
    SLICE_X33Y92         FDCE                                         r  u_udp/u_udp_tx/gmii_txd_reg[0]/D
  -------------------------------------------------------------------    -------------------

                         (clock eth_rxc rise edge)    8.000     8.000 r  
    K17                                               0.000     8.000 r  eth_rxc (IN)
                         net (fo=0)                   0.000     8.000    eth_rxc
    K17                  IBUF (Prop_ibuf_I_O)         1.421     9.421 r  eth_rxc_IBUF_inst/O
                         net (fo=2, routed)           1.880    11.301    u_gmii_to_rgmii/u_rgmii_rx/rgmii_rxc
    BUFGCTRL_X0Y16       BUFG (Prop_bufg_I_O)         0.091    11.392 r  u_gmii_to_rgmii/u_rgmii_rx/BUFG_inst/O
                         net (fo=1642, routed)        1.486    12.878    u_udp/u_udp_tx/clk
    SLICE_X33Y92         FDCE                                         r  u_udp/u_udp_tx/gmii_txd_reg[0]/C
                         clock pessimism              0.391    13.269    
                         clock uncertainty           -0.035    13.233    
    SLICE_X33Y92         FDCE (Setup_fdce_C_D)        0.031    13.264    u_udp/u_udp_tx/gmii_txd_reg[0]
  -------------------------------------------------------------------
                         required time                         13.264    
                         arrival time                         -12.882    
  -------------------------------------------------------------------
                         slack                                  0.383    

Slack (MET) :             0.533ns  (required time - arrival time)
  Source:                 u_udp/u_udp_tx/cur_state_reg[4]/C
                            (rising edge-triggered cell FDCE clocked by eth_rxc  {rise@0.000ns fall@4.000ns period=8.000ns})
  Destination:            u_udp/u_udp_tx/gmii_txd_reg[2]/D
                            (rising edge-triggered cell FDCE clocked by eth_rxc  {rise@0.000ns fall@4.000ns period=8.000ns})
  Path Group:             eth_rxc
  Path Type:              Setup (Max at Slow Process Corner)
  Requirement:            8.000ns  (eth_rxc rise@8.000ns - eth_rxc rise@0.000ns)
  Data Path Delay:        7.402ns  (logic 1.436ns (19.401%)  route 5.966ns (80.599%))
  Logic Levels:           6  (LUT4=2 LUT5=2 LUT6=2)
  Clock Path Skew:        -0.059ns (DCD - SCD + CPR)
    Destination Clock Delay (DCD):    4.878ns = ( 12.878 - 8.000 ) 
    Source Clock Delay      (SCD):    5.328ns
    Clock Pessimism Removal (CPR):    0.391ns
  Clock Uncertainty:      0.035ns  ((TSJ^2 + TIJ^2)^1/2 + DJ) / 2 + PE
    Total System Jitter     (TSJ):    0.071ns
    Total Input Jitter      (TIJ):    0.000ns
    Discrete Jitter          (DJ):    0.000ns
    Phase Error              (PE):    0.000ns

    Location             Delay type                Incr(ns)  Path(ns)    Netlist Resource(s)
  -------------------------------------------------------------------    -------------------
                         (clock eth_rxc rise edge)    0.000     0.000 r  
    K17                                               0.000     0.000 r  eth_rxc (IN)
                         net (fo=0)                   0.000     0.000    eth_rxc
    K17                  IBUF (Prop_ibuf_I_O)         1.492     1.492 r  eth_rxc_IBUF_inst/O
                         net (fo=2, routed)           2.076     3.568    u_gmii_to_rgmii/u_rgmii_rx/rgmii_rxc
    BUFGCTRL_X0Y16       BUFG (Prop_bufg_I_O)         0.101     3.669 r  u_gmii_to_rgmii/u_rgmii_rx/BUFG_inst/O
                         net (fo=1642, routed)        1.659     5.328    u_udp/u_udp_tx/clk
    SLICE_X26Y94         FDCE                                         r  u_udp/u_udp_tx/cur_state_reg[4]/C
  -------------------------------------------------------------------    -------------------
    SLICE_X26Y94         FDCE (Prop_fdce_C_Q)         0.456     5.784 r  u_udp/u_udp_tx/cur_state_reg[4]/Q
                         net (fo=15, routed)          1.009     6.793    u_udp/u_udp_tx/cur_state[4]
    SLICE_X27Y95         LUT4 (Prop_lut4_I1_O)        0.152     6.945 r  u_udp/u_udp_tx/cur_state[6]_i_4/O
                         net (fo=1, routed)           0.266     7.211    u_udp/u_udp_tx/cur_state[6]_i_4_n_0
    SLICE_X27Y95         LUT5 (Prop_lut5_I4_O)        0.332     7.543 f  u_udp/u_udp_tx/cur_state[6]_i_2/O
                         net (fo=27, routed)          0.799     8.341    u_udp/u_udp_tx/cur_state[6]_i_2_n_0
    SLICE_X28Y94         LUT4 (Prop_lut4_I3_O)        0.124     8.465 f  u_udp/u_udp_tx/cur_state[6]_i_1/O
                         net (fo=19, routed)          1.100     9.566    u_udp/u_udp_tx/cur_state[6]_i_1_n_0
    SLICE_X35Y91         LUT5 (Prop_lut5_I1_O)        0.124     9.690 f  u_udp/u_udp_tx/gmii_txd[2]_i_5/O
                         net (fo=1, routed)           1.205    10.895    u_udp/u_udp_tx/gmii_txd[2]_i_5_n_0
    SLICE_X33Y89         LUT6 (Prop_lut6_I0_O)        0.124    11.019 f  u_udp/u_udp_tx/gmii_txd[2]_i_3/O
                         net (fo=1, routed)           1.587    12.605    u_udp/u_udp_tx/gmii_txd[2]_i_3_n_0
    SLICE_X33Y92         LUT6 (Prop_lut6_I4_O)        0.124    12.729 r  u_udp/u_udp_tx/gmii_txd[2]_i_1/O
                         net (fo=1, routed)           0.000    12.729    u_udp/u_udp_tx/gmii_txd[2]_i_1_n_0
    SLICE_X33Y92         FDCE                                         r  u_udp/u_udp_tx/gmii_txd_reg[2]/D
  -------------------------------------------------------------------    -------------------

                         (clock eth_rxc rise edge)    8.000     8.000 r  
    K17                                               0.000     8.000 r  eth_rxc (IN)
                         net (fo=0)                   0.000     8.000    eth_rxc
    K17                  IBUF (Prop_ibuf_I_O)         1.421     9.421 r  eth_rxc_IBUF_inst/O
                         net (fo=2, routed)           1.880    11.301    u_gmii_to_rgmii/u_rgmii_rx/rgmii_rxc
    BUFGCTRL_X0Y16       BUFG (Prop_bufg_I_O)         0.091    11.392 r  u_gmii_to_rgmii/u_rgmii_rx/BUFG_inst/O
                         net (fo=1642, routed)        1.486    12.878    u_udp/u_udp_tx/clk
    SLICE_X33Y92         FDCE                                         r  u_udp/u_udp_tx/gmii_txd_reg[2]/C
                         clock pessimism              0.391    13.269    
                         clock uncertainty           -0.035    13.233    
    SLICE_X33Y92         FDCE (Setup_fdce_C_D)        0.029    13.262    u_udp/u_udp_tx/gmii_txd_reg[2]
  -------------------------------------------------------------------
                         required time                         13.262    
                         arrival time                         -12.729    
  -------------------------------------------------------------------
                         slack                                  0.533    

Slack (MET) :             0.546ns  (required time - arrival time)
  Source:                 u_icmp/u_icmp_tx/tx_data_num_reg[1]/C
                            (rising edge-triggered cell FDCE clocked by eth_rxc  {rise@0.000ns fall@4.000ns period=8.000ns})
  Destination:            u_icmp/u_icmp_tx/data_cnt_reg[0]/CE
                            (rising edge-triggered cell FDCE clocked by eth_rxc  {rise@0.000ns fall@4.000ns period=8.000ns})
  Path Group:             eth_rxc
  Path Type:              Setup (Max at Slow Process Corner)
  Requirement:            8.000ns  (eth_rxc rise@8.000ns - eth_rxc rise@0.000ns)
  Data Path Delay:        6.852ns  (logic 2.832ns (41.328%)  route 4.020ns (58.672%))
  Logic Levels:           9  (CARRY4=4 LUT2=2 LUT4=1 LUT5=1 LUT6=1)
  Clock Path Skew:        -0.157ns (DCD - SCD + CPR)
    Destination Clock Delay (DCD):    4.861ns = ( 12.861 - 8.000 ) 
    Source Clock Delay      (SCD):    5.309ns
    Clock Pessimism Removal (CPR):    0.291ns
  Clock Uncertainty:      0.035ns  ((TSJ^2 + TIJ^2)^1/2 + DJ) / 2 + PE
    Total System Jitter     (TSJ):    0.071ns
    Total Input Jitter      (TIJ):    0.000ns
    Discrete Jitter          (DJ):    0.000ns
    Phase Error              (PE):    0.000ns

    Location             Delay type                Incr(ns)  Path(ns)    Netlist Resource(s)
  -------------------------------------------------------------------    -------------------
                         (clock eth_rxc rise edge)    0.000     0.000 r  
    K17                                               0.000     0.000 r  eth_rxc (IN)
                         net (fo=0)                   0.000     0.000    eth_rxc
    K17                  IBUF (Prop_ibuf_I_O)         1.492     1.492 r  eth_rxc_IBUF_inst/O
                         net (fo=2, routed)           2.076     3.568    u_gmii_to_rgmii/u_rgmii_rx/rgmii_rxc
    BUFGCTRL_X0Y16       BUFG (Prop_bufg_I_O)         0.101     3.669 r  u_gmii_to_rgmii/u_rgmii_rx/BUFG_inst/O
                         net (fo=1642, routed)        1.640     5.309    u_icmp/u_icmp_tx/rgmii_txc
    SLICE_X28Y75         FDCE                                         r  u_icmp/u_icmp_tx/tx_data_num_reg[1]/C
  -------------------------------------------------------------------    -------------------
    SLICE_X28Y75         FDCE (Prop_fdce_C_Q)         0.518     5.827 r  u_icmp/u_icmp_tx/tx_data_num_reg[1]/Q
                         net (fo=7, routed)           0.457     6.284    u_icmp/u_icmp_tx/tx_data_num[1]
    SLICE_X29Y75         LUT4 (Prop_lut4_I1_O)        0.124     6.408 f  u_icmp/u_icmp_tx/i__carry_i_11__0/O
                         net (fo=1, routed)           0.518     6.927    u_icmp/u_icmp_tx/i__carry_i_11__0_n_0
    SLICE_X28Y75         LUT6 (Prop_lut6_I0_O)        0.124     7.051 f  u_icmp/u_icmp_tx/i__carry_i_10/O
                         net (fo=10, routed)          0.195     7.245    u_icmp/u_icmp_tx/i__carry_i_10_n_0
    SLICE_X28Y75         LUT2 (Prop_lut2_I1_O)        0.124     7.369 r  u_icmp/u_icmp_tx/i__carry_i_1__0/O
                         net (fo=1, routed)           0.487     7.857    u_icmp/u_icmp_tx/real_tx_data_num[0]
    SLICE_X26Y75         CARRY4 (Prop_carry4_CYINIT_CO[3])
                                                      0.580     8.437 r  u_icmp/u_icmp_tx/skip_en2_inferred__0/i__carry/CO[3]
                         net (fo=1, routed)           0.000     8.437    u_icmp/u_icmp_tx/skip_en2_inferred__0/i__carry_n_0
    SLICE_X26Y76         CARRY4 (Prop_carry4_CI_CO[3])
                                                      0.114     8.551 r  u_icmp/u_icmp_tx/skip_en2_inferred__0/i__carry__0/CO[3]
                         net (fo=1, routed)           0.000     8.551    u_icmp/u_icmp_tx/skip_en2_inferred__0/i__carry__0_n_0
    SLICE_X26Y77         CARRY4 (Prop_carry4_CI_O[3])
                                                      0.313     8.864 r  u_icmp/u_icmp_tx/skip_en2_inferred__0/i__carry__1/O[3]
                         net (fo=1, routed)           0.658     9.522    u_icmp/u_icmp_tx/skip_en2_inferred__0/i__carry__1_n_4
    SLICE_X24Y78         LUT2 (Prop_lut2_I1_O)        0.306     9.828 r  u_icmp/u_icmp_tx/i__carry__2_i_5/O
                         net (fo=1, routed)           0.000     9.828    u_icmp/u_icmp_tx/i__carry__2_i_5_n_0
    SLICE_X24Y78         CARRY4 (Prop_carry4_S[0]_CO[3])
                                                      0.513    10.341 r  u_icmp/u_icmp_tx/p_1_out_inferred__1/i__carry__2/CO[3]
                         net (fo=9, routed)           1.050    11.391    u_icmp/u_icmp_tx/p_1_out_inferred__1/i__carry__2_n_0
    SLICE_X20Y78         LUT5 (Prop_lut5_I0_O)        0.116    11.507 r  u_icmp/u_icmp_tx/data_cnt[0]_i_1__0/O
                         net (fo=16, routed)          0.654    12.161    u_icmp/u_icmp_tx/data_cnt0
    SLICE_X21Y75         FDCE                                         r  u_icmp/u_icmp_tx/data_cnt_reg[0]/CE
  -------------------------------------------------------------------    -------------------

                         (clock eth_rxc rise edge)    8.000     8.000 r  
    K17                                               0.000     8.000 r  eth_rxc (IN)
                         net (fo=0)                   0.000     8.000    eth_rxc
    K17                  IBUF (Prop_ibuf_I_O)         1.421     9.421 r  eth_rxc_IBUF_inst/O
                         net (fo=2, routed)           1.880    11.301    u_gmii_to_rgmii/u_rgmii_rx/rgmii_rxc
    BUFGCTRL_X0Y16       BUFG (Prop_bufg_I_O)         0.091    11.392 r  u_gmii_to_rgmii/u_rgmii_rx/BUFG_inst/O
                         net (fo=1642, routed)        1.469    12.861    u_icmp/u_icmp_tx/rgmii_txc
    SLICE_X21Y75         FDCE                                         r  u_icmp/u_icmp_tx/data_cnt_reg[0]/C
                         clock pessimism              0.291    13.151    
                         clock uncertainty           -0.035    13.116    
    SLICE_X21Y75         FDCE (Setup_fdce_C_CE)      -0.409    12.707    u_icmp/u_icmp_tx/data_cnt_reg[0]
  -------------------------------------------------------------------
                         required time                         12.707    
                         arrival time                         -12.161    
  -------------------------------------------------------------------
                         slack                                  0.546    

Slack (MET) :             0.546ns  (required time - arrival time)
  Source:                 u_icmp/u_icmp_tx/tx_data_num_reg[1]/C
                            (rising edge-triggered cell FDCE clocked by eth_rxc  {rise@0.000ns fall@4.000ns period=8.000ns})
  Destination:            u_icmp/u_icmp_tx/data_cnt_reg[1]/CE
                            (rising edge-triggered cell FDCE clocked by eth_rxc  {rise@0.000ns fall@4.000ns period=8.000ns})
  Path Group:             eth_rxc
  Path Type:              Setup (Max at Slow Process Corner)
  Requirement:            8.000ns  (eth_rxc rise@8.000ns - eth_rxc rise@0.000ns)
  Data Path Delay:        6.852ns  (logic 2.832ns (41.328%)  route 4.020ns (58.672%))
  Logic Levels:           9  (CARRY4=4 LUT2=2 LUT4=1 LUT5=1 LUT6=1)
  Clock Path Skew:        -0.157ns (DCD - SCD + CPR)
    Destination Clock Delay (DCD):    4.861ns = ( 12.861 - 8.000 ) 
    Source Clock Delay      (SCD):    5.309ns
    Clock Pessimism Removal (CPR):    0.291ns
  Clock Uncertainty:      0.035ns  ((TSJ^2 + TIJ^2)^1/2 + DJ) / 2 + PE
    Total System Jitter     (TSJ):    0.071ns
    Total Input Jitter      (TIJ):    0.000ns
    Discrete Jitter          (DJ):    0.000ns
    Phase Error              (PE):    0.000ns

    Location             Delay type                Incr(ns)  Path(ns)    Netlist Resource(s)
  -------------------------------------------------------------------    -------------------
                         (clock eth_rxc rise edge)    0.000     0.000 r  
    K17                                               0.000     0.000 r  eth_rxc (IN)
                         net (fo=0)                   0.000     0.000    eth_rxc
    K17                  IBUF (Prop_ibuf_I_O)         1.492     1.492 r  eth_rxc_IBUF_inst/O
                         net (fo=2, routed)           2.076     3.568    u_gmii_to_rgmii/u_rgmii_rx/rgmii_rxc
    BUFGCTRL_X0Y16       BUFG (Prop_bufg_I_O)         0.101     3.669 r  u_gmii_to_rgmii/u_rgmii_rx/BUFG_inst/O
                         net (fo=1642, routed)        1.640     5.309    u_icmp/u_icmp_tx/rgmii_txc
    SLICE_X28Y75         FDCE                                         r  u_icmp/u_icmp_tx/tx_data_num_reg[1]/C
  -------------------------------------------------------------------    -------------------
    SLICE_X28Y75         FDCE (Prop_fdce_C_Q)         0.518     5.827 r  u_icmp/u_icmp_tx/tx_data_num_reg[1]/Q
                         net (fo=7, routed)           0.457     6.284    u_icmp/u_icmp_tx/tx_data_num[1]
    SLICE_X29Y75         LUT4 (Prop_lut4_I1_O)        0.124     6.408 f  u_icmp/u_icmp_tx/i__carry_i_11__0/O
                         net (fo=1, routed)           0.518     6.927    u_icmp/u_icmp_tx/i__carry_i_11__0_n_0
    SLICE_X28Y75         LUT6 (Prop_lut6_I0_O)        0.124     7.051 f  u_icmp/u_icmp_tx/i__carry_i_10/O
                         net (fo=10, routed)          0.195     7.245    u_icmp/u_icmp_tx/i__carry_i_10_n_0
    SLICE_X28Y75         LUT2 (Prop_lut2_I1_O)        0.124     7.369 r  u_icmp/u_icmp_tx/i__carry_i_1__0/O
                         net (fo=1, routed)           0.487     7.857    u_icmp/u_icmp_tx/real_tx_data_num[0]
    SLICE_X26Y75         CARRY4 (Prop_carry4_CYINIT_CO[3])
                                                      0.580     8.437 r  u_icmp/u_icmp_tx/skip_en2_inferred__0/i__carry/CO[3]
                         net (fo=1, routed)           0.000     8.437    u_icmp/u_icmp_tx/skip_en2_inferred__0/i__carry_n_0
    SLICE_X26Y76         CARRY4 (Prop_carry4_CI_CO[3])
                                                      0.114     8.551 r  u_icmp/u_icmp_tx/skip_en2_inferred__0/i__carry__0/CO[3]
                         net (fo=1, routed)           0.000     8.551    u_icmp/u_icmp_tx/skip_en2_inferred__0/i__carry__0_n_0
    SLICE_X26Y77         CARRY4 (Prop_carry4_CI_O[3])
                                                      0.313     8.864 r  u_icmp/u_icmp_tx/skip_en2_inferred__0/i__carry__1/O[3]
                         net (fo=1, routed)           0.658     9.522    u_icmp/u_icmp_tx/skip_en2_inferred__0/i__carry__1_n_4
    SLICE_X24Y78         LUT2 (Prop_lut2_I1_O)        0.306     9.828 r  u_icmp/u_icmp_tx/i__carry__2_i_5/O
                         net (fo=1, routed)           0.000     9.828    u_icmp/u_icmp_tx/i__carry__2_i_5_n_0
    SLICE_X24Y78         CARRY4 (Prop_carry4_S[0]_CO[3])
                                                      0.513    10.341 r  u_icmp/u_icmp_tx/p_1_out_inferred__1/i__carry__2/CO[3]
                         net (fo=9, routed)           1.050    11.391    u_icmp/u_icmp_tx/p_1_out_inferred__1/i__carry__2_n_0
    SLICE_X20Y78         LUT5 (Prop_lut5_I0_O)        0.116    11.507 r  u_icmp/u_icmp_tx/data_cnt[0]_i_1__0/O
                         net (fo=16, routed)          0.654    12.161    u_icmp/u_icmp_tx/data_cnt0
    SLICE_X21Y75         FDCE                                         r  u_icmp/u_icmp_tx/data_cnt_reg[1]/CE
  -------------------------------------------------------------------    -------------------

                         (clock eth_rxc rise edge)    8.000     8.000 r  
    K17                                               0.000     8.000 r  eth_rxc (IN)
                         net (fo=0)                   0.000     8.000    eth_rxc
    K17                  IBUF (Prop_ibuf_I_O)         1.421     9.421 r  eth_rxc_IBUF_inst/O
                         net (fo=2, routed)           1.880    11.301    u_gmii_to_rgmii/u_rgmii_rx/rgmii_rxc
    BUFGCTRL_X0Y16       BUFG (Prop_bufg_I_O)         0.091    11.392 r  u_gmii_to_rgmii/u_rgmii_rx/BUFG_inst/O
                         net (fo=1642, routed)        1.469    12.861    u_icmp/u_icmp_tx/rgmii_txc
    SLICE_X21Y75         FDCE                                         r  u_icmp/u_icmp_tx/data_cnt_reg[1]/C
                         clock pessimism              0.291    13.151    
                         clock uncertainty           -0.035    13.116    
    SLICE_X21Y75         FDCE (Setup_fdce_C_CE)      -0.409    12.707    u_icmp/u_icmp_tx/data_cnt_reg[1]
  -------------------------------------------------------------------
                         required time                         12.707    
                         arrival time                         -12.161    
  -------------------------------------------------------------------
                         slack                                  0.546    

Slack (MET) :             0.546ns  (required time - arrival time)
  Source:                 u_icmp/u_icmp_tx/tx_data_num_reg[1]/C
                            (rising edge-triggered cell FDCE clocked by eth_rxc  {rise@0.000ns fall@4.000ns period=8.000ns})
  Destination:            u_icmp/u_icmp_tx/data_cnt_reg[2]/CE
                            (rising edge-triggered cell FDCE clocked by eth_rxc  {rise@0.000ns fall@4.000ns period=8.000ns})
  Path Group:             eth_rxc
  Path Type:              Setup (Max at Slow Process Corner)
  Requirement:            8.000ns  (eth_rxc rise@8.000ns - eth_rxc rise@0.000ns)
  Data Path Delay:        6.852ns  (logic 2.832ns (41.328%)  route 4.020ns (58.672%))
  Logic Levels:           9  (CARRY4=4 LUT2=2 LUT4=1 LUT5=1 LUT6=1)
  Clock Path Skew:        -0.157ns (DCD - SCD + CPR)
    Destination Clock Delay (DCD):    4.861ns = ( 12.861 - 8.000 ) 
    Source Clock Delay      (SCD):    5.309ns
    Clock Pessimism Removal (CPR):    0.291ns
  Clock Uncertainty:      0.035ns  ((TSJ^2 + TIJ^2)^1/2 + DJ) / 2 + PE
    Total System Jitter     (TSJ):    0.071ns
    Total Input Jitter      (TIJ):    0.000ns
    Discrete Jitter          (DJ):    0.000ns
    Phase Error              (PE):    0.000ns

    Location             Delay type                Incr(ns)  Path(ns)    Netlist Resource(s)
  -------------------------------------------------------------------    -------------------
                         (clock eth_rxc rise edge)    0.000     0.000 r  
    K17                                               0.000     0.000 r  eth_rxc (IN)
                         net (fo=0)                   0.000     0.000    eth_rxc
    K17                  IBUF (Prop_ibuf_I_O)         1.492     1.492 r  eth_rxc_IBUF_inst/O
                         net (fo=2, routed)           2.076     3.568    u_gmii_to_rgmii/u_rgmii_rx/rgmii_rxc
    BUFGCTRL_X0Y16       BUFG (Prop_bufg_I_O)         0.101     3.669 r  u_gmii_to_rgmii/u_rgmii_rx/BUFG_inst/O
                         net (fo=1642, routed)        1.640     5.309    u_icmp/u_icmp_tx/rgmii_txc
    SLICE_X28Y75         FDCE                                         r  u_icmp/u_icmp_tx/tx_data_num_reg[1]/C
  -------------------------------------------------------------------    -------------------
    SLICE_X28Y75         FDCE (Prop_fdce_C_Q)         0.518     5.827 r  u_icmp/u_icmp_tx/tx_data_num_reg[1]/Q
                         net (fo=7, routed)           0.457     6.284    u_icmp/u_icmp_tx/tx_data_num[1]
    SLICE_X29Y75         LUT4 (Prop_lut4_I1_O)        0.124     6.408 f  u_icmp/u_icmp_tx/i__carry_i_11__0/O
                         net (fo=1, routed)           0.518     6.927    u_icmp/u_icmp_tx/i__carry_i_11__0_n_0
    SLICE_X28Y75         LUT6 (Prop_lut6_I0_O)        0.124     7.051 f  u_icmp/u_icmp_tx/i__carry_i_10/O
                         net (fo=10, routed)          0.195     7.245    u_icmp/u_icmp_tx/i__carry_i_10_n_0
    SLICE_X28Y75         LUT2 (Prop_lut2_I1_O)        0.124     7.369 r  u_icmp/u_icmp_tx/i__carry_i_1__0/O
                         net (fo=1, routed)           0.487     7.857    u_icmp/u_icmp_tx/real_tx_data_num[0]
    SLICE_X26Y75         CARRY4 (Prop_carry4_CYINIT_CO[3])
                                                      0.580     8.437 r  u_icmp/u_icmp_tx/skip_en2_inferred__0/i__carry/CO[3]
                         net (fo=1, routed)           0.000     8.437    u_icmp/u_icmp_tx/skip_en2_inferred__0/i__carry_n_0
    SLICE_X26Y76         CARRY4 (Prop_carry4_CI_CO[3])
                                                      0.114     8.551 r  u_icmp/u_icmp_tx/skip_en2_inferred__0/i__carry__0/CO[3]
                         net (fo=1, routed)           0.000     8.551    u_icmp/u_icmp_tx/skip_en2_inferred__0/i__carry__0_n_0
    SLICE_X26Y77         CARRY4 (Prop_carry4_CI_O[3])
                                                      0.313     8.864 r  u_icmp/u_icmp_tx/skip_en2_inferred__0/i__carry__1/O[3]
                         net (fo=1, routed)           0.658     9.522    u_icmp/u_icmp_tx/skip_en2_inferred__0/i__carry__1_n_4
    SLICE_X24Y78         LUT2 (Prop_lut2_I1_O)        0.306     9.828 r  u_icmp/u_icmp_tx/i__carry__2_i_5/O
                         net (fo=1, routed)           0.000     9.828    u_icmp/u_icmp_tx/i__carry__2_i_5_n_0
    SLICE_X24Y78         CARRY4 (Prop_carry4_S[0]_CO[3])
                                                      0.513    10.341 r  u_icmp/u_icmp_tx/p_1_out_inferred__1/i__carry__2/CO[3]
                         net (fo=9, routed)           1.050    11.391    u_icmp/u_icmp_tx/p_1_out_inferred__1/i__carry__2_n_0
    SLICE_X20Y78         LUT5 (Prop_lut5_I0_O)        0.116    11.507 r  u_icmp/u_icmp_tx/data_cnt[0]_i_1__0/O
                         net (fo=16, routed)          0.654    12.161    u_icmp/u_icmp_tx/data_cnt0
    SLICE_X21Y75         FDCE                                         r  u_icmp/u_icmp_tx/data_cnt_reg[2]/CE
  -------------------------------------------------------------------    -------------------

                         (clock eth_rxc rise edge)    8.000     8.000 r  
    K17                                               0.000     8.000 r  eth_rxc (IN)
                         net (fo=0)                   0.000     8.000    eth_rxc
    K17                  IBUF (Prop_ibuf_I_O)         1.421     9.421 r  eth_rxc_IBUF_inst/O
                         net (fo=2, routed)           1.880    11.301    u_gmii_to_rgmii/u_rgmii_rx/rgmii_rxc
    BUFGCTRL_X0Y16       BUFG (Prop_bufg_I_O)         0.091    11.392 r  u_gmii_to_rgmii/u_rgmii_rx/BUFG_inst/O
                         net (fo=1642, routed)        1.469    12.861    u_icmp/u_icmp_tx/rgmii_txc
    SLICE_X21Y75         FDCE                                         r  u_icmp/u_icmp_tx/data_cnt_reg[2]/C
                         clock pessimism              0.291    13.151    
                         clock uncertainty           -0.035    13.116    
    SLICE_X21Y75         FDCE (Setup_fdce_C_CE)      -0.409    12.707    u_icmp/u_icmp_tx/data_cnt_reg[2]
  -------------------------------------------------------------------
                         required time                         12.707    
                         arrival time                         -12.161    
  -------------------------------------------------------------------
                         slack                                  0.546    

Slack (MET) :             0.546ns  (required time - arrival time)
  Source:                 u_icmp/u_icmp_tx/tx_data_num_reg[1]/C
                            (rising edge-triggered cell FDCE clocked by eth_rxc  {rise@0.000ns fall@4.000ns period=8.000ns})
  Destination:            u_icmp/u_icmp_tx/data_cnt_reg[3]/CE
                            (rising edge-triggered cell FDCE clocked by eth_rxc  {rise@0.000ns fall@4.000ns period=8.000ns})
  Path Group:             eth_rxc
  Path Type:              Setup (Max at Slow Process Corner)
  Requirement:            8.000ns  (eth_rxc rise@8.000ns - eth_rxc rise@0.000ns)
  Data Path Delay:        6.852ns  (logic 2.832ns (41.328%)  route 4.020ns (58.672%))
  Logic Levels:           9  (CARRY4=4 LUT2=2 LUT4=1 LUT5=1 LUT6=1)
  Clock Path Skew:        -0.157ns (DCD - SCD + CPR)
    Destination Clock Delay (DCD):    4.861ns = ( 12.861 - 8.000 ) 
    Source Clock Delay      (SCD):    5.309ns
    Clock Pessimism Removal (CPR):    0.291ns
  Clock Uncertainty:      0.035ns  ((TSJ^2 + TIJ^2)^1/2 + DJ) / 2 + PE
    Total System Jitter     (TSJ):    0.071ns
    Total Input Jitter      (TIJ):    0.000ns
    Discrete Jitter          (DJ):    0.000ns
    Phase Error              (PE):    0.000ns

    Location             Delay type                Incr(ns)  Path(ns)    Netlist Resource(s)
  -------------------------------------------------------------------    -------------------
                         (clock eth_rxc rise edge)    0.000     0.000 r  
    K17                                               0.000     0.000 r  eth_rxc (IN)
                         net (fo=0)                   0.000     0.000    eth_rxc
    K17                  IBUF (Prop_ibuf_I_O)         1.492     1.492 r  eth_rxc_IBUF_inst/O
                         net (fo=2, routed)           2.076     3.568    u_gmii_to_rgmii/u_rgmii_rx/rgmii_rxc
    BUFGCTRL_X0Y16       BUFG (Prop_bufg_I_O)         0.101     3.669 r  u_gmii_to_rgmii/u_rgmii_rx/BUFG_inst/O
                         net (fo=1642, routed)        1.640     5.309    u_icmp/u_icmp_tx/rgmii_txc
    SLICE_X28Y75         FDCE                                         r  u_icmp/u_icmp_tx/tx_data_num_reg[1]/C
  -------------------------------------------------------------------    -------------------
    SLICE_X28Y75         FDCE (Prop_fdce_C_Q)         0.518     5.827 r  u_icmp/u_icmp_tx/tx_data_num_reg[1]/Q
                         net (fo=7, routed)           0.457     6.284    u_icmp/u_icmp_tx/tx_data_num[1]
    SLICE_X29Y75         LUT4 (Prop_lut4_I1_O)        0.124     6.408 f  u_icmp/u_icmp_tx/i__carry_i_11__0/O
                         net (fo=1, routed)           0.518     6.927    u_icmp/u_icmp_tx/i__carry_i_11__0_n_0
    SLICE_X28Y75         LUT6 (Prop_lut6_I0_O)        0.124     7.051 f  u_icmp/u_icmp_tx/i__carry_i_10/O
                         net (fo=10, routed)          0.195     7.245    u_icmp/u_icmp_tx/i__carry_i_10_n_0
    SLICE_X28Y75         LUT2 (Prop_lut2_I1_O)        0.124     7.369 r  u_icmp/u_icmp_tx/i__carry_i_1__0/O
                         net (fo=1, routed)           0.487     7.857    u_icmp/u_icmp_tx/real_tx_data_num[0]
    SLICE_X26Y75         CARRY4 (Prop_carry4_CYINIT_CO[3])
                                                      0.580     8.437 r  u_icmp/u_icmp_tx/skip_en2_inferred__0/i__carry/CO[3]
                         net (fo=1, routed)           0.000     8.437    u_icmp/u_icmp_tx/skip_en2_inferred__0/i__carry_n_0
    SLICE_X26Y76         CARRY4 (Prop_carry4_CI_CO[3])
                                                      0.114     8.551 r  u_icmp/u_icmp_tx/skip_en2_inferred__0/i__carry__0/CO[3]
                         net (fo=1, routed)           0.000     8.551    u_icmp/u_icmp_tx/skip_en2_inferred__0/i__carry__0_n_0
    SLICE_X26Y77         CARRY4 (Prop_carry4_CI_O[3])
                                                      0.313     8.864 r  u_icmp/u_icmp_tx/skip_en2_inferred__0/i__carry__1/O[3]
                         net (fo=1, routed)           0.658     9.522    u_icmp/u_icmp_tx/skip_en2_inferred__0/i__carry__1_n_4
    SLICE_X24Y78         LUT2 (Prop_lut2_I1_O)        0.306     9.828 r  u_icmp/u_icmp_tx/i__carry__2_i_5/O
                         net (fo=1, routed)           0.000     9.828    u_icmp/u_icmp_tx/i__carry__2_i_5_n_0
    SLICE_X24Y78         CARRY4 (Prop_carry4_S[0]_CO[3])
                                                      0.513    10.341 r  u_icmp/u_icmp_tx/p_1_out_inferred__1/i__carry__2/CO[3]
                         net (fo=9, routed)           1.050    11.391    u_icmp/u_icmp_tx/p_1_out_inferred__1/i__carry__2_n_0
    SLICE_X20Y78         LUT5 (Prop_lut5_I0_O)        0.116    11.507 r  u_icmp/u_icmp_tx/data_cnt[0]_i_1__0/O
                         net (fo=16, routed)          0.654    12.161    u_icmp/u_icmp_tx/data_cnt0
    SLICE_X21Y75         FDCE                                         r  u_icmp/u_icmp_tx/data_cnt_reg[3]/CE
  -------------------------------------------------------------------    -------------------

                         (clock eth_rxc rise edge)    8.000     8.000 r  
    K17                                               0.000     8.000 r  eth_rxc (IN)
                         net (fo=0)                   0.000     8.000    eth_rxc
    K17                  IBUF (Prop_ibuf_I_O)         1.421     9.421 r  eth_rxc_IBUF_inst/O
                         net (fo=2, routed)           1.880    11.301    u_gmii_to_rgmii/u_rgmii_rx/rgmii_rxc
    BUFGCTRL_X0Y16       BUFG (Prop_bufg_I_O)         0.091    11.392 r  u_gmii_to_rgmii/u_rgmii_rx/BUFG_inst/O
                         net (fo=1642, routed)        1.469    12.861    u_icmp/u_icmp_tx/rgmii_txc
    SLICE_X21Y75         FDCE                                         r  u_icmp/u_icmp_tx/data_cnt_reg[3]/C
                         clock pessimism              0.291    13.151    
                         clock uncertainty           -0.035    13.116    
    SLICE_X21Y75         FDCE (Setup_fdce_C_CE)      -0.409    12.707    u_icmp/u_icmp_tx/data_cnt_reg[3]
  -------------------------------------------------------------------
                         required time                         12.707    
                         arrival time                         -12.161    
  -------------------------------------------------------------------
                         slack                                  0.546    

Slack (MET) :             0.548ns  (required time - arrival time)
  Source:                 u_udp/u_udp_tx/cur_state_reg[4]/C
                            (rising edge-triggered cell FDCE clocked by eth_rxc  {rise@0.000ns fall@4.000ns period=8.000ns})
  Destination:            u_udp/u_udp_tx/gmii_txd_reg[3]/D
                            (rising edge-triggered cell FDCE clocked by eth_rxc  {rise@0.000ns fall@4.000ns period=8.000ns})
  Path Group:             eth_rxc
  Path Type:              Setup (Max at Slow Process Corner)
  Requirement:            8.000ns  (eth_rxc rise@8.000ns - eth_rxc rise@0.000ns)
  Data Path Delay:        7.389ns  (logic 1.436ns (19.434%)  route 5.953ns (80.566%))
  Logic Levels:           6  (LUT4=1 LUT5=2 LUT6=3)
  Clock Path Skew:        -0.059ns (DCD - SCD + CPR)
    Destination Clock Delay (DCD):    4.878ns = ( 12.878 - 8.000 ) 
    Source Clock Delay      (SCD):    5.328ns
    Clock Pessimism Removal (CPR):    0.391ns
  Clock Uncertainty:      0.035ns  ((TSJ^2 + TIJ^2)^1/2 + DJ) / 2 + PE
    Total System Jitter     (TSJ):    0.071ns
    Total Input Jitter      (TIJ):    0.000ns
    Discrete Jitter          (DJ):    0.000ns
    Phase Error              (PE):    0.000ns

    Location             Delay type                Incr(ns)  Path(ns)    Netlist Resource(s)
  -------------------------------------------------------------------    -------------------
                         (clock eth_rxc rise edge)    0.000     0.000 r  
    K17                                               0.000     0.000 r  eth_rxc (IN)
                         net (fo=0)                   0.000     0.000    eth_rxc
    K17                  IBUF (Prop_ibuf_I_O)         1.492     1.492 r  eth_rxc_IBUF_inst/O
                         net (fo=2, routed)           2.076     3.568    u_gmii_to_rgmii/u_rgmii_rx/rgmii_rxc
    BUFGCTRL_X0Y16       BUFG (Prop_bufg_I_O)         0.101     3.669 r  u_gmii_to_rgmii/u_rgmii_rx/BUFG_inst/O
                         net (fo=1642, routed)        1.659     5.328    u_udp/u_udp_tx/clk
    SLICE_X26Y94         FDCE                                         r  u_udp/u_udp_tx/cur_state_reg[4]/C
  -------------------------------------------------------------------    -------------------
    SLICE_X26Y94         FDCE (Prop_fdce_C_Q)         0.456     5.784 f  u_udp/u_udp_tx/cur_state_reg[4]/Q
                         net (fo=15, routed)          1.009     6.793    u_udp/u_udp_tx/cur_state[4]
    SLICE_X27Y95         LUT4 (Prop_lut4_I1_O)        0.152     6.945 f  u_udp/u_udp_tx/cur_state[6]_i_4/O
                         net (fo=1, routed)           0.266     7.211    u_udp/u_udp_tx/cur_state[6]_i_4_n_0
    SLICE_X27Y95         LUT5 (Prop_lut5_I4_O)        0.332     7.543 r  u_udp/u_udp_tx/cur_state[6]_i_2/O
                         net (fo=27, routed)          0.794     8.336    u_udp/u_udp_tx/cur_state[6]_i_2_n_0
    SLICE_X31Y94         LUT6 (Prop_lut6_I2_O)        0.124     8.460 r  u_udp/u_udp_tx/gmii_txd[5]_i_9/O
                         net (fo=6, routed)           0.876     9.337    u_udp/u_udp_tx/gmii_txd[5]_i_9_n_0
    SLICE_X34Y91         LUT5 (Prop_lut5_I0_O)        0.124     9.461 r  u_udp/u_udp_tx/gmii_txd[3]_i_8/O
                         net (fo=1, routed)           1.470    10.931    u_udp/u_udp_tx/gmii_txd[3]_i_8_n_0
    SLICE_X33Y89         LUT6 (Prop_lut6_I5_O)        0.124    11.055 f  u_udp/u_udp_tx/gmii_txd[3]_i_2/O
                         net (fo=1, routed)           1.538    12.593    u_udp/u_udp_tx/gmii_txd[3]_i_2_n_0
    SLICE_X33Y92         LUT6 (Prop_lut6_I0_O)        0.124    12.717 r  u_udp/u_udp_tx/gmii_txd[3]_i_1/O
                         net (fo=1, routed)           0.000    12.717    u_udp/u_udp_tx/gmii_txd[3]_i_1_n_0
    SLICE_X33Y92         FDCE                                         r  u_udp/u_udp_tx/gmii_txd_reg[3]/D
  -------------------------------------------------------------------    -------------------

                         (clock eth_rxc rise edge)    8.000     8.000 r  
    K17                                               0.000     8.000 r  eth_rxc (IN)
                         net (fo=0)                   0.000     8.000    eth_rxc
    K17                  IBUF (Prop_ibuf_I_O)         1.421     9.421 r  eth_rxc_IBUF_inst/O
                         net (fo=2, routed)           1.880    11.301    u_gmii_to_rgmii/u_rgmii_rx/rgmii_rxc
    BUFGCTRL_X0Y16       BUFG (Prop_bufg_I_O)         0.091    11.392 r  u_gmii_to_rgmii/u_rgmii_rx/BUFG_inst/O
                         net (fo=1642, routed)        1.486    12.878    u_udp/u_udp_tx/clk
    SLICE_X33Y92         FDCE                                         r  u_udp/u_udp_tx/gmii_txd_reg[3]/C
                         clock pessimism              0.391    13.269    
                         clock uncertainty           -0.035    13.233    
    SLICE_X33Y92         FDCE (Setup_fdce_C_D)        0.031    13.264    u_udp/u_udp_tx/gmii_txd_reg[3]
  -------------------------------------------------------------------
                         required time                         13.264    
                         arrival time                         -12.717    
  -------------------------------------------------------------------
                         slack                                  0.548    

Slack (MET) :             0.639ns  (required time - arrival time)
  Source:                 u_icmp/u_icmp_tx/tx_data_num_reg[1]/C
                            (rising edge-triggered cell FDCE clocked by eth_rxc  {rise@0.000ns fall@4.000ns period=8.000ns})
  Destination:            u_icmp/u_icmp_tx/data_cnt_reg[4]/CE
                            (rising edge-triggered cell FDCE clocked by eth_rxc  {rise@0.000ns fall@4.000ns period=8.000ns})
  Path Group:             eth_rxc
  Path Type:              Setup (Max at Slow Process Corner)
  Requirement:            8.000ns  (eth_rxc rise@8.000ns - eth_rxc rise@0.000ns)
  Data Path Delay:        6.762ns  (logic 2.832ns (41.882%)  route 3.930ns (58.118%))
  Logic Levels:           9  (CARRY4=4 LUT2=2 LUT4=1 LUT5=1 LUT6=1)
  Clock Path Skew:        -0.155ns (DCD - SCD + CPR)
    Destination Clock Delay (DCD):    4.863ns = ( 12.863 - 8.000 ) 
    Source Clock Delay      (SCD):    5.309ns
    Clock Pessimism Removal (CPR):    0.291ns
  Clock Uncertainty:      0.035ns  ((TSJ^2 + TIJ^2)^1/2 + DJ) / 2 + PE
    Total System Jitter     (TSJ):    0.071ns
    Total Input Jitter      (TIJ):    0.000ns
    Discrete Jitter          (DJ):    0.000ns
    Phase Error              (PE):    0.000ns

    Location             Delay type                Incr(ns)  Path(ns)    Netlist Resource(s)
  -------------------------------------------------------------------    -------------------
                         (clock eth_rxc rise edge)    0.000     0.000 r  
    K17                                               0.000     0.000 r  eth_rxc (IN)
                         net (fo=0)                   0.000     0.000    eth_rxc
    K17                  IBUF (Prop_ibuf_I_O)         1.492     1.492 r  eth_rxc_IBUF_inst/O
                         net (fo=2, routed)           2.076     3.568    u_gmii_to_rgmii/u_rgmii_rx/rgmii_rxc
    BUFGCTRL_X0Y16       BUFG (Prop_bufg_I_O)         0.101     3.669 r  u_gmii_to_rgmii/u_rgmii_rx/BUFG_inst/O
                         net (fo=1642, routed)        1.640     5.309    u_icmp/u_icmp_tx/rgmii_txc
    SLICE_X28Y75         FDCE                                         r  u_icmp/u_icmp_tx/tx_data_num_reg[1]/C
  -------------------------------------------------------------------    -------------------
    SLICE_X28Y75         FDCE (Prop_fdce_C_Q)         0.518     5.827 r  u_icmp/u_icmp_tx/tx_data_num_reg[1]/Q
                         net (fo=7, routed)           0.457     6.284    u_icmp/u_icmp_tx/tx_data_num[1]
    SLICE_X29Y75         LUT4 (Prop_lut4_I1_O)        0.124     6.408 f  u_icmp/u_icmp_tx/i__carry_i_11__0/O
                         net (fo=1, routed)           0.518     6.927    u_icmp/u_icmp_tx/i__carry_i_11__0_n_0
    SLICE_X28Y75         LUT6 (Prop_lut6_I0_O)        0.124     7.051 f  u_icmp/u_icmp_tx/i__carry_i_10/O
                         net (fo=10, routed)          0.195     7.245    u_icmp/u_icmp_tx/i__carry_i_10_n_0
    SLICE_X28Y75         LUT2 (Prop_lut2_I1_O)        0.124     7.369 r  u_icmp/u_icmp_tx/i__carry_i_1__0/O
                         net (fo=1, routed)           0.487     7.857    u_icmp/u_icmp_tx/real_tx_data_num[0]
    SLICE_X26Y75         CARRY4 (Prop_carry4_CYINIT_CO[3])
                                                      0.580     8.437 r  u_icmp/u_icmp_tx/skip_en2_inferred__0/i__carry/CO[3]
                         net (fo=1, routed)           0.000     8.437    u_icmp/u_icmp_tx/skip_en2_inferred__0/i__carry_n_0
    SLICE_X26Y76         CARRY4 (Prop_carry4_CI_CO[3])
                                                      0.114     8.551 r  u_icmp/u_icmp_tx/skip_en2_inferred__0/i__carry__0/CO[3]
                         net (fo=1, routed)           0.000     8.551    u_icmp/u_icmp_tx/skip_en2_inferred__0/i__carry__0_n_0
    SLICE_X26Y77         CARRY4 (Prop_carry4_CI_O[3])
                                                      0.313     8.864 r  u_icmp/u_icmp_tx/skip_en2_inferred__0/i__carry__1/O[3]
                         net (fo=1, routed)           0.658     9.522    u_icmp/u_icmp_tx/skip_en2_inferred__0/i__carry__1_n_4
    SLICE_X24Y78         LUT2 (Prop_lut2_I1_O)        0.306     9.828 r  u_icmp/u_icmp_tx/i__carry__2_i_5/O
                         net (fo=1, routed)           0.000     9.828    u_icmp/u_icmp_tx/i__carry__2_i_5_n_0
    SLICE_X24Y78         CARRY4 (Prop_carry4_S[0]_CO[3])
                                                      0.513    10.341 r  u_icmp/u_icmp_tx/p_1_out_inferred__1/i__carry__2/CO[3]
                         net (fo=9, routed)           1.050    11.391    u_icmp/u_icmp_tx/p_1_out_inferred__1/i__carry__2_n_0
    SLICE_X20Y78         LUT5 (Prop_lut5_I0_O)        0.116    11.507 r  u_icmp/u_icmp_tx/data_cnt[0]_i_1__0/O
                         net (fo=16, routed)          0.564    12.071    u_icmp/u_icmp_tx/data_cnt0
    SLICE_X21Y76         FDCE                                         r  u_icmp/u_icmp_tx/data_cnt_reg[4]/CE
  -------------------------------------------------------------------    -------------------

                         (clock eth_rxc rise edge)    8.000     8.000 r  
    K17                                               0.000     8.000 r  eth_rxc (IN)
                         net (fo=0)                   0.000     8.000    eth_rxc
    K17                  IBUF (Prop_ibuf_I_O)         1.421     9.421 r  eth_rxc_IBUF_inst/O
                         net (fo=2, routed)           1.880    11.301    u_gmii_to_rgmii/u_rgmii_rx/rgmii_rxc
    BUFGCTRL_X0Y16       BUFG (Prop_bufg_I_O)         0.091    11.392 r  u_gmii_to_rgmii/u_rgmii_rx/BUFG_inst/O
                         net (fo=1642, routed)        1.471    12.863    u_icmp/u_icmp_tx/rgmii_txc
    SLICE_X21Y76         FDCE                                         r  u_icmp/u_icmp_tx/data_cnt_reg[4]/C
                         clock pessimism              0.291    13.153    
                         clock uncertainty           -0.035    13.118    
    SLICE_X21Y76         FDCE (Setup_fdce_C_CE)      -0.409    12.709    u_icmp/u_icmp_tx/data_cnt_reg[4]
  -------------------------------------------------------------------
                         required time                         12.709    
                         arrival time                         -12.071    
  -------------------------------------------------------------------
                         slack                                  0.639    

Slack (MET) :             0.639ns  (required time - arrival time)
  Source:                 u_icmp/u_icmp_tx/tx_data_num_reg[1]/C
                            (rising edge-triggered cell FDCE clocked by eth_rxc  {rise@0.000ns fall@4.000ns period=8.000ns})
  Destination:            u_icmp/u_icmp_tx/data_cnt_reg[5]/CE
                            (rising edge-triggered cell FDCE clocked by eth_rxc  {rise@0.000ns fall@4.000ns period=8.000ns})
  Path Group:             eth_rxc
  Path Type:              Setup (Max at Slow Process Corner)
  Requirement:            8.000ns  (eth_rxc rise@8.000ns - eth_rxc rise@0.000ns)
  Data Path Delay:        6.762ns  (logic 2.832ns (41.882%)  route 3.930ns (58.118%))
  Logic Levels:           9  (CARRY4=4 LUT2=2 LUT4=1 LUT5=1 LUT6=1)
  Clock Path Skew:        -0.155ns (DCD - SCD + CPR)
    Destination Clock Delay (DCD):    4.863ns = ( 12.863 - 8.000 ) 
    Source Clock Delay      (SCD):    5.309ns
    Clock Pessimism Removal (CPR):    0.291ns
  Clock Uncertainty:      0.035ns  ((TSJ^2 + TIJ^2)^1/2 + DJ) / 2 + PE
    Total System Jitter     (TSJ):    0.071ns
    Total Input Jitter      (TIJ):    0.000ns
    Discrete Jitter          (DJ):    0.000ns
    Phase Error              (PE):    0.000ns

    Location             Delay type                Incr(ns)  Path(ns)    Netlist Resource(s)
  -------------------------------------------------------------------    -------------------
                         (clock eth_rxc rise edge)    0.000     0.000 r  
    K17                                               0.000     0.000 r  eth_rxc (IN)
                         net (fo=0)                   0.000     0.000    eth_rxc
    K17                  IBUF (Prop_ibuf_I_O)         1.492     1.492 r  eth_rxc_IBUF_inst/O
                         net (fo=2, routed)           2.076     3.568    u_gmii_to_rgmii/u_rgmii_rx/rgmii_rxc
    BUFGCTRL_X0Y16       BUFG (Prop_bufg_I_O)         0.101     3.669 r  u_gmii_to_rgmii/u_rgmii_rx/BUFG_inst/O
                         net (fo=1642, routed)        1.640     5.309    u_icmp/u_icmp_tx/rgmii_txc
    SLICE_X28Y75         FDCE                                         r  u_icmp/u_icmp_tx/tx_data_num_reg[1]/C
  -------------------------------------------------------------------    -------------------
    SLICE_X28Y75         FDCE (Prop_fdce_C_Q)         0.518     5.827 r  u_icmp/u_icmp_tx/tx_data_num_reg[1]/Q
                         net (fo=7, routed)           0.457     6.284    u_icmp/u_icmp_tx/tx_data_num[1]
    SLICE_X29Y75         LUT4 (Prop_lut4_I1_O)        0.124     6.408 f  u_icmp/u_icmp_tx/i__carry_i_11__0/O
                         net (fo=1, routed)           0.518     6.927    u_icmp/u_icmp_tx/i__carry_i_11__0_n_0
    SLICE_X28Y75         LUT6 (Prop_lut6_I0_O)        0.124     7.051 f  u_icmp/u_icmp_tx/i__carry_i_10/O
                         net (fo=10, routed)          0.195     7.245    u_icmp/u_icmp_tx/i__carry_i_10_n_0
    SLICE_X28Y75         LUT2 (Prop_lut2_I1_O)        0.124     7.369 r  u_icmp/u_icmp_tx/i__carry_i_1__0/O
                         net (fo=1, routed)           0.487     7.857    u_icmp/u_icmp_tx/real_tx_data_num[0]
    SLICE_X26Y75         CARRY4 (Prop_carry4_CYINIT_CO[3])
                                                      0.580     8.437 r  u_icmp/u_icmp_tx/skip_en2_inferred__0/i__carry/CO[3]
                         net (fo=1, routed)           0.000     8.437    u_icmp/u_icmp_tx/skip_en2_inferred__0/i__carry_n_0
    SLICE_X26Y76         CARRY4 (Prop_carry4_CI_CO[3])
                                                      0.114     8.551 r  u_icmp/u_icmp_tx/skip_en2_inferred__0/i__carry__0/CO[3]
                         net (fo=1, routed)           0.000     8.551    u_icmp/u_icmp_tx/skip_en2_inferred__0/i__carry__0_n_0
    SLICE_X26Y77         CARRY4 (Prop_carry4_CI_O[3])
                                                      0.313     8.864 r  u_icmp/u_icmp_tx/skip_en2_inferred__0/i__carry__1/O[3]
                         net (fo=1, routed)           0.658     9.522    u_icmp/u_icmp_tx/skip_en2_inferred__0/i__carry__1_n_4
    SLICE_X24Y78         LUT2 (Prop_lut2_I1_O)        0.306     9.828 r  u_icmp/u_icmp_tx/i__carry__2_i_5/O
                         net (fo=1, routed)           0.000     9.828    u_icmp/u_icmp_tx/i__carry__2_i_5_n_0
    SLICE_X24Y78         CARRY4 (Prop_carry4_S[0]_CO[3])
                                                      0.513    10.341 r  u_icmp/u_icmp_tx/p_1_out_inferred__1/i__carry__2/CO[3]
                         net (fo=9, routed)           1.050    11.391    u_icmp/u_icmp_tx/p_1_out_inferred__1/i__carry__2_n_0
    SLICE_X20Y78         LUT5 (Prop_lut5_I0_O)        0.116    11.507 r  u_icmp/u_icmp_tx/data_cnt[0]_i_1__0/O
                         net (fo=16, routed)          0.564    12.071    u_icmp/u_icmp_tx/data_cnt0
    SLICE_X21Y76         FDCE                                         r  u_icmp/u_icmp_tx/data_cnt_reg[5]/CE
  -------------------------------------------------------------------    -------------------

                         (clock eth_rxc rise edge)    8.000     8.000 r  
    K17                                               0.000     8.000 r  eth_rxc (IN)
                         net (fo=0)                   0.000     8.000    eth_rxc
    K17                  IBUF (Prop_ibuf_I_O)         1.421     9.421 r  eth_rxc_IBUF_inst/O
                         net (fo=2, routed)           1.880    11.301    u_gmii_to_rgmii/u_rgmii_rx/rgmii_rxc
    BUFGCTRL_X0Y16       BUFG (Prop_bufg_I_O)         0.091    11.392 r  u_gmii_to_rgmii/u_rgmii_rx/BUFG_inst/O
                         net (fo=1642, routed)        1.471    12.863    u_icmp/u_icmp_tx/rgmii_txc
    SLICE_X21Y76         FDCE                                         r  u_icmp/u_icmp_tx/data_cnt_reg[5]/C
                         clock pessimism              0.291    13.153    
                         clock uncertainty           -0.035    13.118    
    SLICE_X21Y76         FDCE (Setup_fdce_C_CE)      -0.409    12.709    u_icmp/u_icmp_tx/data_cnt_reg[5]
  -------------------------------------------------------------------
                         required time                         12.709    
                         arrival time                         -12.071    
  -------------------------------------------------------------------
                         slack                                  0.639    

Slack (MET) :             0.639ns  (required time - arrival time)
  Source:                 u_icmp/u_icmp_tx/tx_data_num_reg[1]/C
                            (rising edge-triggered cell FDCE clocked by eth_rxc  {rise@0.000ns fall@4.000ns period=8.000ns})
  Destination:            u_icmp/u_icmp_tx/data_cnt_reg[6]/CE
                            (rising edge-triggered cell FDCE clocked by eth_rxc  {rise@0.000ns fall@4.000ns period=8.000ns})
  Path Group:             eth_rxc
  Path Type:              Setup (Max at Slow Process Corner)
  Requirement:            8.000ns  (eth_rxc rise@8.000ns - eth_rxc rise@0.000ns)
  Data Path Delay:        6.762ns  (logic 2.832ns (41.882%)  route 3.930ns (58.118%))
  Logic Levels:           9  (CARRY4=4 LUT2=2 LUT4=1 LUT5=1 LUT6=1)
  Clock Path Skew:        -0.155ns (DCD - SCD + CPR)
    Destination Clock Delay (DCD):    4.863ns = ( 12.863 - 8.000 ) 
    Source Clock Delay      (SCD):    5.309ns
    Clock Pessimism Removal (CPR):    0.291ns
  Clock Uncertainty:      0.035ns  ((TSJ^2 + TIJ^2)^1/2 + DJ) / 2 + PE
    Total System Jitter     (TSJ):    0.071ns
    Total Input Jitter      (TIJ):    0.000ns
    Discrete Jitter          (DJ):    0.000ns
    Phase Error              (PE):    0.000ns

    Location             Delay type                Incr(ns)  Path(ns)    Netlist Resource(s)
  -------------------------------------------------------------------    -------------------
                         (clock eth_rxc rise edge)    0.000     0.000 r  
    K17                                               0.000     0.000 r  eth_rxc (IN)
                         net (fo=0)                   0.000     0.000    eth_rxc
    K17                  IBUF (Prop_ibuf_I_O)         1.492     1.492 r  eth_rxc_IBUF_inst/O
                         net (fo=2, routed)           2.076     3.568    u_gmii_to_rgmii/u_rgmii_rx/rgmii_rxc
    BUFGCTRL_X0Y16       BUFG (Prop_bufg_I_O)         0.101     3.669 r  u_gmii_to_rgmii/u_rgmii_rx/BUFG_inst/O
                         net (fo=1642, routed)        1.640     5.309    u_icmp/u_icmp_tx/rgmii_txc
    SLICE_X28Y75         FDCE                                         r  u_icmp/u_icmp_tx/tx_data_num_reg[1]/C
  -------------------------------------------------------------------    -------------------
    SLICE_X28Y75         FDCE (Prop_fdce_C_Q)         0.518     5.827 r  u_icmp/u_icmp_tx/tx_data_num_reg[1]/Q
                         net (fo=7, routed)           0.457     6.284    u_icmp/u_icmp_tx/tx_data_num[1]
    SLICE_X29Y75         LUT4 (Prop_lut4_I1_O)        0.124     6.408 f  u_icmp/u_icmp_tx/i__carry_i_11__0/O
                         net (fo=1, routed)           0.518     6.927    u_icmp/u_icmp_tx/i__carry_i_11__0_n_0
    SLICE_X28Y75         LUT6 (Prop_lut6_I0_O)        0.124     7.051 f  u_icmp/u_icmp_tx/i__carry_i_10/O
                         net (fo=10, routed)          0.195     7.245    u_icmp/u_icmp_tx/i__carry_i_10_n_0
    SLICE_X28Y75         LUT2 (Prop_lut2_I1_O)        0.124     7.369 r  u_icmp/u_icmp_tx/i__carry_i_1__0/O
                         net (fo=1, routed)           0.487     7.857    u_icmp/u_icmp_tx/real_tx_data_num[0]
    SLICE_X26Y75         CARRY4 (Prop_carry4_CYINIT_CO[3])
                                                      0.580     8.437 r  u_icmp/u_icmp_tx/skip_en2_inferred__0/i__carry/CO[3]
                         net (fo=1, routed)           0.000     8.437    u_icmp/u_icmp_tx/skip_en2_inferred__0/i__carry_n_0
    SLICE_X26Y76         CARRY4 (Prop_carry4_CI_CO[3])
                                                      0.114     8.551 r  u_icmp/u_icmp_tx/skip_en2_inferred__0/i__carry__0/CO[3]
                         net (fo=1, routed)           0.000     8.551    u_icmp/u_icmp_tx/skip_en2_inferred__0/i__carry__0_n_0
    SLICE_X26Y77         CARRY4 (Prop_carry4_CI_O[3])
                                                      0.313     8.864 r  u_icmp/u_icmp_tx/skip_en2_inferred__0/i__carry__1/O[3]
                         net (fo=1, routed)           0.658     9.522    u_icmp/u_icmp_tx/skip_en2_inferred__0/i__carry__1_n_4
    SLICE_X24Y78         LUT2 (Prop_lut2_I1_O)        0.306     9.828 r  u_icmp/u_icmp_tx/i__carry__2_i_5/O
                         net (fo=1, routed)           0.000     9.828    u_icmp/u_icmp_tx/i__carry__2_i_5_n_0
    SLICE_X24Y78         CARRY4 (Prop_carry4_S[0]_CO[3])
                                                      0.513    10.341 r  u_icmp/u_icmp_tx/p_1_out_inferred__1/i__carry__2/CO[3]
                         net (fo=9, routed)           1.050    11.391    u_icmp/u_icmp_tx/p_1_out_inferred__1/i__carry__2_n_0
    SLICE_X20Y78         LUT5 (Prop_lut5_I0_O)        0.116    11.507 r  u_icmp/u_icmp_tx/data_cnt[0]_i_1__0/O
                         net (fo=16, routed)          0.564    12.071    u_icmp/u_icmp_tx/data_cnt0
    SLICE_X21Y76         FDCE                                         r  u_icmp/u_icmp_tx/data_cnt_reg[6]/CE
  -------------------------------------------------------------------    -------------------

                         (clock eth_rxc rise edge)    8.000     8.000 r  
    K17                                               0.000     8.000 r  eth_rxc (IN)
                         net (fo=0)                   0.000     8.000    eth_rxc
    K17                  IBUF (Prop_ibuf_I_O)         1.421     9.421 r  eth_rxc_IBUF_inst/O
                         net (fo=2, routed)           1.880    11.301    u_gmii_to_rgmii/u_rgmii_rx/rgmii_rxc
    BUFGCTRL_X0Y16       BUFG (Prop_bufg_I_O)         0.091    11.392 r  u_gmii_to_rgmii/u_rgmii_rx/BUFG_inst/O
                         net (fo=1642, routed)        1.471    12.863    u_icmp/u_icmp_tx/rgmii_txc
    SLICE_X21Y76         FDCE                                         r  u_icmp/u_icmp_tx/data_cnt_reg[6]/C
                         clock pessimism              0.291    13.153    
                         clock uncertainty           -0.035    13.118    
    SLICE_X21Y76         FDCE (Setup_fdce_C_CE)      -0.409    12.709    u_icmp/u_icmp_tx/data_cnt_reg[6]
  -------------------------------------------------------------------
                         required time                         12.709    
                         arrival time                         -12.071    
  -------------------------------------------------------------------
                         slack                                  0.639    





Min Delay Paths
--------------------------------------------------------------------------------------
Slack (MET) :             0.074ns  (arrival time - required time)
  Source:                 u_icmp/u_icmp_tx/gmii_txd_reg[3]/C
                            (rising edge-triggered cell FDCE clocked by eth_rxc  {rise@0.000ns fall@4.000ns period=8.000ns})
  Destination:            u_icmp/u_crc32_d8/crc_data_reg[20]/D
                            (rising edge-triggered cell FDPE clocked by eth_rxc  {rise@0.000ns fall@4.000ns period=8.000ns})
  Path Group:             eth_rxc
  Path Type:              Hold (Min at Fast Process Corner)
  Requirement:            0.000ns  (eth_rxc rise@0.000ns - eth_rxc rise@0.000ns)
  Data Path Delay:        0.431ns  (logic 0.186ns (43.124%)  route 0.245ns (56.876%))
  Logic Levels:           1  (LUT4=1)
  Clock Path Skew:        0.266ns (DCD - SCD - CPR)
    Destination Clock Delay (DCD):    1.982ns
    Source Clock Delay      (SCD):    1.464ns
    Clock Pessimism Removal (CPR):    0.252ns

    Location             Delay type                Incr(ns)  Path(ns)    Netlist Resource(s)
  -------------------------------------------------------------------    -------------------
                         (clock eth_rxc rise edge)    0.000     0.000 r  
    K17                                               0.000     0.000 r  eth_rxc (IN)
                         net (fo=0)                   0.000     0.000    eth_rxc
    K17                  IBUF (Prop_ibuf_I_O)         0.259     0.259 r  eth_rxc_IBUF_inst/O
                         net (fo=2, routed)           0.627     0.887    u_gmii_to_rgmii/u_rgmii_rx/rgmii_rxc
    BUFGCTRL_X0Y16       BUFG (Prop_bufg_I_O)         0.026     0.913 r  u_gmii_to_rgmii/u_rgmii_rx/BUFG_inst/O
                         net (fo=1642, routed)        0.552     1.464    u_icmp/u_icmp_tx/rgmii_txc
    SLICE_X23Y86         FDCE                                         r  u_icmp/u_icmp_tx/gmii_txd_reg[3]/C
  -------------------------------------------------------------------    -------------------
    SLICE_X23Y86         FDCE (Prop_fdce_C_Q)         0.141     1.605 r  u_icmp/u_icmp_tx/gmii_txd_reg[3]/Q
                         net (fo=12, routed)          0.245     1.851    u_icmp/u_icmp_tx/gmii_txd_reg[7]_0[3]
    SLICE_X21Y87         LUT4 (Prop_lut4_I1_O)        0.045     1.896 r  u_icmp/u_icmp_tx/crc_data[20]_i_1__0/O
                         net (fo=1, routed)           0.000     1.896    u_icmp/u_crc32_d8/D[19]
    SLICE_X21Y87         FDPE                                         r  u_icmp/u_crc32_d8/crc_data_reg[20]/D
  -------------------------------------------------------------------    -------------------

                         (clock eth_rxc rise edge)    0.000     0.000 r  
    K17                                               0.000     0.000 r  eth_rxc (IN)
                         net (fo=0)                   0.000     0.000    eth_rxc
    K17                  IBUF (Prop_ibuf_I_O)         0.447     0.447 r  eth_rxc_IBUF_inst/O
                         net (fo=2, routed)           0.683     1.130    u_gmii_to_rgmii/u_rgmii_rx/rgmii_rxc
    BUFGCTRL_X0Y16       BUFG (Prop_bufg_I_O)         0.029     1.159 r  u_gmii_to_rgmii/u_rgmii_rx/BUFG_inst/O
                         net (fo=1642, routed)        0.823     1.982    u_icmp/u_crc32_d8/rgmii_txc
    SLICE_X21Y87         FDPE                                         r  u_icmp/u_crc32_d8/crc_data_reg[20]/C
                         clock pessimism             -0.252     1.731    
    SLICE_X21Y87         FDPE (Hold_fdpe_C_D)         0.091     1.822    u_icmp/u_crc32_d8/crc_data_reg[20]
  -------------------------------------------------------------------
                         required time                         -1.822    
                         arrival time                           1.896    
  -------------------------------------------------------------------
                         slack                                  0.074    

Slack (MET) :             0.090ns  (arrival time - required time)
  Source:                 u_eth_ctrl/rec_data_reg[4]/C
                            (rising edge-triggered cell FDCE clocked by eth_rxc  {rise@0.000ns fall@4.000ns period=8.000ns})
  Destination:            u_async_fifo_2048x8b/U0/inst_fifo_gen/gconvfifo.rf/grf.rf/gntv_or_sync_fifo.mem/gbm.gbmg.gbmga.ngecc.bmg/inst_blk_mem_gen/gnbram.gnativebmg.native_blk_mem_gen/valid.cstr/ramloop[0].ram.r/prim_noinit.ram/DEVICE_7SERIES.NO_BMM_INFO.SDP.SIMPLE_PRIM18.ram/DIADI[4]
                            (rising edge-triggered cell RAMB18E1 clocked by eth_rxc  {rise@0.000ns fall@4.000ns period=8.000ns})
  Path Group:             eth_rxc
  Path Type:              Hold (Min at Fast Process Corner)
  Requirement:            0.000ns  (eth_rxc rise@0.000ns - eth_rxc rise@0.000ns)
  Data Path Delay:        0.406ns  (logic 0.148ns (36.437%)  route 0.258ns (63.563%))
  Logic Levels:           0  
  Clock Path Skew:        0.073ns (DCD - SCD - CPR)
    Destination Clock Delay (DCD):    2.015ns
    Source Clock Delay      (SCD):    1.460ns
    Clock Pessimism Removal (CPR):    0.481ns

    Location             Delay type                Incr(ns)  Path(ns)    Netlist Resource(s)
  -------------------------------------------------------------------    -------------------
                         (clock eth_rxc rise edge)    0.000     0.000 r  
    K17                                               0.000     0.000 r  eth_rxc (IN)
                         net (fo=0)                   0.000     0.000    eth_rxc
    K17                  IBUF (Prop_ibuf_I_O)         0.259     0.259 r  eth_rxc_IBUF_inst/O
                         net (fo=2, routed)           0.627     0.887    u_gmii_to_rgmii/u_rgmii_rx/rgmii_rxc
    BUFGCTRL_X0Y16       BUFG (Prop_bufg_I_O)         0.026     0.913 r  u_gmii_to_rgmii/u_rgmii_rx/BUFG_inst/O
                         net (fo=1642, routed)        0.548     1.460    u_eth_ctrl/gmii_rx_clk
    SLICE_X24Y69         FDCE                                         r  u_eth_ctrl/rec_data_reg[4]/C
  -------------------------------------------------------------------    -------------------
    SLICE_X24Y69         FDCE (Prop_fdce_C_Q)         0.148     1.608 r  u_eth_ctrl/rec_data_reg[4]/Q
                         net (fo=1, routed)           0.258     1.866    u_async_fifo_2048x8b/U0/inst_fifo_gen/gconvfifo.rf/grf.rf/gntv_or_sync_fifo.mem/gbm.gbmg.gbmga.ngecc.bmg/inst_blk_mem_gen/gnbram.gnativebmg.native_blk_mem_gen/valid.cstr/ramloop[0].ram.r/prim_noinit.ram/din[4]
    RAMB18_X1Y28         RAMB18E1                                     r  u_async_fifo_2048x8b/U0/inst_fifo_gen/gconvfifo.rf/grf.rf/gntv_or_sync_fifo.mem/gbm.gbmg.gbmga.ngecc.bmg/inst_blk_mem_gen/gnbram.gnativebmg.native_blk_mem_gen/valid.cstr/ramloop[0].ram.r/prim_noinit.ram/DEVICE_7SERIES.NO_BMM_INFO.SDP.SIMPLE_PRIM18.ram/DIADI[4]
  -------------------------------------------------------------------    -------------------

                         (clock eth_rxc rise edge)    0.000     0.000 r  
    K17                                               0.000     0.000 r  eth_rxc (IN)
                         net (fo=0)                   0.000     0.000    eth_rxc
    K17                  IBUF (Prop_ibuf_I_O)         0.447     0.447 r  eth_rxc_IBUF_inst/O
                         net (fo=2, routed)           0.683     1.130    u_gmii_to_rgmii/u_rgmii_rx/rgmii_rxc
    BUFGCTRL_X0Y16       BUFG (Prop_bufg_I_O)         0.029     1.159 r  u_gmii_to_rgmii/u_rgmii_rx/BUFG_inst/O
                         net (fo=1642, routed)        0.855     2.015    u_async_fifo_2048x8b/U0/inst_fifo_gen/gconvfifo.rf/grf.rf/gntv_or_sync_fifo.mem/gbm.gbmg.gbmga.ngecc.bmg/inst_blk_mem_gen/gnbram.gnativebmg.native_blk_mem_gen/valid.cstr/ramloop[0].ram.r/prim_noinit.ram/wr_clk
    RAMB18_X1Y28         RAMB18E1                                     r  u_async_fifo_2048x8b/U0/inst_fifo_gen/gconvfifo.rf/grf.rf/gntv_or_sync_fifo.mem/gbm.gbmg.gbmga.ngecc.bmg/inst_blk_mem_gen/gnbram.gnativebmg.native_blk_mem_gen/valid.cstr/ramloop[0].ram.r/prim_noinit.ram/DEVICE_7SERIES.NO_BMM_INFO.SDP.SIMPLE_PRIM18.ram/CLKARDCLK
                         clock pessimism             -0.481     1.534    
    RAMB18_X1Y28         RAMB18E1 (Hold_ramb18e1_CLKARDCLK_DIADI[4])
                                                      0.243     1.777    u_async_fifo_2048x8b/U0/inst_fifo_gen/gconvfifo.rf/grf.rf/gntv_or_sync_fifo.mem/gbm.gbmg.gbmga.ngecc.bmg/inst_blk_mem_gen/gnbram.gnativebmg.native_blk_mem_gen/valid.cstr/ramloop[0].ram.r/prim_noinit.ram/DEVICE_7SERIES.NO_BMM_INFO.SDP.SIMPLE_PRIM18.ram
  -------------------------------------------------------------------
                         required time                         -1.777    
                         arrival time                           1.866    
  -------------------------------------------------------------------
                         slack                                  0.090    

Slack (MET) :             0.121ns  (arrival time - required time)
  Source:                 u_async_fifo_2048x8b/U0/inst_fifo_gen/gconvfifo.rf/grf.rf/gntv_or_sync_fifo.gcx.clkx/rd_pntr_cdc_inst/dest_graysync_ff_reg[0][5]/C
                            (rising edge-triggered cell FDRE clocked by eth_rxc  {rise@0.000ns fall@4.000ns period=8.000ns})
  Destination:            u_async_fifo_2048x8b/U0/inst_fifo_gen/gconvfifo.rf/grf.rf/gntv_or_sync_fifo.gcx.clkx/rd_pntr_cdc_inst/dest_graysync_ff_reg[1][5]/D
                            (rising edge-triggered cell FDRE clocked by eth_rxc  {rise@0.000ns fall@4.000ns period=8.000ns})
  Path Group:             eth_rxc
  Path Type:              Hold (Min at Fast Process Corner)
  Requirement:            0.000ns  (eth_rxc rise@0.000ns - eth_rxc rise@0.000ns)
  Data Path Delay:        0.197ns  (logic 0.141ns (71.611%)  route 0.056ns (28.389%))
  Logic Levels:           0  
  Clock Path Skew:        0.000ns (DCD - SCD - CPR)
    Destination Clock Delay (DCD):    1.982ns
    Source Clock Delay      (SCD):    1.467ns
    Clock Pessimism Removal (CPR):    0.515ns

    Location             Delay type                Incr(ns)  Path(ns)    Netlist Resource(s)
  -------------------------------------------------------------------    -------------------
                         (clock eth_rxc rise edge)    0.000     0.000 r  
    K17                                               0.000     0.000 r  eth_rxc (IN)
                         net (fo=0)                   0.000     0.000    eth_rxc
    K17                  IBUF (Prop_ibuf_I_O)         0.259     0.259 r  eth_rxc_IBUF_inst/O
                         net (fo=2, routed)           0.627     0.887    u_gmii_to_rgmii/u_rgmii_rx/rgmii_rxc
    BUFGCTRL_X0Y16       BUFG (Prop_bufg_I_O)         0.026     0.913 r  u_gmii_to_rgmii/u_rgmii_rx/BUFG_inst/O
                         net (fo=1642, routed)        0.555     1.467    u_async_fifo_2048x8b/U0/inst_fifo_gen/gconvfifo.rf/grf.rf/gntv_or_sync_fifo.gcx.clkx/rd_pntr_cdc_inst/dest_clk
    SLICE_X27Y64         FDRE                                         r  u_async_fifo_2048x8b/U0/inst_fifo_gen/gconvfifo.rf/grf.rf/gntv_or_sync_fifo.gcx.clkx/rd_pntr_cdc_inst/dest_graysync_ff_reg[0][5]/C
  -------------------------------------------------------------------    -------------------
    SLICE_X27Y64         FDRE (Prop_fdre_C_Q)         0.141     1.608 r  u_async_fifo_2048x8b/U0/inst_fifo_gen/gconvfifo.rf/grf.rf/gntv_or_sync_fifo.gcx.clkx/rd_pntr_cdc_inst/dest_graysync_ff_reg[0][5]/Q
                         net (fo=1, routed)           0.056     1.664    u_async_fifo_2048x8b/U0/inst_fifo_gen/gconvfifo.rf/grf.rf/gntv_or_sync_fifo.gcx.clkx/rd_pntr_cdc_inst/dest_graysync_ff[0][5]
    SLICE_X27Y64         FDRE                                         r  u_async_fifo_2048x8b/U0/inst_fifo_gen/gconvfifo.rf/grf.rf/gntv_or_sync_fifo.gcx.clkx/rd_pntr_cdc_inst/dest_graysync_ff_reg[1][5]/D
  -------------------------------------------------------------------    -------------------

                         (clock eth_rxc rise edge)    0.000     0.000 r  
    K17                                               0.000     0.000 r  eth_rxc (IN)
                         net (fo=0)                   0.000     0.000    eth_rxc
    K17                  IBUF (Prop_ibuf_I_O)         0.447     0.447 r  eth_rxc_IBUF_inst/O
                         net (fo=2, routed)           0.683     1.130    u_gmii_to_rgmii/u_rgmii_rx/rgmii_rxc
    BUFGCTRL_X0Y16       BUFG (Prop_bufg_I_O)         0.029     1.159 r  u_gmii_to_rgmii/u_rgmii_rx/BUFG_inst/O
                         net (fo=1642, routed)        0.823     1.982    u_async_fifo_2048x8b/U0/inst_fifo_gen/gconvfifo.rf/grf.rf/gntv_or_sync_fifo.gcx.clkx/rd_pntr_cdc_inst/dest_clk
    SLICE_X27Y64         FDRE                                         r  u_async_fifo_2048x8b/U0/inst_fifo_gen/gconvfifo.rf/grf.rf/gntv_or_sync_fifo.gcx.clkx/rd_pntr_cdc_inst/dest_graysync_ff_reg[1][5]/C
                         clock pessimism             -0.515     1.467    
    SLICE_X27Y64         FDRE (Hold_fdre_C_D)         0.076     1.543    u_async_fifo_2048x8b/U0/inst_fifo_gen/gconvfifo.rf/grf.rf/gntv_or_sync_fifo.gcx.clkx/rd_pntr_cdc_inst/dest_graysync_ff_reg[1][5]
  -------------------------------------------------------------------
                         required time                         -1.543    
                         arrival time                           1.664    
  -------------------------------------------------------------------
                         slack                                  0.121    

Slack (MET) :             0.121ns  (arrival time - required time)
  Source:                 u_async_fifo_2048x8b/U0/inst_fifo_gen/gconvfifo.rf/grf.rf/gntv_or_sync_fifo.gcx.clkx/rd_pntr_cdc_inst/dest_graysync_ff_reg[0][9]/C
                            (rising edge-triggered cell FDRE clocked by eth_rxc  {rise@0.000ns fall@4.000ns period=8.000ns})
  Destination:            u_async_fifo_2048x8b/U0/inst_fifo_gen/gconvfifo.rf/grf.rf/gntv_or_sync_fifo.gcx.clkx/rd_pntr_cdc_inst/dest_graysync_ff_reg[1][9]/D
                            (rising edge-triggered cell FDRE clocked by eth_rxc  {rise@0.000ns fall@4.000ns period=8.000ns})
  Path Group:             eth_rxc
  Path Type:              Hold (Min at Fast Process Corner)
  Requirement:            0.000ns  (eth_rxc rise@0.000ns - eth_rxc rise@0.000ns)
  Data Path Delay:        0.197ns  (logic 0.141ns (71.611%)  route 0.056ns (28.389%))
  Logic Levels:           0  
  Clock Path Skew:        0.000ns (DCD - SCD - CPR)
    Destination Clock Delay (DCD):    1.977ns
    Source Clock Delay      (SCD):    1.463ns
    Clock Pessimism Removal (CPR):    0.514ns

    Location             Delay type                Incr(ns)  Path(ns)    Netlist Resource(s)
  -------------------------------------------------------------------    -------------------
                         (clock eth_rxc rise edge)    0.000     0.000 r  
    K17                                               0.000     0.000 r  eth_rxc (IN)
                         net (fo=0)                   0.000     0.000    eth_rxc
    K17                  IBUF (Prop_ibuf_I_O)         0.259     0.259 r  eth_rxc_IBUF_inst/O
                         net (fo=2, routed)           0.627     0.887    u_gmii_to_rgmii/u_rgmii_rx/rgmii_rxc
    BUFGCTRL_X0Y16       BUFG (Prop_bufg_I_O)         0.026     0.913 r  u_gmii_to_rgmii/u_rgmii_rx/BUFG_inst/O
                         net (fo=1642, routed)        0.551     1.463    u_async_fifo_2048x8b/U0/inst_fifo_gen/gconvfifo.rf/grf.rf/gntv_or_sync_fifo.gcx.clkx/rd_pntr_cdc_inst/dest_clk
    SLICE_X23Y66         FDRE                                         r  u_async_fifo_2048x8b/U0/inst_fifo_gen/gconvfifo.rf/grf.rf/gntv_or_sync_fifo.gcx.clkx/rd_pntr_cdc_inst/dest_graysync_ff_reg[0][9]/C
  -------------------------------------------------------------------    -------------------
    SLICE_X23Y66         FDRE (Prop_fdre_C_Q)         0.141     1.604 r  u_async_fifo_2048x8b/U0/inst_fifo_gen/gconvfifo.rf/grf.rf/gntv_or_sync_fifo.gcx.clkx/rd_pntr_cdc_inst/dest_graysync_ff_reg[0][9]/Q
                         net (fo=1, routed)           0.056     1.660    u_async_fifo_2048x8b/U0/inst_fifo_gen/gconvfifo.rf/grf.rf/gntv_or_sync_fifo.gcx.clkx/rd_pntr_cdc_inst/dest_graysync_ff[0][9]
    SLICE_X23Y66         FDRE                                         r  u_async_fifo_2048x8b/U0/inst_fifo_gen/gconvfifo.rf/grf.rf/gntv_or_sync_fifo.gcx.clkx/rd_pntr_cdc_inst/dest_graysync_ff_reg[1][9]/D
  -------------------------------------------------------------------    -------------------

                         (clock eth_rxc rise edge)    0.000     0.000 r  
    K17                                               0.000     0.000 r  eth_rxc (IN)
                         net (fo=0)                   0.000     0.000    eth_rxc
    K17                  IBUF (Prop_ibuf_I_O)         0.447     0.447 r  eth_rxc_IBUF_inst/O
                         net (fo=2, routed)           0.683     1.130    u_gmii_to_rgmii/u_rgmii_rx/rgmii_rxc
    BUFGCTRL_X0Y16       BUFG (Prop_bufg_I_O)         0.029     1.159 r  u_gmii_to_rgmii/u_rgmii_rx/BUFG_inst/O
                         net (fo=1642, routed)        0.818     1.977    u_async_fifo_2048x8b/U0/inst_fifo_gen/gconvfifo.rf/grf.rf/gntv_or_sync_fifo.gcx.clkx/rd_pntr_cdc_inst/dest_clk
    SLICE_X23Y66         FDRE                                         r  u_async_fifo_2048x8b/U0/inst_fifo_gen/gconvfifo.rf/grf.rf/gntv_or_sync_fifo.gcx.clkx/rd_pntr_cdc_inst/dest_graysync_ff_reg[1][9]/C
                         clock pessimism             -0.514     1.463    
    SLICE_X23Y66         FDRE (Hold_fdre_C_D)         0.076     1.539    u_async_fifo_2048x8b/U0/inst_fifo_gen/gconvfifo.rf/grf.rf/gntv_or_sync_fifo.gcx.clkx/rd_pntr_cdc_inst/dest_graysync_ff_reg[1][9]
  -------------------------------------------------------------------
                         required time                         -1.539    
                         arrival time                           1.660    
  -------------------------------------------------------------------
                         slack                                  0.121    

Slack (MET) :             0.122ns  (arrival time - required time)
  Source:                 u_async_fifo_2048x8b/U0/inst_fifo_gen/gconvfifo.rf/grf.rf/rstblk/ngwrdrst.grst.g7serrst.gnsckt_wrst.gic_rst.rst_rd_reg2_inst/arststages_ff_reg[0]/C
                            (rising edge-triggered cell FDPE clocked by eth_rxc  {rise@0.000ns fall@4.000ns period=8.000ns})
  Destination:            u_async_fifo_2048x8b/U0/inst_fifo_gen/gconvfifo.rf/grf.rf/rstblk/ngwrdrst.grst.g7serrst.gnsckt_wrst.gic_rst.rst_rd_reg2_inst/arststages_ff_reg[1]/D
                            (rising edge-triggered cell FDPE clocked by eth_rxc  {rise@0.000ns fall@4.000ns period=8.000ns})
  Path Group:             eth_rxc
  Path Type:              Hold (Min at Fast Process Corner)
  Requirement:            0.000ns  (eth_rxc rise@0.000ns - eth_rxc rise@0.000ns)
  Data Path Delay:        0.197ns  (logic 0.141ns (71.611%)  route 0.056ns (28.389%))
  Logic Levels:           0  
  Clock Path Skew:        0.000ns (DCD - SCD - CPR)
    Destination Clock Delay (DCD):    1.981ns
    Source Clock Delay      (SCD):    1.467ns
    Clock Pessimism Removal (CPR):    0.514ns

    Location             Delay type                Incr(ns)  Path(ns)    Netlist Resource(s)
  -------------------------------------------------------------------    -------------------
                         (clock eth_rxc rise edge)    0.000     0.000 r  
    K17                                               0.000     0.000 r  eth_rxc (IN)
                         net (fo=0)                   0.000     0.000    eth_rxc
    K17                  IBUF (Prop_ibuf_I_O)         0.259     0.259 r  eth_rxc_IBUF_inst/O
                         net (fo=2, routed)           0.627     0.887    u_gmii_to_rgmii/u_rgmii_rx/rgmii_rxc
    BUFGCTRL_X0Y16       BUFG (Prop_bufg_I_O)         0.026     0.913 r  u_gmii_to_rgmii/u_rgmii_rx/BUFG_inst/O
                         net (fo=1642, routed)        0.555     1.467    u_async_fifo_2048x8b/U0/inst_fifo_gen/gconvfifo.rf/grf.rf/rstblk/ngwrdrst.grst.g7serrst.gnsckt_wrst.gic_rst.rst_rd_reg2_inst/dest_clk
    SLICE_X31Y65         FDPE                                         r  u_async_fifo_2048x8b/U0/inst_fifo_gen/gconvfifo.rf/grf.rf/rstblk/ngwrdrst.grst.g7serrst.gnsckt_wrst.gic_rst.rst_rd_reg2_inst/arststages_ff_reg[0]/C
  -------------------------------------------------------------------    -------------------
    SLICE_X31Y65         FDPE (Prop_fdpe_C_Q)         0.141     1.608 r  u_async_fifo_2048x8b/U0/inst_fifo_gen/gconvfifo.rf/grf.rf/rstblk/ngwrdrst.grst.g7serrst.gnsckt_wrst.gic_rst.rst_rd_reg2_inst/arststages_ff_reg[0]/Q
                         net (fo=1, routed)           0.056     1.664    u_async_fifo_2048x8b/U0/inst_fifo_gen/gconvfifo.rf/grf.rf/rstblk/ngwrdrst.grst.g7serrst.gnsckt_wrst.gic_rst.rst_rd_reg2_inst/arststages_ff[0]
    SLICE_X31Y65         FDPE                                         r  u_async_fifo_2048x8b/U0/inst_fifo_gen/gconvfifo.rf/grf.rf/rstblk/ngwrdrst.grst.g7serrst.gnsckt_wrst.gic_rst.rst_rd_reg2_inst/arststages_ff_reg[1]/D
  -------------------------------------------------------------------    -------------------

                         (clock eth_rxc rise edge)    0.000     0.000 r  
    K17                                               0.000     0.000 r  eth_rxc (IN)
                         net (fo=0)                   0.000     0.000    eth_rxc
    K17                  IBUF (Prop_ibuf_I_O)         0.447     0.447 r  eth_rxc_IBUF_inst/O
                         net (fo=2, routed)           0.683     1.130    u_gmii_to_rgmii/u_rgmii_rx/rgmii_rxc
    BUFGCTRL_X0Y16       BUFG (Prop_bufg_I_O)         0.029     1.159 r  u_gmii_to_rgmii/u_rgmii_rx/BUFG_inst/O
                         net (fo=1642, routed)        0.822     1.981    u_async_fifo_2048x8b/U0/inst_fifo_gen/gconvfifo.rf/grf.rf/rstblk/ngwrdrst.grst.g7serrst.gnsckt_wrst.gic_rst.rst_rd_reg2_inst/dest_clk
    SLICE_X31Y65         FDPE                                         r  u_async_fifo_2048x8b/U0/inst_fifo_gen/gconvfifo.rf/grf.rf/rstblk/ngwrdrst.grst.g7serrst.gnsckt_wrst.gic_rst.rst_rd_reg2_inst/arststages_ff_reg[1]/C
                         clock pessimism             -0.514     1.467    
    SLICE_X31Y65         FDPE (Hold_fdpe_C_D)         0.075     1.542    u_async_fifo_2048x8b/U0/inst_fifo_gen/gconvfifo.rf/grf.rf/rstblk/ngwrdrst.grst.g7serrst.gnsckt_wrst.gic_rst.rst_rd_reg2_inst/arststages_ff_reg[1]
  -------------------------------------------------------------------
                         required time                         -1.542    
                         arrival time                           1.664    
  -------------------------------------------------------------------
                         slack                                  0.122    

Slack (MET) :             0.122ns  (arrival time - required time)
  Source:                 u_async_fifo_2048x8b/U0/inst_fifo_gen/gconvfifo.rf/grf.rf/rstblk/ngwrdrst.grst.g7serrst.gnsckt_wrst.gic_rst.xpm_cdc_single_inst_rrst_wr/syncstages_ff_reg[0]/C
                            (rising edge-triggered cell FDRE clocked by eth_rxc  {rise@0.000ns fall@4.000ns period=8.000ns})
  Destination:            u_async_fifo_2048x8b/U0/inst_fifo_gen/gconvfifo.rf/grf.rf/rstblk/ngwrdrst.grst.g7serrst.gnsckt_wrst.gic_rst.xpm_cdc_single_inst_rrst_wr/syncstages_ff_reg[1]/D
                            (rising edge-triggered cell FDRE clocked by eth_rxc  {rise@0.000ns fall@4.000ns period=8.000ns})
  Path Group:             eth_rxc
  Path Type:              Hold (Min at Fast Process Corner)
  Requirement:            0.000ns  (eth_rxc rise@0.000ns - eth_rxc rise@0.000ns)
  Data Path Delay:        0.197ns  (logic 0.141ns (71.611%)  route 0.056ns (28.389%))
  Logic Levels:           0  
  Clock Path Skew:        0.000ns (DCD - SCD - CPR)
    Destination Clock Delay (DCD):    1.975ns
    Source Clock Delay      (SCD):    1.461ns
    Clock Pessimism Removal (CPR):    0.514ns

    Location             Delay type                Incr(ns)  Path(ns)    Netlist Resource(s)
  -------------------------------------------------------------------    -------------------
                         (clock eth_rxc rise edge)    0.000     0.000 r  
    K17                                               0.000     0.000 r  eth_rxc (IN)
                         net (fo=0)                   0.000     0.000    eth_rxc
    K17                  IBUF (Prop_ibuf_I_O)         0.259     0.259 r  eth_rxc_IBUF_inst/O
                         net (fo=2, routed)           0.627     0.887    u_gmii_to_rgmii/u_rgmii_rx/rgmii_rxc
    BUFGCTRL_X0Y16       BUFG (Prop_bufg_I_O)         0.026     0.913 r  u_gmii_to_rgmii/u_rgmii_rx/BUFG_inst/O
                         net (fo=1642, routed)        0.549     1.461    u_async_fifo_2048x8b/U0/inst_fifo_gen/gconvfifo.rf/grf.rf/rstblk/ngwrdrst.grst.g7serrst.gnsckt_wrst.gic_rst.xpm_cdc_single_inst_rrst_wr/dest_clk
    SLICE_X23Y68         FDRE                                         r  u_async_fifo_2048x8b/U0/inst_fifo_gen/gconvfifo.rf/grf.rf/rstblk/ngwrdrst.grst.g7serrst.gnsckt_wrst.gic_rst.xpm_cdc_single_inst_rrst_wr/syncstages_ff_reg[0]/C
  -------------------------------------------------------------------    -------------------
    SLICE_X23Y68         FDRE (Prop_fdre_C_Q)         0.141     1.602 r  u_async_fifo_2048x8b/U0/inst_fifo_gen/gconvfifo.rf/grf.rf/rstblk/ngwrdrst.grst.g7serrst.gnsckt_wrst.gic_rst.xpm_cdc_single_inst_rrst_wr/syncstages_ff_reg[0]/Q
                         net (fo=1, routed)           0.056     1.658    u_async_fifo_2048x8b/U0/inst_fifo_gen/gconvfifo.rf/grf.rf/rstblk/ngwrdrst.grst.g7serrst.gnsckt_wrst.gic_rst.xpm_cdc_single_inst_rrst_wr/syncstages_ff[0]
    SLICE_X23Y68         FDRE                                         r  u_async_fifo_2048x8b/U0/inst_fifo_gen/gconvfifo.rf/grf.rf/rstblk/ngwrdrst.grst.g7serrst.gnsckt_wrst.gic_rst.xpm_cdc_single_inst_rrst_wr/syncstages_ff_reg[1]/D
  -------------------------------------------------------------------    -------------------

                         (clock eth_rxc rise edge)    0.000     0.000 r  
    K17                                               0.000     0.000 r  eth_rxc (IN)
                         net (fo=0)                   0.000     0.000    eth_rxc
    K17                  IBUF (Prop_ibuf_I_O)         0.447     0.447 r  eth_rxc_IBUF_inst/O
                         net (fo=2, routed)           0.683     1.130    u_gmii_to_rgmii/u_rgmii_rx/rgmii_rxc
    BUFGCTRL_X0Y16       BUFG (Prop_bufg_I_O)         0.029     1.159 r  u_gmii_to_rgmii/u_rgmii_rx/BUFG_inst/O
                         net (fo=1642, routed)        0.816     1.975    u_async_fifo_2048x8b/U0/inst_fifo_gen/gconvfifo.rf/grf.rf/rstblk/ngwrdrst.grst.g7serrst.gnsckt_wrst.gic_rst.xpm_cdc_single_inst_rrst_wr/dest_clk
    SLICE_X23Y68         FDRE                                         r  u_async_fifo_2048x8b/U0/inst_fifo_gen/gconvfifo.rf/grf.rf/rstblk/ngwrdrst.grst.g7serrst.gnsckt_wrst.gic_rst.xpm_cdc_single_inst_rrst_wr/syncstages_ff_reg[1]/C
                         clock pessimism             -0.514     1.461    
    SLICE_X23Y68         FDRE (Hold_fdre_C_D)         0.075     1.536    u_async_fifo_2048x8b/U0/inst_fifo_gen/gconvfifo.rf/grf.rf/rstblk/ngwrdrst.grst.g7serrst.gnsckt_wrst.gic_rst.xpm_cdc_single_inst_rrst_wr/syncstages_ff_reg[1]
  -------------------------------------------------------------------
                         required time                         -1.536    
                         arrival time                           1.658    
  -------------------------------------------------------------------
                         slack                                  0.122    

Slack (MET) :             0.122ns  (arrival time - required time)
  Source:                 u_async_fifo_2048x8b/U0/inst_fifo_gen/gconvfifo.rf/grf.rf/gntv_or_sync_fifo.gcx.clkx/rd_pntr_cdc_inst/dest_graysync_ff_reg[0][0]/C
                            (rising edge-triggered cell FDRE clocked by eth_rxc  {rise@0.000ns fall@4.000ns period=8.000ns})
  Destination:            u_async_fifo_2048x8b/U0/inst_fifo_gen/gconvfifo.rf/grf.rf/gntv_or_sync_fifo.gcx.clkx/rd_pntr_cdc_inst/dest_graysync_ff_reg[1][0]/D
                            (rising edge-triggered cell FDRE clocked by eth_rxc  {rise@0.000ns fall@4.000ns period=8.000ns})
  Path Group:             eth_rxc
  Path Type:              Hold (Min at Fast Process Corner)
  Requirement:            0.000ns  (eth_rxc rise@0.000ns - eth_rxc rise@0.000ns)
  Data Path Delay:        0.197ns  (logic 0.141ns (71.611%)  route 0.056ns (28.389%))
  Logic Levels:           0  
  Clock Path Skew:        0.000ns (DCD - SCD - CPR)
    Destination Clock Delay (DCD):    1.982ns
    Source Clock Delay      (SCD):    1.467ns
    Clock Pessimism Removal (CPR):    0.515ns

    Location             Delay type                Incr(ns)  Path(ns)    Netlist Resource(s)
  -------------------------------------------------------------------    -------------------
                         (clock eth_rxc rise edge)    0.000     0.000 r  
    K17                                               0.000     0.000 r  eth_rxc (IN)
                         net (fo=0)                   0.000     0.000    eth_rxc
    K17                  IBUF (Prop_ibuf_I_O)         0.259     0.259 r  eth_rxc_IBUF_inst/O
                         net (fo=2, routed)           0.627     0.887    u_gmii_to_rgmii/u_rgmii_rx/rgmii_rxc
    BUFGCTRL_X0Y16       BUFG (Prop_bufg_I_O)         0.026     0.913 r  u_gmii_to_rgmii/u_rgmii_rx/BUFG_inst/O
                         net (fo=1642, routed)        0.555     1.467    u_async_fifo_2048x8b/U0/inst_fifo_gen/gconvfifo.rf/grf.rf/gntv_or_sync_fifo.gcx.clkx/rd_pntr_cdc_inst/dest_clk
    SLICE_X27Y64         FDRE                                         r  u_async_fifo_2048x8b/U0/inst_fifo_gen/gconvfifo.rf/grf.rf/gntv_or_sync_fifo.gcx.clkx/rd_pntr_cdc_inst/dest_graysync_ff_reg[0][0]/C
  -------------------------------------------------------------------    -------------------
    SLICE_X27Y64         FDRE (Prop_fdre_C_Q)         0.141     1.608 r  u_async_fifo_2048x8b/U0/inst_fifo_gen/gconvfifo.rf/grf.rf/gntv_or_sync_fifo.gcx.clkx/rd_pntr_cdc_inst/dest_graysync_ff_reg[0][0]/Q
                         net (fo=1, routed)           0.056     1.664    u_async_fifo_2048x8b/U0/inst_fifo_gen/gconvfifo.rf/grf.rf/gntv_or_sync_fifo.gcx.clkx/rd_pntr_cdc_inst/dest_graysync_ff[0][0]
    SLICE_X27Y64         FDRE                                         r  u_async_fifo_2048x8b/U0/inst_fifo_gen/gconvfifo.rf/grf.rf/gntv_or_sync_fifo.gcx.clkx/rd_pntr_cdc_inst/dest_graysync_ff_reg[1][0]/D
  -------------------------------------------------------------------    -------------------

                         (clock eth_rxc rise edge)    0.000     0.000 r  
    K17                                               0.000     0.000 r  eth_rxc (IN)
                         net (fo=0)                   0.000     0.000    eth_rxc
    K17                  IBUF (Prop_ibuf_I_O)         0.447     0.447 r  eth_rxc_IBUF_inst/O
                         net (fo=2, routed)           0.683     1.130    u_gmii_to_rgmii/u_rgmii_rx/rgmii_rxc
    BUFGCTRL_X0Y16       BUFG (Prop_bufg_I_O)         0.029     1.159 r  u_gmii_to_rgmii/u_rgmii_rx/BUFG_inst/O
                         net (fo=1642, routed)        0.823     1.982    u_async_fifo_2048x8b/U0/inst_fifo_gen/gconvfifo.rf/grf.rf/gntv_or_sync_fifo.gcx.clkx/rd_pntr_cdc_inst/dest_clk
    SLICE_X27Y64         FDRE                                         r  u_async_fifo_2048x8b/U0/inst_fifo_gen/gconvfifo.rf/grf.rf/gntv_or_sync_fifo.gcx.clkx/rd_pntr_cdc_inst/dest_graysync_ff_reg[1][0]/C
                         clock pessimism             -0.515     1.467    
    SLICE_X27Y64         FDRE (Hold_fdre_C_D)         0.075     1.542    u_async_fifo_2048x8b/U0/inst_fifo_gen/gconvfifo.rf/grf.rf/gntv_or_sync_fifo.gcx.clkx/rd_pntr_cdc_inst/dest_graysync_ff_reg[1][0]
  -------------------------------------------------------------------
                         required time                         -1.542    
                         arrival time                           1.664    
  -------------------------------------------------------------------
                         slack                                  0.122    

Slack (MET) :             0.122ns  (arrival time - required time)
  Source:                 u_async_fifo_2048x8b/U0/inst_fifo_gen/gconvfifo.rf/grf.rf/gntv_or_sync_fifo.gcx.clkx/rd_pntr_cdc_inst/dest_graysync_ff_reg[0][10]/C
                            (rising edge-triggered cell FDRE clocked by eth_rxc  {rise@0.000ns fall@4.000ns period=8.000ns})
  Destination:            u_async_fifo_2048x8b/U0/inst_fifo_gen/gconvfifo.rf/grf.rf/gntv_or_sync_fifo.gcx.clkx/rd_pntr_cdc_inst/dest_graysync_ff_reg[1][10]/D
                            (rising edge-triggered cell FDRE clocked by eth_rxc  {rise@0.000ns fall@4.000ns period=8.000ns})
  Path Group:             eth_rxc
  Path Type:              Hold (Min at Fast Process Corner)
  Requirement:            0.000ns  (eth_rxc rise@0.000ns - eth_rxc rise@0.000ns)
  Data Path Delay:        0.197ns  (logic 0.141ns (71.611%)  route 0.056ns (28.389%))
  Logic Levels:           0  
  Clock Path Skew:        0.000ns (DCD - SCD - CPR)
    Destination Clock Delay (DCD):    1.977ns
    Source Clock Delay      (SCD):    1.463ns
    Clock Pessimism Removal (CPR):    0.514ns

    Location             Delay type                Incr(ns)  Path(ns)    Netlist Resource(s)
  -------------------------------------------------------------------    -------------------
                         (clock eth_rxc rise edge)    0.000     0.000 r  
    K17                                               0.000     0.000 r  eth_rxc (IN)
                         net (fo=0)                   0.000     0.000    eth_rxc
    K17                  IBUF (Prop_ibuf_I_O)         0.259     0.259 r  eth_rxc_IBUF_inst/O
                         net (fo=2, routed)           0.627     0.887    u_gmii_to_rgmii/u_rgmii_rx/rgmii_rxc
    BUFGCTRL_X0Y16       BUFG (Prop_bufg_I_O)         0.026     0.913 r  u_gmii_to_rgmii/u_rgmii_rx/BUFG_inst/O
                         net (fo=1642, routed)        0.551     1.463    u_async_fifo_2048x8b/U0/inst_fifo_gen/gconvfifo.rf/grf.rf/gntv_or_sync_fifo.gcx.clkx/rd_pntr_cdc_inst/dest_clk
    SLICE_X23Y66         FDRE                                         r  u_async_fifo_2048x8b/U0/inst_fifo_gen/gconvfifo.rf/grf.rf/gntv_or_sync_fifo.gcx.clkx/rd_pntr_cdc_inst/dest_graysync_ff_reg[0][10]/C
  -------------------------------------------------------------------    -------------------
    SLICE_X23Y66         FDRE (Prop_fdre_C_Q)         0.141     1.604 r  u_async_fifo_2048x8b/U0/inst_fifo_gen/gconvfifo.rf/grf.rf/gntv_or_sync_fifo.gcx.clkx/rd_pntr_cdc_inst/dest_graysync_ff_reg[0][10]/Q
                         net (fo=1, routed)           0.056     1.660    u_async_fifo_2048x8b/U0/inst_fifo_gen/gconvfifo.rf/grf.rf/gntv_or_sync_fifo.gcx.clkx/rd_pntr_cdc_inst/dest_graysync_ff[0][10]
    SLICE_X23Y66         FDRE                                         r  u_async_fifo_2048x8b/U0/inst_fifo_gen/gconvfifo.rf/grf.rf/gntv_or_sync_fifo.gcx.clkx/rd_pntr_cdc_inst/dest_graysync_ff_reg[1][10]/D
  -------------------------------------------------------------------    -------------------

                         (clock eth_rxc rise edge)    0.000     0.000 r  
    K17                                               0.000     0.000 r  eth_rxc (IN)
                         net (fo=0)                   0.000     0.000    eth_rxc
    K17                  IBUF (Prop_ibuf_I_O)         0.447     0.447 r  eth_rxc_IBUF_inst/O
                         net (fo=2, routed)           0.683     1.130    u_gmii_to_rgmii/u_rgmii_rx/rgmii_rxc
    BUFGCTRL_X0Y16       BUFG (Prop_bufg_I_O)         0.029     1.159 r  u_gmii_to_rgmii/u_rgmii_rx/BUFG_inst/O
                         net (fo=1642, routed)        0.818     1.977    u_async_fifo_2048x8b/U0/inst_fifo_gen/gconvfifo.rf/grf.rf/gntv_or_sync_fifo.gcx.clkx/rd_pntr_cdc_inst/dest_clk
    SLICE_X23Y66         FDRE                                         r  u_async_fifo_2048x8b/U0/inst_fifo_gen/gconvfifo.rf/grf.rf/gntv_or_sync_fifo.gcx.clkx/rd_pntr_cdc_inst/dest_graysync_ff_reg[1][10]/C
                         clock pessimism             -0.514     1.463    
    SLICE_X23Y66         FDRE (Hold_fdre_C_D)         0.075     1.538    u_async_fifo_2048x8b/U0/inst_fifo_gen/gconvfifo.rf/grf.rf/gntv_or_sync_fifo.gcx.clkx/rd_pntr_cdc_inst/dest_graysync_ff_reg[1][10]
  -------------------------------------------------------------------
                         required time                         -1.538    
                         arrival time                           1.660    
  -------------------------------------------------------------------
                         slack                                  0.122    

Slack (MET) :             0.122ns  (arrival time - required time)
  Source:                 u_async_fifo_2048x8b/U0/inst_fifo_gen/gconvfifo.rf/grf.rf/gntv_or_sync_fifo.gcx.clkx/rd_pntr_cdc_inst/dest_graysync_ff_reg[0][6]/C
                            (rising edge-triggered cell FDRE clocked by eth_rxc  {rise@0.000ns fall@4.000ns period=8.000ns})
  Destination:            u_async_fifo_2048x8b/U0/inst_fifo_gen/gconvfifo.rf/grf.rf/gntv_or_sync_fifo.gcx.clkx/rd_pntr_cdc_inst/dest_graysync_ff_reg[1][6]/D
                            (rising edge-triggered cell FDRE clocked by eth_rxc  {rise@0.000ns fall@4.000ns period=8.000ns})
  Path Group:             eth_rxc
  Path Type:              Hold (Min at Fast Process Corner)
  Requirement:            0.000ns  (eth_rxc rise@0.000ns - eth_rxc rise@0.000ns)
  Data Path Delay:        0.197ns  (logic 0.141ns (71.611%)  route 0.056ns (28.389%))
  Logic Levels:           0  
  Clock Path Skew:        0.000ns (DCD - SCD - CPR)
    Destination Clock Delay (DCD):    1.979ns
    Source Clock Delay      (SCD):    1.464ns
    Clock Pessimism Removal (CPR):    0.515ns

    Location             Delay type                Incr(ns)  Path(ns)    Netlist Resource(s)
  -------------------------------------------------------------------    -------------------
                         (clock eth_rxc rise edge)    0.000     0.000 r  
    K17                                               0.000     0.000 r  eth_rxc (IN)
                         net (fo=0)                   0.000     0.000    eth_rxc
    K17                  IBUF (Prop_ibuf_I_O)         0.259     0.259 r  eth_rxc_IBUF_inst/O
                         net (fo=2, routed)           0.627     0.887    u_gmii_to_rgmii/u_rgmii_rx/rgmii_rxc
    BUFGCTRL_X0Y16       BUFG (Prop_bufg_I_O)         0.026     0.913 r  u_gmii_to_rgmii/u_rgmii_rx/BUFG_inst/O
                         net (fo=1642, routed)        0.552     1.464    u_async_fifo_2048x8b/U0/inst_fifo_gen/gconvfifo.rf/grf.rf/gntv_or_sync_fifo.gcx.clkx/rd_pntr_cdc_inst/dest_clk
    SLICE_X25Y64         FDRE                                         r  u_async_fifo_2048x8b/U0/inst_fifo_gen/gconvfifo.rf/grf.rf/gntv_or_sync_fifo.gcx.clkx/rd_pntr_cdc_inst/dest_graysync_ff_reg[0][6]/C
  -------------------------------------------------------------------    -------------------
    SLICE_X25Y64         FDRE (Prop_fdre_C_Q)         0.141     1.605 r  u_async_fifo_2048x8b/U0/inst_fifo_gen/gconvfifo.rf/grf.rf/gntv_or_sync_fifo.gcx.clkx/rd_pntr_cdc_inst/dest_graysync_ff_reg[0][6]/Q
                         net (fo=1, routed)           0.056     1.661    u_async_fifo_2048x8b/U0/inst_fifo_gen/gconvfifo.rf/grf.rf/gntv_or_sync_fifo.gcx.clkx/rd_pntr_cdc_inst/dest_graysync_ff[0][6]
    SLICE_X25Y64         FDRE                                         r  u_async_fifo_2048x8b/U0/inst_fifo_gen/gconvfifo.rf/grf.rf/gntv_or_sync_fifo.gcx.clkx/rd_pntr_cdc_inst/dest_graysync_ff_reg[1][6]/D
  -------------------------------------------------------------------    -------------------

                         (clock eth_rxc rise edge)    0.000     0.000 r  
    K17                                               0.000     0.000 r  eth_rxc (IN)
                         net (fo=0)                   0.000     0.000    eth_rxc
    K17                  IBUF (Prop_ibuf_I_O)         0.447     0.447 r  eth_rxc_IBUF_inst/O
                         net (fo=2, routed)           0.683     1.130    u_gmii_to_rgmii/u_rgmii_rx/rgmii_rxc
    BUFGCTRL_X0Y16       BUFG (Prop_bufg_I_O)         0.029     1.159 r  u_gmii_to_rgmii/u_rgmii_rx/BUFG_inst/O
                         net (fo=1642, routed)        0.820     1.979    u_async_fifo_2048x8b/U0/inst_fifo_gen/gconvfifo.rf/grf.rf/gntv_or_sync_fifo.gcx.clkx/rd_pntr_cdc_inst/dest_clk
    SLICE_X25Y64         FDRE                                         r  u_async_fifo_2048x8b/U0/inst_fifo_gen/gconvfifo.rf/grf.rf/gntv_or_sync_fifo.gcx.clkx/rd_pntr_cdc_inst/dest_graysync_ff_reg[1][6]/C
                         clock pessimism             -0.515     1.464    
    SLICE_X25Y64         FDRE (Hold_fdre_C_D)         0.075     1.539    u_async_fifo_2048x8b/U0/inst_fifo_gen/gconvfifo.rf/grf.rf/gntv_or_sync_fifo.gcx.clkx/rd_pntr_cdc_inst/dest_graysync_ff_reg[1][6]
  -------------------------------------------------------------------
                         required time                         -1.539    
                         arrival time                           1.661    
  -------------------------------------------------------------------
                         slack                                  0.122    

Slack (MET) :             0.122ns  (arrival time - required time)
  Source:                 u_async_fifo_2048x8b/U0/inst_fifo_gen/gconvfifo.rf/grf.rf/gntv_or_sync_fifo.gcx.clkx/wr_pntr_cdc_inst/dest_graysync_ff_reg[0][3]/C
                            (rising edge-triggered cell FDRE clocked by eth_rxc  {rise@0.000ns fall@4.000ns period=8.000ns})
  Destination:            u_async_fifo_2048x8b/U0/inst_fifo_gen/gconvfifo.rf/grf.rf/gntv_or_sync_fifo.gcx.clkx/wr_pntr_cdc_inst/dest_graysync_ff_reg[1][3]/D
                            (rising edge-triggered cell FDRE clocked by eth_rxc  {rise@0.000ns fall@4.000ns period=8.000ns})
  Path Group:             eth_rxc
  Path Type:              Hold (Min at Fast Process Corner)
  Requirement:            0.000ns  (eth_rxc rise@0.000ns - eth_rxc rise@0.000ns)
  Data Path Delay:        0.197ns  (logic 0.141ns (71.611%)  route 0.056ns (28.389%))
  Logic Levels:           0  
  Clock Path Skew:        0.000ns (DCD - SCD - CPR)
    Destination Clock Delay (DCD):    1.980ns
    Source Clock Delay      (SCD):    1.466ns
    Clock Pessimism Removal (CPR):    0.514ns

    Location             Delay type                Incr(ns)  Path(ns)    Netlist Resource(s)
  -------------------------------------------------------------------    -------------------
                         (clock eth_rxc rise edge)    0.000     0.000 r  
    K17                                               0.000     0.000 r  eth_rxc (IN)
                         net (fo=0)                   0.000     0.000    eth_rxc
    K17                  IBUF (Prop_ibuf_I_O)         0.259     0.259 r  eth_rxc_IBUF_inst/O
                         net (fo=2, routed)           0.627     0.887    u_gmii_to_rgmii/u_rgmii_rx/rgmii_rxc
    BUFGCTRL_X0Y16       BUFG (Prop_bufg_I_O)         0.026     0.913 r  u_gmii_to_rgmii/u_rgmii_rx/BUFG_inst/O
                         net (fo=1642, routed)        0.554     1.466    u_async_fifo_2048x8b/U0/inst_fifo_gen/gconvfifo.rf/grf.rf/gntv_or_sync_fifo.gcx.clkx/wr_pntr_cdc_inst/dest_clk
    SLICE_X27Y66         FDRE                                         r  u_async_fifo_2048x8b/U0/inst_fifo_gen/gconvfifo.rf/grf.rf/gntv_or_sync_fifo.gcx.clkx/wr_pntr_cdc_inst/dest_graysync_ff_reg[0][3]/C
  -------------------------------------------------------------------    -------------------
    SLICE_X27Y66         FDRE (Prop_fdre_C_Q)         0.141     1.607 r  u_async_fifo_2048x8b/U0/inst_fifo_gen/gconvfifo.rf/grf.rf/gntv_or_sync_fifo.gcx.clkx/wr_pntr_cdc_inst/dest_graysync_ff_reg[0][3]/Q
                         net (fo=1, routed)           0.056     1.663    u_async_fifo_2048x8b/U0/inst_fifo_gen/gconvfifo.rf/grf.rf/gntv_or_sync_fifo.gcx.clkx/wr_pntr_cdc_inst/dest_graysync_ff[0][3]
    SLICE_X27Y66         FDRE                                         r  u_async_fifo_2048x8b/U0/inst_fifo_gen/gconvfifo.rf/grf.rf/gntv_or_sync_fifo.gcx.clkx/wr_pntr_cdc_inst/dest_graysync_ff_reg[1][3]/D
  -------------------------------------------------------------------    -------------------

                         (clock eth_rxc rise edge)    0.000     0.000 r  
    K17                                               0.000     0.000 r  eth_rxc (IN)
                         net (fo=0)                   0.000     0.000    eth_rxc
    K17                  IBUF (Prop_ibuf_I_O)         0.447     0.447 r  eth_rxc_IBUF_inst/O
                         net (fo=2, routed)           0.683     1.130    u_gmii_to_rgmii/u_rgmii_rx/rgmii_rxc
    BUFGCTRL_X0Y16       BUFG (Prop_bufg_I_O)         0.029     1.159 r  u_gmii_to_rgmii/u_rgmii_rx/BUFG_inst/O
                         net (fo=1642, routed)        0.821     1.980    u_async_fifo_2048x8b/U0/inst_fifo_gen/gconvfifo.rf/grf.rf/gntv_or_sync_fifo.gcx.clkx/wr_pntr_cdc_inst/dest_clk
    SLICE_X27Y66         FDRE                                         r  u_async_fifo_2048x8b/U0/inst_fifo_gen/gconvfifo.rf/grf.rf/gntv_or_sync_fifo.gcx.clkx/wr_pntr_cdc_inst/dest_graysync_ff_reg[1][3]/C
                         clock pessimism             -0.514     1.466    
    SLICE_X27Y66         FDRE (Hold_fdre_C_D)         0.075     1.541    u_async_fifo_2048x8b/U0/inst_fifo_gen/gconvfifo.rf/grf.rf/gntv_or_sync_fifo.gcx.clkx/wr_pntr_cdc_inst/dest_graysync_ff_reg[1][3]
  -------------------------------------------------------------------
                         required time                         -1.541    
                         arrival time                           1.663    
  -------------------------------------------------------------------
                         slack                                  0.122    





Pulse Width Checks
--------------------------------------------------------------------------------------
Clock Name:         eth_rxc
Waveform(ns):       { 0.000 4.000 }
Period(ns):         8.000
Sources:            { eth_rxc }

Check Type        Corner  Lib Pin             Reference Pin  Required(ns)  Actual(ns)  Slack(ns)  Location        Pin
Min Period        n/a     RAMB18E1/CLKARDCLK  n/a            2.576         8.000       5.424      RAMB18_X1Y28    u_async_fifo_2048x8b/U0/inst_fifo_gen/gconvfifo.rf/grf.rf/gntv_or_sync_fifo.mem/gbm.gbmg.gbmga.ngecc.bmg/inst_blk_mem_gen/gnbram.gnativebmg.native_blk_mem_gen/valid.cstr/ramloop[0].ram.r/prim_noinit.ram/DEVICE_7SERIES.NO_BMM_INFO.SDP.SIMPLE_PRIM18.ram/CLKARDCLK
Min Period        n/a     RAMB18E1/CLKBWRCLK  n/a            2.576         8.000       5.424      RAMB18_X1Y28    u_async_fifo_2048x8b/U0/inst_fifo_gen/gconvfifo.rf/grf.rf/gntv_or_sync_fifo.mem/gbm.gbmg.gbmga.ngecc.bmg/inst_blk_mem_gen/gnbram.gnativebmg.native_blk_mem_gen/valid.cstr/ramloop[0].ram.r/prim_noinit.ram/DEVICE_7SERIES.NO_BMM_INFO.SDP.SIMPLE_PRIM18.ram/CLKBWRCLK
Min Period        n/a     BUFG/I              n/a            2.155         8.000       5.845      BUFGCTRL_X0Y16  u_gmii_to_rgmii/u_rgmii_rx/BUFG_inst/I
Min Period        n/a     BUFIO/I             n/a            1.666         8.000       6.334      BUFIO_X0Y6      u_gmii_to_rgmii/u_rgmii_rx/BUFIO_inst/I
Min Period        n/a     IDDR/C              n/a            1.474         8.000       6.526      ILOGIC_X0Y96    u_gmii_to_rgmii/u_rgmii_rx/rxdata_bus[0].u_iddr_rxd/C
Min Period        n/a     IDDR/C              n/a            1.474         8.000       6.526      ILOGIC_X0Y95    u_gmii_to_rgmii/u_rgmii_rx/rxdata_bus[1].u_iddr_rxd/C
Min Period        n/a     IDDR/C              n/a            1.474         8.000       6.526      ILOGIC_X0Y73    u_gmii_to_rgmii/u_rgmii_rx/rxdata_bus[2].u_iddr_rxd/C
Min Period        n/a     IDDR/C              n/a            1.474         8.000       6.526      ILOGIC_X0Y74    u_gmii_to_rgmii/u_rgmii_rx/rxdata_bus[3].u_iddr_rxd/C
Min Period        n/a     IDDR/C              n/a            1.474         8.000       6.526      ILOGIC_X0Y94    u_gmii_to_rgmii/u_rgmii_rx/u_iddr_rx_ctl/C
Min Period        n/a     ODDR/C              n/a            1.474         8.000       6.526      OLOGIC_X0Y75    u_gmii_to_rgmii/u_rgmii_tx/ODDR_inst/C
Low Pulse Width   Slow    FDRE/C              n/a            0.500         4.000       3.500      SLICE_X26Y67    u_async_fifo_2048x8b/U0/inst_fifo_gen/gconvfifo.rf/grf.rf/gntv_or_sync_fifo.gcx.clkx/wr_pntr_cdc_inst/dest_graysync_ff_reg[0][6]/C
Low Pulse Width   Fast    FDRE/C              n/a            0.500         4.000       3.500      SLICE_X26Y67    u_async_fifo_2048x8b/U0/inst_fifo_gen/gconvfifo.rf/grf.rf/gntv_or_sync_fifo.gcx.clkx/wr_pntr_cdc_inst/dest_graysync_ff_reg[0][6]/C
Low Pulse Width   Slow    FDRE/C              n/a            0.500         4.000       3.500      SLICE_X26Y67    u_async_fifo_2048x8b/U0/inst_fifo_gen/gconvfifo.rf/grf.rf/gntv_or_sync_fifo.gcx.clkx/wr_pntr_cdc_inst/dest_graysync_ff_reg[0][7]/C
Low Pulse Width   Fast    FDRE/C              n/a            0.500         4.000       3.500      SLICE_X26Y67    u_async_fifo_2048x8b/U0/inst_fifo_gen/gconvfifo.rf/grf.rf/gntv_or_sync_fifo.gcx.clkx/wr_pntr_cdc_inst/dest_graysync_ff_reg[0][7]/C
Low Pulse Width   Slow    FDRE/C              n/a            0.500         4.000       3.500      SLICE_X27Y67    u_async_fifo_2048x8b/U0/inst_fifo_gen/gconvfifo.rf/grf.rf/gntv_or_sync_fifo.gcx.clkx/wr_pntr_cdc_inst/dest_graysync_ff_reg[0][9]/C
Low Pulse Width   Fast    FDRE/C              n/a            0.500         4.000       3.500      SLICE_X27Y67    u_async_fifo_2048x8b/U0/inst_fifo_gen/gconvfifo.rf/grf.rf/gntv_or_sync_fifo.gcx.clkx/wr_pntr_cdc_inst/dest_graysync_ff_reg[0][9]/C
Low Pulse Width   Slow    FDRE/C              n/a            0.500         4.000       3.500      SLICE_X27Y67    u_async_fifo_2048x8b/U0/inst_fifo_gen/gconvfifo.rf/grf.rf/gntv_or_sync_fifo.gcx.clkx/wr_pntr_cdc_inst/dest_graysync_ff_reg[1][10]/C
Low Pulse Width   Fast    FDRE/C              n/a            0.500         4.000       3.500      SLICE_X27Y67    u_async_fifo_2048x8b/U0/inst_fifo_gen/gconvfifo.rf/grf.rf/gntv_or_sync_fifo.gcx.clkx/wr_pntr_cdc_inst/dest_graysync_ff_reg[1][10]/C
Low Pulse Width   Slow    FDRE/C              n/a            0.500         4.000       3.500      SLICE_X26Y67    u_async_fifo_2048x8b/U0/inst_fifo_gen/gconvfifo.rf/grf.rf/gntv_or_sync_fifo.gcx.clkx/wr_pntr_cdc_inst/dest_graysync_ff_reg[1][6]/C
Low Pulse Width   Fast    FDRE/C              n/a            0.500         4.000       3.500      SLICE_X26Y67    u_async_fifo_2048x8b/U0/inst_fifo_gen/gconvfifo.rf/grf.rf/gntv_or_sync_fifo.gcx.clkx/wr_pntr_cdc_inst/dest_graysync_ff_reg[1][6]/C
High Pulse Width  Slow    FDCE/C              n/a            0.500         4.000       3.500      SLICE_X37Y89    u_arp/u_arp_rx/arp_rx_done_reg/C
High Pulse Width  Slow    FDCE/C              n/a            0.500         4.000       3.500      SLICE_X37Y88    u_arp/u_arp_rx/arp_rx_type_reg/C
High Pulse Width  Slow    FDCE/C              n/a            0.500         4.000       3.500      SLICE_X36Y95    u_arp/u_arp_tx/data_cnt_reg[0]/C
High Pulse Width  Fast    FDCE/C              n/a            0.500         4.000       3.500      SLICE_X36Y95    u_arp/u_arp_tx/data_cnt_reg[0]/C
High Pulse Width  Slow    FDCE/C              n/a            0.500         4.000       3.500      SLICE_X37Y95    u_arp/u_arp_tx/data_cnt_reg[1]/C
High Pulse Width  Fast    FDCE/C              n/a            0.500         4.000       3.500      SLICE_X37Y95    u_arp/u_arp_tx/data_cnt_reg[1]/C
High Pulse Width  Slow    FDCE/C              n/a            0.500         4.000       3.500      SLICE_X37Y95    u_arp/u_arp_tx/data_cnt_reg[2]/C
High Pulse Width  Fast    FDCE/C              n/a            0.500         4.000       3.500      SLICE_X37Y95    u_arp/u_arp_tx/data_cnt_reg[2]/C
High Pulse Width  Slow    FDCE/C              n/a            0.500         4.000       3.500      SLICE_X37Y95    u_arp/u_arp_tx/data_cnt_reg[3]/C
High Pulse Width  Fast    FDCE/C              n/a            0.500         4.000       3.500      SLICE_X37Y95    u_arp/u_arp_tx/data_cnt_reg[3]/C



---------------------------------------------------------------------------------------------------
From Clock:  sys_clk
  To Clock:  sys_clk

Setup :           NA  Failing Endpoints,  Worst Slack           NA  ,  Total Violation           NA
Hold  :           NA  Failing Endpoints,  Worst Slack           NA  ,  Total Violation           NA
PW    :            0  Failing Endpoints,  Worst Slack        7.000ns,  Total Violation        0.000ns
---------------------------------------------------------------------------------------------------


Pulse Width Checks
--------------------------------------------------------------------------------------
Clock Name:         sys_clk
Waveform(ns):       { 0.000 10.000 }
Period(ns):         20.000
Sources:            { sys_clk }

Check Type        Corner  Lib Pin            Reference Pin  Required(ns)  Actual(ns)  Slack(ns)  Location         Pin
Min Period        n/a     MMCME2_ADV/CLKIN1  n/a            1.249         20.000      18.751     MMCME2_ADV_X0Y0  u_clk_wiz_0/inst/mmcm_adv_inst/CLKIN1
Max Period        n/a     MMCME2_ADV/CLKIN1  n/a            100.000       20.000      80.000     MMCME2_ADV_X0Y0  u_clk_wiz_0/inst/mmcm_adv_inst/CLKIN1
Low Pulse Width   Slow    MMCME2_ADV/CLKIN1  n/a            3.000         10.000      7.000      MMCME2_ADV_X0Y0  u_clk_wiz_0/inst/mmcm_adv_inst/CLKIN1
Low Pulse Width   Fast    MMCME2_ADV/CLKIN1  n/a            3.000         10.000      7.000      MMCME2_ADV_X0Y0  u_clk_wiz_0/inst/mmcm_adv_inst/CLKIN1
High Pulse Width  Slow    MMCME2_ADV/CLKIN1  n/a            3.000         10.000      7.000      MMCME2_ADV_X0Y0  u_clk_wiz_0/inst/mmcm_adv_inst/CLKIN1
High Pulse Width  Fast    MMCME2_ADV/CLKIN1  n/a            3.000         10.000      7.000      MMCME2_ADV_X0Y0  u_clk_wiz_0/inst/mmcm_adv_inst/CLKIN1



---------------------------------------------------------------------------------------------------
From Clock:  clk_out1_clk_wiz_0
  To Clock:  clk_out1_clk_wiz_0

Setup :           NA  Failing Endpoints,  Worst Slack           NA  ,  Total Violation           NA
Hold  :           NA  Failing Endpoints,  Worst Slack           NA  ,  Total Violation           NA
PW    :            0  Failing Endpoints,  Worst Slack        0.264ns,  Total Violation        0.000ns
---------------------------------------------------------------------------------------------------


Pulse Width Checks
--------------------------------------------------------------------------------------
Clock Name:         clk_out1_clk_wiz_0
Waveform(ns):       { 0.000 2.500 }
Period(ns):         5.000
Sources:            { u_clk_wiz_0/inst/mmcm_adv_inst/CLKOUT0 }

Check Type  Corner  Lib Pin             Reference Pin  Required(ns)  Actual(ns)  Slack(ns)  Location         Pin
Min Period  n/a     IDELAYCTRL/REFCLK   n/a            3.225         5.000       1.775      IDELAYCTRL_X0Y1  u_gmii_to_rgmii/u_rgmii_rx/IDELAYCTRL_inst/REFCLK
Min Period  n/a     BUFG/I              n/a            2.155         5.000       2.845      BUFGCTRL_X0Y0    u_clk_wiz_0/inst/clkout1_buf/I
Min Period  n/a     MMCME2_ADV/CLKOUT0  n/a            1.249         5.000       3.751      MMCME2_ADV_X0Y0  u_clk_wiz_0/inst/mmcm_adv_inst/CLKOUT0
Max Period  n/a     IDELAYCTRL/REFCLK   n/a            5.264         5.000       0.264      IDELAYCTRL_X0Y1  u_gmii_to_rgmii/u_rgmii_rx/IDELAYCTRL_inst/REFCLK
Max Period  n/a     MMCME2_ADV/CLKOUT0  n/a            213.360       5.000       208.360    MMCME2_ADV_X0Y0  u_clk_wiz_0/inst/mmcm_adv_inst/CLKOUT0



---------------------------------------------------------------------------------------------------
From Clock:  clk_out2_clk_wiz_0
  To Clock:  clk_out2_clk_wiz_0

Setup :            0  Failing Endpoints,  Worst Slack        3.630ns,  Total Violation        0.000ns
Hold  :            0  Failing Endpoints,  Worst Slack        0.229ns,  Total Violation        0.000ns
PW    :            0  Failing Endpoints,  Worst Slack        3.500ns,  Total Violation        0.000ns
---------------------------------------------------------------------------------------------------


Max Delay Paths
--------------------------------------------------------------------------------------
Slack (MET) :             3.630ns  (required time - arrival time)
  Source:                 u_gen_number/number_reg[0]/C
                            (rising edge-triggered cell FDCE clocked by clk_out2_clk_wiz_0  {rise@0.000ns fall@4.000ns period=8.000ns})
  Destination:            u_gen_number/number_reg[0]/D
                            (rising edge-triggered cell FDCE clocked by clk_out2_clk_wiz_0  {rise@0.000ns fall@4.000ns period=8.000ns})
  Path Group:             clk_out2_clk_wiz_0
  Path Type:              Setup (Max at Slow Process Corner)
  Requirement:            8.000ns  (clk_out2_clk_wiz_0 rise@8.000ns - clk_out2_clk_wiz_0 rise@0.000ns)
  Data Path Delay:        4.015ns  (logic 0.576ns (14.347%)  route 3.439ns (85.653%))
  Logic Levels:           1  (LUT1=1)
  Clock Path Skew:        0.000ns (DCD - SCD + CPR)
    Destination Clock Delay (DCD):    -1.244ns = ( 6.756 - 8.000 ) 
    Source Clock Delay      (SCD):    -0.594ns
    Clock Pessimism Removal (CPR):    0.650ns
  Clock Uncertainty:      0.085ns  ((TSJ^2 + DJ^2)^1/2) / 2 + PE
    Total System Jitter     (TSJ):    0.071ns
    Discrete Jitter          (DJ):    0.154ns
    Phase Error              (PE):    0.000ns

    Location             Delay type                Incr(ns)  Path(ns)    Netlist Resource(s)
  -------------------------------------------------------------------    -------------------
                         (clock clk_out2_clk_wiz_0 rise edge)
                                                      0.000     0.000 r  
    U18                                               0.000     0.000 r  sys_clk (IN)
                         net (fo=0)                   0.000     0.000    u_clk_wiz_0/inst/clk_in1
    U18                  IBUF (Prop_ibuf_I_O)         1.530     1.530 r  u_clk_wiz_0/inst/clkin1_ibufg/O
                         net (fo=1, routed)           1.285     2.815    u_clk_wiz_0/inst/clk_in1_clk_wiz_0
    MMCME2_ADV_X0Y0      MMCME2_ADV (Prop_mmcme2_adv_CLKIN1_CLKOUT1)
                                                     -7.010    -4.195 r  u_clk_wiz_0/inst/mmcm_adv_inst/CLKOUT1
                         net (fo=1, routed)           1.760    -2.435    u_clk_wiz_0/inst/clk_out2_clk_wiz_0
    BUFGCTRL_X0Y1        BUFG (Prop_bufg_I_O)         0.101    -2.334 r  u_clk_wiz_0/inst/clkout2_buf/O
                         net (fo=8, routed)           1.740    -0.594    u_gen_number/CLK
    SLICE_X36Y91         FDCE                                         r  u_gen_number/number_reg[0]/C
  -------------------------------------------------------------------    -------------------
    SLICE_X36Y91         FDCE (Prop_fdce_C_Q)         0.456    -0.138 f  u_gen_number/number_reg[0]/Q
                         net (fo=8, routed)           3.051     2.913    u_gen_number/number[0]
    SLICE_X36Y91         LUT1 (Prop_lut1_I0_O)        0.120     3.033 r  u_gen_number/number[0]_i_1/O
                         net (fo=1, routed)           0.388     3.421    u_gen_number/p_0_in[0]
    SLICE_X36Y91         FDCE                                         r  u_gen_number/number_reg[0]/D
  -------------------------------------------------------------------    -------------------

                         (clock clk_out2_clk_wiz_0 rise edge)
                                                      8.000     8.000 r  
    U18                                               0.000     8.000 r  sys_clk (IN)
                         net (fo=0)                   0.000     8.000    u_clk_wiz_0/inst/clk_in1
    U18                  IBUF (Prop_ibuf_I_O)         1.459     9.459 r  u_clk_wiz_0/inst/clkin1_ibufg/O
                         net (fo=1, routed)           1.162    10.621    u_clk_wiz_0/inst/clk_in1_clk_wiz_0
    MMCME2_ADV_X0Y0      MMCME2_ADV (Prop_mmcme2_adv_CLKIN1_CLKOUT1)
                                                     -7.118     3.502 r  u_clk_wiz_0/inst/mmcm_adv_inst/CLKOUT1
                         net (fo=1, routed)           1.599     5.102    u_clk_wiz_0/inst/clk_out2_clk_wiz_0
    BUFGCTRL_X0Y1        BUFG (Prop_bufg_I_O)         0.091     5.193 r  u_clk_wiz_0/inst/clkout2_buf/O
                         net (fo=8, routed)           1.564     6.756    u_gen_number/CLK
    SLICE_X36Y91         FDCE                                         r  u_gen_number/number_reg[0]/C
                         clock pessimism              0.650     7.406    
                         clock uncertainty           -0.085     7.321    
    SLICE_X36Y91         FDCE (Setup_fdce_C_D)       -0.270     7.051    u_gen_number/number_reg[0]
  -------------------------------------------------------------------
                         required time                          7.051    
                         arrival time                          -3.421    
  -------------------------------------------------------------------
                         slack                                  3.630    

Slack (MET) :             3.822ns  (required time - arrival time)
  Source:                 u_gen_number/number_reg[3]/C
                            (rising edge-triggered cell FDCE clocked by clk_out2_clk_wiz_0  {rise@0.000ns fall@4.000ns period=8.000ns})
  Destination:            u_gen_number/number_reg[6]/D
                            (rising edge-triggered cell FDCE clocked by clk_out2_clk_wiz_0  {rise@0.000ns fall@4.000ns period=8.000ns})
  Path Group:             clk_out2_clk_wiz_0
  Path Type:              Setup (Max at Slow Process Corner)
  Requirement:            8.000ns  (clk_out2_clk_wiz_0 rise@8.000ns - clk_out2_clk_wiz_0 rise@0.000ns)
  Data Path Delay:        3.987ns  (logic 0.704ns (17.658%)  route 3.283ns (82.342%))
  Logic Levels:           2  (LUT2=1 LUT6=1)
  Clock Path Skew:        -0.137ns (DCD - SCD + CPR)
    Destination Clock Delay (DCD):    -1.319ns = ( 6.681 - 8.000 ) 
    Source Clock Delay      (SCD):    -0.594ns
    Clock Pessimism Removal (CPR):    0.588ns
  Clock Uncertainty:      0.085ns  ((TSJ^2 + DJ^2)^1/2) / 2 + PE
    Total System Jitter     (TSJ):    0.071ns
    Discrete Jitter          (DJ):    0.154ns
    Phase Error              (PE):    0.000ns

    Location             Delay type                Incr(ns)  Path(ns)    Netlist Resource(s)
  -------------------------------------------------------------------    -------------------
                         (clock clk_out2_clk_wiz_0 rise edge)
                                                      0.000     0.000 r  
    U18                                               0.000     0.000 r  sys_clk (IN)
                         net (fo=0)                   0.000     0.000    u_clk_wiz_0/inst/clk_in1
    U18                  IBUF (Prop_ibuf_I_O)         1.530     1.530 r  u_clk_wiz_0/inst/clkin1_ibufg/O
                         net (fo=1, routed)           1.285     2.815    u_clk_wiz_0/inst/clk_in1_clk_wiz_0
    MMCME2_ADV_X0Y0      MMCME2_ADV (Prop_mmcme2_adv_CLKIN1_CLKOUT1)
                                                     -7.010    -4.195 r  u_clk_wiz_0/inst/mmcm_adv_inst/CLKOUT1
                         net (fo=1, routed)           1.760    -2.435    u_clk_wiz_0/inst/clk_out2_clk_wiz_0
    BUFGCTRL_X0Y1        BUFG (Prop_bufg_I_O)         0.101    -2.334 r  u_clk_wiz_0/inst/clkout2_buf/O
                         net (fo=8, routed)           1.740    -0.594    u_gen_number/CLK
    SLICE_X36Y92         FDCE                                         r  u_gen_number/number_reg[3]/C
  -------------------------------------------------------------------    -------------------
    SLICE_X36Y92         FDCE (Prop_fdce_C_Q)         0.456    -0.138 r  u_gen_number/number_reg[3]/Q
                         net (fo=5, routed)           2.264     2.126    u_gen_number/Q[2]
    SLICE_X36Y92         LUT6 (Prop_lut6_I1_O)        0.124     2.250 r  u_gen_number/number[7]_i_2/O
                         net (fo=2, routed)           1.019     3.269    u_gen_number/number[7]_i_2_n_0
    SLICE_X35Y92         LUT2 (Prop_lut2_I0_O)        0.124     3.393 r  u_gen_number/number[6]_i_1/O
                         net (fo=1, routed)           0.000     3.393    u_gen_number/p_0_in[6]
    SLICE_X35Y92         FDCE                                         r  u_gen_number/number_reg[6]/D
  -------------------------------------------------------------------    -------------------

                         (clock clk_out2_clk_wiz_0 rise edge)
                                                      8.000     8.000 r  
    U18                                               0.000     8.000 r  sys_clk (IN)
                         net (fo=0)                   0.000     8.000    u_clk_wiz_0/inst/clk_in1
    U18                  IBUF (Prop_ibuf_I_O)         1.459     9.459 r  u_clk_wiz_0/inst/clkin1_ibufg/O
                         net (fo=1, routed)           1.162    10.621    u_clk_wiz_0/inst/clk_in1_clk_wiz_0
    MMCME2_ADV_X0Y0      MMCME2_ADV (Prop_mmcme2_adv_CLKIN1_CLKOUT1)
                                                     -7.118     3.502 r  u_clk_wiz_0/inst/mmcm_adv_inst/CLKOUT1
                         net (fo=1, routed)           1.599     5.102    u_clk_wiz_0/inst/clk_out2_clk_wiz_0
    BUFGCTRL_X0Y1        BUFG (Prop_bufg_I_O)         0.091     5.193 r  u_clk_wiz_0/inst/clkout2_buf/O
                         net (fo=8, routed)           1.489     6.681    u_gen_number/CLK
    SLICE_X35Y92         FDCE                                         r  u_gen_number/number_reg[6]/C
                         clock pessimism              0.588     7.269    
                         clock uncertainty           -0.085     7.184    
    SLICE_X35Y92         FDCE (Setup_fdce_C_D)        0.031     7.215    u_gen_number/number_reg[6]
  -------------------------------------------------------------------
                         required time                          7.215    
                         arrival time                          -3.393    
  -------------------------------------------------------------------
                         slack                                  3.822    

Slack (MET) :             3.838ns  (required time - arrival time)
  Source:                 u_gen_number/number_reg[3]/C
                            (rising edge-triggered cell FDCE clocked by clk_out2_clk_wiz_0  {rise@0.000ns fall@4.000ns period=8.000ns})
  Destination:            u_gen_number/number_reg[7]/D
                            (rising edge-triggered cell FDCE clocked by clk_out2_clk_wiz_0  {rise@0.000ns fall@4.000ns period=8.000ns})
  Path Group:             clk_out2_clk_wiz_0
  Path Type:              Setup (Max at Slow Process Corner)
  Requirement:            8.000ns  (clk_out2_clk_wiz_0 rise@8.000ns - clk_out2_clk_wiz_0 rise@0.000ns)
  Data Path Delay:        4.015ns  (logic 0.732ns (18.232%)  route 3.283ns (81.768%))
  Logic Levels:           2  (LUT3=1 LUT6=1)
  Clock Path Skew:        -0.137ns (DCD - SCD + CPR)
    Destination Clock Delay (DCD):    -1.319ns = ( 6.681 - 8.000 ) 
    Source Clock Delay      (SCD):    -0.594ns
    Clock Pessimism Removal (CPR):    0.588ns
  Clock Uncertainty:      0.085ns  ((TSJ^2 + DJ^2)^1/2) / 2 + PE
    Total System Jitter     (TSJ):    0.071ns
    Discrete Jitter          (DJ):    0.154ns
    Phase Error              (PE):    0.000ns

    Location             Delay type                Incr(ns)  Path(ns)    Netlist Resource(s)
  -------------------------------------------------------------------    -------------------
                         (clock clk_out2_clk_wiz_0 rise edge)
                                                      0.000     0.000 r  
    U18                                               0.000     0.000 r  sys_clk (IN)
                         net (fo=0)                   0.000     0.000    u_clk_wiz_0/inst/clk_in1
    U18                  IBUF (Prop_ibuf_I_O)         1.530     1.530 r  u_clk_wiz_0/inst/clkin1_ibufg/O
                         net (fo=1, routed)           1.285     2.815    u_clk_wiz_0/inst/clk_in1_clk_wiz_0
    MMCME2_ADV_X0Y0      MMCME2_ADV (Prop_mmcme2_adv_CLKIN1_CLKOUT1)
                                                     -7.010    -4.195 r  u_clk_wiz_0/inst/mmcm_adv_inst/CLKOUT1
                         net (fo=1, routed)           1.760    -2.435    u_clk_wiz_0/inst/clk_out2_clk_wiz_0
    BUFGCTRL_X0Y1        BUFG (Prop_bufg_I_O)         0.101    -2.334 r  u_clk_wiz_0/inst/clkout2_buf/O
                         net (fo=8, routed)           1.740    -0.594    u_gen_number/CLK
    SLICE_X36Y92         FDCE                                         r  u_gen_number/number_reg[3]/C
  -------------------------------------------------------------------    -------------------
    SLICE_X36Y92         FDCE (Prop_fdce_C_Q)         0.456    -0.138 r  u_gen_number/number_reg[3]/Q
                         net (fo=5, routed)           2.264     2.126    u_gen_number/Q[2]
    SLICE_X36Y92         LUT6 (Prop_lut6_I1_O)        0.124     2.250 r  u_gen_number/number[7]_i_2/O
                         net (fo=2, routed)           1.019     3.269    u_gen_number/number[7]_i_2_n_0
    SLICE_X35Y92         LUT3 (Prop_lut3_I0_O)        0.152     3.421 r  u_gen_number/number[7]_i_1/O
                         net (fo=1, routed)           0.000     3.421    u_gen_number/p_0_in[7]
    SLICE_X35Y92         FDCE                                         r  u_gen_number/number_reg[7]/D
  -------------------------------------------------------------------    -------------------

                         (clock clk_out2_clk_wiz_0 rise edge)
                                                      8.000     8.000 r  
    U18                                               0.000     8.000 r  sys_clk (IN)
                         net (fo=0)                   0.000     8.000    u_clk_wiz_0/inst/clk_in1
    U18                  IBUF (Prop_ibuf_I_O)         1.459     9.459 r  u_clk_wiz_0/inst/clkin1_ibufg/O
                         net (fo=1, routed)           1.162    10.621    u_clk_wiz_0/inst/clk_in1_clk_wiz_0
    MMCME2_ADV_X0Y0      MMCME2_ADV (Prop_mmcme2_adv_CLKIN1_CLKOUT1)
                                                     -7.118     3.502 r  u_clk_wiz_0/inst/mmcm_adv_inst/CLKOUT1
                         net (fo=1, routed)           1.599     5.102    u_clk_wiz_0/inst/clk_out2_clk_wiz_0
    BUFGCTRL_X0Y1        BUFG (Prop_bufg_I_O)         0.091     5.193 r  u_clk_wiz_0/inst/clkout2_buf/O
                         net (fo=8, routed)           1.489     6.681    u_gen_number/CLK
    SLICE_X35Y92         FDCE                                         r  u_gen_number/number_reg[7]/C
                         clock pessimism              0.588     7.269    
                         clock uncertainty           -0.085     7.184    
    SLICE_X35Y92         FDCE (Setup_fdce_C_D)        0.075     7.259    u_gen_number/number_reg[7]
  -------------------------------------------------------------------
                         required time                          7.259    
                         arrival time                          -3.421    
  -------------------------------------------------------------------
                         slack                                  3.838    

Slack (MET) :             4.823ns  (required time - arrival time)
  Source:                 u_gen_number/number_reg[1]/C
                            (rising edge-triggered cell FDCE clocked by clk_out2_clk_wiz_0  {rise@0.000ns fall@4.000ns period=8.000ns})
  Destination:            u_gen_number/number_reg[3]/D
                            (rising edge-triggered cell FDCE clocked by clk_out2_clk_wiz_0  {rise@0.000ns fall@4.000ns period=8.000ns})
  Path Group:             clk_out2_clk_wiz_0
  Path Type:              Setup (Max at Slow Process Corner)
  Requirement:            8.000ns  (clk_out2_clk_wiz_0 rise@8.000ns - clk_out2_clk_wiz_0 rise@0.000ns)
  Data Path Delay:        3.098ns  (logic 0.580ns (18.722%)  route 2.518ns (81.278%))
  Logic Levels:           1  (LUT4=1)
  Clock Path Skew:        -0.025ns (DCD - SCD + CPR)
    Destination Clock Delay (DCD):    -1.244ns = ( 6.756 - 8.000 ) 
    Source Clock Delay      (SCD):    -0.594ns
    Clock Pessimism Removal (CPR):    0.625ns
  Clock Uncertainty:      0.085ns  ((TSJ^2 + DJ^2)^1/2) / 2 + PE
    Total System Jitter     (TSJ):    0.071ns
    Discrete Jitter          (DJ):    0.154ns
    Phase Error              (PE):    0.000ns

    Location             Delay type                Incr(ns)  Path(ns)    Netlist Resource(s)
  -------------------------------------------------------------------    -------------------
                         (clock clk_out2_clk_wiz_0 rise edge)
                                                      0.000     0.000 r  
    U18                                               0.000     0.000 r  sys_clk (IN)
                         net (fo=0)                   0.000     0.000    u_clk_wiz_0/inst/clk_in1
    U18                  IBUF (Prop_ibuf_I_O)         1.530     1.530 r  u_clk_wiz_0/inst/clkin1_ibufg/O
                         net (fo=1, routed)           1.285     2.815    u_clk_wiz_0/inst/clk_in1_clk_wiz_0
    MMCME2_ADV_X0Y0      MMCME2_ADV (Prop_mmcme2_adv_CLKIN1_CLKOUT1)
                                                     -7.010    -4.195 r  u_clk_wiz_0/inst/mmcm_adv_inst/CLKOUT1
                         net (fo=1, routed)           1.760    -2.435    u_clk_wiz_0/inst/clk_out2_clk_wiz_0
    BUFGCTRL_X0Y1        BUFG (Prop_bufg_I_O)         0.101    -2.334 r  u_clk_wiz_0/inst/clkout2_buf/O
                         net (fo=8, routed)           1.740    -0.594    u_gen_number/CLK
    SLICE_X36Y91         FDCE                                         r  u_gen_number/number_reg[1]/C
  -------------------------------------------------------------------    -------------------
    SLICE_X36Y91         FDCE (Prop_fdce_C_Q)         0.456    -0.138 r  u_gen_number/number_reg[1]/Q
                         net (fo=7, routed)           2.518     2.380    u_gen_number/Q[0]
    SLICE_X36Y92         LUT4 (Prop_lut4_I0_O)        0.124     2.504 r  u_gen_number/number[3]_i_1/O
                         net (fo=1, routed)           0.000     2.504    u_gen_number/p_0_in[3]
    SLICE_X36Y92         FDCE                                         r  u_gen_number/number_reg[3]/D
  -------------------------------------------------------------------    -------------------

                         (clock clk_out2_clk_wiz_0 rise edge)
                                                      8.000     8.000 r  
    U18                                               0.000     8.000 r  sys_clk (IN)
                         net (fo=0)                   0.000     8.000    u_clk_wiz_0/inst/clk_in1
    U18                  IBUF (Prop_ibuf_I_O)         1.459     9.459 r  u_clk_wiz_0/inst/clkin1_ibufg/O
                         net (fo=1, routed)           1.162    10.621    u_clk_wiz_0/inst/clk_in1_clk_wiz_0
    MMCME2_ADV_X0Y0      MMCME2_ADV (Prop_mmcme2_adv_CLKIN1_CLKOUT1)
                                                     -7.118     3.502 r  u_clk_wiz_0/inst/mmcm_adv_inst/CLKOUT1
                         net (fo=1, routed)           1.599     5.102    u_clk_wiz_0/inst/clk_out2_clk_wiz_0
    BUFGCTRL_X0Y1        BUFG (Prop_bufg_I_O)         0.091     5.193 r  u_clk_wiz_0/inst/clkout2_buf/O
                         net (fo=8, routed)           1.564     6.756    u_gen_number/CLK
    SLICE_X36Y92         FDCE                                         r  u_gen_number/number_reg[3]/C
                         clock pessimism              0.625     7.381    
                         clock uncertainty           -0.085     7.296    
    SLICE_X36Y92         FDCE (Setup_fdce_C_D)        0.031     7.327    u_gen_number/number_reg[3]
  -------------------------------------------------------------------
                         required time                          7.327    
                         arrival time                          -2.504    
  -------------------------------------------------------------------
                         slack                                  4.823    

Slack (MET) :             4.839ns  (required time - arrival time)
  Source:                 u_gen_number/number_reg[1]/C
                            (rising edge-triggered cell FDCE clocked by clk_out2_clk_wiz_0  {rise@0.000ns fall@4.000ns period=8.000ns})
  Destination:            u_gen_number/number_reg[4]/D
                            (rising edge-triggered cell FDCE clocked by clk_out2_clk_wiz_0  {rise@0.000ns fall@4.000ns period=8.000ns})
  Path Group:             clk_out2_clk_wiz_0
  Path Type:              Setup (Max at Slow Process Corner)
  Requirement:            8.000ns  (clk_out2_clk_wiz_0 rise@8.000ns - clk_out2_clk_wiz_0 rise@0.000ns)
  Data Path Delay:        3.126ns  (logic 0.608ns (19.450%)  route 2.518ns (80.550%))
  Logic Levels:           1  (LUT5=1)
  Clock Path Skew:        -0.025ns (DCD - SCD + CPR)
    Destination Clock Delay (DCD):    -1.244ns = ( 6.756 - 8.000 ) 
    Source Clock Delay      (SCD):    -0.594ns
    Clock Pessimism Removal (CPR):    0.625ns
  Clock Uncertainty:      0.085ns  ((TSJ^2 + DJ^2)^1/2) / 2 + PE
    Total System Jitter     (TSJ):    0.071ns
    Discrete Jitter          (DJ):    0.154ns
    Phase Error              (PE):    0.000ns

    Location             Delay type                Incr(ns)  Path(ns)    Netlist Resource(s)
  -------------------------------------------------------------------    -------------------
                         (clock clk_out2_clk_wiz_0 rise edge)
                                                      0.000     0.000 r  
    U18                                               0.000     0.000 r  sys_clk (IN)
                         net (fo=0)                   0.000     0.000    u_clk_wiz_0/inst/clk_in1
    U18                  IBUF (Prop_ibuf_I_O)         1.530     1.530 r  u_clk_wiz_0/inst/clkin1_ibufg/O
                         net (fo=1, routed)           1.285     2.815    u_clk_wiz_0/inst/clk_in1_clk_wiz_0
    MMCME2_ADV_X0Y0      MMCME2_ADV (Prop_mmcme2_adv_CLKIN1_CLKOUT1)
                                                     -7.010    -4.195 r  u_clk_wiz_0/inst/mmcm_adv_inst/CLKOUT1
                         net (fo=1, routed)           1.760    -2.435    u_clk_wiz_0/inst/clk_out2_clk_wiz_0
    BUFGCTRL_X0Y1        BUFG (Prop_bufg_I_O)         0.101    -2.334 r  u_clk_wiz_0/inst/clkout2_buf/O
                         net (fo=8, routed)           1.740    -0.594    u_gen_number/CLK
    SLICE_X36Y91         FDCE                                         r  u_gen_number/number_reg[1]/C
  -------------------------------------------------------------------    -------------------
    SLICE_X36Y91         FDCE (Prop_fdce_C_Q)         0.456    -0.138 r  u_gen_number/number_reg[1]/Q
                         net (fo=7, routed)           2.518     2.380    u_gen_number/Q[0]
    SLICE_X36Y92         LUT5 (Prop_lut5_I2_O)        0.152     2.532 r  u_gen_number/number[4]_i_1/O
                         net (fo=1, routed)           0.000     2.532    u_gen_number/p_0_in[4]
    SLICE_X36Y92         FDCE                                         r  u_gen_number/number_reg[4]/D
  -------------------------------------------------------------------    -------------------

                         (clock clk_out2_clk_wiz_0 rise edge)
                                                      8.000     8.000 r  
    U18                                               0.000     8.000 r  sys_clk (IN)
                         net (fo=0)                   0.000     8.000    u_clk_wiz_0/inst/clk_in1
    U18                  IBUF (Prop_ibuf_I_O)         1.459     9.459 r  u_clk_wiz_0/inst/clkin1_ibufg/O
                         net (fo=1, routed)           1.162    10.621    u_clk_wiz_0/inst/clk_in1_clk_wiz_0
    MMCME2_ADV_X0Y0      MMCME2_ADV (Prop_mmcme2_adv_CLKIN1_CLKOUT1)
                                                     -7.118     3.502 r  u_clk_wiz_0/inst/mmcm_adv_inst/CLKOUT1
                         net (fo=1, routed)           1.599     5.102    u_clk_wiz_0/inst/clk_out2_clk_wiz_0
    BUFGCTRL_X0Y1        BUFG (Prop_bufg_I_O)         0.091     5.193 r  u_clk_wiz_0/inst/clkout2_buf/O
                         net (fo=8, routed)           1.564     6.756    u_gen_number/CLK
    SLICE_X36Y92         FDCE                                         r  u_gen_number/number_reg[4]/C
                         clock pessimism              0.625     7.381    
                         clock uncertainty           -0.085     7.296    
    SLICE_X36Y92         FDCE (Setup_fdce_C_D)        0.075     7.371    u_gen_number/number_reg[4]
  -------------------------------------------------------------------
                         required time                          7.371    
                         arrival time                          -2.532    
  -------------------------------------------------------------------
                         slack                                  4.839    

Slack (MET) :             5.103ns  (required time - arrival time)
  Source:                 u_gen_number/number_reg[3]/C
                            (rising edge-triggered cell FDCE clocked by clk_out2_clk_wiz_0  {rise@0.000ns fall@4.000ns period=8.000ns})
  Destination:            u_gen_number/number_reg[5]/D
                            (rising edge-triggered cell FDCE clocked by clk_out2_clk_wiz_0  {rise@0.000ns fall@4.000ns period=8.000ns})
  Path Group:             clk_out2_clk_wiz_0
  Path Type:              Setup (Max at Slow Process Corner)
  Requirement:            8.000ns  (clk_out2_clk_wiz_0 rise@8.000ns - clk_out2_clk_wiz_0 rise@0.000ns)
  Data Path Delay:        2.843ns  (logic 0.580ns (20.403%)  route 2.263ns (79.597%))
  Logic Levels:           1  (LUT6=1)
  Clock Path Skew:        0.000ns (DCD - SCD + CPR)
    Destination Clock Delay (DCD):    -1.244ns = ( 6.756 - 8.000 ) 
    Source Clock Delay      (SCD):    -0.594ns
    Clock Pessimism Removal (CPR):    0.650ns
  Clock Uncertainty:      0.085ns  ((TSJ^2 + DJ^2)^1/2) / 2 + PE
    Total System Jitter     (TSJ):    0.071ns
    Discrete Jitter          (DJ):    0.154ns
    Phase Error              (PE):    0.000ns

    Location             Delay type                Incr(ns)  Path(ns)    Netlist Resource(s)
  -------------------------------------------------------------------    -------------------
                         (clock clk_out2_clk_wiz_0 rise edge)
                                                      0.000     0.000 r  
    U18                                               0.000     0.000 r  sys_clk (IN)
                         net (fo=0)                   0.000     0.000    u_clk_wiz_0/inst/clk_in1
    U18                  IBUF (Prop_ibuf_I_O)         1.530     1.530 r  u_clk_wiz_0/inst/clkin1_ibufg/O
                         net (fo=1, routed)           1.285     2.815    u_clk_wiz_0/inst/clk_in1_clk_wiz_0
    MMCME2_ADV_X0Y0      MMCME2_ADV (Prop_mmcme2_adv_CLKIN1_CLKOUT1)
                                                     -7.010    -4.195 r  u_clk_wiz_0/inst/mmcm_adv_inst/CLKOUT1
                         net (fo=1, routed)           1.760    -2.435    u_clk_wiz_0/inst/clk_out2_clk_wiz_0
    BUFGCTRL_X0Y1        BUFG (Prop_bufg_I_O)         0.101    -2.334 r  u_clk_wiz_0/inst/clkout2_buf/O
                         net (fo=8, routed)           1.740    -0.594    u_gen_number/CLK
    SLICE_X36Y92         FDCE                                         r  u_gen_number/number_reg[3]/C
  -------------------------------------------------------------------    -------------------
    SLICE_X36Y92         FDCE (Prop_fdce_C_Q)         0.456    -0.138 r  u_gen_number/number_reg[3]/Q
                         net (fo=5, routed)           2.263     2.125    u_gen_number/Q[2]
    SLICE_X36Y92         LUT6 (Prop_lut6_I0_O)        0.124     2.249 r  u_gen_number/number[5]_i_1/O
                         net (fo=1, routed)           0.000     2.249    u_gen_number/p_0_in[5]
    SLICE_X36Y92         FDCE                                         r  u_gen_number/number_reg[5]/D
  -------------------------------------------------------------------    -------------------

                         (clock clk_out2_clk_wiz_0 rise edge)
                                                      8.000     8.000 r  
    U18                                               0.000     8.000 r  sys_clk (IN)
                         net (fo=0)                   0.000     8.000    u_clk_wiz_0/inst/clk_in1
    U18                  IBUF (Prop_ibuf_I_O)         1.459     9.459 r  u_clk_wiz_0/inst/clkin1_ibufg/O
                         net (fo=1, routed)           1.162    10.621    u_clk_wiz_0/inst/clk_in1_clk_wiz_0
    MMCME2_ADV_X0Y0      MMCME2_ADV (Prop_mmcme2_adv_CLKIN1_CLKOUT1)
                                                     -7.118     3.502 r  u_clk_wiz_0/inst/mmcm_adv_inst/CLKOUT1
                         net (fo=1, routed)           1.599     5.102    u_clk_wiz_0/inst/clk_out2_clk_wiz_0
    BUFGCTRL_X0Y1        BUFG (Prop_bufg_I_O)         0.091     5.193 r  u_clk_wiz_0/inst/clkout2_buf/O
                         net (fo=8, routed)           1.564     6.756    u_gen_number/CLK
    SLICE_X36Y92         FDCE                                         r  u_gen_number/number_reg[5]/C
                         clock pessimism              0.650     7.406    
                         clock uncertainty           -0.085     7.321    
    SLICE_X36Y92         FDCE (Setup_fdce_C_D)        0.031     7.352    u_gen_number/number_reg[5]
  -------------------------------------------------------------------
                         required time                          7.352    
                         arrival time                          -2.249    
  -------------------------------------------------------------------
                         slack                                  5.103    

Slack (MET) :             5.447ns  (required time - arrival time)
  Source:                 u_gen_number/number_reg[0]/C
                            (rising edge-triggered cell FDCE clocked by clk_out2_clk_wiz_0  {rise@0.000ns fall@4.000ns period=8.000ns})
  Destination:            u_gen_number/number_reg[1]/D
                            (rising edge-triggered cell FDCE clocked by clk_out2_clk_wiz_0  {rise@0.000ns fall@4.000ns period=8.000ns})
  Path Group:             clk_out2_clk_wiz_0
  Path Type:              Setup (Max at Slow Process Corner)
  Requirement:            8.000ns  (clk_out2_clk_wiz_0 rise@8.000ns - clk_out2_clk_wiz_0 rise@0.000ns)
  Data Path Delay:        2.499ns  (logic 0.580ns (23.207%)  route 1.919ns (76.793%))
  Logic Levels:           1  (LUT2=1)
  Clock Path Skew:        0.000ns (DCD - SCD + CPR)
    Destination Clock Delay (DCD):    -1.244ns = ( 6.756 - 8.000 ) 
    Source Clock Delay      (SCD):    -0.594ns
    Clock Pessimism Removal (CPR):    0.650ns
  Clock Uncertainty:      0.085ns  ((TSJ^2 + DJ^2)^1/2) / 2 + PE
    Total System Jitter     (TSJ):    0.071ns
    Discrete Jitter          (DJ):    0.154ns
    Phase Error              (PE):    0.000ns

    Location             Delay type                Incr(ns)  Path(ns)    Netlist Resource(s)
  -------------------------------------------------------------------    -------------------
                         (clock clk_out2_clk_wiz_0 rise edge)
                                                      0.000     0.000 r  
    U18                                               0.000     0.000 r  sys_clk (IN)
                         net (fo=0)                   0.000     0.000    u_clk_wiz_0/inst/clk_in1
    U18                  IBUF (Prop_ibuf_I_O)         1.530     1.530 r  u_clk_wiz_0/inst/clkin1_ibufg/O
                         net (fo=1, routed)           1.285     2.815    u_clk_wiz_0/inst/clk_in1_clk_wiz_0
    MMCME2_ADV_X0Y0      MMCME2_ADV (Prop_mmcme2_adv_CLKIN1_CLKOUT1)
                                                     -7.010    -4.195 r  u_clk_wiz_0/inst/mmcm_adv_inst/CLKOUT1
                         net (fo=1, routed)           1.760    -2.435    u_clk_wiz_0/inst/clk_out2_clk_wiz_0
    BUFGCTRL_X0Y1        BUFG (Prop_bufg_I_O)         0.101    -2.334 r  u_clk_wiz_0/inst/clkout2_buf/O
                         net (fo=8, routed)           1.740    -0.594    u_gen_number/CLK
    SLICE_X36Y91         FDCE                                         r  u_gen_number/number_reg[0]/C
  -------------------------------------------------------------------    -------------------
    SLICE_X36Y91         FDCE (Prop_fdce_C_Q)         0.456    -0.138 r  u_gen_number/number_reg[0]/Q
                         net (fo=8, routed)           1.919     1.781    u_gen_number/number[0]
    SLICE_X36Y91         LUT2 (Prop_lut2_I0_O)        0.124     1.905 r  u_gen_number/number[1]_i_1/O
                         net (fo=1, routed)           0.000     1.905    u_gen_number/p_0_in[1]
    SLICE_X36Y91         FDCE                                         r  u_gen_number/number_reg[1]/D
  -------------------------------------------------------------------    -------------------

                         (clock clk_out2_clk_wiz_0 rise edge)
                                                      8.000     8.000 r  
    U18                                               0.000     8.000 r  sys_clk (IN)
                         net (fo=0)                   0.000     8.000    u_clk_wiz_0/inst/clk_in1
    U18                  IBUF (Prop_ibuf_I_O)         1.459     9.459 r  u_clk_wiz_0/inst/clkin1_ibufg/O
                         net (fo=1, routed)           1.162    10.621    u_clk_wiz_0/inst/clk_in1_clk_wiz_0
    MMCME2_ADV_X0Y0      MMCME2_ADV (Prop_mmcme2_adv_CLKIN1_CLKOUT1)
                                                     -7.118     3.502 r  u_clk_wiz_0/inst/mmcm_adv_inst/CLKOUT1
                         net (fo=1, routed)           1.599     5.102    u_clk_wiz_0/inst/clk_out2_clk_wiz_0
    BUFGCTRL_X0Y1        BUFG (Prop_bufg_I_O)         0.091     5.193 r  u_clk_wiz_0/inst/clkout2_buf/O
                         net (fo=8, routed)           1.564     6.756    u_gen_number/CLK
    SLICE_X36Y91         FDCE                                         r  u_gen_number/number_reg[1]/C
                         clock pessimism              0.650     7.406    
                         clock uncertainty           -0.085     7.321    
    SLICE_X36Y91         FDCE (Setup_fdce_C_D)        0.031     7.352    u_gen_number/number_reg[1]
  -------------------------------------------------------------------
                         required time                          7.352    
                         arrival time                          -1.905    
  -------------------------------------------------------------------
                         slack                                  5.447    

Slack (MET) :             5.463ns  (required time - arrival time)
  Source:                 u_gen_number/number_reg[0]/C
                            (rising edge-triggered cell FDCE clocked by clk_out2_clk_wiz_0  {rise@0.000ns fall@4.000ns period=8.000ns})
  Destination:            u_gen_number/number_reg[2]/D
                            (rising edge-triggered cell FDCE clocked by clk_out2_clk_wiz_0  {rise@0.000ns fall@4.000ns period=8.000ns})
  Path Group:             clk_out2_clk_wiz_0
  Path Type:              Setup (Max at Slow Process Corner)
  Requirement:            8.000ns  (clk_out2_clk_wiz_0 rise@8.000ns - clk_out2_clk_wiz_0 rise@0.000ns)
  Data Path Delay:        2.527ns  (logic 0.608ns (24.058%)  route 1.919ns (75.942%))
  Logic Levels:           1  (LUT3=1)
  Clock Path Skew:        0.000ns (DCD - SCD + CPR)
    Destination Clock Delay (DCD):    -1.244ns = ( 6.756 - 8.000 ) 
    Source Clock Delay      (SCD):    -0.594ns
    Clock Pessimism Removal (CPR):    0.650ns
  Clock Uncertainty:      0.085ns  ((TSJ^2 + DJ^2)^1/2) / 2 + PE
    Total System Jitter     (TSJ):    0.071ns
    Discrete Jitter          (DJ):    0.154ns
    Phase Error              (PE):    0.000ns

    Location             Delay type                Incr(ns)  Path(ns)    Netlist Resource(s)
  -------------------------------------------------------------------    -------------------
                         (clock clk_out2_clk_wiz_0 rise edge)
                                                      0.000     0.000 r  
    U18                                               0.000     0.000 r  sys_clk (IN)
                         net (fo=0)                   0.000     0.000    u_clk_wiz_0/inst/clk_in1
    U18                  IBUF (Prop_ibuf_I_O)         1.530     1.530 r  u_clk_wiz_0/inst/clkin1_ibufg/O
                         net (fo=1, routed)           1.285     2.815    u_clk_wiz_0/inst/clk_in1_clk_wiz_0
    MMCME2_ADV_X0Y0      MMCME2_ADV (Prop_mmcme2_adv_CLKIN1_CLKOUT1)
                                                     -7.010    -4.195 r  u_clk_wiz_0/inst/mmcm_adv_inst/CLKOUT1
                         net (fo=1, routed)           1.760    -2.435    u_clk_wiz_0/inst/clk_out2_clk_wiz_0
    BUFGCTRL_X0Y1        BUFG (Prop_bufg_I_O)         0.101    -2.334 r  u_clk_wiz_0/inst/clkout2_buf/O
                         net (fo=8, routed)           1.740    -0.594    u_gen_number/CLK
    SLICE_X36Y91         FDCE                                         r  u_gen_number/number_reg[0]/C
  -------------------------------------------------------------------    -------------------
    SLICE_X36Y91         FDCE (Prop_fdce_C_Q)         0.456    -0.138 r  u_gen_number/number_reg[0]/Q
                         net (fo=8, routed)           1.919     1.781    u_gen_number/number[0]
    SLICE_X36Y91         LUT3 (Prop_lut3_I0_O)        0.152     1.933 r  u_gen_number/number[2]_i_1/O
                         net (fo=1, routed)           0.000     1.933    u_gen_number/p_0_in[2]
    SLICE_X36Y91         FDCE                                         r  u_gen_number/number_reg[2]/D
  -------------------------------------------------------------------    -------------------

                         (clock clk_out2_clk_wiz_0 rise edge)
                                                      8.000     8.000 r  
    U18                                               0.000     8.000 r  sys_clk (IN)
                         net (fo=0)                   0.000     8.000    u_clk_wiz_0/inst/clk_in1
    U18                  IBUF (Prop_ibuf_I_O)         1.459     9.459 r  u_clk_wiz_0/inst/clkin1_ibufg/O
                         net (fo=1, routed)           1.162    10.621    u_clk_wiz_0/inst/clk_in1_clk_wiz_0
    MMCME2_ADV_X0Y0      MMCME2_ADV (Prop_mmcme2_adv_CLKIN1_CLKOUT1)
                                                     -7.118     3.502 r  u_clk_wiz_0/inst/mmcm_adv_inst/CLKOUT1
                         net (fo=1, routed)           1.599     5.102    u_clk_wiz_0/inst/clk_out2_clk_wiz_0
    BUFGCTRL_X0Y1        BUFG (Prop_bufg_I_O)         0.091     5.193 r  u_clk_wiz_0/inst/clkout2_buf/O
                         net (fo=8, routed)           1.564     6.756    u_gen_number/CLK
    SLICE_X36Y91         FDCE                                         r  u_gen_number/number_reg[2]/C
                         clock pessimism              0.650     7.406    
                         clock uncertainty           -0.085     7.321    
    SLICE_X36Y91         FDCE (Setup_fdce_C_D)        0.075     7.396    u_gen_number/number_reg[2]
  -------------------------------------------------------------------
                         required time                          7.396    
                         arrival time                          -1.933    
  -------------------------------------------------------------------
                         slack                                  5.463    





Min Delay Paths
--------------------------------------------------------------------------------------
Slack (MET) :             0.229ns  (arrival time - required time)
  Source:                 u_gen_number/number_reg[1]/C
                            (rising edge-triggered cell FDCE clocked by clk_out2_clk_wiz_0  {rise@0.000ns fall@4.000ns period=8.000ns})
  Destination:            u_gen_number/number_reg[5]/D
                            (rising edge-triggered cell FDCE clocked by clk_out2_clk_wiz_0  {rise@0.000ns fall@4.000ns period=8.000ns})
  Path Group:             clk_out2_clk_wiz_0
  Path Type:              Hold (Min at Fast Process Corner)
  Requirement:            0.000ns  (clk_out2_clk_wiz_0 rise@0.000ns - clk_out2_clk_wiz_0 rise@0.000ns)
  Data Path Delay:        0.337ns  (logic 0.186ns (55.237%)  route 0.151ns (44.763%))
  Logic Levels:           1  (LUT6=1)
  Clock Path Skew:        0.016ns (DCD - SCD - CPR)
    Destination Clock Delay (DCD):    -0.670ns
    Source Clock Delay      (SCD):    -0.439ns
    Clock Pessimism Removal (CPR):    -0.247ns

    Location             Delay type                Incr(ns)  Path(ns)    Netlist Resource(s)
  -------------------------------------------------------------------    -------------------
                         (clock clk_out2_clk_wiz_0 rise edge)
                                                      0.000     0.000 r  
    U18                                               0.000     0.000 r  sys_clk (IN)
                         net (fo=0)                   0.000     0.000    u_clk_wiz_0/inst/clk_in1
    U18                  IBUF (Prop_ibuf_I_O)         0.297     0.297 r  u_clk_wiz_0/inst/clkin1_ibufg/O
                         net (fo=1, routed)           0.440     0.738    u_clk_wiz_0/inst/clk_in1_clk_wiz_0
    MMCME2_ADV_X0Y0      MMCME2_ADV (Prop_mmcme2_adv_CLKIN1_CLKOUT1)
                                                     -2.271    -1.534 r  u_clk_wiz_0/inst/mmcm_adv_inst/CLKOUT1
                         net (fo=1, routed)           0.482    -1.052    u_clk_wiz_0/inst/clk_out2_clk_wiz_0
    BUFGCTRL_X0Y1        BUFG (Prop_bufg_I_O)         0.026    -1.026 r  u_clk_wiz_0/inst/clkout2_buf/O
                         net (fo=8, routed)           0.587    -0.439    u_gen_number/CLK
    SLICE_X36Y91         FDCE                                         r  u_gen_number/number_reg[1]/C
  -------------------------------------------------------------------    -------------------
    SLICE_X36Y91         FDCE (Prop_fdce_C_Q)         0.141    -0.298 r  u_gen_number/number_reg[1]/Q
                         net (fo=7, routed)           0.151    -0.147    u_gen_number/Q[0]
    SLICE_X36Y92         LUT6 (Prop_lut6_I1_O)        0.045    -0.102 r  u_gen_number/number[5]_i_1/O
                         net (fo=1, routed)           0.000    -0.102    u_gen_number/p_0_in[5]
    SLICE_X36Y92         FDCE                                         r  u_gen_number/number_reg[5]/D
  -------------------------------------------------------------------    -------------------

                         (clock clk_out2_clk_wiz_0 rise edge)
                                                      0.000     0.000 r  
    U18                                               0.000     0.000 r  sys_clk (IN)
                         net (fo=0)                   0.000     0.000    u_clk_wiz_0/inst/clk_in1
    U18                  IBUF (Prop_ibuf_I_O)         0.486     0.486 r  u_clk_wiz_0/inst/clkin1_ibufg/O
                         net (fo=1, routed)           0.480     0.966    u_clk_wiz_0/inst/clk_in1_clk_wiz_0
    MMCME2_ADV_X0Y0      MMCME2_ADV (Prop_mmcme2_adv_CLKIN1_CLKOUT1)
                                                     -3.050    -2.084 r  u_clk_wiz_0/inst/mmcm_adv_inst/CLKOUT1
                         net (fo=1, routed)           0.528    -1.556    u_clk_wiz_0/inst/clk_out2_clk_wiz_0
    BUFGCTRL_X0Y1        BUFG (Prop_bufg_I_O)         0.029    -1.527 r  u_clk_wiz_0/inst/clkout2_buf/O
                         net (fo=8, routed)           0.857    -0.670    u_gen_number/CLK
    SLICE_X36Y92         FDCE                                         r  u_gen_number/number_reg[5]/C
                         clock pessimism              0.247    -0.423    
    SLICE_X36Y92         FDCE (Hold_fdce_C_D)         0.092    -0.331    u_gen_number/number_reg[5]
  -------------------------------------------------------------------
                         required time                          0.331    
                         arrival time                          -0.102    
  -------------------------------------------------------------------
                         slack                                  0.229    

Slack (MET) :             0.328ns  (arrival time - required time)
  Source:                 u_gen_number/number_reg[1]/C
                            (rising edge-triggered cell FDCE clocked by clk_out2_clk_wiz_0  {rise@0.000ns fall@4.000ns period=8.000ns})
  Destination:            u_gen_number/number_reg[2]/D
                            (rising edge-triggered cell FDCE clocked by clk_out2_clk_wiz_0  {rise@0.000ns fall@4.000ns period=8.000ns})
  Path Group:             clk_out2_clk_wiz_0
  Path Type:              Hold (Min at Fast Process Corner)
  Requirement:            0.000ns  (clk_out2_clk_wiz_0 rise@0.000ns - clk_out2_clk_wiz_0 rise@0.000ns)
  Data Path Delay:        0.435ns  (logic 0.184ns (42.287%)  route 0.251ns (57.713%))
  Logic Levels:           1  (LUT3=1)
  Clock Path Skew:        0.000ns (DCD - SCD - CPR)
    Destination Clock Delay (DCD):    -0.670ns
    Source Clock Delay      (SCD):    -0.439ns
    Clock Pessimism Removal (CPR):    -0.231ns

    Location             Delay type                Incr(ns)  Path(ns)    Netlist Resource(s)
  -------------------------------------------------------------------    -------------------
                         (clock clk_out2_clk_wiz_0 rise edge)
                                                      0.000     0.000 r  
    U18                                               0.000     0.000 r  sys_clk (IN)
                         net (fo=0)                   0.000     0.000    u_clk_wiz_0/inst/clk_in1
    U18                  IBUF (Prop_ibuf_I_O)         0.297     0.297 r  u_clk_wiz_0/inst/clkin1_ibufg/O
                         net (fo=1, routed)           0.440     0.738    u_clk_wiz_0/inst/clk_in1_clk_wiz_0
    MMCME2_ADV_X0Y0      MMCME2_ADV (Prop_mmcme2_adv_CLKIN1_CLKOUT1)
                                                     -2.271    -1.534 r  u_clk_wiz_0/inst/mmcm_adv_inst/CLKOUT1
                         net (fo=1, routed)           0.482    -1.052    u_clk_wiz_0/inst/clk_out2_clk_wiz_0
    BUFGCTRL_X0Y1        BUFG (Prop_bufg_I_O)         0.026    -1.026 r  u_clk_wiz_0/inst/clkout2_buf/O
                         net (fo=8, routed)           0.587    -0.439    u_gen_number/CLK
    SLICE_X36Y91         FDCE                                         r  u_gen_number/number_reg[1]/C
  -------------------------------------------------------------------    -------------------
    SLICE_X36Y91         FDCE (Prop_fdce_C_Q)         0.141    -0.298 r  u_gen_number/number_reg[1]/Q
                         net (fo=7, routed)           0.251    -0.047    u_gen_number/Q[0]
    SLICE_X36Y91         LUT3 (Prop_lut3_I1_O)        0.043    -0.004 r  u_gen_number/number[2]_i_1/O
                         net (fo=1, routed)           0.000    -0.004    u_gen_number/p_0_in[2]
    SLICE_X36Y91         FDCE                                         r  u_gen_number/number_reg[2]/D
  -------------------------------------------------------------------    -------------------

                         (clock clk_out2_clk_wiz_0 rise edge)
                                                      0.000     0.000 r  
    U18                                               0.000     0.000 r  sys_clk (IN)
                         net (fo=0)                   0.000     0.000    u_clk_wiz_0/inst/clk_in1
    U18                  IBUF (Prop_ibuf_I_O)         0.486     0.486 r  u_clk_wiz_0/inst/clkin1_ibufg/O
                         net (fo=1, routed)           0.480     0.966    u_clk_wiz_0/inst/clk_in1_clk_wiz_0
    MMCME2_ADV_X0Y0      MMCME2_ADV (Prop_mmcme2_adv_CLKIN1_CLKOUT1)
                                                     -3.050    -2.084 r  u_clk_wiz_0/inst/mmcm_adv_inst/CLKOUT1
                         net (fo=1, routed)           0.528    -1.556    u_clk_wiz_0/inst/clk_out2_clk_wiz_0
    BUFGCTRL_X0Y1        BUFG (Prop_bufg_I_O)         0.029    -1.527 r  u_clk_wiz_0/inst/clkout2_buf/O
                         net (fo=8, routed)           0.857    -0.670    u_gen_number/CLK
    SLICE_X36Y91         FDCE                                         r  u_gen_number/number_reg[2]/C
                         clock pessimism              0.231    -0.439    
    SLICE_X36Y91         FDCE (Hold_fdce_C_D)         0.107    -0.332    u_gen_number/number_reg[2]
  -------------------------------------------------------------------
                         required time                          0.332    
                         arrival time                          -0.004    
  -------------------------------------------------------------------
                         slack                                  0.328    

Slack (MET) :             0.339ns  (arrival time - required time)
  Source:                 u_gen_number/number_reg[2]/C
                            (rising edge-triggered cell FDCE clocked by clk_out2_clk_wiz_0  {rise@0.000ns fall@4.000ns period=8.000ns})
  Destination:            u_gen_number/number_reg[4]/D
                            (rising edge-triggered cell FDCE clocked by clk_out2_clk_wiz_0  {rise@0.000ns fall@4.000ns period=8.000ns})
  Path Group:             clk_out2_clk_wiz_0
  Path Type:              Hold (Min at Fast Process Corner)
  Requirement:            0.000ns  (clk_out2_clk_wiz_0 rise@0.000ns - clk_out2_clk_wiz_0 rise@0.000ns)
  Data Path Delay:        0.462ns  (logic 0.226ns (48.896%)  route 0.236ns (51.104%))
  Logic Levels:           1  (LUT5=1)
  Clock Path Skew:        0.016ns (DCD - SCD - CPR)
    Destination Clock Delay (DCD):    -0.670ns
    Source Clock Delay      (SCD):    -0.439ns
    Clock Pessimism Removal (CPR):    -0.247ns

    Location             Delay type                Incr(ns)  Path(ns)    Netlist Resource(s)
  -------------------------------------------------------------------    -------------------
                         (clock clk_out2_clk_wiz_0 rise edge)
                                                      0.000     0.000 r  
    U18                                               0.000     0.000 r  sys_clk (IN)
                         net (fo=0)                   0.000     0.000    u_clk_wiz_0/inst/clk_in1
    U18                  IBUF (Prop_ibuf_I_O)         0.297     0.297 r  u_clk_wiz_0/inst/clkin1_ibufg/O
                         net (fo=1, routed)           0.440     0.738    u_clk_wiz_0/inst/clk_in1_clk_wiz_0
    MMCME2_ADV_X0Y0      MMCME2_ADV (Prop_mmcme2_adv_CLKIN1_CLKOUT1)
                                                     -2.271    -1.534 r  u_clk_wiz_0/inst/mmcm_adv_inst/CLKOUT1
                         net (fo=1, routed)           0.482    -1.052    u_clk_wiz_0/inst/clk_out2_clk_wiz_0
    BUFGCTRL_X0Y1        BUFG (Prop_bufg_I_O)         0.026    -1.026 r  u_clk_wiz_0/inst/clkout2_buf/O
                         net (fo=8, routed)           0.587    -0.439    u_gen_number/CLK
    SLICE_X36Y91         FDCE                                         r  u_gen_number/number_reg[2]/C
  -------------------------------------------------------------------    -------------------
    SLICE_X36Y91         FDCE (Prop_fdce_C_Q)         0.128    -0.311 r  u_gen_number/number_reg[2]/Q
                         net (fo=6, routed)           0.236    -0.075    u_gen_number/Q[1]
    SLICE_X36Y92         LUT5 (Prop_lut5_I0_O)        0.098     0.023 r  u_gen_number/number[4]_i_1/O
                         net (fo=1, routed)           0.000     0.023    u_gen_number/p_0_in[4]
    SLICE_X36Y92         FDCE                                         r  u_gen_number/number_reg[4]/D
  -------------------------------------------------------------------    -------------------

                         (clock clk_out2_clk_wiz_0 rise edge)
                                                      0.000     0.000 r  
    U18                                               0.000     0.000 r  sys_clk (IN)
                         net (fo=0)                   0.000     0.000    u_clk_wiz_0/inst/clk_in1
    U18                  IBUF (Prop_ibuf_I_O)         0.486     0.486 r  u_clk_wiz_0/inst/clkin1_ibufg/O
                         net (fo=1, routed)           0.480     0.966    u_clk_wiz_0/inst/clk_in1_clk_wiz_0
    MMCME2_ADV_X0Y0      MMCME2_ADV (Prop_mmcme2_adv_CLKIN1_CLKOUT1)
                                                     -3.050    -2.084 r  u_clk_wiz_0/inst/mmcm_adv_inst/CLKOUT1
                         net (fo=1, routed)           0.528    -1.556    u_clk_wiz_0/inst/clk_out2_clk_wiz_0
    BUFGCTRL_X0Y1        BUFG (Prop_bufg_I_O)         0.029    -1.527 r  u_clk_wiz_0/inst/clkout2_buf/O
                         net (fo=8, routed)           0.857    -0.670    u_gen_number/CLK
    SLICE_X36Y92         FDCE                                         r  u_gen_number/number_reg[4]/C
                         clock pessimism              0.247    -0.423    
    SLICE_X36Y92         FDCE (Hold_fdce_C_D)         0.107    -0.316    u_gen_number/number_reg[4]
  -------------------------------------------------------------------
                         required time                          0.316    
                         arrival time                           0.023    
  -------------------------------------------------------------------
                         slack                                  0.339    

Slack (MET) :             0.345ns  (arrival time - required time)
  Source:                 u_gen_number/number_reg[1]/C
                            (rising edge-triggered cell FDCE clocked by clk_out2_clk_wiz_0  {rise@0.000ns fall@4.000ns period=8.000ns})
  Destination:            u_gen_number/number_reg[1]/D
                            (rising edge-triggered cell FDCE clocked by clk_out2_clk_wiz_0  {rise@0.000ns fall@4.000ns period=8.000ns})
  Path Group:             clk_out2_clk_wiz_0
  Path Type:              Hold (Min at Fast Process Corner)
  Requirement:            0.000ns  (clk_out2_clk_wiz_0 rise@0.000ns - clk_out2_clk_wiz_0 rise@0.000ns)
  Data Path Delay:        0.437ns  (logic 0.186ns (42.551%)  route 0.251ns (57.449%))
  Logic Levels:           1  (LUT2=1)
  Clock Path Skew:        0.000ns (DCD - SCD - CPR)
    Destination Clock Delay (DCD):    -0.670ns
    Source Clock Delay      (SCD):    -0.439ns
    Clock Pessimism Removal (CPR):    -0.231ns

    Location             Delay type                Incr(ns)  Path(ns)    Netlist Resource(s)
  -------------------------------------------------------------------    -------------------
                         (clock clk_out2_clk_wiz_0 rise edge)
                                                      0.000     0.000 r  
    U18                                               0.000     0.000 r  sys_clk (IN)
                         net (fo=0)                   0.000     0.000    u_clk_wiz_0/inst/clk_in1
    U18                  IBUF (Prop_ibuf_I_O)         0.297     0.297 r  u_clk_wiz_0/inst/clkin1_ibufg/O
                         net (fo=1, routed)           0.440     0.738    u_clk_wiz_0/inst/clk_in1_clk_wiz_0
    MMCME2_ADV_X0Y0      MMCME2_ADV (Prop_mmcme2_adv_CLKIN1_CLKOUT1)
                                                     -2.271    -1.534 r  u_clk_wiz_0/inst/mmcm_adv_inst/CLKOUT1
                         net (fo=1, routed)           0.482    -1.052    u_clk_wiz_0/inst/clk_out2_clk_wiz_0
    BUFGCTRL_X0Y1        BUFG (Prop_bufg_I_O)         0.026    -1.026 r  u_clk_wiz_0/inst/clkout2_buf/O
                         net (fo=8, routed)           0.587    -0.439    u_gen_number/CLK
    SLICE_X36Y91         FDCE                                         r  u_gen_number/number_reg[1]/C
  -------------------------------------------------------------------    -------------------
    SLICE_X36Y91         FDCE (Prop_fdce_C_Q)         0.141    -0.298 r  u_gen_number/number_reg[1]/Q
                         net (fo=7, routed)           0.251    -0.047    u_gen_number/Q[0]
    SLICE_X36Y91         LUT2 (Prop_lut2_I1_O)        0.045    -0.002 r  u_gen_number/number[1]_i_1/O
                         net (fo=1, routed)           0.000    -0.002    u_gen_number/p_0_in[1]
    SLICE_X36Y91         FDCE                                         r  u_gen_number/number_reg[1]/D
  -------------------------------------------------------------------    -------------------

                         (clock clk_out2_clk_wiz_0 rise edge)
                                                      0.000     0.000 r  
    U18                                               0.000     0.000 r  sys_clk (IN)
                         net (fo=0)                   0.000     0.000    u_clk_wiz_0/inst/clk_in1
    U18                  IBUF (Prop_ibuf_I_O)         0.486     0.486 r  u_clk_wiz_0/inst/clkin1_ibufg/O
                         net (fo=1, routed)           0.480     0.966    u_clk_wiz_0/inst/clk_in1_clk_wiz_0
    MMCME2_ADV_X0Y0      MMCME2_ADV (Prop_mmcme2_adv_CLKIN1_CLKOUT1)
                                                     -3.050    -2.084 r  u_clk_wiz_0/inst/mmcm_adv_inst/CLKOUT1
                         net (fo=1, routed)           0.528    -1.556    u_clk_wiz_0/inst/clk_out2_clk_wiz_0
    BUFGCTRL_X0Y1        BUFG (Prop_bufg_I_O)         0.029    -1.527 r  u_clk_wiz_0/inst/clkout2_buf/O
                         net (fo=8, routed)           0.857    -0.670    u_gen_number/CLK
    SLICE_X36Y91         FDCE                                         r  u_gen_number/number_reg[1]/C
                         clock pessimism              0.231    -0.439    
    SLICE_X36Y91         FDCE (Hold_fdce_C_D)         0.092    -0.347    u_gen_number/number_reg[1]
  -------------------------------------------------------------------
                         required time                          0.347    
                         arrival time                          -0.002    
  -------------------------------------------------------------------
                         slack                                  0.345    

Slack (MET) :             0.354ns  (arrival time - required time)
  Source:                 u_gen_number/number_reg[2]/C
                            (rising edge-triggered cell FDCE clocked by clk_out2_clk_wiz_0  {rise@0.000ns fall@4.000ns period=8.000ns})
  Destination:            u_gen_number/number_reg[3]/D
                            (rising edge-triggered cell FDCE clocked by clk_out2_clk_wiz_0  {rise@0.000ns fall@4.000ns period=8.000ns})
  Path Group:             clk_out2_clk_wiz_0
  Path Type:              Hold (Min at Fast Process Corner)
  Requirement:            0.000ns  (clk_out2_clk_wiz_0 rise@0.000ns - clk_out2_clk_wiz_0 rise@0.000ns)
  Data Path Delay:        0.462ns  (logic 0.226ns (48.896%)  route 0.236ns (51.104%))
  Logic Levels:           1  (LUT4=1)
  Clock Path Skew:        0.016ns (DCD - SCD - CPR)
    Destination Clock Delay (DCD):    -0.670ns
    Source Clock Delay      (SCD):    -0.439ns
    Clock Pessimism Removal (CPR):    -0.247ns

    Location             Delay type                Incr(ns)  Path(ns)    Netlist Resource(s)
  -------------------------------------------------------------------    -------------------
                         (clock clk_out2_clk_wiz_0 rise edge)
                                                      0.000     0.000 r  
    U18                                               0.000     0.000 r  sys_clk (IN)
                         net (fo=0)                   0.000     0.000    u_clk_wiz_0/inst/clk_in1
    U18                  IBUF (Prop_ibuf_I_O)         0.297     0.297 r  u_clk_wiz_0/inst/clkin1_ibufg/O
                         net (fo=1, routed)           0.440     0.738    u_clk_wiz_0/inst/clk_in1_clk_wiz_0
    MMCME2_ADV_X0Y0      MMCME2_ADV (Prop_mmcme2_adv_CLKIN1_CLKOUT1)
                                                     -2.271    -1.534 r  u_clk_wiz_0/inst/mmcm_adv_inst/CLKOUT1
                         net (fo=1, routed)           0.482    -1.052    u_clk_wiz_0/inst/clk_out2_clk_wiz_0
    BUFGCTRL_X0Y1        BUFG (Prop_bufg_I_O)         0.026    -1.026 r  u_clk_wiz_0/inst/clkout2_buf/O
                         net (fo=8, routed)           0.587    -0.439    u_gen_number/CLK
    SLICE_X36Y91         FDCE                                         r  u_gen_number/number_reg[2]/C
  -------------------------------------------------------------------    -------------------
    SLICE_X36Y91         FDCE (Prop_fdce_C_Q)         0.128    -0.311 r  u_gen_number/number_reg[2]/Q
                         net (fo=6, routed)           0.236    -0.075    u_gen_number/Q[1]
    SLICE_X36Y92         LUT4 (Prop_lut4_I2_O)        0.098     0.023 r  u_gen_number/number[3]_i_1/O
                         net (fo=1, routed)           0.000     0.023    u_gen_number/p_0_in[3]
    SLICE_X36Y92         FDCE                                         r  u_gen_number/number_reg[3]/D
  -------------------------------------------------------------------    -------------------

                         (clock clk_out2_clk_wiz_0 rise edge)
                                                      0.000     0.000 r  
    U18                                               0.000     0.000 r  sys_clk (IN)
                         net (fo=0)                   0.000     0.000    u_clk_wiz_0/inst/clk_in1
    U18                  IBUF (Prop_ibuf_I_O)         0.486     0.486 r  u_clk_wiz_0/inst/clkin1_ibufg/O
                         net (fo=1, routed)           0.480     0.966    u_clk_wiz_0/inst/clk_in1_clk_wiz_0
    MMCME2_ADV_X0Y0      MMCME2_ADV (Prop_mmcme2_adv_CLKIN1_CLKOUT1)
                                                     -3.050    -2.084 r  u_clk_wiz_0/inst/mmcm_adv_inst/CLKOUT1
                         net (fo=1, routed)           0.528    -1.556    u_clk_wiz_0/inst/clk_out2_clk_wiz_0
    BUFGCTRL_X0Y1        BUFG (Prop_bufg_I_O)         0.029    -1.527 r  u_clk_wiz_0/inst/clkout2_buf/O
                         net (fo=8, routed)           0.857    -0.670    u_gen_number/CLK
    SLICE_X36Y92         FDCE                                         r  u_gen_number/number_reg[3]/C
                         clock pessimism              0.247    -0.423    
    SLICE_X36Y92         FDCE (Hold_fdce_C_D)         0.092    -0.331    u_gen_number/number_reg[3]
  -------------------------------------------------------------------
                         required time                          0.331    
                         arrival time                           0.023    
  -------------------------------------------------------------------
                         slack                                  0.354    

Slack (MET) :             0.359ns  (arrival time - required time)
  Source:                 u_gen_number/number_reg[7]/C
                            (rising edge-triggered cell FDCE clocked by clk_out2_clk_wiz_0  {rise@0.000ns fall@4.000ns period=8.000ns})
  Destination:            u_gen_number/number_reg[7]/D
                            (rising edge-triggered cell FDCE clocked by clk_out2_clk_wiz_0  {rise@0.000ns fall@4.000ns period=8.000ns})
  Path Group:             clk_out2_clk_wiz_0
  Path Type:              Hold (Min at Fast Process Corner)
  Requirement:            0.000ns  (clk_out2_clk_wiz_0 rise@0.000ns - clk_out2_clk_wiz_0 rise@0.000ns)
  Data Path Delay:        0.466ns  (logic 0.226ns (48.549%)  route 0.240ns (51.451%))
  Logic Levels:           1  (LUT3=1)
  Clock Path Skew:        0.000ns (DCD - SCD - CPR)
    Destination Clock Delay (DCD):    -0.697ns
    Source Clock Delay      (SCD):    -0.466ns
    Clock Pessimism Removal (CPR):    -0.231ns

    Location             Delay type                Incr(ns)  Path(ns)    Netlist Resource(s)
  -------------------------------------------------------------------    -------------------
                         (clock clk_out2_clk_wiz_0 rise edge)
                                                      0.000     0.000 r  
    U18                                               0.000     0.000 r  sys_clk (IN)
                         net (fo=0)                   0.000     0.000    u_clk_wiz_0/inst/clk_in1
    U18                  IBUF (Prop_ibuf_I_O)         0.297     0.297 r  u_clk_wiz_0/inst/clkin1_ibufg/O
                         net (fo=1, routed)           0.440     0.738    u_clk_wiz_0/inst/clk_in1_clk_wiz_0
    MMCME2_ADV_X0Y0      MMCME2_ADV (Prop_mmcme2_adv_CLKIN1_CLKOUT1)
                                                     -2.271    -1.534 r  u_clk_wiz_0/inst/mmcm_adv_inst/CLKOUT1
                         net (fo=1, routed)           0.482    -1.052    u_clk_wiz_0/inst/clk_out2_clk_wiz_0
    BUFGCTRL_X0Y1        BUFG (Prop_bufg_I_O)         0.026    -1.026 r  u_clk_wiz_0/inst/clkout2_buf/O
                         net (fo=8, routed)           0.560    -0.466    u_gen_number/CLK
    SLICE_X35Y92         FDCE                                         r  u_gen_number/number_reg[7]/C
  -------------------------------------------------------------------    -------------------
    SLICE_X35Y92         FDCE (Prop_fdce_C_Q)         0.128    -0.338 r  u_gen_number/number_reg[7]/Q
                         net (fo=2, routed)           0.240    -0.099    u_gen_number/Q[6]
    SLICE_X35Y92         LUT3 (Prop_lut3_I2_O)        0.098    -0.001 r  u_gen_number/number[7]_i_1/O
                         net (fo=1, routed)           0.000    -0.001    u_gen_number/p_0_in[7]
    SLICE_X35Y92         FDCE                                         r  u_gen_number/number_reg[7]/D
  -------------------------------------------------------------------    -------------------

                         (clock clk_out2_clk_wiz_0 rise edge)
                                                      0.000     0.000 r  
    U18                                               0.000     0.000 r  sys_clk (IN)
                         net (fo=0)                   0.000     0.000    u_clk_wiz_0/inst/clk_in1
    U18                  IBUF (Prop_ibuf_I_O)         0.486     0.486 r  u_clk_wiz_0/inst/clkin1_ibufg/O
                         net (fo=1, routed)           0.480     0.966    u_clk_wiz_0/inst/clk_in1_clk_wiz_0
    MMCME2_ADV_X0Y0      MMCME2_ADV (Prop_mmcme2_adv_CLKIN1_CLKOUT1)
                                                     -3.050    -2.084 r  u_clk_wiz_0/inst/mmcm_adv_inst/CLKOUT1
                         net (fo=1, routed)           0.528    -1.556    u_clk_wiz_0/inst/clk_out2_clk_wiz_0
    BUFGCTRL_X0Y1        BUFG (Prop_bufg_I_O)         0.029    -1.527 r  u_clk_wiz_0/inst/clkout2_buf/O
                         net (fo=8, routed)           0.830    -0.697    u_gen_number/CLK
    SLICE_X35Y92         FDCE                                         r  u_gen_number/number_reg[7]/C
                         clock pessimism              0.231    -0.466    
    SLICE_X35Y92         FDCE (Hold_fdce_C_D)         0.107    -0.359    u_gen_number/number_reg[7]
  -------------------------------------------------------------------
                         required time                          0.359    
                         arrival time                          -0.001    
  -------------------------------------------------------------------
                         slack                                  0.359    

Slack (MET) :             0.686ns  (arrival time - required time)
  Source:                 u_gen_number/number_reg[1]/C
                            (rising edge-triggered cell FDCE clocked by clk_out2_clk_wiz_0  {rise@0.000ns fall@4.000ns period=8.000ns})
  Destination:            u_gen_number/number_reg[6]/D
                            (rising edge-triggered cell FDCE clocked by clk_out2_clk_wiz_0  {rise@0.000ns fall@4.000ns period=8.000ns})
  Path Group:             clk_out2_clk_wiz_0
  Path Type:              Hold (Min at Fast Process Corner)
  Requirement:            0.000ns  (clk_out2_clk_wiz_0 rise@0.000ns - clk_out2_clk_wiz_0 rise@0.000ns)
  Data Path Delay:        0.787ns  (logic 0.231ns (29.366%)  route 0.556ns (70.634%))
  Logic Levels:           2  (LUT2=1 LUT6=1)
  Clock Path Skew:        0.009ns (DCD - SCD - CPR)
    Destination Clock Delay (DCD):    -0.697ns
    Source Clock Delay      (SCD):    -0.439ns
    Clock Pessimism Removal (CPR):    -0.267ns

    Location             Delay type                Incr(ns)  Path(ns)    Netlist Resource(s)
  -------------------------------------------------------------------    -------------------
                         (clock clk_out2_clk_wiz_0 rise edge)
                                                      0.000     0.000 r  
    U18                                               0.000     0.000 r  sys_clk (IN)
                         net (fo=0)                   0.000     0.000    u_clk_wiz_0/inst/clk_in1
    U18                  IBUF (Prop_ibuf_I_O)         0.297     0.297 r  u_clk_wiz_0/inst/clkin1_ibufg/O
                         net (fo=1, routed)           0.440     0.738    u_clk_wiz_0/inst/clk_in1_clk_wiz_0
    MMCME2_ADV_X0Y0      MMCME2_ADV (Prop_mmcme2_adv_CLKIN1_CLKOUT1)
                                                     -2.271    -1.534 r  u_clk_wiz_0/inst/mmcm_adv_inst/CLKOUT1
                         net (fo=1, routed)           0.482    -1.052    u_clk_wiz_0/inst/clk_out2_clk_wiz_0
    BUFGCTRL_X0Y1        BUFG (Prop_bufg_I_O)         0.026    -1.026 r  u_clk_wiz_0/inst/clkout2_buf/O
                         net (fo=8, routed)           0.587    -0.439    u_gen_number/CLK
    SLICE_X36Y91         FDCE                                         r  u_gen_number/number_reg[1]/C
  -------------------------------------------------------------------    -------------------
    SLICE_X36Y91         FDCE (Prop_fdce_C_Q)         0.141    -0.298 r  u_gen_number/number_reg[1]/Q
                         net (fo=7, routed)           0.152    -0.146    u_gen_number/Q[0]
    SLICE_X36Y92         LUT6 (Prop_lut6_I2_O)        0.045    -0.101 r  u_gen_number/number[7]_i_2/O
                         net (fo=2, routed)           0.404     0.302    u_gen_number/number[7]_i_2_n_0
    SLICE_X35Y92         LUT2 (Prop_lut2_I0_O)        0.045     0.347 r  u_gen_number/number[6]_i_1/O
                         net (fo=1, routed)           0.000     0.347    u_gen_number/p_0_in[6]
    SLICE_X35Y92         FDCE                                         r  u_gen_number/number_reg[6]/D
  -------------------------------------------------------------------    -------------------

                         (clock clk_out2_clk_wiz_0 rise edge)
                                                      0.000     0.000 r  
    U18                                               0.000     0.000 r  sys_clk (IN)
                         net (fo=0)                   0.000     0.000    u_clk_wiz_0/inst/clk_in1
    U18                  IBUF (Prop_ibuf_I_O)         0.486     0.486 r  u_clk_wiz_0/inst/clkin1_ibufg/O
                         net (fo=1, routed)           0.480     0.966    u_clk_wiz_0/inst/clk_in1_clk_wiz_0
    MMCME2_ADV_X0Y0      MMCME2_ADV (Prop_mmcme2_adv_CLKIN1_CLKOUT1)
                                                     -3.050    -2.084 r  u_clk_wiz_0/inst/mmcm_adv_inst/CLKOUT1
                         net (fo=1, routed)           0.528    -1.556    u_clk_wiz_0/inst/clk_out2_clk_wiz_0
    BUFGCTRL_X0Y1        BUFG (Prop_bufg_I_O)         0.029    -1.527 r  u_clk_wiz_0/inst/clkout2_buf/O
                         net (fo=8, routed)           0.830    -0.697    u_gen_number/CLK
    SLICE_X35Y92         FDCE                                         r  u_gen_number/number_reg[6]/C
                         clock pessimism              0.267    -0.430    
    SLICE_X35Y92         FDCE (Hold_fdce_C_D)         0.092    -0.338    u_gen_number/number_reg[6]
  -------------------------------------------------------------------
                         required time                          0.338    
                         arrival time                           0.347    
  -------------------------------------------------------------------
                         slack                                  0.686    

Slack (MET) :             1.846ns  (arrival time - required time)
  Source:                 u_gen_number/number_reg[0]/C
                            (rising edge-triggered cell FDCE clocked by clk_out2_clk_wiz_0  {rise@0.000ns fall@4.000ns period=8.000ns})
  Destination:            u_gen_number/number_reg[0]/D
                            (rising edge-triggered cell FDCE clocked by clk_out2_clk_wiz_0  {rise@0.000ns fall@4.000ns period=8.000ns})
  Path Group:             clk_out2_clk_wiz_0
  Path Type:              Hold (Min at Fast Process Corner)
  Requirement:            0.000ns  (clk_out2_clk_wiz_0 rise@0.000ns - clk_out2_clk_wiz_0 rise@0.000ns)
  Data Path Delay:        1.851ns  (logic 0.192ns (10.374%)  route 1.659ns (89.626%))
  Logic Levels:           1  (LUT1=1)
  Clock Path Skew:        0.000ns (DCD - SCD - CPR)
    Destination Clock Delay (DCD):    -0.670ns
    Source Clock Delay      (SCD):    -0.439ns
    Clock Pessimism Removal (CPR):    -0.231ns

    Location             Delay type                Incr(ns)  Path(ns)    Netlist Resource(s)
  -------------------------------------------------------------------    -------------------
                         (clock clk_out2_clk_wiz_0 rise edge)
                                                      0.000     0.000 r  
    U18                                               0.000     0.000 r  sys_clk (IN)
                         net (fo=0)                   0.000     0.000    u_clk_wiz_0/inst/clk_in1
    U18                  IBUF (Prop_ibuf_I_O)         0.297     0.297 r  u_clk_wiz_0/inst/clkin1_ibufg/O
                         net (fo=1, routed)           0.440     0.738    u_clk_wiz_0/inst/clk_in1_clk_wiz_0
    MMCME2_ADV_X0Y0      MMCME2_ADV (Prop_mmcme2_adv_CLKIN1_CLKOUT1)
                                                     -2.271    -1.534 r  u_clk_wiz_0/inst/mmcm_adv_inst/CLKOUT1
                         net (fo=1, routed)           0.482    -1.052    u_clk_wiz_0/inst/clk_out2_clk_wiz_0
    BUFGCTRL_X0Y1        BUFG (Prop_bufg_I_O)         0.026    -1.026 r  u_clk_wiz_0/inst/clkout2_buf/O
                         net (fo=8, routed)           0.587    -0.439    u_gen_number/CLK
    SLICE_X36Y91         FDCE                                         r  u_gen_number/number_reg[0]/C
  -------------------------------------------------------------------    -------------------
    SLICE_X36Y91         FDCE (Prop_fdce_C_Q)         0.141    -0.298 f  u_gen_number/number_reg[0]/Q
                         net (fo=8, routed)           1.534     1.235    u_gen_number/number[0]
    SLICE_X36Y91         LUT1 (Prop_lut1_I0_O)        0.051     1.286 r  u_gen_number/number[0]_i_1/O
                         net (fo=1, routed)           0.125     1.411    u_gen_number/p_0_in[0]
    SLICE_X36Y91         FDCE                                         r  u_gen_number/number_reg[0]/D
  -------------------------------------------------------------------    -------------------

                         (clock clk_out2_clk_wiz_0 rise edge)
                                                      0.000     0.000 r  
    U18                                               0.000     0.000 r  sys_clk (IN)
                         net (fo=0)                   0.000     0.000    u_clk_wiz_0/inst/clk_in1
    U18                  IBUF (Prop_ibuf_I_O)         0.486     0.486 r  u_clk_wiz_0/inst/clkin1_ibufg/O
                         net (fo=1, routed)           0.480     0.966    u_clk_wiz_0/inst/clk_in1_clk_wiz_0
    MMCME2_ADV_X0Y0      MMCME2_ADV (Prop_mmcme2_adv_CLKIN1_CLKOUT1)
                                                     -3.050    -2.084 r  u_clk_wiz_0/inst/mmcm_adv_inst/CLKOUT1
                         net (fo=1, routed)           0.528    -1.556    u_clk_wiz_0/inst/clk_out2_clk_wiz_0
    BUFGCTRL_X0Y1        BUFG (Prop_bufg_I_O)         0.029    -1.527 r  u_clk_wiz_0/inst/clkout2_buf/O
                         net (fo=8, routed)           0.857    -0.670    u_gen_number/CLK
    SLICE_X36Y91         FDCE                                         r  u_gen_number/number_reg[0]/C
                         clock pessimism              0.231    -0.439    
    SLICE_X36Y91         FDCE (Hold_fdce_C_D)         0.005    -0.434    u_gen_number/number_reg[0]
  -------------------------------------------------------------------
                         required time                          0.434    
                         arrival time                           1.411    
  -------------------------------------------------------------------
                         slack                                  1.846    





Pulse Width Checks
--------------------------------------------------------------------------------------
Clock Name:         clk_out2_clk_wiz_0
Waveform(ns):       { 0.000 4.000 }
Period(ns):         8.000
Sources:            { u_clk_wiz_0/inst/mmcm_adv_inst/CLKOUT1 }

Check Type        Corner  Lib Pin             Reference Pin  Required(ns)  Actual(ns)  Slack(ns)  Location         Pin
Min Period        n/a     BUFG/I              n/a            2.155         8.000       5.845      BUFGCTRL_X0Y1    u_clk_wiz_0/inst/clkout2_buf/I
Min Period        n/a     MMCME2_ADV/CLKOUT1  n/a            1.249         8.000       6.751      MMCME2_ADV_X0Y0  u_clk_wiz_0/inst/mmcm_adv_inst/CLKOUT1
Min Period        n/a     FDCE/C              n/a            1.000         8.000       7.000      SLICE_X36Y91     u_gen_number/number_reg[0]/C
Min Period        n/a     FDCE/C              n/a            1.000         8.000       7.000      SLICE_X36Y91     u_gen_number/number_reg[1]/C
Min Period        n/a     FDCE/C              n/a            1.000         8.000       7.000      SLICE_X36Y91     u_gen_number/number_reg[2]/C
Min Period        n/a     FDCE/C              n/a            1.000         8.000       7.000      SLICE_X36Y92     u_gen_number/number_reg[3]/C
Min Period        n/a     FDCE/C              n/a            1.000         8.000       7.000      SLICE_X36Y92     u_gen_number/number_reg[4]/C
Min Period        n/a     FDCE/C              n/a            1.000         8.000       7.000      SLICE_X36Y92     u_gen_number/number_reg[5]/C
Min Period        n/a     FDCE/C              n/a            1.000         8.000       7.000      SLICE_X35Y92     u_gen_number/number_reg[6]/C
Min Period        n/a     FDCE/C              n/a            1.000         8.000       7.000      SLICE_X35Y92     u_gen_number/number_reg[7]/C
Max Period        n/a     MMCME2_ADV/CLKOUT1  n/a            213.360       8.000       205.360    MMCME2_ADV_X0Y0  u_clk_wiz_0/inst/mmcm_adv_inst/CLKOUT1
Low Pulse Width   Fast    FDCE/C              n/a            0.500         4.000       3.500      SLICE_X36Y91     u_gen_number/number_reg[0]/C
Low Pulse Width   Fast    FDCE/C              n/a            0.500         4.000       3.500      SLICE_X36Y91     u_gen_number/number_reg[1]/C
Low Pulse Width   Fast    FDCE/C              n/a            0.500         4.000       3.500      SLICE_X36Y91     u_gen_number/number_reg[2]/C
Low Pulse Width   Fast    FDCE/C              n/a            0.500         4.000       3.500      SLICE_X36Y92     u_gen_number/number_reg[3]/C
Low Pulse Width   Fast    FDCE/C              n/a            0.500         4.000       3.500      SLICE_X36Y92     u_gen_number/number_reg[4]/C
Low Pulse Width   Fast    FDCE/C              n/a            0.500         4.000       3.500      SLICE_X36Y92     u_gen_number/number_reg[5]/C
Low Pulse Width   Slow    FDCE/C              n/a            0.500         4.000       3.500      SLICE_X35Y92     u_gen_number/number_reg[6]/C
Low Pulse Width   Fast    FDCE/C              n/a            0.500         4.000       3.500      SLICE_X35Y92     u_gen_number/number_reg[6]/C
Low Pulse Width   Slow    FDCE/C              n/a            0.500         4.000       3.500      SLICE_X35Y92     u_gen_number/number_reg[7]/C
Low Pulse Width   Fast    FDCE/C              n/a            0.500         4.000       3.500      SLICE_X35Y92     u_gen_number/number_reg[7]/C
High Pulse Width  Slow    FDCE/C              n/a            0.500         4.000       3.500      SLICE_X36Y91     u_gen_number/number_reg[0]/C
High Pulse Width  Fast    FDCE/C              n/a            0.500         4.000       3.500      SLICE_X36Y91     u_gen_number/number_reg[0]/C
High Pulse Width  Slow    FDCE/C              n/a            0.500         4.000       3.500      SLICE_X36Y91     u_gen_number/number_reg[1]/C
High Pulse Width  Fast    FDCE/C              n/a            0.500         4.000       3.500      SLICE_X36Y91     u_gen_number/number_reg[1]/C
High Pulse Width  Slow    FDCE/C              n/a            0.500         4.000       3.500      SLICE_X36Y91     u_gen_number/number_reg[2]/C
High Pulse Width  Fast    FDCE/C              n/a            0.500         4.000       3.500      SLICE_X36Y91     u_gen_number/number_reg[2]/C
High Pulse Width  Slow    FDCE/C              n/a            0.500         4.000       3.500      SLICE_X36Y92     u_gen_number/number_reg[3]/C
High Pulse Width  Fast    FDCE/C              n/a            0.500         4.000       3.500      SLICE_X36Y92     u_gen_number/number_reg[3]/C
High Pulse Width  Slow    FDCE/C              n/a            0.500         4.000       3.500      SLICE_X36Y92     u_gen_number/number_reg[4]/C
High Pulse Width  Fast    FDCE/C              n/a            0.500         4.000       3.500      SLICE_X36Y92     u_gen_number/number_reg[4]/C



---------------------------------------------------------------------------------------------------
From Clock:  clkfbout_clk_wiz_0
  To Clock:  clkfbout_clk_wiz_0

Setup :           NA  Failing Endpoints,  Worst Slack           NA  ,  Total Violation           NA
Hold  :           NA  Failing Endpoints,  Worst Slack           NA  ,  Total Violation           NA
PW    :            0  Failing Endpoints,  Worst Slack       17.845ns,  Total Violation        0.000ns
---------------------------------------------------------------------------------------------------


Pulse Width Checks
--------------------------------------------------------------------------------------
Clock Name:         clkfbout_clk_wiz_0
Waveform(ns):       { 0.000 10.000 }
Period(ns):         20.000
Sources:            { u_clk_wiz_0/inst/mmcm_adv_inst/CLKFBOUT }

Check Type  Corner  Lib Pin              Reference Pin  Required(ns)  Actual(ns)  Slack(ns)  Location         Pin
Min Period  n/a     BUFG/I               n/a            2.155         20.000      17.845     BUFGCTRL_X0Y2    u_clk_wiz_0/inst/clkf_buf/I
Min Period  n/a     MMCME2_ADV/CLKFBOUT  n/a            1.249         20.000      18.751     MMCME2_ADV_X0Y0  u_clk_wiz_0/inst/mmcm_adv_inst/CLKFBOUT
Min Period  n/a     MMCME2_ADV/CLKFBIN   n/a            1.249         20.000      18.751     MMCME2_ADV_X0Y0  u_clk_wiz_0/inst/mmcm_adv_inst/CLKFBIN
Max Period  n/a     MMCME2_ADV/CLKFBIN   n/a            100.000       20.000      80.000     MMCME2_ADV_X0Y0  u_clk_wiz_0/inst/mmcm_adv_inst/CLKFBIN
Max Period  n/a     MMCME2_ADV/CLKFBOUT  n/a            213.360       20.000      193.360    MMCME2_ADV_X0Y0  u_clk_wiz_0/inst/mmcm_adv_inst/CLKFBOUT



---------------------------------------------------------------------------------------------------
From Clock:  clk_out2_clk_wiz_0
  To Clock:  eth_rxc

Setup :            0  Failing Endpoints,  Worst Slack        3.797ns,  Total Violation        0.000ns
Hold  :            0  Failing Endpoints,  Worst Slack        0.416ns,  Total Violation        0.000ns
---------------------------------------------------------------------------------------------------


Max Delay Paths
--------------------------------------------------------------------------------------
Slack (MET) :             3.797ns  (required time - arrival time)
  Source:                 u_gen_number/number_reg[6]/C
                            (rising edge-triggered cell FDCE clocked by clk_out2_clk_wiz_0  {rise@0.000ns fall@4.000ns period=8.000ns})
  Destination:            u_udp/u_udp_tx/gmii_txd_reg[6]/D
                            (rising edge-triggered cell FDCE clocked by eth_rxc  {rise@0.000ns fall@4.000ns period=8.000ns})
  Path Group:             eth_rxc
  Path Type:              Setup (Max at Slow Process Corner)
  Requirement:            8.000ns  (eth_rxc rise@8.000ns - clk_out2_clk_wiz_0 rise@0.000ns)
  Data Path Delay:        9.581ns  (logic 0.828ns (8.642%)  route 8.753ns (91.358%))
  Logic Levels:           3  (LUT2=1 LUT6=2)
  Clock Path Skew:        5.550ns (DCD - SCD + CPR)
    Destination Clock Delay (DCD):    4.878ns = ( 12.878 - 8.000 ) 
    Source Clock Delay      (SCD):    -0.672ns
    Clock Pessimism Removal (CPR):    0.000ns
  Clock Uncertainty:      0.250ns  ((TSJ^2 + DJ^2)^1/2) / 2 + PE
    Total System Jitter     (TSJ):    0.071ns
    Discrete Jitter          (DJ):    0.154ns
    Phase Error              (PE):    0.165ns
  Clock Domain Crossing:  Inter clock paths are considered valid unless explicitly excluded by timing constraints such as set_clock_groups or set_false_path.

    Location             Delay type                Incr(ns)  Path(ns)    Netlist Resource(s)
  -------------------------------------------------------------------    -------------------
                         (clock clk_out2_clk_wiz_0 rise edge)
                                                      0.000     0.000 r  
    U18                                               0.000     0.000 r  sys_clk (IN)
                         net (fo=0)                   0.000     0.000    u_clk_wiz_0/inst/clk_in1
    U18                  IBUF (Prop_ibuf_I_O)         1.530     1.530 r  u_clk_wiz_0/inst/clkin1_ibufg/O
                         net (fo=1, routed)           1.285     2.815    u_clk_wiz_0/inst/clk_in1_clk_wiz_0
    MMCME2_ADV_X0Y0      MMCME2_ADV (Prop_mmcme2_adv_CLKIN1_CLKOUT1)
                                                     -7.010    -4.195 r  u_clk_wiz_0/inst/mmcm_adv_inst/CLKOUT1
                         net (fo=1, routed)           1.760    -2.435    u_clk_wiz_0/inst/clk_out2_clk_wiz_0
    BUFGCTRL_X0Y1        BUFG (Prop_bufg_I_O)         0.101    -2.334 r  u_clk_wiz_0/inst/clkout2_buf/O
                         net (fo=8, routed)           1.662    -0.672    u_gen_number/CLK
    SLICE_X35Y92         FDCE                                         r  u_gen_number/number_reg[6]/C
  -------------------------------------------------------------------    -------------------
    SLICE_X35Y92         FDCE (Prop_fdce_C_Q)         0.456    -0.216 r  u_gen_number/number_reg[6]/Q
                         net (fo=3, routed)           4.509     4.293    u_eth_ctrl/out[5]
    SLICE_X35Y92         LUT2 (Prop_lut2_I1_O)        0.124     4.417 r  u_eth_ctrl/u_udp_tx_i_2/O
                         net (fo=1, routed)           2.230     6.647    u_udp/u_udp_tx/tx_data[6]
    SLICE_X34Y92         LUT6 (Prop_lut6_I1_O)        0.124     6.771 f  u_udp/u_udp_tx/gmii_txd[6]_i_2/O
                         net (fo=1, routed)           2.014     8.786    u_udp/u_udp_tx/gmii_txd[6]_i_2_n_0
    SLICE_X34Y92         LUT6 (Prop_lut6_I0_O)        0.124     8.910 r  u_udp/u_udp_tx/gmii_txd[6]_i_1/O
                         net (fo=1, routed)           0.000     8.910    u_udp/u_udp_tx/gmii_txd[6]_i_1_n_0
    SLICE_X34Y92         FDCE                                         r  u_udp/u_udp_tx/gmii_txd_reg[6]/D
  -------------------------------------------------------------------    -------------------

                         (clock eth_rxc rise edge)    8.000     8.000 r  
    K17                                               0.000     8.000 r  eth_rxc (IN)
                         net (fo=0)                   0.000     8.000    eth_rxc
    K17                  IBUF (Prop_ibuf_I_O)         1.421     9.421 r  eth_rxc_IBUF_inst/O
                         net (fo=2, routed)           1.880    11.301    u_gmii_to_rgmii/u_rgmii_rx/rgmii_rxc
    BUFGCTRL_X0Y16       BUFG (Prop_bufg_I_O)         0.091    11.392 r  u_gmii_to_rgmii/u_rgmii_rx/BUFG_inst/O
                         net (fo=1642, routed)        1.486    12.878    u_udp/u_udp_tx/clk
    SLICE_X34Y92         FDCE                                         r  u_udp/u_udp_tx/gmii_txd_reg[6]/C
                         clock pessimism              0.000    12.878    
                         clock uncertainty           -0.250    12.628    
    SLICE_X34Y92         FDCE (Setup_fdce_C_D)        0.079    12.707    u_udp/u_udp_tx/gmii_txd_reg[6]
  -------------------------------------------------------------------
                         required time                         12.707    
                         arrival time                          -8.910    
  -------------------------------------------------------------------
                         slack                                  3.797    

Slack (MET) :             3.859ns  (required time - arrival time)
  Source:                 u_gen_number/number_reg[1]/C
                            (rising edge-triggered cell FDCE clocked by clk_out2_clk_wiz_0  {rise@0.000ns fall@4.000ns period=8.000ns})
  Destination:            u_udp/u_udp_tx/gmii_txd_reg[1]/D
                            (rising edge-triggered cell FDCE clocked by eth_rxc  {rise@0.000ns fall@4.000ns period=8.000ns})
  Path Group:             eth_rxc
  Path Type:              Setup (Max at Slow Process Corner)
  Requirement:            8.000ns  (eth_rxc rise@8.000ns - clk_out2_clk_wiz_0 rise@0.000ns)
  Data Path Delay:        9.440ns  (logic 1.024ns (10.847%)  route 8.416ns (89.153%))
  Logic Levels:           3  (LUT2=1 LUT5=1 LUT6=1)
  Clock Path Skew:        5.472ns (DCD - SCD + CPR)
    Destination Clock Delay (DCD):    4.878ns = ( 12.878 - 8.000 ) 
    Source Clock Delay      (SCD):    -0.594ns
    Clock Pessimism Removal (CPR):    0.000ns
  Clock Uncertainty:      0.250ns  ((TSJ^2 + DJ^2)^1/2) / 2 + PE
    Total System Jitter     (TSJ):    0.071ns
    Discrete Jitter          (DJ):    0.154ns
    Phase Error              (PE):    0.165ns
  Clock Domain Crossing:  Inter clock paths are considered valid unless explicitly excluded by timing constraints such as set_clock_groups or set_false_path.

    Location             Delay type                Incr(ns)  Path(ns)    Netlist Resource(s)
  -------------------------------------------------------------------    -------------------
                         (clock clk_out2_clk_wiz_0 rise edge)
                                                      0.000     0.000 r  
    U18                                               0.000     0.000 r  sys_clk (IN)
                         net (fo=0)                   0.000     0.000    u_clk_wiz_0/inst/clk_in1
    U18                  IBUF (Prop_ibuf_I_O)         1.530     1.530 r  u_clk_wiz_0/inst/clkin1_ibufg/O
                         net (fo=1, routed)           1.285     2.815    u_clk_wiz_0/inst/clk_in1_clk_wiz_0
    MMCME2_ADV_X0Y0      MMCME2_ADV (Prop_mmcme2_adv_CLKIN1_CLKOUT1)
                                                     -7.010    -4.195 r  u_clk_wiz_0/inst/mmcm_adv_inst/CLKOUT1
                         net (fo=1, routed)           1.760    -2.435    u_clk_wiz_0/inst/clk_out2_clk_wiz_0
    BUFGCTRL_X0Y1        BUFG (Prop_bufg_I_O)         0.101    -2.334 r  u_clk_wiz_0/inst/clkout2_buf/O
                         net (fo=8, routed)           1.740    -0.594    u_gen_number/CLK
    SLICE_X36Y91         FDCE                                         r  u_gen_number/number_reg[1]/C
  -------------------------------------------------------------------    -------------------
    SLICE_X36Y91         FDCE (Prop_fdce_C_Q)         0.456    -0.138 r  u_gen_number/number_reg[1]/Q
                         net (fo=7, routed)           4.787     4.649    u_eth_ctrl/out[0]
    SLICE_X36Y92         LUT2 (Prop_lut2_I1_O)        0.118     4.767 r  u_eth_ctrl/u_udp_tx_i_7/O
                         net (fo=1, routed)           1.771     6.537    u_udp/u_udp_tx/tx_data[1]
    SLICE_X35Y92         LUT5 (Prop_lut5_I2_O)        0.326     6.863 f  u_udp/u_udp_tx/gmii_txd[1]_i_2/O
                         net (fo=1, routed)           1.859     8.722    u_udp/u_udp_tx/gmii_txd[1]_i_2_n_0
    SLICE_X34Y91         LUT6 (Prop_lut6_I0_O)        0.124     8.846 r  u_udp/u_udp_tx/gmii_txd[1]_i_1/O
                         net (fo=1, routed)           0.000     8.846    u_udp/u_udp_tx/gmii_txd[1]_i_1_n_0
    SLICE_X34Y91         FDCE                                         r  u_udp/u_udp_tx/gmii_txd_reg[1]/D
  -------------------------------------------------------------------    -------------------

                         (clock eth_rxc rise edge)    8.000     8.000 r  
    K17                                               0.000     8.000 r  eth_rxc (IN)
                         net (fo=0)                   0.000     8.000    eth_rxc
    K17                  IBUF (Prop_ibuf_I_O)         1.421     9.421 r  eth_rxc_IBUF_inst/O
                         net (fo=2, routed)           1.880    11.301    u_gmii_to_rgmii/u_rgmii_rx/rgmii_rxc
    BUFGCTRL_X0Y16       BUFG (Prop_bufg_I_O)         0.091    11.392 r  u_gmii_to_rgmii/u_rgmii_rx/BUFG_inst/O
                         net (fo=1642, routed)        1.486    12.878    u_udp/u_udp_tx/clk
    SLICE_X34Y91         FDCE                                         r  u_udp/u_udp_tx/gmii_txd_reg[1]/C
                         clock pessimism              0.000    12.878    
                         clock uncertainty           -0.250    12.628    
    SLICE_X34Y91         FDCE (Setup_fdce_C_D)        0.077    12.705    u_udp/u_udp_tx/gmii_txd_reg[1]
  -------------------------------------------------------------------
                         required time                         12.705    
                         arrival time                          -8.846    
  -------------------------------------------------------------------
                         slack                                  3.859    

Slack (MET) :             3.997ns  (required time - arrival time)
  Source:                 u_gen_number/number_reg[4]/C
                            (rising edge-triggered cell FDCE clocked by clk_out2_clk_wiz_0  {rise@0.000ns fall@4.000ns period=8.000ns})
  Destination:            u_udp/u_udp_tx/gmii_txd_reg[4]/D
                            (rising edge-triggered cell FDCE clocked by eth_rxc  {rise@0.000ns fall@4.000ns period=8.000ns})
  Path Group:             eth_rxc
  Path Type:              Setup (Max at Slow Process Corner)
  Requirement:            8.000ns  (eth_rxc rise@8.000ns - clk_out2_clk_wiz_0 rise@0.000ns)
  Data Path Delay:        9.306ns  (logic 0.963ns (10.348%)  route 8.343ns (89.652%))
  Logic Levels:           3  (LUT2=1 LUT5=1 LUT6=1)
  Clock Path Skew:        5.472ns (DCD - SCD + CPR)
    Destination Clock Delay (DCD):    4.878ns = ( 12.878 - 8.000 ) 
    Source Clock Delay      (SCD):    -0.594ns
    Clock Pessimism Removal (CPR):    0.000ns
  Clock Uncertainty:      0.250ns  ((TSJ^2 + DJ^2)^1/2) / 2 + PE
    Total System Jitter     (TSJ):    0.071ns
    Discrete Jitter          (DJ):    0.154ns
    Phase Error              (PE):    0.165ns
  Clock Domain Crossing:  Inter clock paths are considered valid unless explicitly excluded by timing constraints such as set_clock_groups or set_false_path.

    Location             Delay type                Incr(ns)  Path(ns)    Netlist Resource(s)
  -------------------------------------------------------------------    -------------------
                         (clock clk_out2_clk_wiz_0 rise edge)
                                                      0.000     0.000 r  
    U18                                               0.000     0.000 r  sys_clk (IN)
                         net (fo=0)                   0.000     0.000    u_clk_wiz_0/inst/clk_in1
    U18                  IBUF (Prop_ibuf_I_O)         1.530     1.530 r  u_clk_wiz_0/inst/clkin1_ibufg/O
                         net (fo=1, routed)           1.285     2.815    u_clk_wiz_0/inst/clk_in1_clk_wiz_0
    MMCME2_ADV_X0Y0      MMCME2_ADV (Prop_mmcme2_adv_CLKIN1_CLKOUT1)
                                                     -7.010    -4.195 r  u_clk_wiz_0/inst/mmcm_adv_inst/CLKOUT1
                         net (fo=1, routed)           1.760    -2.435    u_clk_wiz_0/inst/clk_out2_clk_wiz_0
    BUFGCTRL_X0Y1        BUFG (Prop_bufg_I_O)         0.101    -2.334 r  u_clk_wiz_0/inst/clkout2_buf/O
                         net (fo=8, routed)           1.740    -0.594    u_gen_number/CLK
    SLICE_X36Y92         FDCE                                         r  u_gen_number/number_reg[4]/C
  -------------------------------------------------------------------    -------------------
    SLICE_X36Y92         FDCE (Prop_fdce_C_Q)         0.419    -0.175 r  u_gen_number/number_reg[4]/Q
                         net (fo=4, routed)           4.175     4.000    u_eth_ctrl/out[3]
    SLICE_X36Y92         LUT2 (Prop_lut2_I1_O)        0.296     4.296 r  u_eth_ctrl/u_udp_tx_i_4/O
                         net (fo=1, routed)           2.257     6.553    u_udp/u_udp_tx/tx_data[4]
    SLICE_X35Y91         LUT5 (Prop_lut5_I4_O)        0.124     6.677 r  u_udp/u_udp_tx/gmii_txd[4]_i_3/O
                         net (fo=1, routed)           1.911     8.588    u_udp/u_udp_tx/gmii_txd[4]_i_3_n_0
    SLICE_X34Y91         LUT6 (Prop_lut6_I2_O)        0.124     8.712 r  u_udp/u_udp_tx/gmii_txd[4]_i_1/O
                         net (fo=1, routed)           0.000     8.712    u_udp/u_udp_tx/gmii_txd[4]_i_1_n_0
    SLICE_X34Y91         FDCE                                         r  u_udp/u_udp_tx/gmii_txd_reg[4]/D
  -------------------------------------------------------------------    -------------------

                         (clock eth_rxc rise edge)    8.000     8.000 r  
    K17                                               0.000     8.000 r  eth_rxc (IN)
                         net (fo=0)                   0.000     8.000    eth_rxc
    K17                  IBUF (Prop_ibuf_I_O)         1.421     9.421 r  eth_rxc_IBUF_inst/O
                         net (fo=2, routed)           1.880    11.301    u_gmii_to_rgmii/u_rgmii_rx/rgmii_rxc
    BUFGCTRL_X0Y16       BUFG (Prop_bufg_I_O)         0.091    11.392 r  u_gmii_to_rgmii/u_rgmii_rx/BUFG_inst/O
                         net (fo=1642, routed)        1.486    12.878    u_udp/u_udp_tx/clk
    SLICE_X34Y91         FDCE                                         r  u_udp/u_udp_tx/gmii_txd_reg[4]/C
                         clock pessimism              0.000    12.878    
                         clock uncertainty           -0.250    12.628    
    SLICE_X34Y91         FDCE (Setup_fdce_C_D)        0.081    12.709    u_udp/u_udp_tx/gmii_txd_reg[4]
  -------------------------------------------------------------------
                         required time                         12.709    
                         arrival time                          -8.712    
  -------------------------------------------------------------------
                         slack                                  3.997    

Slack (MET) :             4.021ns  (required time - arrival time)
  Source:                 u_gen_number/number_reg[7]/C
                            (rising edge-triggered cell FDCE clocked by clk_out2_clk_wiz_0  {rise@0.000ns fall@4.000ns period=8.000ns})
  Destination:            u_udp/u_udp_tx/gmii_txd_reg[7]/D
                            (rising edge-triggered cell FDCE clocked by eth_rxc  {rise@0.000ns fall@4.000ns period=8.000ns})
  Path Group:             eth_rxc
  Path Type:              Setup (Max at Slow Process Corner)
  Requirement:            8.000ns  (eth_rxc rise@8.000ns - clk_out2_clk_wiz_0 rise@0.000ns)
  Data Path Delay:        9.311ns  (logic 0.963ns (10.343%)  route 8.348ns (89.657%))
  Logic Levels:           3  (LUT2=1 LUT5=1 LUT6=1)
  Clock Path Skew:        5.550ns (DCD - SCD + CPR)
    Destination Clock Delay (DCD):    4.878ns = ( 12.878 - 8.000 ) 
    Source Clock Delay      (SCD):    -0.672ns
    Clock Pessimism Removal (CPR):    0.000ns
  Clock Uncertainty:      0.250ns  ((TSJ^2 + DJ^2)^1/2) / 2 + PE
    Total System Jitter     (TSJ):    0.071ns
    Discrete Jitter          (DJ):    0.154ns
    Phase Error              (PE):    0.165ns
  Clock Domain Crossing:  Inter clock paths are considered valid unless explicitly excluded by timing constraints such as set_clock_groups or set_false_path.

    Location             Delay type                Incr(ns)  Path(ns)    Netlist Resource(s)
  -------------------------------------------------------------------    -------------------
                         (clock clk_out2_clk_wiz_0 rise edge)
                                                      0.000     0.000 r  
    U18                                               0.000     0.000 r  sys_clk (IN)
                         net (fo=0)                   0.000     0.000    u_clk_wiz_0/inst/clk_in1
    U18                  IBUF (Prop_ibuf_I_O)         1.530     1.530 r  u_clk_wiz_0/inst/clkin1_ibufg/O
                         net (fo=1, routed)           1.285     2.815    u_clk_wiz_0/inst/clk_in1_clk_wiz_0
    MMCME2_ADV_X0Y0      MMCME2_ADV (Prop_mmcme2_adv_CLKIN1_CLKOUT1)
                                                     -7.010    -4.195 r  u_clk_wiz_0/inst/mmcm_adv_inst/CLKOUT1
                         net (fo=1, routed)           1.760    -2.435    u_clk_wiz_0/inst/clk_out2_clk_wiz_0
    BUFGCTRL_X0Y1        BUFG (Prop_bufg_I_O)         0.101    -2.334 r  u_clk_wiz_0/inst/clkout2_buf/O
                         net (fo=8, routed)           1.662    -0.672    u_gen_number/CLK
    SLICE_X35Y92         FDCE                                         r  u_gen_number/number_reg[7]/C
  -------------------------------------------------------------------    -------------------
    SLICE_X35Y92         FDCE (Prop_fdce_C_Q)         0.419    -0.253 r  u_gen_number/number_reg[7]/Q
                         net (fo=2, routed)           4.158     3.905    u_eth_ctrl/out[6]
    SLICE_X33Y91         LUT2 (Prop_lut2_I1_O)        0.296     4.201 r  u_eth_ctrl/u_udp_tx_i_1/O
                         net (fo=1, routed)           2.182     6.383    u_udp/u_udp_tx/tx_data[7]
    SLICE_X33Y91         LUT6 (Prop_lut6_I1_O)        0.124     6.507 f  u_udp/u_udp_tx/gmii_txd[7]_i_2/O
                         net (fo=1, routed)           2.008     8.515    u_udp/u_udp_tx/gmii_txd[7]_i_2_n_0
    SLICE_X33Y92         LUT5 (Prop_lut5_I0_O)        0.124     8.639 r  u_udp/u_udp_tx/gmii_txd[7]_i_1/O
                         net (fo=1, routed)           0.000     8.639    u_udp/u_udp_tx/gmii_txd[7]_i_1_n_0
    SLICE_X33Y92         FDCE                                         r  u_udp/u_udp_tx/gmii_txd_reg[7]/D
  -------------------------------------------------------------------    -------------------

                         (clock eth_rxc rise edge)    8.000     8.000 r  
    K17                                               0.000     8.000 r  eth_rxc (IN)
                         net (fo=0)                   0.000     8.000    eth_rxc
    K17                  IBUF (Prop_ibuf_I_O)         1.421     9.421 r  eth_rxc_IBUF_inst/O
                         net (fo=2, routed)           1.880    11.301    u_gmii_to_rgmii/u_rgmii_rx/rgmii_rxc
    BUFGCTRL_X0Y16       BUFG (Prop_bufg_I_O)         0.091    11.392 r  u_gmii_to_rgmii/u_rgmii_rx/BUFG_inst/O
                         net (fo=1642, routed)        1.486    12.878    u_udp/u_udp_tx/clk
    SLICE_X33Y92         FDCE                                         r  u_udp/u_udp_tx/gmii_txd_reg[7]/C
                         clock pessimism              0.000    12.878    
                         clock uncertainty           -0.250    12.628    
    SLICE_X33Y92         FDCE (Setup_fdce_C_D)        0.032    12.660    u_udp/u_udp_tx/gmii_txd_reg[7]
  -------------------------------------------------------------------
                         required time                         12.660    
                         arrival time                          -8.639    
  -------------------------------------------------------------------
                         slack                                  4.021    

Slack (MET) :             4.031ns  (required time - arrival time)
  Source:                 u_gen_number/number_reg[3]/C
                            (rising edge-triggered cell FDCE clocked by clk_out2_clk_wiz_0  {rise@0.000ns fall@4.000ns period=8.000ns})
  Destination:            u_udp/u_udp_tx/gmii_txd_reg[3]/D
                            (rising edge-triggered cell FDCE clocked by eth_rxc  {rise@0.000ns fall@4.000ns period=8.000ns})
  Path Group:             eth_rxc
  Path Type:              Setup (Max at Slow Process Corner)
  Requirement:            8.000ns  (eth_rxc rise@8.000ns - clk_out2_clk_wiz_0 rise@0.000ns)
  Data Path Delay:        9.222ns  (logic 0.952ns (10.323%)  route 8.270ns (89.677%))
  Logic Levels:           4  (LUT2=1 LUT5=1 LUT6=2)
  Clock Path Skew:        5.472ns (DCD - SCD + CPR)
    Destination Clock Delay (DCD):    4.878ns = ( 12.878 - 8.000 ) 
    Source Clock Delay      (SCD):    -0.594ns
    Clock Pessimism Removal (CPR):    0.000ns
  Clock Uncertainty:      0.250ns  ((TSJ^2 + DJ^2)^1/2) / 2 + PE
    Total System Jitter     (TSJ):    0.071ns
    Discrete Jitter          (DJ):    0.154ns
    Phase Error              (PE):    0.165ns
  Clock Domain Crossing:  Inter clock paths are considered valid unless explicitly excluded by timing constraints such as set_clock_groups or set_false_path.

    Location             Delay type                Incr(ns)  Path(ns)    Netlist Resource(s)
  -------------------------------------------------------------------    -------------------
                         (clock clk_out2_clk_wiz_0 rise edge)
                                                      0.000     0.000 r  
    U18                                               0.000     0.000 r  sys_clk (IN)
                         net (fo=0)                   0.000     0.000    u_clk_wiz_0/inst/clk_in1
    U18                  IBUF (Prop_ibuf_I_O)         1.530     1.530 r  u_clk_wiz_0/inst/clkin1_ibufg/O
                         net (fo=1, routed)           1.285     2.815    u_clk_wiz_0/inst/clk_in1_clk_wiz_0
    MMCME2_ADV_X0Y0      MMCME2_ADV (Prop_mmcme2_adv_CLKIN1_CLKOUT1)
                                                     -7.010    -4.195 r  u_clk_wiz_0/inst/mmcm_adv_inst/CLKOUT1
                         net (fo=1, routed)           1.760    -2.435    u_clk_wiz_0/inst/clk_out2_clk_wiz_0
    BUFGCTRL_X0Y1        BUFG (Prop_bufg_I_O)         0.101    -2.334 r  u_clk_wiz_0/inst/clkout2_buf/O
                         net (fo=8, routed)           1.740    -0.594    u_gen_number/CLK
    SLICE_X36Y92         FDCE                                         r  u_gen_number/number_reg[3]/C
  -------------------------------------------------------------------    -------------------
    SLICE_X36Y92         FDCE (Prop_fdce_C_Q)         0.456    -0.138 r  u_gen_number/number_reg[3]/Q
                         net (fo=5, routed)           3.500     3.362    u_eth_ctrl/out[2]
    SLICE_X36Y91         LUT2 (Prop_lut2_I1_O)        0.124     3.486 r  u_eth_ctrl/u_udp_tx_i_5/O
                         net (fo=1, routed)           1.762     5.248    u_udp/u_udp_tx/tx_data[3]
    SLICE_X34Y91         LUT5 (Prop_lut5_I4_O)        0.124     5.372 r  u_udp/u_udp_tx/gmii_txd[3]_i_8/O
                         net (fo=1, routed)           1.470     6.842    u_udp/u_udp_tx/gmii_txd[3]_i_8_n_0
    SLICE_X33Y89         LUT6 (Prop_lut6_I5_O)        0.124     6.966 f  u_udp/u_udp_tx/gmii_txd[3]_i_2/O
                         net (fo=1, routed)           1.538     8.504    u_udp/u_udp_tx/gmii_txd[3]_i_2_n_0
    SLICE_X33Y92         LUT6 (Prop_lut6_I0_O)        0.124     8.628 r  u_udp/u_udp_tx/gmii_txd[3]_i_1/O
                         net (fo=1, routed)           0.000     8.628    u_udp/u_udp_tx/gmii_txd[3]_i_1_n_0
    SLICE_X33Y92         FDCE                                         r  u_udp/u_udp_tx/gmii_txd_reg[3]/D
  -------------------------------------------------------------------    -------------------

                         (clock eth_rxc rise edge)    8.000     8.000 r  
    K17                                               0.000     8.000 r  eth_rxc (IN)
                         net (fo=0)                   0.000     8.000    eth_rxc
    K17                  IBUF (Prop_ibuf_I_O)         1.421     9.421 r  eth_rxc_IBUF_inst/O
                         net (fo=2, routed)           1.880    11.301    u_gmii_to_rgmii/u_rgmii_rx/rgmii_rxc
    BUFGCTRL_X0Y16       BUFG (Prop_bufg_I_O)         0.091    11.392 r  u_gmii_to_rgmii/u_rgmii_rx/BUFG_inst/O
                         net (fo=1642, routed)        1.486    12.878    u_udp/u_udp_tx/clk
    SLICE_X33Y92         FDCE                                         r  u_udp/u_udp_tx/gmii_txd_reg[3]/C
                         clock pessimism              0.000    12.878    
                         clock uncertainty           -0.250    12.628    
    SLICE_X33Y92         FDCE (Setup_fdce_C_D)        0.031    12.659    u_udp/u_udp_tx/gmii_txd_reg[3]
  -------------------------------------------------------------------
                         required time                         12.659    
                         arrival time                          -8.628    
  -------------------------------------------------------------------
                         slack                                  4.031    

Slack (MET) :             4.135ns  (required time - arrival time)
  Source:                 u_gen_number/number_reg[5]/C
                            (rising edge-triggered cell FDCE clocked by clk_out2_clk_wiz_0  {rise@0.000ns fall@4.000ns period=8.000ns})
  Destination:            u_udp/u_udp_tx/gmii_txd_reg[5]/D
                            (rising edge-triggered cell FDCE clocked by eth_rxc  {rise@0.000ns fall@4.000ns period=8.000ns})
  Path Group:             eth_rxc
  Path Type:              Setup (Max at Slow Process Corner)
  Requirement:            8.000ns  (eth_rxc rise@8.000ns - clk_out2_clk_wiz_0 rise@0.000ns)
  Data Path Delay:        9.168ns  (logic 1.056ns (11.518%)  route 8.112ns (88.482%))
  Logic Levels:           3  (LUT2=1 LUT5=1 LUT6=1)
  Clock Path Skew:        5.472ns (DCD - SCD + CPR)
    Destination Clock Delay (DCD):    4.878ns = ( 12.878 - 8.000 ) 
    Source Clock Delay      (SCD):    -0.594ns
    Clock Pessimism Removal (CPR):    0.000ns
  Clock Uncertainty:      0.250ns  ((TSJ^2 + DJ^2)^1/2) / 2 + PE
    Total System Jitter     (TSJ):    0.071ns
    Discrete Jitter          (DJ):    0.154ns
    Phase Error              (PE):    0.165ns
  Clock Domain Crossing:  Inter clock paths are considered valid unless explicitly excluded by timing constraints such as set_clock_groups or set_false_path.

    Location             Delay type                Incr(ns)  Path(ns)    Netlist Resource(s)
  -------------------------------------------------------------------    -------------------
                         (clock clk_out2_clk_wiz_0 rise edge)
                                                      0.000     0.000 r  
    U18                                               0.000     0.000 r  sys_clk (IN)
                         net (fo=0)                   0.000     0.000    u_clk_wiz_0/inst/clk_in1
    U18                  IBUF (Prop_ibuf_I_O)         1.530     1.530 r  u_clk_wiz_0/inst/clkin1_ibufg/O
                         net (fo=1, routed)           1.285     2.815    u_clk_wiz_0/inst/clk_in1_clk_wiz_0
    MMCME2_ADV_X0Y0      MMCME2_ADV (Prop_mmcme2_adv_CLKIN1_CLKOUT1)
                                                     -7.010    -4.195 r  u_clk_wiz_0/inst/mmcm_adv_inst/CLKOUT1
                         net (fo=1, routed)           1.760    -2.435    u_clk_wiz_0/inst/clk_out2_clk_wiz_0
    BUFGCTRL_X0Y1        BUFG (Prop_bufg_I_O)         0.101    -2.334 r  u_clk_wiz_0/inst/clkout2_buf/O
                         net (fo=8, routed)           1.740    -0.594    u_gen_number/CLK
    SLICE_X36Y92         FDCE                                         r  u_gen_number/number_reg[5]/C
  -------------------------------------------------------------------    -------------------
    SLICE_X36Y92         FDCE (Prop_fdce_C_Q)         0.456    -0.138 r  u_gen_number/number_reg[5]/Q
                         net (fo=3, routed)           4.189     4.051    u_eth_ctrl/out[4]
    SLICE_X35Y92         LUT2 (Prop_lut2_I1_O)        0.150     4.201 r  u_eth_ctrl/u_udp_tx_i_3/O
                         net (fo=1, routed)           2.100     6.301    u_udp/u_udp_tx/tx_data[5]
    SLICE_X35Y92         LUT5 (Prop_lut5_I4_O)        0.326     6.627 r  u_udp/u_udp_tx/gmii_txd[5]_i_4/O
                         net (fo=1, routed)           1.823     8.450    u_udp/u_udp_tx/gmii_txd[5]_i_4_n_0
    SLICE_X34Y92         LUT6 (Prop_lut6_I2_O)        0.124     8.574 r  u_udp/u_udp_tx/gmii_txd[5]_i_1/O
                         net (fo=1, routed)           0.000     8.574    u_udp/u_udp_tx/gmii_txd[5]_i_1_n_0
    SLICE_X34Y92         FDCE                                         r  u_udp/u_udp_tx/gmii_txd_reg[5]/D
  -------------------------------------------------------------------    -------------------

                         (clock eth_rxc rise edge)    8.000     8.000 r  
    K17                                               0.000     8.000 r  eth_rxc (IN)
                         net (fo=0)                   0.000     8.000    eth_rxc
    K17                  IBUF (Prop_ibuf_I_O)         1.421     9.421 r  eth_rxc_IBUF_inst/O
                         net (fo=2, routed)           1.880    11.301    u_gmii_to_rgmii/u_rgmii_rx/rgmii_rxc
    BUFGCTRL_X0Y16       BUFG (Prop_bufg_I_O)         0.091    11.392 r  u_gmii_to_rgmii/u_rgmii_rx/BUFG_inst/O
                         net (fo=1642, routed)        1.486    12.878    u_udp/u_udp_tx/clk
    SLICE_X34Y92         FDCE                                         r  u_udp/u_udp_tx/gmii_txd_reg[5]/C
                         clock pessimism              0.000    12.878    
                         clock uncertainty           -0.250    12.628    
    SLICE_X34Y92         FDCE (Setup_fdce_C_D)        0.081    12.709    u_udp/u_udp_tx/gmii_txd_reg[5]
  -------------------------------------------------------------------
                         required time                         12.709    
                         arrival time                          -8.574    
  -------------------------------------------------------------------
                         slack                                  4.135    

Slack (MET) :             4.236ns  (required time - arrival time)
  Source:                 u_gen_number/number_reg[2]/C
                            (rising edge-triggered cell FDCE clocked by clk_out2_clk_wiz_0  {rise@0.000ns fall@4.000ns period=8.000ns})
  Destination:            u_udp/u_udp_tx/gmii_txd_reg[2]/D
                            (rising edge-triggered cell FDCE clocked by eth_rxc  {rise@0.000ns fall@4.000ns period=8.000ns})
  Path Group:             eth_rxc
  Path Type:              Setup (Max at Slow Process Corner)
  Requirement:            8.000ns  (eth_rxc rise@8.000ns - clk_out2_clk_wiz_0 rise@0.000ns)
  Data Path Delay:        9.014ns  (logic 1.283ns (14.233%)  route 7.731ns (85.767%))
  Logic Levels:           4  (LUT2=1 LUT5=1 LUT6=2)
  Clock Path Skew:        5.472ns (DCD - SCD + CPR)
    Destination Clock Delay (DCD):    4.878ns = ( 12.878 - 8.000 ) 
    Source Clock Delay      (SCD):    -0.594ns
    Clock Pessimism Removal (CPR):    0.000ns
  Clock Uncertainty:      0.250ns  ((TSJ^2 + DJ^2)^1/2) / 2 + PE
    Total System Jitter     (TSJ):    0.071ns
    Discrete Jitter          (DJ):    0.154ns
    Phase Error              (PE):    0.165ns
  Clock Domain Crossing:  Inter clock paths are considered valid unless explicitly excluded by timing constraints such as set_clock_groups or set_false_path.

    Location             Delay type                Incr(ns)  Path(ns)    Netlist Resource(s)
  -------------------------------------------------------------------    -------------------
                         (clock clk_out2_clk_wiz_0 rise edge)
                                                      0.000     0.000 r  
    U18                                               0.000     0.000 r  sys_clk (IN)
                         net (fo=0)                   0.000     0.000    u_clk_wiz_0/inst/clk_in1
    U18                  IBUF (Prop_ibuf_I_O)         1.530     1.530 r  u_clk_wiz_0/inst/clkin1_ibufg/O
                         net (fo=1, routed)           1.285     2.815    u_clk_wiz_0/inst/clk_in1_clk_wiz_0
    MMCME2_ADV_X0Y0      MMCME2_ADV (Prop_mmcme2_adv_CLKIN1_CLKOUT1)
                                                     -7.010    -4.195 r  u_clk_wiz_0/inst/mmcm_adv_inst/CLKOUT1
                         net (fo=1, routed)           1.760    -2.435    u_clk_wiz_0/inst/clk_out2_clk_wiz_0
    BUFGCTRL_X0Y1        BUFG (Prop_bufg_I_O)         0.101    -2.334 r  u_clk_wiz_0/inst/clkout2_buf/O
                         net (fo=8, routed)           1.740    -0.594    u_gen_number/CLK
    SLICE_X36Y91         FDCE                                         r  u_gen_number/number_reg[2]/C
  -------------------------------------------------------------------    -------------------
    SLICE_X36Y91         FDCE (Prop_fdce_C_Q)         0.419    -0.175 r  u_gen_number/number_reg[2]/Q
                         net (fo=6, routed)           3.139     2.964    u_eth_ctrl/out[1]
    SLICE_X36Y91         LUT2 (Prop_lut2_I1_O)        0.290     3.254 r  u_eth_ctrl/u_udp_tx_i_6/O
                         net (fo=1, routed)           1.800     5.055    u_udp/u_udp_tx/tx_data[2]
    SLICE_X35Y91         LUT5 (Prop_lut5_I2_O)        0.326     5.381 f  u_udp/u_udp_tx/gmii_txd[2]_i_5/O
                         net (fo=1, routed)           1.205     6.586    u_udp/u_udp_tx/gmii_txd[2]_i_5_n_0
    SLICE_X33Y89         LUT6 (Prop_lut6_I0_O)        0.124     6.710 f  u_udp/u_udp_tx/gmii_txd[2]_i_3/O
                         net (fo=1, routed)           1.587     8.297    u_udp/u_udp_tx/gmii_txd[2]_i_3_n_0
    SLICE_X33Y92         LUT6 (Prop_lut6_I4_O)        0.124     8.421 r  u_udp/u_udp_tx/gmii_txd[2]_i_1/O
                         net (fo=1, routed)           0.000     8.421    u_udp/u_udp_tx/gmii_txd[2]_i_1_n_0
    SLICE_X33Y92         FDCE                                         r  u_udp/u_udp_tx/gmii_txd_reg[2]/D
  -------------------------------------------------------------------    -------------------

                         (clock eth_rxc rise edge)    8.000     8.000 r  
    K17                                               0.000     8.000 r  eth_rxc (IN)
                         net (fo=0)                   0.000     8.000    eth_rxc
    K17                  IBUF (Prop_ibuf_I_O)         1.421     9.421 r  eth_rxc_IBUF_inst/O
                         net (fo=2, routed)           1.880    11.301    u_gmii_to_rgmii/u_rgmii_rx/rgmii_rxc
    BUFGCTRL_X0Y16       BUFG (Prop_bufg_I_O)         0.091    11.392 r  u_gmii_to_rgmii/u_rgmii_rx/BUFG_inst/O
                         net (fo=1642, routed)        1.486    12.878    u_udp/u_udp_tx/clk
    SLICE_X33Y92         FDCE                                         r  u_udp/u_udp_tx/gmii_txd_reg[2]/C
                         clock pessimism              0.000    12.878    
                         clock uncertainty           -0.250    12.628    
    SLICE_X33Y92         FDCE (Setup_fdce_C_D)        0.029    12.657    u_udp/u_udp_tx/gmii_txd_reg[2]
  -------------------------------------------------------------------
                         required time                         12.657    
                         arrival time                          -8.421    
  -------------------------------------------------------------------
                         slack                                  4.236    

Slack (MET) :             4.409ns  (required time - arrival time)
  Source:                 u_gen_number/number_reg[0]/C
                            (rising edge-triggered cell FDCE clocked by clk_out2_clk_wiz_0  {rise@0.000ns fall@4.000ns period=8.000ns})
  Destination:            u_udp/u_udp_tx/gmii_txd_reg[0]/D
                            (rising edge-triggered cell FDCE clocked by eth_rxc  {rise@0.000ns fall@4.000ns period=8.000ns})
  Path Group:             eth_rxc
  Path Type:              Setup (Max at Slow Process Corner)
  Requirement:            8.000ns  (eth_rxc rise@8.000ns - clk_out2_clk_wiz_0 rise@0.000ns)
  Data Path Delay:        8.844ns  (logic 0.952ns (10.765%)  route 7.892ns (89.235%))
  Logic Levels:           4  (LUT2=1 LUT5=1 LUT6=2)
  Clock Path Skew:        5.472ns (DCD - SCD + CPR)
    Destination Clock Delay (DCD):    4.878ns = ( 12.878 - 8.000 ) 
    Source Clock Delay      (SCD):    -0.594ns
    Clock Pessimism Removal (CPR):    0.000ns
  Clock Uncertainty:      0.250ns  ((TSJ^2 + DJ^2)^1/2) / 2 + PE
    Total System Jitter     (TSJ):    0.071ns
    Discrete Jitter          (DJ):    0.154ns
    Phase Error              (PE):    0.165ns
  Clock Domain Crossing:  Inter clock paths are considered valid unless explicitly excluded by timing constraints such as set_clock_groups or set_false_path.

    Location             Delay type                Incr(ns)  Path(ns)    Netlist Resource(s)
  -------------------------------------------------------------------    -------------------
                         (clock clk_out2_clk_wiz_0 rise edge)
                                                      0.000     0.000 r  
    U18                                               0.000     0.000 r  sys_clk (IN)
                         net (fo=0)                   0.000     0.000    u_clk_wiz_0/inst/clk_in1
    U18                  IBUF (Prop_ibuf_I_O)         1.530     1.530 r  u_clk_wiz_0/inst/clkin1_ibufg/O
                         net (fo=1, routed)           1.285     2.815    u_clk_wiz_0/inst/clk_in1_clk_wiz_0
    MMCME2_ADV_X0Y0      MMCME2_ADV (Prop_mmcme2_adv_CLKIN1_CLKOUT1)
                                                     -7.010    -4.195 r  u_clk_wiz_0/inst/mmcm_adv_inst/CLKOUT1
                         net (fo=1, routed)           1.760    -2.435    u_clk_wiz_0/inst/clk_out2_clk_wiz_0
    BUFGCTRL_X0Y1        BUFG (Prop_bufg_I_O)         0.101    -2.334 r  u_clk_wiz_0/inst/clkout2_buf/O
                         net (fo=8, routed)           1.740    -0.594    u_gen_number/CLK
    SLICE_X36Y91         FDCE                                         r  u_gen_number/number_reg[0]/C
  -------------------------------------------------------------------    -------------------
    SLICE_X36Y91         FDCE (Prop_fdce_C_Q)         0.456    -0.138 r  u_gen_number/number_reg[0]/Q
                         net (fo=8, routed)           3.051     2.913    u_gen_number/number[0]
    SLICE_X36Y91         LUT2 (Prop_lut2_I0_O)        0.124     3.037 r  u_gen_number/u_udp_tx_i_8/O
                         net (fo=1, routed)           1.793     4.829    u_udp/u_udp_tx/tx_data[0]
    SLICE_X35Y91         LUT5 (Prop_lut5_I4_O)        0.124     4.953 r  u_udp/u_udp_tx/gmii_txd[0]_i_5/O
                         net (fo=1, routed)           1.246     6.200    u_udp/u_udp_tx/gmii_txd[0]_i_5_n_0
    SLICE_X32Y91         LUT6 (Prop_lut6_I1_O)        0.124     6.324 r  u_udp/u_udp_tx/gmii_txd[0]_i_2/O
                         net (fo=1, routed)           1.802     8.126    u_udp/u_udp_tx/gmii_txd[0]_i_2_n_0
    SLICE_X33Y92         LUT6 (Prop_lut6_I0_O)        0.124     8.250 r  u_udp/u_udp_tx/gmii_txd[0]_i_1/O
                         net (fo=1, routed)           0.000     8.250    u_udp/u_udp_tx/gmii_txd[0]_i_1_n_0
    SLICE_X33Y92         FDCE                                         r  u_udp/u_udp_tx/gmii_txd_reg[0]/D
  -------------------------------------------------------------------    -------------------

                         (clock eth_rxc rise edge)    8.000     8.000 r  
    K17                                               0.000     8.000 r  eth_rxc (IN)
                         net (fo=0)                   0.000     8.000    eth_rxc
    K17                  IBUF (Prop_ibuf_I_O)         1.421     9.421 r  eth_rxc_IBUF_inst/O
                         net (fo=2, routed)           1.880    11.301    u_gmii_to_rgmii/u_rgmii_rx/rgmii_rxc
    BUFGCTRL_X0Y16       BUFG (Prop_bufg_I_O)         0.091    11.392 r  u_gmii_to_rgmii/u_rgmii_rx/BUFG_inst/O
                         net (fo=1642, routed)        1.486    12.878    u_udp/u_udp_tx/clk
    SLICE_X33Y92         FDCE                                         r  u_udp/u_udp_tx/gmii_txd_reg[0]/C
                         clock pessimism              0.000    12.878    
                         clock uncertainty           -0.250    12.628    
    SLICE_X33Y92         FDCE (Setup_fdce_C_D)        0.031    12.659    u_udp/u_udp_tx/gmii_txd_reg[0]
  -------------------------------------------------------------------
                         required time                         12.659    
                         arrival time                          -8.250    
  -------------------------------------------------------------------
                         slack                                  4.409    





Min Delay Paths
--------------------------------------------------------------------------------------
Slack (MET) :             0.416ns  (arrival time - required time)
  Source:                 u_gen_number/number_reg[0]/C
                            (rising edge-triggered cell FDCE clocked by clk_out2_clk_wiz_0  {rise@0.000ns fall@4.000ns period=8.000ns})
  Destination:            u_udp/u_udp_tx/gmii_txd_reg[0]/D
                            (rising edge-triggered cell FDCE clocked by eth_rxc  {rise@0.000ns fall@4.000ns period=8.000ns})
  Path Group:             eth_rxc
  Path Type:              Hold (Min at Slow Process Corner)
  Requirement:            0.000ns  (eth_rxc rise@0.000ns - clk_out2_clk_wiz_0 rise@0.000ns)
  Data Path Delay:        7.508ns  (logic 0.767ns (10.216%)  route 6.741ns (89.784%))
  Logic Levels:           4  (LUT2=1 LUT5=1 LUT6=2)
  Clock Path Skew:        6.572ns (DCD - SCD - CPR)
    Destination Clock Delay (DCD):    5.328ns
    Source Clock Delay      (SCD):    -1.244ns
    Clock Pessimism Removal (CPR):    -0.000ns
  Clock Uncertainty:      0.250ns  ((TSJ^2 + DJ^2)^1/2) / 2 + PE
    Total System Jitter     (TSJ):    0.071ns
    Discrete Jitter          (DJ):    0.154ns
    Phase Error              (PE):    0.165ns
  Clock Domain Crossing:  Inter clock paths are considered valid unless explicitly excluded by timing constraints such as set_clock_groups or set_false_path.

    Location             Delay type                Incr(ns)  Path(ns)    Netlist Resource(s)
  -------------------------------------------------------------------    -------------------
                         (clock clk_out2_clk_wiz_0 rise edge)
                                                      0.000     0.000 r  
    U18                                               0.000     0.000 r  sys_clk (IN)
                         net (fo=0)                   0.000     0.000    u_clk_wiz_0/inst/clk_in1
    U18                  IBUF (Prop_ibuf_I_O)         1.459     1.459 r  u_clk_wiz_0/inst/clkin1_ibufg/O
                         net (fo=1, routed)           1.162     2.621    u_clk_wiz_0/inst/clk_in1_clk_wiz_0
    MMCME2_ADV_X0Y0      MMCME2_ADV (Prop_mmcme2_adv_CLKIN1_CLKOUT1)
                                                     -7.118    -4.498 r  u_clk_wiz_0/inst/mmcm_adv_inst/CLKOUT1
                         net (fo=1, routed)           1.599    -2.898    u_clk_wiz_0/inst/clk_out2_clk_wiz_0
    BUFGCTRL_X0Y1        BUFG (Prop_bufg_I_O)         0.091    -2.807 r  u_clk_wiz_0/inst/clkout2_buf/O
                         net (fo=8, routed)           1.564    -1.244    u_gen_number/CLK
    SLICE_X36Y91         FDCE                                         r  u_gen_number/number_reg[0]/C
  -------------------------------------------------------------------    -------------------
    SLICE_X36Y91         FDCE (Prop_fdce_C_Q)         0.367    -0.877 r  u_gen_number/number_reg[0]/Q
                         net (fo=8, routed)           2.652     1.775    u_gen_number/number[0]
    SLICE_X36Y91         LUT2 (Prop_lut2_I0_O)        0.100     1.875 r  u_gen_number/u_udp_tx_i_8/O
                         net (fo=1, routed)           1.512     3.387    u_udp/u_udp_tx/tx_data[0]
    SLICE_X35Y91         LUT5 (Prop_lut5_I4_O)        0.100     3.487 r  u_udp/u_udp_tx/gmii_txd[0]_i_5/O
                         net (fo=1, routed)           1.076     4.563    u_udp/u_udp_tx/gmii_txd[0]_i_5_n_0
    SLICE_X32Y91         LUT6 (Prop_lut6_I1_O)        0.100     4.663 r  u_udp/u_udp_tx/gmii_txd[0]_i_2/O
                         net (fo=1, routed)           1.501     6.164    u_udp/u_udp_tx/gmii_txd[0]_i_2_n_0
    SLICE_X33Y92         LUT6 (Prop_lut6_I0_O)        0.100     6.264 r  u_udp/u_udp_tx/gmii_txd[0]_i_1/O
                         net (fo=1, routed)           0.000     6.264    u_udp/u_udp_tx/gmii_txd[0]_i_1_n_0
    SLICE_X33Y92         FDCE                                         r  u_udp/u_udp_tx/gmii_txd_reg[0]/D
  -------------------------------------------------------------------    -------------------

                         (clock eth_rxc rise edge)    0.000     0.000 r  
    K17                                               0.000     0.000 r  eth_rxc (IN)
                         net (fo=0)                   0.000     0.000    eth_rxc
    K17                  IBUF (Prop_ibuf_I_O)         1.492     1.492 r  eth_rxc_IBUF_inst/O
                         net (fo=2, routed)           2.076     3.568    u_gmii_to_rgmii/u_rgmii_rx/rgmii_rxc
    BUFGCTRL_X0Y16       BUFG (Prop_bufg_I_O)         0.101     3.669 r  u_gmii_to_rgmii/u_rgmii_rx/BUFG_inst/O
                         net (fo=1642, routed)        1.659     5.328    u_udp/u_udp_tx/clk
    SLICE_X33Y92         FDCE                                         r  u_udp/u_udp_tx/gmii_txd_reg[0]/C
                         clock pessimism              0.000     5.328    
                         clock uncertainty            0.250     5.578    
    SLICE_X33Y92         FDCE (Hold_fdce_C_D)         0.270     5.848    u_udp/u_udp_tx/gmii_txd_reg[0]
  -------------------------------------------------------------------
                         required time                         -5.848    
                         arrival time                           6.264    
  -------------------------------------------------------------------
                         slack                                  0.416    

Slack (MET) :             0.547ns  (arrival time - required time)
  Source:                 u_gen_number/number_reg[2]/C
                            (rising edge-triggered cell FDCE clocked by clk_out2_clk_wiz_0  {rise@0.000ns fall@4.000ns period=8.000ns})
  Destination:            u_udp/u_udp_tx/gmii_txd_reg[2]/D
                            (rising edge-triggered cell FDCE clocked by eth_rxc  {rise@0.000ns fall@4.000ns period=8.000ns})
  Path Group:             eth_rxc
  Path Type:              Hold (Min at Slow Process Corner)
  Requirement:            0.000ns  (eth_rxc rise@0.000ns - clk_out2_clk_wiz_0 rise@0.000ns)
  Data Path Delay:        7.637ns  (logic 1.034ns (13.539%)  route 6.603ns (86.461%))
  Logic Levels:           4  (LUT2=1 LUT5=1 LUT6=2)
  Clock Path Skew:        6.572ns (DCD - SCD - CPR)
    Destination Clock Delay (DCD):    5.328ns
    Source Clock Delay      (SCD):    -1.244ns
    Clock Pessimism Removal (CPR):    -0.000ns
  Clock Uncertainty:      0.250ns  ((TSJ^2 + DJ^2)^1/2) / 2 + PE
    Total System Jitter     (TSJ):    0.071ns
    Discrete Jitter          (DJ):    0.154ns
    Phase Error              (PE):    0.165ns
  Clock Domain Crossing:  Inter clock paths are considered valid unless explicitly excluded by timing constraints such as set_clock_groups or set_false_path.

    Location             Delay type                Incr(ns)  Path(ns)    Netlist Resource(s)
  -------------------------------------------------------------------    -------------------
                         (clock clk_out2_clk_wiz_0 rise edge)
                                                      0.000     0.000 r  
    U18                                               0.000     0.000 r  sys_clk (IN)
                         net (fo=0)                   0.000     0.000    u_clk_wiz_0/inst/clk_in1
    U18                  IBUF (Prop_ibuf_I_O)         1.459     1.459 r  u_clk_wiz_0/inst/clkin1_ibufg/O
                         net (fo=1, routed)           1.162     2.621    u_clk_wiz_0/inst/clk_in1_clk_wiz_0
    MMCME2_ADV_X0Y0      MMCME2_ADV (Prop_mmcme2_adv_CLKIN1_CLKOUT1)
                                                     -7.118    -4.498 r  u_clk_wiz_0/inst/mmcm_adv_inst/CLKOUT1
                         net (fo=1, routed)           1.599    -2.898    u_clk_wiz_0/inst/clk_out2_clk_wiz_0
    BUFGCTRL_X0Y1        BUFG (Prop_bufg_I_O)         0.091    -2.807 r  u_clk_wiz_0/inst/clkout2_buf/O
                         net (fo=8, routed)           1.564    -1.244    u_gen_number/CLK
    SLICE_X36Y91         FDCE                                         r  u_gen_number/number_reg[2]/C
  -------------------------------------------------------------------    -------------------
    SLICE_X36Y91         FDCE (Prop_fdce_C_Q)         0.337    -0.907 r  u_gen_number/number_reg[2]/Q
                         net (fo=6, routed)           2.710     1.803    u_eth_ctrl/out[1]
    SLICE_X36Y91         LUT2 (Prop_lut2_I1_O)        0.234     2.037 r  u_eth_ctrl/u_udp_tx_i_6/O
                         net (fo=1, routed)           1.507     3.545    u_udp/u_udp_tx/tx_data[2]
    SLICE_X35Y91         LUT5 (Prop_lut5_I2_O)        0.263     3.808 f  u_udp/u_udp_tx/gmii_txd[2]_i_5/O
                         net (fo=1, routed)           1.043     4.851    u_udp/u_udp_tx/gmii_txd[2]_i_5_n_0
    SLICE_X33Y89         LUT6 (Prop_lut6_I0_O)        0.100     4.951 f  u_udp/u_udp_tx/gmii_txd[2]_i_3/O
                         net (fo=1, routed)           1.343     6.294    u_udp/u_udp_tx/gmii_txd[2]_i_3_n_0
    SLICE_X33Y92         LUT6 (Prop_lut6_I4_O)        0.100     6.394 r  u_udp/u_udp_tx/gmii_txd[2]_i_1/O
                         net (fo=1, routed)           0.000     6.394    u_udp/u_udp_tx/gmii_txd[2]_i_1_n_0
    SLICE_X33Y92         FDCE                                         r  u_udp/u_udp_tx/gmii_txd_reg[2]/D
  -------------------------------------------------------------------    -------------------

                         (clock eth_rxc rise edge)    0.000     0.000 r  
    K17                                               0.000     0.000 r  eth_rxc (IN)
                         net (fo=0)                   0.000     0.000    eth_rxc
    K17                  IBUF (Prop_ibuf_I_O)         1.492     1.492 r  eth_rxc_IBUF_inst/O
                         net (fo=2, routed)           2.076     3.568    u_gmii_to_rgmii/u_rgmii_rx/rgmii_rxc
    BUFGCTRL_X0Y16       BUFG (Prop_bufg_I_O)         0.101     3.669 r  u_gmii_to_rgmii/u_rgmii_rx/BUFG_inst/O
                         net (fo=1642, routed)        1.659     5.328    u_udp/u_udp_tx/clk
    SLICE_X33Y92         FDCE                                         r  u_udp/u_udp_tx/gmii_txd_reg[2]/C
                         clock pessimism              0.000     5.328    
                         clock uncertainty            0.250     5.578    
    SLICE_X33Y92         FDCE (Hold_fdce_C_D)         0.269     5.847    u_udp/u_udp_tx/gmii_txd_reg[2]
  -------------------------------------------------------------------
                         required time                         -5.847    
                         arrival time                           6.394    
  -------------------------------------------------------------------
                         slack                                  0.547    

Slack (MET) :             0.618ns  (arrival time - required time)
  Source:                 u_gen_number/number_reg[5]/C
                            (rising edge-triggered cell FDCE clocked by clk_out2_clk_wiz_0  {rise@0.000ns fall@4.000ns period=8.000ns})
  Destination:            u_udp/u_udp_tx/gmii_txd_reg[5]/D
                            (rising edge-triggered cell FDCE clocked by eth_rxc  {rise@0.000ns fall@4.000ns period=8.000ns})
  Path Group:             eth_rxc
  Path Type:              Hold (Min at Slow Process Corner)
  Requirement:            0.000ns  (eth_rxc rise@0.000ns - clk_out2_clk_wiz_0 rise@0.000ns)
  Data Path Delay:        7.772ns  (logic 0.851ns (10.950%)  route 6.921ns (89.050%))
  Logic Levels:           3  (LUT2=1 LUT5=1 LUT6=1)
  Clock Path Skew:        6.572ns (DCD - SCD - CPR)
    Destination Clock Delay (DCD):    5.328ns
    Source Clock Delay      (SCD):    -1.244ns
    Clock Pessimism Removal (CPR):    -0.000ns
  Clock Uncertainty:      0.250ns  ((TSJ^2 + DJ^2)^1/2) / 2 + PE
    Total System Jitter     (TSJ):    0.071ns
    Discrete Jitter          (DJ):    0.154ns
    Phase Error              (PE):    0.165ns
  Clock Domain Crossing:  Inter clock paths are considered valid unless explicitly excluded by timing constraints such as set_clock_groups or set_false_path.

    Location             Delay type                Incr(ns)  Path(ns)    Netlist Resource(s)
  -------------------------------------------------------------------    -------------------
                         (clock clk_out2_clk_wiz_0 rise edge)
                                                      0.000     0.000 r  
    U18                                               0.000     0.000 r  sys_clk (IN)
                         net (fo=0)                   0.000     0.000    u_clk_wiz_0/inst/clk_in1
    U18                  IBUF (Prop_ibuf_I_O)         1.459     1.459 r  u_clk_wiz_0/inst/clkin1_ibufg/O
                         net (fo=1, routed)           1.162     2.621    u_clk_wiz_0/inst/clk_in1_clk_wiz_0
    MMCME2_ADV_X0Y0      MMCME2_ADV (Prop_mmcme2_adv_CLKIN1_CLKOUT1)
                                                     -7.118    -4.498 r  u_clk_wiz_0/inst/mmcm_adv_inst/CLKOUT1
                         net (fo=1, routed)           1.599    -2.898    u_clk_wiz_0/inst/clk_out2_clk_wiz_0
    BUFGCTRL_X0Y1        BUFG (Prop_bufg_I_O)         0.091    -2.807 r  u_clk_wiz_0/inst/clkout2_buf/O
                         net (fo=8, routed)           1.564    -1.244    u_gen_number/CLK
    SLICE_X36Y92         FDCE                                         r  u_gen_number/number_reg[5]/C
  -------------------------------------------------------------------    -------------------
    SLICE_X36Y92         FDCE (Prop_fdce_C_Q)         0.367    -0.877 r  u_gen_number/number_reg[5]/Q
                         net (fo=3, routed)           3.576     2.700    u_eth_ctrl/out[4]
    SLICE_X35Y92         LUT2 (Prop_lut2_I1_O)        0.121     2.821 r  u_eth_ctrl/u_udp_tx_i_3/O
                         net (fo=1, routed)           1.803     4.624    u_udp/u_udp_tx/tx_data[5]
    SLICE_X35Y92         LUT5 (Prop_lut5_I4_O)        0.263     4.887 r  u_udp/u_udp_tx/gmii_txd[5]_i_4/O
                         net (fo=1, routed)           1.542     6.428    u_udp/u_udp_tx/gmii_txd[5]_i_4_n_0
    SLICE_X34Y92         LUT6 (Prop_lut6_I2_O)        0.100     6.528 r  u_udp/u_udp_tx/gmii_txd[5]_i_1/O
                         net (fo=1, routed)           0.000     6.528    u_udp/u_udp_tx/gmii_txd[5]_i_1_n_0
    SLICE_X34Y92         FDCE                                         r  u_udp/u_udp_tx/gmii_txd_reg[5]/D
  -------------------------------------------------------------------    -------------------

                         (clock eth_rxc rise edge)    0.000     0.000 r  
    K17                                               0.000     0.000 r  eth_rxc (IN)
                         net (fo=0)                   0.000     0.000    eth_rxc
    K17                  IBUF (Prop_ibuf_I_O)         1.492     1.492 r  eth_rxc_IBUF_inst/O
                         net (fo=2, routed)           2.076     3.568    u_gmii_to_rgmii/u_rgmii_rx/rgmii_rxc
    BUFGCTRL_X0Y16       BUFG (Prop_bufg_I_O)         0.101     3.669 r  u_gmii_to_rgmii/u_rgmii_rx/BUFG_inst/O
                         net (fo=1642, routed)        1.659     5.328    u_udp/u_udp_tx/clk
    SLICE_X34Y92         FDCE                                         r  u_udp/u_udp_tx/gmii_txd_reg[5]/C
                         clock pessimism              0.000     5.328    
                         clock uncertainty            0.250     5.578    
    SLICE_X34Y92         FDCE (Hold_fdce_C_D)         0.333     5.911    u_udp/u_udp_tx/gmii_txd_reg[5]
  -------------------------------------------------------------------
                         required time                         -5.911    
                         arrival time                           6.528    
  -------------------------------------------------------------------
                         slack                                  0.618    

Slack (MET) :             0.672ns  (arrival time - required time)
  Source:                 u_gen_number/number_reg[3]/C
                            (rising edge-triggered cell FDCE clocked by clk_out2_clk_wiz_0  {rise@0.000ns fall@4.000ns period=8.000ns})
  Destination:            u_udp/u_udp_tx/gmii_txd_reg[3]/D
                            (rising edge-triggered cell FDCE clocked by eth_rxc  {rise@0.000ns fall@4.000ns period=8.000ns})
  Path Group:             eth_rxc
  Path Type:              Hold (Min at Slow Process Corner)
  Requirement:            0.000ns  (eth_rxc rise@0.000ns - clk_out2_clk_wiz_0 rise@0.000ns)
  Data Path Delay:        7.764ns  (logic 0.767ns (9.879%)  route 6.997ns (90.121%))
  Logic Levels:           4  (LUT2=1 LUT5=1 LUT6=2)
  Clock Path Skew:        6.572ns (DCD - SCD - CPR)
    Destination Clock Delay (DCD):    5.328ns
    Source Clock Delay      (SCD):    -1.244ns
    Clock Pessimism Removal (CPR):    -0.000ns
  Clock Uncertainty:      0.250ns  ((TSJ^2 + DJ^2)^1/2) / 2 + PE
    Total System Jitter     (TSJ):    0.071ns
    Discrete Jitter          (DJ):    0.154ns
    Phase Error              (PE):    0.165ns
  Clock Domain Crossing:  Inter clock paths are considered valid unless explicitly excluded by timing constraints such as set_clock_groups or set_false_path.

    Location             Delay type                Incr(ns)  Path(ns)    Netlist Resource(s)
  -------------------------------------------------------------------    -------------------
                         (clock clk_out2_clk_wiz_0 rise edge)
                                                      0.000     0.000 r  
    U18                                               0.000     0.000 r  sys_clk (IN)
                         net (fo=0)                   0.000     0.000    u_clk_wiz_0/inst/clk_in1
    U18                  IBUF (Prop_ibuf_I_O)         1.459     1.459 r  u_clk_wiz_0/inst/clkin1_ibufg/O
                         net (fo=1, routed)           1.162     2.621    u_clk_wiz_0/inst/clk_in1_clk_wiz_0
    MMCME2_ADV_X0Y0      MMCME2_ADV (Prop_mmcme2_adv_CLKIN1_CLKOUT1)
                                                     -7.118    -4.498 r  u_clk_wiz_0/inst/mmcm_adv_inst/CLKOUT1
                         net (fo=1, routed)           1.599    -2.898    u_clk_wiz_0/inst/clk_out2_clk_wiz_0
    BUFGCTRL_X0Y1        BUFG (Prop_bufg_I_O)         0.091    -2.807 r  u_clk_wiz_0/inst/clkout2_buf/O
                         net (fo=8, routed)           1.564    -1.244    u_gen_number/CLK
    SLICE_X36Y92         FDCE                                         r  u_gen_number/number_reg[3]/C
  -------------------------------------------------------------------    -------------------
    SLICE_X36Y92         FDCE (Prop_fdce_C_Q)         0.367    -0.877 r  u_gen_number/number_reg[3]/Q
                         net (fo=5, routed)           2.990     2.113    u_eth_ctrl/out[2]
    SLICE_X36Y91         LUT2 (Prop_lut2_I1_O)        0.100     2.213 r  u_eth_ctrl/u_udp_tx_i_5/O
                         net (fo=1, routed)           1.482     3.695    u_udp/u_udp_tx/tx_data[3]
    SLICE_X34Y91         LUT5 (Prop_lut5_I4_O)        0.100     3.795 r  u_udp/u_udp_tx/gmii_txd[3]_i_8/O
                         net (fo=1, routed)           1.250     5.045    u_udp/u_udp_tx/gmii_txd[3]_i_8_n_0
    SLICE_X33Y89         LUT6 (Prop_lut6_I5_O)        0.100     5.145 f  u_udp/u_udp_tx/gmii_txd[3]_i_2/O
                         net (fo=1, routed)           1.275     6.420    u_udp/u_udp_tx/gmii_txd[3]_i_2_n_0
    SLICE_X33Y92         LUT6 (Prop_lut6_I0_O)        0.100     6.520 r  u_udp/u_udp_tx/gmii_txd[3]_i_1/O
                         net (fo=1, routed)           0.000     6.520    u_udp/u_udp_tx/gmii_txd[3]_i_1_n_0
    SLICE_X33Y92         FDCE                                         r  u_udp/u_udp_tx/gmii_txd_reg[3]/D
  -------------------------------------------------------------------    -------------------

                         (clock eth_rxc rise edge)    0.000     0.000 r  
    K17                                               0.000     0.000 r  eth_rxc (IN)
                         net (fo=0)                   0.000     0.000    eth_rxc
    K17                  IBUF (Prop_ibuf_I_O)         1.492     1.492 r  eth_rxc_IBUF_inst/O
                         net (fo=2, routed)           2.076     3.568    u_gmii_to_rgmii/u_rgmii_rx/rgmii_rxc
    BUFGCTRL_X0Y16       BUFG (Prop_bufg_I_O)         0.101     3.669 r  u_gmii_to_rgmii/u_rgmii_rx/BUFG_inst/O
                         net (fo=1642, routed)        1.659     5.328    u_udp/u_udp_tx/clk
    SLICE_X33Y92         FDCE                                         r  u_udp/u_udp_tx/gmii_txd_reg[3]/C
                         clock pessimism              0.000     5.328    
                         clock uncertainty            0.250     5.578    
    SLICE_X33Y92         FDCE (Hold_fdce_C_D)         0.270     5.848    u_udp/u_udp_tx/gmii_txd_reg[3]
  -------------------------------------------------------------------
                         required time                         -5.848    
                         arrival time                           6.520    
  -------------------------------------------------------------------
                         slack                                  0.672    

Slack (MET) :             0.732ns  (arrival time - required time)
  Source:                 u_gen_number/number_reg[4]/C
                            (rising edge-triggered cell FDCE clocked by clk_out2_clk_wiz_0  {rise@0.000ns fall@4.000ns period=8.000ns})
  Destination:            u_udp/u_udp_tx/gmii_txd_reg[4]/D
                            (rising edge-triggered cell FDCE clocked by eth_rxc  {rise@0.000ns fall@4.000ns period=8.000ns})
  Path Group:             eth_rxc
  Path Type:              Hold (Min at Slow Process Corner)
  Requirement:            0.000ns  (eth_rxc rise@0.000ns - clk_out2_clk_wiz_0 rise@0.000ns)
  Data Path Delay:        7.886ns  (logic 0.776ns (9.840%)  route 7.110ns (90.160%))
  Logic Levels:           3  (LUT2=1 LUT5=1 LUT6=1)
  Clock Path Skew:        6.572ns (DCD - SCD - CPR)
    Destination Clock Delay (DCD):    5.328ns
    Source Clock Delay      (SCD):    -1.244ns
    Clock Pessimism Removal (CPR):    -0.000ns
  Clock Uncertainty:      0.250ns  ((TSJ^2 + DJ^2)^1/2) / 2 + PE
    Total System Jitter     (TSJ):    0.071ns
    Discrete Jitter          (DJ):    0.154ns
    Phase Error              (PE):    0.165ns
  Clock Domain Crossing:  Inter clock paths are considered valid unless explicitly excluded by timing constraints such as set_clock_groups or set_false_path.

    Location             Delay type                Incr(ns)  Path(ns)    Netlist Resource(s)
  -------------------------------------------------------------------    -------------------
                         (clock clk_out2_clk_wiz_0 rise edge)
                                                      0.000     0.000 r  
    U18                                               0.000     0.000 r  sys_clk (IN)
                         net (fo=0)                   0.000     0.000    u_clk_wiz_0/inst/clk_in1
    U18                  IBUF (Prop_ibuf_I_O)         1.459     1.459 r  u_clk_wiz_0/inst/clkin1_ibufg/O
                         net (fo=1, routed)           1.162     2.621    u_clk_wiz_0/inst/clk_in1_clk_wiz_0
    MMCME2_ADV_X0Y0      MMCME2_ADV (Prop_mmcme2_adv_CLKIN1_CLKOUT1)
                                                     -7.118    -4.498 r  u_clk_wiz_0/inst/mmcm_adv_inst/CLKOUT1
                         net (fo=1, routed)           1.599    -2.898    u_clk_wiz_0/inst/clk_out2_clk_wiz_0
    BUFGCTRL_X0Y1        BUFG (Prop_bufg_I_O)         0.091    -2.807 r  u_clk_wiz_0/inst/clkout2_buf/O
                         net (fo=8, routed)           1.564    -1.244    u_gen_number/CLK
    SLICE_X36Y92         FDCE                                         r  u_gen_number/number_reg[4]/C
  -------------------------------------------------------------------    -------------------
    SLICE_X36Y92         FDCE (Prop_fdce_C_Q)         0.337    -0.907 r  u_gen_number/number_reg[4]/Q
                         net (fo=4, routed)           3.587     2.680    u_eth_ctrl/out[3]
    SLICE_X36Y92         LUT2 (Prop_lut2_I1_O)        0.239     2.919 r  u_eth_ctrl/u_udp_tx_i_4/O
                         net (fo=1, routed)           1.906     4.825    u_udp/u_udp_tx/tx_data[4]
    SLICE_X35Y91         LUT5 (Prop_lut5_I4_O)        0.100     4.925 r  u_udp/u_udp_tx/gmii_txd[4]_i_3/O
                         net (fo=1, routed)           1.617     6.542    u_udp/u_udp_tx/gmii_txd[4]_i_3_n_0
    SLICE_X34Y91         LUT6 (Prop_lut6_I2_O)        0.100     6.642 r  u_udp/u_udp_tx/gmii_txd[4]_i_1/O
                         net (fo=1, routed)           0.000     6.642    u_udp/u_udp_tx/gmii_txd[4]_i_1_n_0
    SLICE_X34Y91         FDCE                                         r  u_udp/u_udp_tx/gmii_txd_reg[4]/D
  -------------------------------------------------------------------    -------------------

                         (clock eth_rxc rise edge)    0.000     0.000 r  
    K17                                               0.000     0.000 r  eth_rxc (IN)
                         net (fo=0)                   0.000     0.000    eth_rxc
    K17                  IBUF (Prop_ibuf_I_O)         1.492     1.492 r  eth_rxc_IBUF_inst/O
                         net (fo=2, routed)           2.076     3.568    u_gmii_to_rgmii/u_rgmii_rx/rgmii_rxc
    BUFGCTRL_X0Y16       BUFG (Prop_bufg_I_O)         0.101     3.669 r  u_gmii_to_rgmii/u_rgmii_rx/BUFG_inst/O
                         net (fo=1642, routed)        1.659     5.328    u_udp/u_udp_tx/clk
    SLICE_X34Y91         FDCE                                         r  u_udp/u_udp_tx/gmii_txd_reg[4]/C
                         clock pessimism              0.000     5.328    
                         clock uncertainty            0.250     5.578    
    SLICE_X34Y91         FDCE (Hold_fdce_C_D)         0.333     5.911    u_udp/u_udp_tx/gmii_txd_reg[4]
  -------------------------------------------------------------------
                         required time                         -5.911    
                         arrival time                           6.642    
  -------------------------------------------------------------------
                         slack                                  0.732    

Slack (MET) :             0.769ns  (arrival time - required time)
  Source:                 u_gen_number/number_reg[7]/C
                            (rising edge-triggered cell FDCE clocked by clk_out2_clk_wiz_0  {rise@0.000ns fall@4.000ns period=8.000ns})
  Destination:            u_udp/u_udp_tx/gmii_txd_reg[7]/D
                            (rising edge-triggered cell FDCE clocked by eth_rxc  {rise@0.000ns fall@4.000ns period=8.000ns})
  Path Group:             eth_rxc
  Path Type:              Hold (Min at Slow Process Corner)
  Requirement:            0.000ns  (eth_rxc rise@0.000ns - clk_out2_clk_wiz_0 rise@0.000ns)
  Data Path Delay:        7.936ns  (logic 0.776ns (9.778%)  route 7.160ns (90.222%))
  Logic Levels:           3  (LUT2=1 LUT5=1 LUT6=1)
  Clock Path Skew:        6.647ns (DCD - SCD - CPR)
    Destination Clock Delay (DCD):    5.328ns
    Source Clock Delay      (SCD):    -1.319ns
    Clock Pessimism Removal (CPR):    -0.000ns
  Clock Uncertainty:      0.250ns  ((TSJ^2 + DJ^2)^1/2) / 2 + PE
    Total System Jitter     (TSJ):    0.071ns
    Discrete Jitter          (DJ):    0.154ns
    Phase Error              (PE):    0.165ns
  Clock Domain Crossing:  Inter clock paths are considered valid unless explicitly excluded by timing constraints such as set_clock_groups or set_false_path.

    Location             Delay type                Incr(ns)  Path(ns)    Netlist Resource(s)
  -------------------------------------------------------------------    -------------------
                         (clock clk_out2_clk_wiz_0 rise edge)
                                                      0.000     0.000 r  
    U18                                               0.000     0.000 r  sys_clk (IN)
                         net (fo=0)                   0.000     0.000    u_clk_wiz_0/inst/clk_in1
    U18                  IBUF (Prop_ibuf_I_O)         1.459     1.459 r  u_clk_wiz_0/inst/clkin1_ibufg/O
                         net (fo=1, routed)           1.162     2.621    u_clk_wiz_0/inst/clk_in1_clk_wiz_0
    MMCME2_ADV_X0Y0      MMCME2_ADV (Prop_mmcme2_adv_CLKIN1_CLKOUT1)
                                                     -7.118    -4.498 r  u_clk_wiz_0/inst/mmcm_adv_inst/CLKOUT1
                         net (fo=1, routed)           1.599    -2.898    u_clk_wiz_0/inst/clk_out2_clk_wiz_0
    BUFGCTRL_X0Y1        BUFG (Prop_bufg_I_O)         0.091    -2.807 r  u_clk_wiz_0/inst/clkout2_buf/O
                         net (fo=8, routed)           1.489    -1.319    u_gen_number/CLK
    SLICE_X35Y92         FDCE                                         r  u_gen_number/number_reg[7]/C
  -------------------------------------------------------------------    -------------------
    SLICE_X35Y92         FDCE (Prop_fdce_C_Q)         0.337    -0.982 r  u_gen_number/number_reg[7]/Q
                         net (fo=2, routed)           3.601     2.619    u_eth_ctrl/out[6]
    SLICE_X33Y91         LUT2 (Prop_lut2_I1_O)        0.239     2.858 r  u_eth_ctrl/u_udp_tx_i_1/O
                         net (fo=1, routed)           1.859     4.717    u_udp/u_udp_tx/tx_data[7]
    SLICE_X33Y91         LUT6 (Prop_lut6_I1_O)        0.100     4.817 f  u_udp/u_udp_tx/gmii_txd[7]_i_2/O
                         net (fo=1, routed)           1.700     6.517    u_udp/u_udp_tx/gmii_txd[7]_i_2_n_0
    SLICE_X33Y92         LUT5 (Prop_lut5_I0_O)        0.100     6.617 r  u_udp/u_udp_tx/gmii_txd[7]_i_1/O
                         net (fo=1, routed)           0.000     6.617    u_udp/u_udp_tx/gmii_txd[7]_i_1_n_0
    SLICE_X33Y92         FDCE                                         r  u_udp/u_udp_tx/gmii_txd_reg[7]/D
  -------------------------------------------------------------------    -------------------

                         (clock eth_rxc rise edge)    0.000     0.000 r  
    K17                                               0.000     0.000 r  eth_rxc (IN)
                         net (fo=0)                   0.000     0.000    eth_rxc
    K17                  IBUF (Prop_ibuf_I_O)         1.492     1.492 r  eth_rxc_IBUF_inst/O
                         net (fo=2, routed)           2.076     3.568    u_gmii_to_rgmii/u_rgmii_rx/rgmii_rxc
    BUFGCTRL_X0Y16       BUFG (Prop_bufg_I_O)         0.101     3.669 r  u_gmii_to_rgmii/u_rgmii_rx/BUFG_inst/O
                         net (fo=1642, routed)        1.659     5.328    u_udp/u_udp_tx/clk
    SLICE_X33Y92         FDCE                                         r  u_udp/u_udp_tx/gmii_txd_reg[7]/C
                         clock pessimism              0.000     5.328    
                         clock uncertainty            0.250     5.578    
    SLICE_X33Y92         FDCE (Hold_fdce_C_D)         0.271     5.849    u_udp/u_udp_tx/gmii_txd_reg[7]
  -------------------------------------------------------------------
                         required time                         -5.849    
                         arrival time                           6.617    
  -------------------------------------------------------------------
                         slack                                  0.769    

Slack (MET) :             0.806ns  (arrival time - required time)
  Source:                 u_gen_number/number_reg[6]/C
                            (rising edge-triggered cell FDCE clocked by clk_out2_clk_wiz_0  {rise@0.000ns fall@4.000ns period=8.000ns})
  Destination:            u_udp/u_udp_tx/gmii_txd_reg[6]/D
                            (rising edge-triggered cell FDCE clocked by eth_rxc  {rise@0.000ns fall@4.000ns period=8.000ns})
  Path Group:             eth_rxc
  Path Type:              Hold (Min at Slow Process Corner)
  Requirement:            0.000ns  (eth_rxc rise@0.000ns - clk_out2_clk_wiz_0 rise@0.000ns)
  Data Path Delay:        8.033ns  (logic 0.667ns (8.303%)  route 7.366ns (91.697%))
  Logic Levels:           3  (LUT2=1 LUT6=2)
  Clock Path Skew:        6.647ns (DCD - SCD - CPR)
    Destination Clock Delay (DCD):    5.328ns
    Source Clock Delay      (SCD):    -1.319ns
    Clock Pessimism Removal (CPR):    -0.000ns
  Clock Uncertainty:      0.250ns  ((TSJ^2 + DJ^2)^1/2) / 2 + PE
    Total System Jitter     (TSJ):    0.071ns
    Discrete Jitter          (DJ):    0.154ns
    Phase Error              (PE):    0.165ns
  Clock Domain Crossing:  Inter clock paths are considered valid unless explicitly excluded by timing constraints such as set_clock_groups or set_false_path.

    Location             Delay type                Incr(ns)  Path(ns)    Netlist Resource(s)
  -------------------------------------------------------------------    -------------------
                         (clock clk_out2_clk_wiz_0 rise edge)
                                                      0.000     0.000 r  
    U18                                               0.000     0.000 r  sys_clk (IN)
                         net (fo=0)                   0.000     0.000    u_clk_wiz_0/inst/clk_in1
    U18                  IBUF (Prop_ibuf_I_O)         1.459     1.459 r  u_clk_wiz_0/inst/clkin1_ibufg/O
                         net (fo=1, routed)           1.162     2.621    u_clk_wiz_0/inst/clk_in1_clk_wiz_0
    MMCME2_ADV_X0Y0      MMCME2_ADV (Prop_mmcme2_adv_CLKIN1_CLKOUT1)
                                                     -7.118    -4.498 r  u_clk_wiz_0/inst/mmcm_adv_inst/CLKOUT1
                         net (fo=1, routed)           1.599    -2.898    u_clk_wiz_0/inst/clk_out2_clk_wiz_0
    BUFGCTRL_X0Y1        BUFG (Prop_bufg_I_O)         0.091    -2.807 r  u_clk_wiz_0/inst/clkout2_buf/O
                         net (fo=8, routed)           1.489    -1.319    u_gen_number/CLK
    SLICE_X35Y92         FDCE                                         r  u_gen_number/number_reg[6]/C
  -------------------------------------------------------------------    -------------------
    SLICE_X35Y92         FDCE (Prop_fdce_C_Q)         0.367    -0.952 r  u_gen_number/number_reg[6]/Q
                         net (fo=3, routed)           3.902     2.950    u_eth_ctrl/out[5]
    SLICE_X35Y92         LUT2 (Prop_lut2_I1_O)        0.100     3.050 r  u_eth_ctrl/u_udp_tx_i_2/O
                         net (fo=1, routed)           1.758     4.808    u_udp/u_udp_tx/tx_data[6]
    SLICE_X34Y92         LUT6 (Prop_lut6_I1_O)        0.100     4.908 f  u_udp/u_udp_tx/gmii_txd[6]_i_2/O
                         net (fo=1, routed)           1.706     6.615    u_udp/u_udp_tx/gmii_txd[6]_i_2_n_0
    SLICE_X34Y92         LUT6 (Prop_lut6_I0_O)        0.100     6.715 r  u_udp/u_udp_tx/gmii_txd[6]_i_1/O
                         net (fo=1, routed)           0.000     6.715    u_udp/u_udp_tx/gmii_txd[6]_i_1_n_0
    SLICE_X34Y92         FDCE                                         r  u_udp/u_udp_tx/gmii_txd_reg[6]/D
  -------------------------------------------------------------------    -------------------

                         (clock eth_rxc rise edge)    0.000     0.000 r  
    K17                                               0.000     0.000 r  eth_rxc (IN)
                         net (fo=0)                   0.000     0.000    eth_rxc
    K17                  IBUF (Prop_ibuf_I_O)         1.492     1.492 r  eth_rxc_IBUF_inst/O
                         net (fo=2, routed)           2.076     3.568    u_gmii_to_rgmii/u_rgmii_rx/rgmii_rxc
    BUFGCTRL_X0Y16       BUFG (Prop_bufg_I_O)         0.101     3.669 r  u_gmii_to_rgmii/u_rgmii_rx/BUFG_inst/O
                         net (fo=1642, routed)        1.659     5.328    u_udp/u_udp_tx/clk
    SLICE_X34Y92         FDCE                                         r  u_udp/u_udp_tx/gmii_txd_reg[6]/C
                         clock pessimism              0.000     5.328    
                         clock uncertainty            0.250     5.578    
    SLICE_X34Y92         FDCE (Hold_fdce_C_D)         0.331     5.909    u_udp/u_udp_tx/gmii_txd_reg[6]
  -------------------------------------------------------------------
                         required time                         -5.909    
                         arrival time                           6.715    
  -------------------------------------------------------------------
                         slack                                  0.806    

Slack (MET) :             0.908ns  (arrival time - required time)
  Source:                 u_gen_number/number_reg[1]/C
                            (rising edge-triggered cell FDCE clocked by clk_out2_clk_wiz_0  {rise@0.000ns fall@4.000ns period=8.000ns})
  Destination:            u_udp/u_udp_tx/gmii_txd_reg[1]/D
                            (rising edge-triggered cell FDCE clocked by eth_rxc  {rise@0.000ns fall@4.000ns period=8.000ns})
  Path Group:             eth_rxc
  Path Type:              Hold (Min at Slow Process Corner)
  Requirement:            0.000ns  (eth_rxc rise@0.000ns - clk_out2_clk_wiz_0 rise@0.000ns)
  Data Path Delay:        8.059ns  (logic 0.825ns (10.237%)  route 7.234ns (89.763%))
  Logic Levels:           3  (LUT2=1 LUT5=1 LUT6=1)
  Clock Path Skew:        6.572ns (DCD - SCD - CPR)
    Destination Clock Delay (DCD):    5.328ns
    Source Clock Delay      (SCD):    -1.244ns
    Clock Pessimism Removal (CPR):    -0.000ns
  Clock Uncertainty:      0.250ns  ((TSJ^2 + DJ^2)^1/2) / 2 + PE
    Total System Jitter     (TSJ):    0.071ns
    Discrete Jitter          (DJ):    0.154ns
    Phase Error              (PE):    0.165ns
  Clock Domain Crossing:  Inter clock paths are considered valid unless explicitly excluded by timing constraints such as set_clock_groups or set_false_path.

    Location             Delay type                Incr(ns)  Path(ns)    Netlist Resource(s)
  -------------------------------------------------------------------    -------------------
                         (clock clk_out2_clk_wiz_0 rise edge)
                                                      0.000     0.000 r  
    U18                                               0.000     0.000 r  sys_clk (IN)
                         net (fo=0)                   0.000     0.000    u_clk_wiz_0/inst/clk_in1
    U18                  IBUF (Prop_ibuf_I_O)         1.459     1.459 r  u_clk_wiz_0/inst/clkin1_ibufg/O
                         net (fo=1, routed)           1.162     2.621    u_clk_wiz_0/inst/clk_in1_clk_wiz_0
    MMCME2_ADV_X0Y0      MMCME2_ADV (Prop_mmcme2_adv_CLKIN1_CLKOUT1)
                                                     -7.118    -4.498 r  u_clk_wiz_0/inst/mmcm_adv_inst/CLKOUT1
                         net (fo=1, routed)           1.599    -2.898    u_clk_wiz_0/inst/clk_out2_clk_wiz_0
    BUFGCTRL_X0Y1        BUFG (Prop_bufg_I_O)         0.091    -2.807 r  u_clk_wiz_0/inst/clkout2_buf/O
                         net (fo=8, routed)           1.564    -1.244    u_gen_number/CLK
    SLICE_X36Y91         FDCE                                         r  u_gen_number/number_reg[1]/C
  -------------------------------------------------------------------    -------------------
    SLICE_X36Y91         FDCE (Prop_fdce_C_Q)         0.367    -0.877 r  u_gen_number/number_reg[1]/Q
                         net (fo=7, routed)           4.121     3.244    u_eth_ctrl/out[0]
    SLICE_X36Y92         LUT2 (Prop_lut2_I1_O)        0.095     3.339 r  u_eth_ctrl/u_udp_tx_i_7/O
                         net (fo=1, routed)           1.541     4.879    u_udp/u_udp_tx/tx_data[1]
    SLICE_X35Y92         LUT5 (Prop_lut5_I2_O)        0.263     5.142 f  u_udp/u_udp_tx/gmii_txd[1]_i_2/O
                         net (fo=1, routed)           1.573     6.716    u_udp/u_udp_tx/gmii_txd[1]_i_2_n_0
    SLICE_X34Y91         LUT6 (Prop_lut6_I0_O)        0.100     6.816 r  u_udp/u_udp_tx/gmii_txd[1]_i_1/O
                         net (fo=1, routed)           0.000     6.816    u_udp/u_udp_tx/gmii_txd[1]_i_1_n_0
    SLICE_X34Y91         FDCE                                         r  u_udp/u_udp_tx/gmii_txd_reg[1]/D
  -------------------------------------------------------------------    -------------------

                         (clock eth_rxc rise edge)    0.000     0.000 r  
    K17                                               0.000     0.000 r  eth_rxc (IN)
                         net (fo=0)                   0.000     0.000    eth_rxc
    K17                  IBUF (Prop_ibuf_I_O)         1.492     1.492 r  eth_rxc_IBUF_inst/O
                         net (fo=2, routed)           2.076     3.568    u_gmii_to_rgmii/u_rgmii_rx/rgmii_rxc
    BUFGCTRL_X0Y16       BUFG (Prop_bufg_I_O)         0.101     3.669 r  u_gmii_to_rgmii/u_rgmii_rx/BUFG_inst/O
                         net (fo=1642, routed)        1.659     5.328    u_udp/u_udp_tx/clk
    SLICE_X34Y91         FDCE                                         r  u_udp/u_udp_tx/gmii_txd_reg[1]/C
                         clock pessimism              0.000     5.328    
                         clock uncertainty            0.250     5.578    
    SLICE_X34Y91         FDCE (Hold_fdce_C_D)         0.330     5.908    u_udp/u_udp_tx/gmii_txd_reg[1]
  -------------------------------------------------------------------
                         required time                         -5.908    
                         arrival time                           6.816    
  -------------------------------------------------------------------
                         slack                                  0.908    





---------------------------------------------------------------------------------------------------
Path Group:  **async_default**
From Clock:  eth_rxc
  To Clock:  eth_rxc

Setup :            0  Failing Endpoints,  Worst Slack        5.950ns,  Total Violation        0.000ns
Hold  :            0  Failing Endpoints,  Worst Slack        0.419ns,  Total Violation        0.000ns
---------------------------------------------------------------------------------------------------


Max Delay Paths
--------------------------------------------------------------------------------------
Slack (MET) :             5.950ns  (required time - arrival time)
  Source:                 u_async_fifo_2048x8b/U0/inst_fifo_gen/gconvfifo.rf/grf.rf/rstblk/ngwrdrst.grst.g7serrst.gnsckt_wrst.gic_rst.sckt_rd_rst_ic_reg/C
                            (rising edge-triggered cell FDPE clocked by eth_rxc  {rise@0.000ns fall@4.000ns period=8.000ns})
  Destination:            u_async_fifo_2048x8b/U0/inst_fifo_gen/gconvfifo.rf/grf.rf/gntv_or_sync_fifo.gl0.rd/gras.rsts/ram_empty_fb_i_reg/PRE
                            (recovery check against rising-edge clock eth_rxc  {rise@0.000ns fall@4.000ns period=8.000ns})
  Path Group:             **async_default**
  Path Type:              Recovery (Max at Slow Process Corner)
  Requirement:            8.000ns  (eth_rxc rise@8.000ns - eth_rxc rise@0.000ns)
  Data Path Delay:        1.625ns  (logic 0.518ns (31.885%)  route 1.107ns (68.115%))
  Logic Levels:           0  
  Clock Path Skew:        -0.029ns (DCD - SCD + CPR)
    Destination Clock Delay (DCD):    4.867ns = ( 12.867 - 8.000 ) 
    Source Clock Delay      (SCD):    5.322ns
    Clock Pessimism Removal (CPR):    0.426ns
  Clock Uncertainty:      0.035ns  ((TSJ^2 + TIJ^2)^1/2 + DJ) / 2 + PE
    Total System Jitter     (TSJ):    0.071ns
    Total Input Jitter      (TIJ):    0.000ns
    Discrete Jitter          (DJ):    0.000ns
    Phase Error              (PE):    0.000ns

    Location             Delay type                Incr(ns)  Path(ns)    Netlist Resource(s)
  -------------------------------------------------------------------    -------------------
                         (clock eth_rxc rise edge)    0.000     0.000 r  
    K17                                               0.000     0.000 r  eth_rxc (IN)
                         net (fo=0)                   0.000     0.000    eth_rxc
    K17                  IBUF (Prop_ibuf_I_O)         1.492     1.492 r  eth_rxc_IBUF_inst/O
                         net (fo=2, routed)           2.076     3.568    u_gmii_to_rgmii/u_rgmii_rx/rgmii_rxc
    BUFGCTRL_X0Y16       BUFG (Prop_bufg_I_O)         0.101     3.669 r  u_gmii_to_rgmii/u_rgmii_rx/BUFG_inst/O
                         net (fo=1642, routed)        1.653     5.322    u_async_fifo_2048x8b/U0/inst_fifo_gen/gconvfifo.rf/grf.rf/rstblk/rd_clk
    SLICE_X30Y65         FDPE                                         r  u_async_fifo_2048x8b/U0/inst_fifo_gen/gconvfifo.rf/grf.rf/rstblk/ngwrdrst.grst.g7serrst.gnsckt_wrst.gic_rst.sckt_rd_rst_ic_reg/C
  -------------------------------------------------------------------    -------------------
    SLICE_X30Y65         FDPE (Prop_fdpe_C_Q)         0.518     5.840 f  u_async_fifo_2048x8b/U0/inst_fifo_gen/gconvfifo.rf/grf.rf/rstblk/ngwrdrst.grst.g7serrst.gnsckt_wrst.gic_rst.sckt_rd_rst_ic_reg/Q
                         net (fo=28, routed)          1.107     6.946    u_async_fifo_2048x8b/U0/inst_fifo_gen/gconvfifo.rf/grf.rf/gntv_or_sync_fifo.gl0.rd/gras.rsts/AR[0]
    SLICE_X28Y70         FDPE                                         f  u_async_fifo_2048x8b/U0/inst_fifo_gen/gconvfifo.rf/grf.rf/gntv_or_sync_fifo.gl0.rd/gras.rsts/ram_empty_fb_i_reg/PRE
  -------------------------------------------------------------------    -------------------

                         (clock eth_rxc rise edge)    8.000     8.000 r  
    K17                                               0.000     8.000 r  eth_rxc (IN)
                         net (fo=0)                   0.000     8.000    eth_rxc
    K17                  IBUF (Prop_ibuf_I_O)         1.421     9.421 r  eth_rxc_IBUF_inst/O
                         net (fo=2, routed)           1.880    11.301    u_gmii_to_rgmii/u_rgmii_rx/rgmii_rxc
    BUFGCTRL_X0Y16       BUFG (Prop_bufg_I_O)         0.091    11.392 r  u_gmii_to_rgmii/u_rgmii_rx/BUFG_inst/O
                         net (fo=1642, routed)        1.475    12.867    u_async_fifo_2048x8b/U0/inst_fifo_gen/gconvfifo.rf/grf.rf/gntv_or_sync_fifo.gl0.rd/gras.rsts/rd_clk
    SLICE_X28Y70         FDPE                                         r  u_async_fifo_2048x8b/U0/inst_fifo_gen/gconvfifo.rf/grf.rf/gntv_or_sync_fifo.gl0.rd/gras.rsts/ram_empty_fb_i_reg/C
                         clock pessimism              0.426    13.293    
                         clock uncertainty           -0.035    13.257    
    SLICE_X28Y70         FDPE (Recov_fdpe_C_PRE)     -0.361    12.896    u_async_fifo_2048x8b/U0/inst_fifo_gen/gconvfifo.rf/grf.rf/gntv_or_sync_fifo.gl0.rd/gras.rsts/ram_empty_fb_i_reg
  -------------------------------------------------------------------
                         required time                         12.896    
                         arrival time                          -6.946    
  -------------------------------------------------------------------
                         slack                                  5.950    

Slack (MET) :             5.950ns  (required time - arrival time)
  Source:                 u_async_fifo_2048x8b/U0/inst_fifo_gen/gconvfifo.rf/grf.rf/rstblk/ngwrdrst.grst.g7serrst.gnsckt_wrst.gic_rst.sckt_rd_rst_ic_reg/C
                            (rising edge-triggered cell FDPE clocked by eth_rxc  {rise@0.000ns fall@4.000ns period=8.000ns})
  Destination:            u_async_fifo_2048x8b/U0/inst_fifo_gen/gconvfifo.rf/grf.rf/gntv_or_sync_fifo.gl0.rd/gras.rsts/ram_empty_i_reg/PRE
                            (recovery check against rising-edge clock eth_rxc  {rise@0.000ns fall@4.000ns period=8.000ns})
  Path Group:             **async_default**
  Path Type:              Recovery (Max at Slow Process Corner)
  Requirement:            8.000ns  (eth_rxc rise@8.000ns - eth_rxc rise@0.000ns)
  Data Path Delay:        1.625ns  (logic 0.518ns (31.885%)  route 1.107ns (68.115%))
  Logic Levels:           0  
  Clock Path Skew:        -0.029ns (DCD - SCD + CPR)
    Destination Clock Delay (DCD):    4.867ns = ( 12.867 - 8.000 ) 
    Source Clock Delay      (SCD):    5.322ns
    Clock Pessimism Removal (CPR):    0.426ns
  Clock Uncertainty:      0.035ns  ((TSJ^2 + TIJ^2)^1/2 + DJ) / 2 + PE
    Total System Jitter     (TSJ):    0.071ns
    Total Input Jitter      (TIJ):    0.000ns
    Discrete Jitter          (DJ):    0.000ns
    Phase Error              (PE):    0.000ns

    Location             Delay type                Incr(ns)  Path(ns)    Netlist Resource(s)
  -------------------------------------------------------------------    -------------------
                         (clock eth_rxc rise edge)    0.000     0.000 r  
    K17                                               0.000     0.000 r  eth_rxc (IN)
                         net (fo=0)                   0.000     0.000    eth_rxc
    K17                  IBUF (Prop_ibuf_I_O)         1.492     1.492 r  eth_rxc_IBUF_inst/O
                         net (fo=2, routed)           2.076     3.568    u_gmii_to_rgmii/u_rgmii_rx/rgmii_rxc
    BUFGCTRL_X0Y16       BUFG (Prop_bufg_I_O)         0.101     3.669 r  u_gmii_to_rgmii/u_rgmii_rx/BUFG_inst/O
                         net (fo=1642, routed)        1.653     5.322    u_async_fifo_2048x8b/U0/inst_fifo_gen/gconvfifo.rf/grf.rf/rstblk/rd_clk
    SLICE_X30Y65         FDPE                                         r  u_async_fifo_2048x8b/U0/inst_fifo_gen/gconvfifo.rf/grf.rf/rstblk/ngwrdrst.grst.g7serrst.gnsckt_wrst.gic_rst.sckt_rd_rst_ic_reg/C
  -------------------------------------------------------------------    -------------------
    SLICE_X30Y65         FDPE (Prop_fdpe_C_Q)         0.518     5.840 f  u_async_fifo_2048x8b/U0/inst_fifo_gen/gconvfifo.rf/grf.rf/rstblk/ngwrdrst.grst.g7serrst.gnsckt_wrst.gic_rst.sckt_rd_rst_ic_reg/Q
                         net (fo=28, routed)          1.107     6.946    u_async_fifo_2048x8b/U0/inst_fifo_gen/gconvfifo.rf/grf.rf/gntv_or_sync_fifo.gl0.rd/gras.rsts/AR[0]
    SLICE_X28Y70         FDPE                                         f  u_async_fifo_2048x8b/U0/inst_fifo_gen/gconvfifo.rf/grf.rf/gntv_or_sync_fifo.gl0.rd/gras.rsts/ram_empty_i_reg/PRE
  -------------------------------------------------------------------    -------------------

                         (clock eth_rxc rise edge)    8.000     8.000 r  
    K17                                               0.000     8.000 r  eth_rxc (IN)
                         net (fo=0)                   0.000     8.000    eth_rxc
    K17                  IBUF (Prop_ibuf_I_O)         1.421     9.421 r  eth_rxc_IBUF_inst/O
                         net (fo=2, routed)           1.880    11.301    u_gmii_to_rgmii/u_rgmii_rx/rgmii_rxc
    BUFGCTRL_X0Y16       BUFG (Prop_bufg_I_O)         0.091    11.392 r  u_gmii_to_rgmii/u_rgmii_rx/BUFG_inst/O
                         net (fo=1642, routed)        1.475    12.867    u_async_fifo_2048x8b/U0/inst_fifo_gen/gconvfifo.rf/grf.rf/gntv_or_sync_fifo.gl0.rd/gras.rsts/rd_clk
    SLICE_X28Y70         FDPE                                         r  u_async_fifo_2048x8b/U0/inst_fifo_gen/gconvfifo.rf/grf.rf/gntv_or_sync_fifo.gl0.rd/gras.rsts/ram_empty_i_reg/C
                         clock pessimism              0.426    13.293    
                         clock uncertainty           -0.035    13.257    
    SLICE_X28Y70         FDPE (Recov_fdpe_C_PRE)     -0.361    12.896    u_async_fifo_2048x8b/U0/inst_fifo_gen/gconvfifo.rf/grf.rf/gntv_or_sync_fifo.gl0.rd/gras.rsts/ram_empty_i_reg
  -------------------------------------------------------------------
                         required time                         12.896    
                         arrival time                          -6.946    
  -------------------------------------------------------------------
                         slack                                  5.950    

Slack (MET) :             6.211ns  (required time - arrival time)
  Source:                 u_async_fifo_2048x8b/U0/inst_fifo_gen/gconvfifo.rf/grf.rf/rstblk/ngwrdrst.grst.g7serrst.gnsckt_wrst.gic_rst.sckt_rd_rst_ic_reg/C
                            (rising edge-triggered cell FDPE clocked by eth_rxc  {rise@0.000ns fall@4.000ns period=8.000ns})
  Destination:            u_async_fifo_2048x8b/U0/inst_fifo_gen/gconvfifo.rf/grf.rf/gntv_or_sync_fifo.gl0.rd/rpntr/gc0.count_d1_reg[0]/CLR
                            (recovery check against rising-edge clock eth_rxc  {rise@0.000ns fall@4.000ns period=8.000ns})
  Path Group:             **async_default**
  Path Type:              Recovery (Max at Slow Process Corner)
  Requirement:            8.000ns  (eth_rxc rise@8.000ns - eth_rxc rise@0.000ns)
  Data Path Delay:        1.323ns  (logic 0.518ns (39.158%)  route 0.805ns (60.842%))
  Logic Levels:           0  
  Clock Path Skew:        -0.026ns (DCD - SCD + CPR)
    Destination Clock Delay (DCD):    4.870ns = ( 12.870 - 8.000 ) 
    Source Clock Delay      (SCD):    5.322ns
    Clock Pessimism Removal (CPR):    0.426ns
  Clock Uncertainty:      0.035ns  ((TSJ^2 + TIJ^2)^1/2 + DJ) / 2 + PE
    Total System Jitter     (TSJ):    0.071ns
    Total Input Jitter      (TIJ):    0.000ns
    Discrete Jitter          (DJ):    0.000ns
    Phase Error              (PE):    0.000ns

    Location             Delay type                Incr(ns)  Path(ns)    Netlist Resource(s)
  -------------------------------------------------------------------    -------------------
                         (clock eth_rxc rise edge)    0.000     0.000 r  
    K17                                               0.000     0.000 r  eth_rxc (IN)
                         net (fo=0)                   0.000     0.000    eth_rxc
    K17                  IBUF (Prop_ibuf_I_O)         1.492     1.492 r  eth_rxc_IBUF_inst/O
                         net (fo=2, routed)           2.076     3.568    u_gmii_to_rgmii/u_rgmii_rx/rgmii_rxc
    BUFGCTRL_X0Y16       BUFG (Prop_bufg_I_O)         0.101     3.669 r  u_gmii_to_rgmii/u_rgmii_rx/BUFG_inst/O
                         net (fo=1642, routed)        1.653     5.322    u_async_fifo_2048x8b/U0/inst_fifo_gen/gconvfifo.rf/grf.rf/rstblk/rd_clk
    SLICE_X30Y65         FDPE                                         r  u_async_fifo_2048x8b/U0/inst_fifo_gen/gconvfifo.rf/grf.rf/rstblk/ngwrdrst.grst.g7serrst.gnsckt_wrst.gic_rst.sckt_rd_rst_ic_reg/C
  -------------------------------------------------------------------    -------------------
    SLICE_X30Y65         FDPE (Prop_fdpe_C_Q)         0.518     5.840 f  u_async_fifo_2048x8b/U0/inst_fifo_gen/gconvfifo.rf/grf.rf/rstblk/ngwrdrst.grst.g7serrst.gnsckt_wrst.gic_rst.sckt_rd_rst_ic_reg/Q
                         net (fo=28, routed)          0.805     6.645    u_async_fifo_2048x8b/U0/inst_fifo_gen/gconvfifo.rf/grf.rf/gntv_or_sync_fifo.gl0.rd/rpntr/AR[0]
    SLICE_X29Y67         FDCE                                         f  u_async_fifo_2048x8b/U0/inst_fifo_gen/gconvfifo.rf/grf.rf/gntv_or_sync_fifo.gl0.rd/rpntr/gc0.count_d1_reg[0]/CLR
  -------------------------------------------------------------------    -------------------

                         (clock eth_rxc rise edge)    8.000     8.000 r  
    K17                                               0.000     8.000 r  eth_rxc (IN)
                         net (fo=0)                   0.000     8.000    eth_rxc
    K17                  IBUF (Prop_ibuf_I_O)         1.421     9.421 r  eth_rxc_IBUF_inst/O
                         net (fo=2, routed)           1.880    11.301    u_gmii_to_rgmii/u_rgmii_rx/rgmii_rxc
    BUFGCTRL_X0Y16       BUFG (Prop_bufg_I_O)         0.091    11.392 r  u_gmii_to_rgmii/u_rgmii_rx/BUFG_inst/O
                         net (fo=1642, routed)        1.478    12.870    u_async_fifo_2048x8b/U0/inst_fifo_gen/gconvfifo.rf/grf.rf/gntv_or_sync_fifo.gl0.rd/rpntr/rd_clk
    SLICE_X29Y67         FDCE                                         r  u_async_fifo_2048x8b/U0/inst_fifo_gen/gconvfifo.rf/grf.rf/gntv_or_sync_fifo.gl0.rd/rpntr/gc0.count_d1_reg[0]/C
                         clock pessimism              0.426    13.296    
                         clock uncertainty           -0.035    13.260    
    SLICE_X29Y67         FDCE (Recov_fdce_C_CLR)     -0.405    12.855    u_async_fifo_2048x8b/U0/inst_fifo_gen/gconvfifo.rf/grf.rf/gntv_or_sync_fifo.gl0.rd/rpntr/gc0.count_d1_reg[0]
  -------------------------------------------------------------------
                         required time                         12.855    
                         arrival time                          -6.645    
  -------------------------------------------------------------------
                         slack                                  6.211    

Slack (MET) :             6.211ns  (required time - arrival time)
  Source:                 u_async_fifo_2048x8b/U0/inst_fifo_gen/gconvfifo.rf/grf.rf/rstblk/ngwrdrst.grst.g7serrst.gnsckt_wrst.gic_rst.sckt_rd_rst_ic_reg/C
                            (rising edge-triggered cell FDPE clocked by eth_rxc  {rise@0.000ns fall@4.000ns period=8.000ns})
  Destination:            u_async_fifo_2048x8b/U0/inst_fifo_gen/gconvfifo.rf/grf.rf/gntv_or_sync_fifo.gl0.rd/rpntr/gc0.count_d1_reg[9]/CLR
                            (recovery check against rising-edge clock eth_rxc  {rise@0.000ns fall@4.000ns period=8.000ns})
  Path Group:             **async_default**
  Path Type:              Recovery (Max at Slow Process Corner)
  Requirement:            8.000ns  (eth_rxc rise@8.000ns - eth_rxc rise@0.000ns)
  Data Path Delay:        1.323ns  (logic 0.518ns (39.158%)  route 0.805ns (60.842%))
  Logic Levels:           0  
  Clock Path Skew:        -0.026ns (DCD - SCD + CPR)
    Destination Clock Delay (DCD):    4.870ns = ( 12.870 - 8.000 ) 
    Source Clock Delay      (SCD):    5.322ns
    Clock Pessimism Removal (CPR):    0.426ns
  Clock Uncertainty:      0.035ns  ((TSJ^2 + TIJ^2)^1/2 + DJ) / 2 + PE
    Total System Jitter     (TSJ):    0.071ns
    Total Input Jitter      (TIJ):    0.000ns
    Discrete Jitter          (DJ):    0.000ns
    Phase Error              (PE):    0.000ns

    Location             Delay type                Incr(ns)  Path(ns)    Netlist Resource(s)
  -------------------------------------------------------------------    -------------------
                         (clock eth_rxc rise edge)    0.000     0.000 r  
    K17                                               0.000     0.000 r  eth_rxc (IN)
                         net (fo=0)                   0.000     0.000    eth_rxc
    K17                  IBUF (Prop_ibuf_I_O)         1.492     1.492 r  eth_rxc_IBUF_inst/O
                         net (fo=2, routed)           2.076     3.568    u_gmii_to_rgmii/u_rgmii_rx/rgmii_rxc
    BUFGCTRL_X0Y16       BUFG (Prop_bufg_I_O)         0.101     3.669 r  u_gmii_to_rgmii/u_rgmii_rx/BUFG_inst/O
                         net (fo=1642, routed)        1.653     5.322    u_async_fifo_2048x8b/U0/inst_fifo_gen/gconvfifo.rf/grf.rf/rstblk/rd_clk
    SLICE_X30Y65         FDPE                                         r  u_async_fifo_2048x8b/U0/inst_fifo_gen/gconvfifo.rf/grf.rf/rstblk/ngwrdrst.grst.g7serrst.gnsckt_wrst.gic_rst.sckt_rd_rst_ic_reg/C
  -------------------------------------------------------------------    -------------------
    SLICE_X30Y65         FDPE (Prop_fdpe_C_Q)         0.518     5.840 f  u_async_fifo_2048x8b/U0/inst_fifo_gen/gconvfifo.rf/grf.rf/rstblk/ngwrdrst.grst.g7serrst.gnsckt_wrst.gic_rst.sckt_rd_rst_ic_reg/Q
                         net (fo=28, routed)          0.805     6.645    u_async_fifo_2048x8b/U0/inst_fifo_gen/gconvfifo.rf/grf.rf/gntv_or_sync_fifo.gl0.rd/rpntr/AR[0]
    SLICE_X29Y67         FDCE                                         f  u_async_fifo_2048x8b/U0/inst_fifo_gen/gconvfifo.rf/grf.rf/gntv_or_sync_fifo.gl0.rd/rpntr/gc0.count_d1_reg[9]/CLR
  -------------------------------------------------------------------    -------------------

                         (clock eth_rxc rise edge)    8.000     8.000 r  
    K17                                               0.000     8.000 r  eth_rxc (IN)
                         net (fo=0)                   0.000     8.000    eth_rxc
    K17                  IBUF (Prop_ibuf_I_O)         1.421     9.421 r  eth_rxc_IBUF_inst/O
                         net (fo=2, routed)           1.880    11.301    u_gmii_to_rgmii/u_rgmii_rx/rgmii_rxc
    BUFGCTRL_X0Y16       BUFG (Prop_bufg_I_O)         0.091    11.392 r  u_gmii_to_rgmii/u_rgmii_rx/BUFG_inst/O
                         net (fo=1642, routed)        1.478    12.870    u_async_fifo_2048x8b/U0/inst_fifo_gen/gconvfifo.rf/grf.rf/gntv_or_sync_fifo.gl0.rd/rpntr/rd_clk
    SLICE_X29Y67         FDCE                                         r  u_async_fifo_2048x8b/U0/inst_fifo_gen/gconvfifo.rf/grf.rf/gntv_or_sync_fifo.gl0.rd/rpntr/gc0.count_d1_reg[9]/C
                         clock pessimism              0.426    13.296    
                         clock uncertainty           -0.035    13.260    
    SLICE_X29Y67         FDCE (Recov_fdce_C_CLR)     -0.405    12.855    u_async_fifo_2048x8b/U0/inst_fifo_gen/gconvfifo.rf/grf.rf/gntv_or_sync_fifo.gl0.rd/rpntr/gc0.count_d1_reg[9]
  -------------------------------------------------------------------
                         required time                         12.855    
                         arrival time                          -6.645    
  -------------------------------------------------------------------
                         slack                                  6.211    

Slack (MET) :             6.257ns  (required time - arrival time)
  Source:                 u_async_fifo_2048x8b/U0/inst_fifo_gen/gconvfifo.rf/grf.rf/rstblk/ngwrdrst.grst.g7serrst.gnsckt_wrst.gic_rst.sckt_rd_rst_ic_reg/C
                            (rising edge-triggered cell FDPE clocked by eth_rxc  {rise@0.000ns fall@4.000ns period=8.000ns})
  Destination:            u_async_fifo_2048x8b/U0/inst_fifo_gen/gconvfifo.rf/grf.rf/gntv_or_sync_fifo.gl0.rd/rpntr/gc0.count_reg[0]/PRE
                            (recovery check against rising-edge clock eth_rxc  {rise@0.000ns fall@4.000ns period=8.000ns})
  Path Group:             **async_default**
  Path Type:              Recovery (Max at Slow Process Corner)
  Requirement:            8.000ns  (eth_rxc rise@8.000ns - eth_rxc rise@0.000ns)
  Data Path Delay:        1.323ns  (logic 0.518ns (39.158%)  route 0.805ns (60.842%))
  Logic Levels:           0  
  Clock Path Skew:        -0.026ns (DCD - SCD + CPR)
    Destination Clock Delay (DCD):    4.870ns = ( 12.870 - 8.000 ) 
    Source Clock Delay      (SCD):    5.322ns
    Clock Pessimism Removal (CPR):    0.426ns
  Clock Uncertainty:      0.035ns  ((TSJ^2 + TIJ^2)^1/2 + DJ) / 2 + PE
    Total System Jitter     (TSJ):    0.071ns
    Total Input Jitter      (TIJ):    0.000ns
    Discrete Jitter          (DJ):    0.000ns
    Phase Error              (PE):    0.000ns

    Location             Delay type                Incr(ns)  Path(ns)    Netlist Resource(s)
  -------------------------------------------------------------------    -------------------
                         (clock eth_rxc rise edge)    0.000     0.000 r  
    K17                                               0.000     0.000 r  eth_rxc (IN)
                         net (fo=0)                   0.000     0.000    eth_rxc
    K17                  IBUF (Prop_ibuf_I_O)         1.492     1.492 r  eth_rxc_IBUF_inst/O
                         net (fo=2, routed)           2.076     3.568    u_gmii_to_rgmii/u_rgmii_rx/rgmii_rxc
    BUFGCTRL_X0Y16       BUFG (Prop_bufg_I_O)         0.101     3.669 r  u_gmii_to_rgmii/u_rgmii_rx/BUFG_inst/O
                         net (fo=1642, routed)        1.653     5.322    u_async_fifo_2048x8b/U0/inst_fifo_gen/gconvfifo.rf/grf.rf/rstblk/rd_clk
    SLICE_X30Y65         FDPE                                         r  u_async_fifo_2048x8b/U0/inst_fifo_gen/gconvfifo.rf/grf.rf/rstblk/ngwrdrst.grst.g7serrst.gnsckt_wrst.gic_rst.sckt_rd_rst_ic_reg/C
  -------------------------------------------------------------------    -------------------
    SLICE_X30Y65         FDPE (Prop_fdpe_C_Q)         0.518     5.840 f  u_async_fifo_2048x8b/U0/inst_fifo_gen/gconvfifo.rf/grf.rf/rstblk/ngwrdrst.grst.g7serrst.gnsckt_wrst.gic_rst.sckt_rd_rst_ic_reg/Q
                         net (fo=28, routed)          0.805     6.645    u_async_fifo_2048x8b/U0/inst_fifo_gen/gconvfifo.rf/grf.rf/gntv_or_sync_fifo.gl0.rd/rpntr/AR[0]
    SLICE_X29Y67         FDPE                                         f  u_async_fifo_2048x8b/U0/inst_fifo_gen/gconvfifo.rf/grf.rf/gntv_or_sync_fifo.gl0.rd/rpntr/gc0.count_reg[0]/PRE
  -------------------------------------------------------------------    -------------------

                         (clock eth_rxc rise edge)    8.000     8.000 r  
    K17                                               0.000     8.000 r  eth_rxc (IN)
                         net (fo=0)                   0.000     8.000    eth_rxc
    K17                  IBUF (Prop_ibuf_I_O)         1.421     9.421 r  eth_rxc_IBUF_inst/O
                         net (fo=2, routed)           1.880    11.301    u_gmii_to_rgmii/u_rgmii_rx/rgmii_rxc
    BUFGCTRL_X0Y16       BUFG (Prop_bufg_I_O)         0.091    11.392 r  u_gmii_to_rgmii/u_rgmii_rx/BUFG_inst/O
                         net (fo=1642, routed)        1.478    12.870    u_async_fifo_2048x8b/U0/inst_fifo_gen/gconvfifo.rf/grf.rf/gntv_or_sync_fifo.gl0.rd/rpntr/rd_clk
    SLICE_X29Y67         FDPE                                         r  u_async_fifo_2048x8b/U0/inst_fifo_gen/gconvfifo.rf/grf.rf/gntv_or_sync_fifo.gl0.rd/rpntr/gc0.count_reg[0]/C
                         clock pessimism              0.426    13.296    
                         clock uncertainty           -0.035    13.260    
    SLICE_X29Y67         FDPE (Recov_fdpe_C_PRE)     -0.359    12.901    u_async_fifo_2048x8b/U0/inst_fifo_gen/gconvfifo.rf/grf.rf/gntv_or_sync_fifo.gl0.rd/rpntr/gc0.count_reg[0]
  -------------------------------------------------------------------
                         required time                         12.901    
                         arrival time                          -6.645    
  -------------------------------------------------------------------
                         slack                                  6.257    

Slack (MET) :             6.260ns  (required time - arrival time)
  Source:                 u_async_fifo_2048x8b/U0/inst_fifo_gen/gconvfifo.rf/grf.rf/rstblk/ngwrdrst.grst.g7serrst.gnsckt_wrst.gic_rst.sckt_wr_rst_ic_reg/C
                            (rising edge-triggered cell FDPE clocked by eth_rxc  {rise@0.000ns fall@4.000ns period=8.000ns})
  Destination:            u_async_fifo_2048x8b/U0/inst_fifo_gen/gconvfifo.rf/grf.rf/gntv_or_sync_fifo.gl0.wr/wpntr/gic0.gc0.count_d1_reg[2]/CLR
                            (recovery check against rising-edge clock eth_rxc  {rise@0.000ns fall@4.000ns period=8.000ns})
  Path Group:             **async_default**
  Path Type:              Recovery (Max at Slow Process Corner)
  Requirement:            8.000ns  (eth_rxc rise@8.000ns - eth_rxc rise@0.000ns)
  Data Path Delay:        1.281ns  (logic 0.456ns (35.607%)  route 0.825ns (64.393%))
  Logic Levels:           0  
  Clock Path Skew:        -0.019ns (DCD - SCD + CPR)
    Destination Clock Delay (DCD):    4.869ns = ( 12.869 - 8.000 ) 
    Source Clock Delay      (SCD):    5.313ns
    Clock Pessimism Removal (CPR):    0.425ns
  Clock Uncertainty:      0.035ns  ((TSJ^2 + TIJ^2)^1/2 + DJ) / 2 + PE
    Total System Jitter     (TSJ):    0.071ns
    Total Input Jitter      (TIJ):    0.000ns
    Discrete Jitter          (DJ):    0.000ns
    Phase Error              (PE):    0.000ns

    Location             Delay type                Incr(ns)  Path(ns)    Netlist Resource(s)
  -------------------------------------------------------------------    -------------------
                         (clock eth_rxc rise edge)    0.000     0.000 r  
    K17                                               0.000     0.000 r  eth_rxc (IN)
                         net (fo=0)                   0.000     0.000    eth_rxc
    K17                  IBUF (Prop_ibuf_I_O)         1.492     1.492 r  eth_rxc_IBUF_inst/O
                         net (fo=2, routed)           2.076     3.568    u_gmii_to_rgmii/u_rgmii_rx/rgmii_rxc
    BUFGCTRL_X0Y16       BUFG (Prop_bufg_I_O)         0.101     3.669 r  u_gmii_to_rgmii/u_rgmii_rx/BUFG_inst/O
                         net (fo=1642, routed)        1.644     5.313    u_async_fifo_2048x8b/U0/inst_fifo_gen/gconvfifo.rf/grf.rf/rstblk/wr_clk
    SLICE_X22Y68         FDPE                                         r  u_async_fifo_2048x8b/U0/inst_fifo_gen/gconvfifo.rf/grf.rf/rstblk/ngwrdrst.grst.g7serrst.gnsckt_wrst.gic_rst.sckt_wr_rst_ic_reg/C
  -------------------------------------------------------------------    -------------------
    SLICE_X22Y68         FDPE (Prop_fdpe_C_Q)         0.456     5.769 f  u_async_fifo_2048x8b/U0/inst_fifo_gen/gconvfifo.rf/grf.rf/rstblk/ngwrdrst.grst.g7serrst.gnsckt_wrst.gic_rst.sckt_wr_rst_ic_reg/Q
                         net (fo=36, routed)          0.825     6.593    u_async_fifo_2048x8b/U0/inst_fifo_gen/gconvfifo.rf/grf.rf/gntv_or_sync_fifo.gl0.wr/wpntr/AR[0]
    SLICE_X22Y64         FDCE                                         f  u_async_fifo_2048x8b/U0/inst_fifo_gen/gconvfifo.rf/grf.rf/gntv_or_sync_fifo.gl0.wr/wpntr/gic0.gc0.count_d1_reg[2]/CLR
  -------------------------------------------------------------------    -------------------

                         (clock eth_rxc rise edge)    8.000     8.000 r  
    K17                                               0.000     8.000 r  eth_rxc (IN)
                         net (fo=0)                   0.000     8.000    eth_rxc
    K17                  IBUF (Prop_ibuf_I_O)         1.421     9.421 r  eth_rxc_IBUF_inst/O
                         net (fo=2, routed)           1.880    11.301    u_gmii_to_rgmii/u_rgmii_rx/rgmii_rxc
    BUFGCTRL_X0Y16       BUFG (Prop_bufg_I_O)         0.091    11.392 r  u_gmii_to_rgmii/u_rgmii_rx/BUFG_inst/O
                         net (fo=1642, routed)        1.477    12.869    u_async_fifo_2048x8b/U0/inst_fifo_gen/gconvfifo.rf/grf.rf/gntv_or_sync_fifo.gl0.wr/wpntr/wr_clk
    SLICE_X22Y64         FDCE                                         r  u_async_fifo_2048x8b/U0/inst_fifo_gen/gconvfifo.rf/grf.rf/gntv_or_sync_fifo.gl0.wr/wpntr/gic0.gc0.count_d1_reg[2]/C
                         clock pessimism              0.425    13.294    
                         clock uncertainty           -0.035    13.258    
    SLICE_X22Y64         FDCE (Recov_fdce_C_CLR)     -0.405    12.853    u_async_fifo_2048x8b/U0/inst_fifo_gen/gconvfifo.rf/grf.rf/gntv_or_sync_fifo.gl0.wr/wpntr/gic0.gc0.count_d1_reg[2]
  -------------------------------------------------------------------
                         required time                         12.853    
                         arrival time                          -6.593    
  -------------------------------------------------------------------
                         slack                                  6.260    

Slack (MET) :             6.260ns  (required time - arrival time)
  Source:                 u_async_fifo_2048x8b/U0/inst_fifo_gen/gconvfifo.rf/grf.rf/rstblk/ngwrdrst.grst.g7serrst.gnsckt_wrst.gic_rst.sckt_wr_rst_ic_reg/C
                            (rising edge-triggered cell FDPE clocked by eth_rxc  {rise@0.000ns fall@4.000ns period=8.000ns})
  Destination:            u_async_fifo_2048x8b/U0/inst_fifo_gen/gconvfifo.rf/grf.rf/gntv_or_sync_fifo.gl0.wr/wpntr/gic0.gc0.count_reg[0]/CLR
                            (recovery check against rising-edge clock eth_rxc  {rise@0.000ns fall@4.000ns period=8.000ns})
  Path Group:             **async_default**
  Path Type:              Recovery (Max at Slow Process Corner)
  Requirement:            8.000ns  (eth_rxc rise@8.000ns - eth_rxc rise@0.000ns)
  Data Path Delay:        1.281ns  (logic 0.456ns (35.607%)  route 0.825ns (64.393%))
  Logic Levels:           0  
  Clock Path Skew:        -0.019ns (DCD - SCD + CPR)
    Destination Clock Delay (DCD):    4.869ns = ( 12.869 - 8.000 ) 
    Source Clock Delay      (SCD):    5.313ns
    Clock Pessimism Removal (CPR):    0.425ns
  Clock Uncertainty:      0.035ns  ((TSJ^2 + TIJ^2)^1/2 + DJ) / 2 + PE
    Total System Jitter     (TSJ):    0.071ns
    Total Input Jitter      (TIJ):    0.000ns
    Discrete Jitter          (DJ):    0.000ns
    Phase Error              (PE):    0.000ns

    Location             Delay type                Incr(ns)  Path(ns)    Netlist Resource(s)
  -------------------------------------------------------------------    -------------------
                         (clock eth_rxc rise edge)    0.000     0.000 r  
    K17                                               0.000     0.000 r  eth_rxc (IN)
                         net (fo=0)                   0.000     0.000    eth_rxc
    K17                  IBUF (Prop_ibuf_I_O)         1.492     1.492 r  eth_rxc_IBUF_inst/O
                         net (fo=2, routed)           2.076     3.568    u_gmii_to_rgmii/u_rgmii_rx/rgmii_rxc
    BUFGCTRL_X0Y16       BUFG (Prop_bufg_I_O)         0.101     3.669 r  u_gmii_to_rgmii/u_rgmii_rx/BUFG_inst/O
                         net (fo=1642, routed)        1.644     5.313    u_async_fifo_2048x8b/U0/inst_fifo_gen/gconvfifo.rf/grf.rf/rstblk/wr_clk
    SLICE_X22Y68         FDPE                                         r  u_async_fifo_2048x8b/U0/inst_fifo_gen/gconvfifo.rf/grf.rf/rstblk/ngwrdrst.grst.g7serrst.gnsckt_wrst.gic_rst.sckt_wr_rst_ic_reg/C
  -------------------------------------------------------------------    -------------------
    SLICE_X22Y68         FDPE (Prop_fdpe_C_Q)         0.456     5.769 f  u_async_fifo_2048x8b/U0/inst_fifo_gen/gconvfifo.rf/grf.rf/rstblk/ngwrdrst.grst.g7serrst.gnsckt_wrst.gic_rst.sckt_wr_rst_ic_reg/Q
                         net (fo=36, routed)          0.825     6.593    u_async_fifo_2048x8b/U0/inst_fifo_gen/gconvfifo.rf/grf.rf/gntv_or_sync_fifo.gl0.wr/wpntr/AR[0]
    SLICE_X22Y64         FDCE                                         f  u_async_fifo_2048x8b/U0/inst_fifo_gen/gconvfifo.rf/grf.rf/gntv_or_sync_fifo.gl0.wr/wpntr/gic0.gc0.count_reg[0]/CLR
  -------------------------------------------------------------------    -------------------

                         (clock eth_rxc rise edge)    8.000     8.000 r  
    K17                                               0.000     8.000 r  eth_rxc (IN)
                         net (fo=0)                   0.000     8.000    eth_rxc
    K17                  IBUF (Prop_ibuf_I_O)         1.421     9.421 r  eth_rxc_IBUF_inst/O
                         net (fo=2, routed)           1.880    11.301    u_gmii_to_rgmii/u_rgmii_rx/rgmii_rxc
    BUFGCTRL_X0Y16       BUFG (Prop_bufg_I_O)         0.091    11.392 r  u_gmii_to_rgmii/u_rgmii_rx/BUFG_inst/O
                         net (fo=1642, routed)        1.477    12.869    u_async_fifo_2048x8b/U0/inst_fifo_gen/gconvfifo.rf/grf.rf/gntv_or_sync_fifo.gl0.wr/wpntr/wr_clk
    SLICE_X22Y64         FDCE                                         r  u_async_fifo_2048x8b/U0/inst_fifo_gen/gconvfifo.rf/grf.rf/gntv_or_sync_fifo.gl0.wr/wpntr/gic0.gc0.count_reg[0]/C
                         clock pessimism              0.425    13.294    
                         clock uncertainty           -0.035    13.258    
    SLICE_X22Y64         FDCE (Recov_fdce_C_CLR)     -0.405    12.853    u_async_fifo_2048x8b/U0/inst_fifo_gen/gconvfifo.rf/grf.rf/gntv_or_sync_fifo.gl0.wr/wpntr/gic0.gc0.count_reg[0]
  -------------------------------------------------------------------
                         required time                         12.853    
                         arrival time                          -6.593    
  -------------------------------------------------------------------
                         slack                                  6.260    

Slack (MET) :             6.260ns  (required time - arrival time)
  Source:                 u_async_fifo_2048x8b/U0/inst_fifo_gen/gconvfifo.rf/grf.rf/rstblk/ngwrdrst.grst.g7serrst.gnsckt_wrst.gic_rst.sckt_wr_rst_ic_reg/C
                            (rising edge-triggered cell FDPE clocked by eth_rxc  {rise@0.000ns fall@4.000ns period=8.000ns})
  Destination:            u_async_fifo_2048x8b/U0/inst_fifo_gen/gconvfifo.rf/grf.rf/gntv_or_sync_fifo.gl0.wr/wpntr/gic0.gc0.count_reg[2]/CLR
                            (recovery check against rising-edge clock eth_rxc  {rise@0.000ns fall@4.000ns period=8.000ns})
  Path Group:             **async_default**
  Path Type:              Recovery (Max at Slow Process Corner)
  Requirement:            8.000ns  (eth_rxc rise@8.000ns - eth_rxc rise@0.000ns)
  Data Path Delay:        1.281ns  (logic 0.456ns (35.607%)  route 0.825ns (64.393%))
  Logic Levels:           0  
  Clock Path Skew:        -0.019ns (DCD - SCD + CPR)
    Destination Clock Delay (DCD):    4.869ns = ( 12.869 - 8.000 ) 
    Source Clock Delay      (SCD):    5.313ns
    Clock Pessimism Removal (CPR):    0.425ns
  Clock Uncertainty:      0.035ns  ((TSJ^2 + TIJ^2)^1/2 + DJ) / 2 + PE
    Total System Jitter     (TSJ):    0.071ns
    Total Input Jitter      (TIJ):    0.000ns
    Discrete Jitter          (DJ):    0.000ns
    Phase Error              (PE):    0.000ns

    Location             Delay type                Incr(ns)  Path(ns)    Netlist Resource(s)
  -------------------------------------------------------------------    -------------------
                         (clock eth_rxc rise edge)    0.000     0.000 r  
    K17                                               0.000     0.000 r  eth_rxc (IN)
                         net (fo=0)                   0.000     0.000    eth_rxc
    K17                  IBUF (Prop_ibuf_I_O)         1.492     1.492 r  eth_rxc_IBUF_inst/O
                         net (fo=2, routed)           2.076     3.568    u_gmii_to_rgmii/u_rgmii_rx/rgmii_rxc
    BUFGCTRL_X0Y16       BUFG (Prop_bufg_I_O)         0.101     3.669 r  u_gmii_to_rgmii/u_rgmii_rx/BUFG_inst/O
                         net (fo=1642, routed)        1.644     5.313    u_async_fifo_2048x8b/U0/inst_fifo_gen/gconvfifo.rf/grf.rf/rstblk/wr_clk
    SLICE_X22Y68         FDPE                                         r  u_async_fifo_2048x8b/U0/inst_fifo_gen/gconvfifo.rf/grf.rf/rstblk/ngwrdrst.grst.g7serrst.gnsckt_wrst.gic_rst.sckt_wr_rst_ic_reg/C
  -------------------------------------------------------------------    -------------------
    SLICE_X22Y68         FDPE (Prop_fdpe_C_Q)         0.456     5.769 f  u_async_fifo_2048x8b/U0/inst_fifo_gen/gconvfifo.rf/grf.rf/rstblk/ngwrdrst.grst.g7serrst.gnsckt_wrst.gic_rst.sckt_wr_rst_ic_reg/Q
                         net (fo=36, routed)          0.825     6.593    u_async_fifo_2048x8b/U0/inst_fifo_gen/gconvfifo.rf/grf.rf/gntv_or_sync_fifo.gl0.wr/wpntr/AR[0]
    SLICE_X22Y64         FDCE                                         f  u_async_fifo_2048x8b/U0/inst_fifo_gen/gconvfifo.rf/grf.rf/gntv_or_sync_fifo.gl0.wr/wpntr/gic0.gc0.count_reg[2]/CLR
  -------------------------------------------------------------------    -------------------

                         (clock eth_rxc rise edge)    8.000     8.000 r  
    K17                                               0.000     8.000 r  eth_rxc (IN)
                         net (fo=0)                   0.000     8.000    eth_rxc
    K17                  IBUF (Prop_ibuf_I_O)         1.421     9.421 r  eth_rxc_IBUF_inst/O
                         net (fo=2, routed)           1.880    11.301    u_gmii_to_rgmii/u_rgmii_rx/rgmii_rxc
    BUFGCTRL_X0Y16       BUFG (Prop_bufg_I_O)         0.091    11.392 r  u_gmii_to_rgmii/u_rgmii_rx/BUFG_inst/O
                         net (fo=1642, routed)        1.477    12.869    u_async_fifo_2048x8b/U0/inst_fifo_gen/gconvfifo.rf/grf.rf/gntv_or_sync_fifo.gl0.wr/wpntr/wr_clk
    SLICE_X22Y64         FDCE                                         r  u_async_fifo_2048x8b/U0/inst_fifo_gen/gconvfifo.rf/grf.rf/gntv_or_sync_fifo.gl0.wr/wpntr/gic0.gc0.count_reg[2]/C
                         clock pessimism              0.425    13.294    
                         clock uncertainty           -0.035    13.258    
    SLICE_X22Y64         FDCE (Recov_fdce_C_CLR)     -0.405    12.853    u_async_fifo_2048x8b/U0/inst_fifo_gen/gconvfifo.rf/grf.rf/gntv_or_sync_fifo.gl0.wr/wpntr/gic0.gc0.count_reg[2]
  -------------------------------------------------------------------
                         required time                         12.853    
                         arrival time                          -6.593    
  -------------------------------------------------------------------
                         slack                                  6.260    

Slack (MET) :             6.260ns  (required time - arrival time)
  Source:                 u_async_fifo_2048x8b/U0/inst_fifo_gen/gconvfifo.rf/grf.rf/rstblk/ngwrdrst.grst.g7serrst.gnsckt_wrst.gic_rst.sckt_wr_rst_ic_reg/C
                            (rising edge-triggered cell FDPE clocked by eth_rxc  {rise@0.000ns fall@4.000ns period=8.000ns})
  Destination:            u_async_fifo_2048x8b/U0/inst_fifo_gen/gconvfifo.rf/grf.rf/gntv_or_sync_fifo.gl0.wr/wpntr/gic0.gc0.count_reg[3]/CLR
                            (recovery check against rising-edge clock eth_rxc  {rise@0.000ns fall@4.000ns period=8.000ns})
  Path Group:             **async_default**
  Path Type:              Recovery (Max at Slow Process Corner)
  Requirement:            8.000ns  (eth_rxc rise@8.000ns - eth_rxc rise@0.000ns)
  Data Path Delay:        1.281ns  (logic 0.456ns (35.607%)  route 0.825ns (64.393%))
  Logic Levels:           0  
  Clock Path Skew:        -0.019ns (DCD - SCD + CPR)
    Destination Clock Delay (DCD):    4.869ns = ( 12.869 - 8.000 ) 
    Source Clock Delay      (SCD):    5.313ns
    Clock Pessimism Removal (CPR):    0.425ns
  Clock Uncertainty:      0.035ns  ((TSJ^2 + TIJ^2)^1/2 + DJ) / 2 + PE
    Total System Jitter     (TSJ):    0.071ns
    Total Input Jitter      (TIJ):    0.000ns
    Discrete Jitter          (DJ):    0.000ns
    Phase Error              (PE):    0.000ns

    Location             Delay type                Incr(ns)  Path(ns)    Netlist Resource(s)
  -------------------------------------------------------------------    -------------------
                         (clock eth_rxc rise edge)    0.000     0.000 r  
    K17                                               0.000     0.000 r  eth_rxc (IN)
                         net (fo=0)                   0.000     0.000    eth_rxc
    K17                  IBUF (Prop_ibuf_I_O)         1.492     1.492 r  eth_rxc_IBUF_inst/O
                         net (fo=2, routed)           2.076     3.568    u_gmii_to_rgmii/u_rgmii_rx/rgmii_rxc
    BUFGCTRL_X0Y16       BUFG (Prop_bufg_I_O)         0.101     3.669 r  u_gmii_to_rgmii/u_rgmii_rx/BUFG_inst/O
                         net (fo=1642, routed)        1.644     5.313    u_async_fifo_2048x8b/U0/inst_fifo_gen/gconvfifo.rf/grf.rf/rstblk/wr_clk
    SLICE_X22Y68         FDPE                                         r  u_async_fifo_2048x8b/U0/inst_fifo_gen/gconvfifo.rf/grf.rf/rstblk/ngwrdrst.grst.g7serrst.gnsckt_wrst.gic_rst.sckt_wr_rst_ic_reg/C
  -------------------------------------------------------------------    -------------------
    SLICE_X22Y68         FDPE (Prop_fdpe_C_Q)         0.456     5.769 f  u_async_fifo_2048x8b/U0/inst_fifo_gen/gconvfifo.rf/grf.rf/rstblk/ngwrdrst.grst.g7serrst.gnsckt_wrst.gic_rst.sckt_wr_rst_ic_reg/Q
                         net (fo=36, routed)          0.825     6.593    u_async_fifo_2048x8b/U0/inst_fifo_gen/gconvfifo.rf/grf.rf/gntv_or_sync_fifo.gl0.wr/wpntr/AR[0]
    SLICE_X22Y64         FDCE                                         f  u_async_fifo_2048x8b/U0/inst_fifo_gen/gconvfifo.rf/grf.rf/gntv_or_sync_fifo.gl0.wr/wpntr/gic0.gc0.count_reg[3]/CLR
  -------------------------------------------------------------------    -------------------

                         (clock eth_rxc rise edge)    8.000     8.000 r  
    K17                                               0.000     8.000 r  eth_rxc (IN)
                         net (fo=0)                   0.000     8.000    eth_rxc
    K17                  IBUF (Prop_ibuf_I_O)         1.421     9.421 r  eth_rxc_IBUF_inst/O
                         net (fo=2, routed)           1.880    11.301    u_gmii_to_rgmii/u_rgmii_rx/rgmii_rxc
    BUFGCTRL_X0Y16       BUFG (Prop_bufg_I_O)         0.091    11.392 r  u_gmii_to_rgmii/u_rgmii_rx/BUFG_inst/O
                         net (fo=1642, routed)        1.477    12.869    u_async_fifo_2048x8b/U0/inst_fifo_gen/gconvfifo.rf/grf.rf/gntv_or_sync_fifo.gl0.wr/wpntr/wr_clk
    SLICE_X22Y64         FDCE                                         r  u_async_fifo_2048x8b/U0/inst_fifo_gen/gconvfifo.rf/grf.rf/gntv_or_sync_fifo.gl0.wr/wpntr/gic0.gc0.count_reg[3]/C
                         clock pessimism              0.425    13.294    
                         clock uncertainty           -0.035    13.258    
    SLICE_X22Y64         FDCE (Recov_fdce_C_CLR)     -0.405    12.853    u_async_fifo_2048x8b/U0/inst_fifo_gen/gconvfifo.rf/grf.rf/gntv_or_sync_fifo.gl0.wr/wpntr/gic0.gc0.count_reg[3]
  -------------------------------------------------------------------
                         required time                         12.853    
                         arrival time                          -6.593    
  -------------------------------------------------------------------
                         slack                                  6.260    

Slack (MET) :             6.260ns  (required time - arrival time)
  Source:                 u_async_fifo_2048x8b/U0/inst_fifo_gen/gconvfifo.rf/grf.rf/rstblk/ngwrdrst.grst.g7serrst.gnsckt_wrst.gic_rst.sckt_wr_rst_ic_reg/C
                            (rising edge-triggered cell FDPE clocked by eth_rxc  {rise@0.000ns fall@4.000ns period=8.000ns})
  Destination:            u_async_fifo_2048x8b/U0/inst_fifo_gen/gconvfifo.rf/grf.rf/gntv_or_sync_fifo.gl0.wr/wpntr/gic0.gc0.count_reg[4]/CLR
                            (recovery check against rising-edge clock eth_rxc  {rise@0.000ns fall@4.000ns period=8.000ns})
  Path Group:             **async_default**
  Path Type:              Recovery (Max at Slow Process Corner)
  Requirement:            8.000ns  (eth_rxc rise@8.000ns - eth_rxc rise@0.000ns)
  Data Path Delay:        1.281ns  (logic 0.456ns (35.607%)  route 0.825ns (64.393%))
  Logic Levels:           0  
  Clock Path Skew:        -0.019ns (DCD - SCD + CPR)
    Destination Clock Delay (DCD):    4.869ns = ( 12.869 - 8.000 ) 
    Source Clock Delay      (SCD):    5.313ns
    Clock Pessimism Removal (CPR):    0.425ns
  Clock Uncertainty:      0.035ns  ((TSJ^2 + TIJ^2)^1/2 + DJ) / 2 + PE
    Total System Jitter     (TSJ):    0.071ns
    Total Input Jitter      (TIJ):    0.000ns
    Discrete Jitter          (DJ):    0.000ns
    Phase Error              (PE):    0.000ns

    Location             Delay type                Incr(ns)  Path(ns)    Netlist Resource(s)
  -------------------------------------------------------------------    -------------------
                         (clock eth_rxc rise edge)    0.000     0.000 r  
    K17                                               0.000     0.000 r  eth_rxc (IN)
                         net (fo=0)                   0.000     0.000    eth_rxc
    K17                  IBUF (Prop_ibuf_I_O)         1.492     1.492 r  eth_rxc_IBUF_inst/O
                         net (fo=2, routed)           2.076     3.568    u_gmii_to_rgmii/u_rgmii_rx/rgmii_rxc
    BUFGCTRL_X0Y16       BUFG (Prop_bufg_I_O)         0.101     3.669 r  u_gmii_to_rgmii/u_rgmii_rx/BUFG_inst/O
                         net (fo=1642, routed)        1.644     5.313    u_async_fifo_2048x8b/U0/inst_fifo_gen/gconvfifo.rf/grf.rf/rstblk/wr_clk
    SLICE_X22Y68         FDPE                                         r  u_async_fifo_2048x8b/U0/inst_fifo_gen/gconvfifo.rf/grf.rf/rstblk/ngwrdrst.grst.g7serrst.gnsckt_wrst.gic_rst.sckt_wr_rst_ic_reg/C
  -------------------------------------------------------------------    -------------------
    SLICE_X22Y68         FDPE (Prop_fdpe_C_Q)         0.456     5.769 f  u_async_fifo_2048x8b/U0/inst_fifo_gen/gconvfifo.rf/grf.rf/rstblk/ngwrdrst.grst.g7serrst.gnsckt_wrst.gic_rst.sckt_wr_rst_ic_reg/Q
                         net (fo=36, routed)          0.825     6.593    u_async_fifo_2048x8b/U0/inst_fifo_gen/gconvfifo.rf/grf.rf/gntv_or_sync_fifo.gl0.wr/wpntr/AR[0]
    SLICE_X22Y64         FDCE                                         f  u_async_fifo_2048x8b/U0/inst_fifo_gen/gconvfifo.rf/grf.rf/gntv_or_sync_fifo.gl0.wr/wpntr/gic0.gc0.count_reg[4]/CLR
  -------------------------------------------------------------------    -------------------

                         (clock eth_rxc rise edge)    8.000     8.000 r  
    K17                                               0.000     8.000 r  eth_rxc (IN)
                         net (fo=0)                   0.000     8.000    eth_rxc
    K17                  IBUF (Prop_ibuf_I_O)         1.421     9.421 r  eth_rxc_IBUF_inst/O
                         net (fo=2, routed)           1.880    11.301    u_gmii_to_rgmii/u_rgmii_rx/rgmii_rxc
    BUFGCTRL_X0Y16       BUFG (Prop_bufg_I_O)         0.091    11.392 r  u_gmii_to_rgmii/u_rgmii_rx/BUFG_inst/O
                         net (fo=1642, routed)        1.477    12.869    u_async_fifo_2048x8b/U0/inst_fifo_gen/gconvfifo.rf/grf.rf/gntv_or_sync_fifo.gl0.wr/wpntr/wr_clk
    SLICE_X22Y64         FDCE                                         r  u_async_fifo_2048x8b/U0/inst_fifo_gen/gconvfifo.rf/grf.rf/gntv_or_sync_fifo.gl0.wr/wpntr/gic0.gc0.count_reg[4]/C
                         clock pessimism              0.425    13.294    
                         clock uncertainty           -0.035    13.258    
    SLICE_X22Y64         FDCE (Recov_fdce_C_CLR)     -0.405    12.853    u_async_fifo_2048x8b/U0/inst_fifo_gen/gconvfifo.rf/grf.rf/gntv_or_sync_fifo.gl0.wr/wpntr/gic0.gc0.count_reg[4]
  -------------------------------------------------------------------
                         required time                         12.853    
                         arrival time                          -6.593    
  -------------------------------------------------------------------
                         slack                                  6.260    





Min Delay Paths
--------------------------------------------------------------------------------------
Slack (MET) :             0.419ns  (arrival time - required time)
  Source:                 u_async_fifo_2048x8b/U0/inst_fifo_gen/gconvfifo.rf/grf.rf/rstblk/ngwrdrst.grst.g7serrst.gnsckt_wrst.gic_rst.sckt_rd_rst_ic_reg/C
                            (rising edge-triggered cell FDPE clocked by eth_rxc  {rise@0.000ns fall@4.000ns period=8.000ns})
  Destination:            u_async_fifo_2048x8b/U0/inst_fifo_gen/gconvfifo.rf/grf.rf/gntv_or_sync_fifo.gl0.rd/rpntr/gc0.count_reg[1]/CLR
                            (removal check against rising-edge clock eth_rxc  {rise@0.000ns fall@4.000ns period=8.000ns})
  Path Group:             **async_default**
  Path Type:              Removal (Min at Fast Process Corner)
  Requirement:            0.000ns  (eth_rxc rise@0.000ns - eth_rxc rise@0.000ns)
  Data Path Delay:        0.367ns  (logic 0.164ns (44.708%)  route 0.203ns (55.292%))
  Logic Levels:           0  
  Clock Path Skew:        0.015ns (DCD - SCD - CPR)
    Destination Clock Delay (DCD):    1.982ns
    Source Clock Delay      (SCD):    1.467ns
    Clock Pessimism Removal (CPR):    0.500ns

    Location             Delay type                Incr(ns)  Path(ns)    Netlist Resource(s)
  -------------------------------------------------------------------    -------------------
                         (clock eth_rxc rise edge)    0.000     0.000 r  
    K17                                               0.000     0.000 r  eth_rxc (IN)
                         net (fo=0)                   0.000     0.000    eth_rxc
    K17                  IBUF (Prop_ibuf_I_O)         0.259     0.259 r  eth_rxc_IBUF_inst/O
                         net (fo=2, routed)           0.627     0.887    u_gmii_to_rgmii/u_rgmii_rx/rgmii_rxc
    BUFGCTRL_X0Y16       BUFG (Prop_bufg_I_O)         0.026     0.913 r  u_gmii_to_rgmii/u_rgmii_rx/BUFG_inst/O
                         net (fo=1642, routed)        0.555     1.467    u_async_fifo_2048x8b/U0/inst_fifo_gen/gconvfifo.rf/grf.rf/rstblk/rd_clk
    SLICE_X30Y65         FDPE                                         r  u_async_fifo_2048x8b/U0/inst_fifo_gen/gconvfifo.rf/grf.rf/rstblk/ngwrdrst.grst.g7serrst.gnsckt_wrst.gic_rst.sckt_rd_rst_ic_reg/C
  -------------------------------------------------------------------    -------------------
    SLICE_X30Y65         FDPE (Prop_fdpe_C_Q)         0.164     1.631 f  u_async_fifo_2048x8b/U0/inst_fifo_gen/gconvfifo.rf/grf.rf/rstblk/ngwrdrst.grst.g7serrst.gnsckt_wrst.gic_rst.sckt_rd_rst_ic_reg/Q
                         net (fo=28, routed)          0.203     1.834    u_async_fifo_2048x8b/U0/inst_fifo_gen/gconvfifo.rf/grf.rf/gntv_or_sync_fifo.gl0.rd/rpntr/AR[0]
    SLICE_X30Y64         FDCE                                         f  u_async_fifo_2048x8b/U0/inst_fifo_gen/gconvfifo.rf/grf.rf/gntv_or_sync_fifo.gl0.rd/rpntr/gc0.count_reg[1]/CLR
  -------------------------------------------------------------------    -------------------

                         (clock eth_rxc rise edge)    0.000     0.000 r  
    K17                                               0.000     0.000 r  eth_rxc (IN)
                         net (fo=0)                   0.000     0.000    eth_rxc
    K17                  IBUF (Prop_ibuf_I_O)         0.447     0.447 r  eth_rxc_IBUF_inst/O
                         net (fo=2, routed)           0.683     1.130    u_gmii_to_rgmii/u_rgmii_rx/rgmii_rxc
    BUFGCTRL_X0Y16       BUFG (Prop_bufg_I_O)         0.029     1.159 r  u_gmii_to_rgmii/u_rgmii_rx/BUFG_inst/O
                         net (fo=1642, routed)        0.823     1.982    u_async_fifo_2048x8b/U0/inst_fifo_gen/gconvfifo.rf/grf.rf/gntv_or_sync_fifo.gl0.rd/rpntr/rd_clk
    SLICE_X30Y64         FDCE                                         r  u_async_fifo_2048x8b/U0/inst_fifo_gen/gconvfifo.rf/grf.rf/gntv_or_sync_fifo.gl0.rd/rpntr/gc0.count_reg[1]/C
                         clock pessimism             -0.500     1.482    
    SLICE_X30Y64         FDCE (Remov_fdce_C_CLR)     -0.067     1.415    u_async_fifo_2048x8b/U0/inst_fifo_gen/gconvfifo.rf/grf.rf/gntv_or_sync_fifo.gl0.rd/rpntr/gc0.count_reg[1]
  -------------------------------------------------------------------
                         required time                         -1.415    
                         arrival time                           1.834    
  -------------------------------------------------------------------
                         slack                                  0.419    

Slack (MET) :             0.419ns  (arrival time - required time)
  Source:                 u_async_fifo_2048x8b/U0/inst_fifo_gen/gconvfifo.rf/grf.rf/rstblk/ngwrdrst.grst.g7serrst.gnsckt_wrst.gic_rst.sckt_rd_rst_ic_reg/C
                            (rising edge-triggered cell FDPE clocked by eth_rxc  {rise@0.000ns fall@4.000ns period=8.000ns})
  Destination:            u_async_fifo_2048x8b/U0/inst_fifo_gen/gconvfifo.rf/grf.rf/gntv_or_sync_fifo.gl0.rd/rpntr/gc0.count_reg[2]/CLR
                            (removal check against rising-edge clock eth_rxc  {rise@0.000ns fall@4.000ns period=8.000ns})
  Path Group:             **async_default**
  Path Type:              Removal (Min at Fast Process Corner)
  Requirement:            0.000ns  (eth_rxc rise@0.000ns - eth_rxc rise@0.000ns)
  Data Path Delay:        0.367ns  (logic 0.164ns (44.708%)  route 0.203ns (55.292%))
  Logic Levels:           0  
  Clock Path Skew:        0.015ns (DCD - SCD - CPR)
    Destination Clock Delay (DCD):    1.982ns
    Source Clock Delay      (SCD):    1.467ns
    Clock Pessimism Removal (CPR):    0.500ns

    Location             Delay type                Incr(ns)  Path(ns)    Netlist Resource(s)
  -------------------------------------------------------------------    -------------------
                         (clock eth_rxc rise edge)    0.000     0.000 r  
    K17                                               0.000     0.000 r  eth_rxc (IN)
                         net (fo=0)                   0.000     0.000    eth_rxc
    K17                  IBUF (Prop_ibuf_I_O)         0.259     0.259 r  eth_rxc_IBUF_inst/O
                         net (fo=2, routed)           0.627     0.887    u_gmii_to_rgmii/u_rgmii_rx/rgmii_rxc
    BUFGCTRL_X0Y16       BUFG (Prop_bufg_I_O)         0.026     0.913 r  u_gmii_to_rgmii/u_rgmii_rx/BUFG_inst/O
                         net (fo=1642, routed)        0.555     1.467    u_async_fifo_2048x8b/U0/inst_fifo_gen/gconvfifo.rf/grf.rf/rstblk/rd_clk
    SLICE_X30Y65         FDPE                                         r  u_async_fifo_2048x8b/U0/inst_fifo_gen/gconvfifo.rf/grf.rf/rstblk/ngwrdrst.grst.g7serrst.gnsckt_wrst.gic_rst.sckt_rd_rst_ic_reg/C
  -------------------------------------------------------------------    -------------------
    SLICE_X30Y65         FDPE (Prop_fdpe_C_Q)         0.164     1.631 f  u_async_fifo_2048x8b/U0/inst_fifo_gen/gconvfifo.rf/grf.rf/rstblk/ngwrdrst.grst.g7serrst.gnsckt_wrst.gic_rst.sckt_rd_rst_ic_reg/Q
                         net (fo=28, routed)          0.203     1.834    u_async_fifo_2048x8b/U0/inst_fifo_gen/gconvfifo.rf/grf.rf/gntv_or_sync_fifo.gl0.rd/rpntr/AR[0]
    SLICE_X30Y64         FDCE                                         f  u_async_fifo_2048x8b/U0/inst_fifo_gen/gconvfifo.rf/grf.rf/gntv_or_sync_fifo.gl0.rd/rpntr/gc0.count_reg[2]/CLR
  -------------------------------------------------------------------    -------------------

                         (clock eth_rxc rise edge)    0.000     0.000 r  
    K17                                               0.000     0.000 r  eth_rxc (IN)
                         net (fo=0)                   0.000     0.000    eth_rxc
    K17                  IBUF (Prop_ibuf_I_O)         0.447     0.447 r  eth_rxc_IBUF_inst/O
                         net (fo=2, routed)           0.683     1.130    u_gmii_to_rgmii/u_rgmii_rx/rgmii_rxc
    BUFGCTRL_X0Y16       BUFG (Prop_bufg_I_O)         0.029     1.159 r  u_gmii_to_rgmii/u_rgmii_rx/BUFG_inst/O
                         net (fo=1642, routed)        0.823     1.982    u_async_fifo_2048x8b/U0/inst_fifo_gen/gconvfifo.rf/grf.rf/gntv_or_sync_fifo.gl0.rd/rpntr/rd_clk
    SLICE_X30Y64         FDCE                                         r  u_async_fifo_2048x8b/U0/inst_fifo_gen/gconvfifo.rf/grf.rf/gntv_or_sync_fifo.gl0.rd/rpntr/gc0.count_reg[2]/C
                         clock pessimism             -0.500     1.482    
    SLICE_X30Y64         FDCE (Remov_fdce_C_CLR)     -0.067     1.415    u_async_fifo_2048x8b/U0/inst_fifo_gen/gconvfifo.rf/grf.rf/gntv_or_sync_fifo.gl0.rd/rpntr/gc0.count_reg[2]
  -------------------------------------------------------------------
                         required time                         -1.415    
                         arrival time                           1.834    
  -------------------------------------------------------------------
                         slack                                  0.419    

Slack (MET) :             0.419ns  (arrival time - required time)
  Source:                 u_async_fifo_2048x8b/U0/inst_fifo_gen/gconvfifo.rf/grf.rf/rstblk/ngwrdrst.grst.g7serrst.gnsckt_wrst.gic_rst.sckt_rd_rst_ic_reg/C
                            (rising edge-triggered cell FDPE clocked by eth_rxc  {rise@0.000ns fall@4.000ns period=8.000ns})
  Destination:            u_async_fifo_2048x8b/U0/inst_fifo_gen/gconvfifo.rf/grf.rf/gntv_or_sync_fifo.gl0.rd/rpntr/gc0.count_reg[3]/CLR
                            (removal check against rising-edge clock eth_rxc  {rise@0.000ns fall@4.000ns period=8.000ns})
  Path Group:             **async_default**
  Path Type:              Removal (Min at Fast Process Corner)
  Requirement:            0.000ns  (eth_rxc rise@0.000ns - eth_rxc rise@0.000ns)
  Data Path Delay:        0.367ns  (logic 0.164ns (44.708%)  route 0.203ns (55.292%))
  Logic Levels:           0  
  Clock Path Skew:        0.015ns (DCD - SCD - CPR)
    Destination Clock Delay (DCD):    1.982ns
    Source Clock Delay      (SCD):    1.467ns
    Clock Pessimism Removal (CPR):    0.500ns

    Location             Delay type                Incr(ns)  Path(ns)    Netlist Resource(s)
  -------------------------------------------------------------------    -------------------
                         (clock eth_rxc rise edge)    0.000     0.000 r  
    K17                                               0.000     0.000 r  eth_rxc (IN)
                         net (fo=0)                   0.000     0.000    eth_rxc
    K17                  IBUF (Prop_ibuf_I_O)         0.259     0.259 r  eth_rxc_IBUF_inst/O
                         net (fo=2, routed)           0.627     0.887    u_gmii_to_rgmii/u_rgmii_rx/rgmii_rxc
    BUFGCTRL_X0Y16       BUFG (Prop_bufg_I_O)         0.026     0.913 r  u_gmii_to_rgmii/u_rgmii_rx/BUFG_inst/O
                         net (fo=1642, routed)        0.555     1.467    u_async_fifo_2048x8b/U0/inst_fifo_gen/gconvfifo.rf/grf.rf/rstblk/rd_clk
    SLICE_X30Y65         FDPE                                         r  u_async_fifo_2048x8b/U0/inst_fifo_gen/gconvfifo.rf/grf.rf/rstblk/ngwrdrst.grst.g7serrst.gnsckt_wrst.gic_rst.sckt_rd_rst_ic_reg/C
  -------------------------------------------------------------------    -------------------
    SLICE_X30Y65         FDPE (Prop_fdpe_C_Q)         0.164     1.631 f  u_async_fifo_2048x8b/U0/inst_fifo_gen/gconvfifo.rf/grf.rf/rstblk/ngwrdrst.grst.g7serrst.gnsckt_wrst.gic_rst.sckt_rd_rst_ic_reg/Q
                         net (fo=28, routed)          0.203     1.834    u_async_fifo_2048x8b/U0/inst_fifo_gen/gconvfifo.rf/grf.rf/gntv_or_sync_fifo.gl0.rd/rpntr/AR[0]
    SLICE_X30Y64         FDCE                                         f  u_async_fifo_2048x8b/U0/inst_fifo_gen/gconvfifo.rf/grf.rf/gntv_or_sync_fifo.gl0.rd/rpntr/gc0.count_reg[3]/CLR
  -------------------------------------------------------------------    -------------------

                         (clock eth_rxc rise edge)    0.000     0.000 r  
    K17                                               0.000     0.000 r  eth_rxc (IN)
                         net (fo=0)                   0.000     0.000    eth_rxc
    K17                  IBUF (Prop_ibuf_I_O)         0.447     0.447 r  eth_rxc_IBUF_inst/O
                         net (fo=2, routed)           0.683     1.130    u_gmii_to_rgmii/u_rgmii_rx/rgmii_rxc
    BUFGCTRL_X0Y16       BUFG (Prop_bufg_I_O)         0.029     1.159 r  u_gmii_to_rgmii/u_rgmii_rx/BUFG_inst/O
                         net (fo=1642, routed)        0.823     1.982    u_async_fifo_2048x8b/U0/inst_fifo_gen/gconvfifo.rf/grf.rf/gntv_or_sync_fifo.gl0.rd/rpntr/rd_clk
    SLICE_X30Y64         FDCE                                         r  u_async_fifo_2048x8b/U0/inst_fifo_gen/gconvfifo.rf/grf.rf/gntv_or_sync_fifo.gl0.rd/rpntr/gc0.count_reg[3]/C
                         clock pessimism             -0.500     1.482    
    SLICE_X30Y64         FDCE (Remov_fdce_C_CLR)     -0.067     1.415    u_async_fifo_2048x8b/U0/inst_fifo_gen/gconvfifo.rf/grf.rf/gntv_or_sync_fifo.gl0.rd/rpntr/gc0.count_reg[3]
  -------------------------------------------------------------------
                         required time                         -1.415    
                         arrival time                           1.834    
  -------------------------------------------------------------------
                         slack                                  0.419    

Slack (MET) :             0.419ns  (arrival time - required time)
  Source:                 u_async_fifo_2048x8b/U0/inst_fifo_gen/gconvfifo.rf/grf.rf/rstblk/ngwrdrst.grst.g7serrst.gnsckt_wrst.gic_rst.sckt_rd_rst_ic_reg/C
                            (rising edge-triggered cell FDPE clocked by eth_rxc  {rise@0.000ns fall@4.000ns period=8.000ns})
  Destination:            u_async_fifo_2048x8b/U0/inst_fifo_gen/gconvfifo.rf/grf.rf/gntv_or_sync_fifo.gl0.rd/rpntr/gc0.count_reg[4]/CLR
                            (removal check against rising-edge clock eth_rxc  {rise@0.000ns fall@4.000ns period=8.000ns})
  Path Group:             **async_default**
  Path Type:              Removal (Min at Fast Process Corner)
  Requirement:            0.000ns  (eth_rxc rise@0.000ns - eth_rxc rise@0.000ns)
  Data Path Delay:        0.367ns  (logic 0.164ns (44.708%)  route 0.203ns (55.292%))
  Logic Levels:           0  
  Clock Path Skew:        0.015ns (DCD - SCD - CPR)
    Destination Clock Delay (DCD):    1.982ns
    Source Clock Delay      (SCD):    1.467ns
    Clock Pessimism Removal (CPR):    0.500ns

    Location             Delay type                Incr(ns)  Path(ns)    Netlist Resource(s)
  -------------------------------------------------------------------    -------------------
                         (clock eth_rxc rise edge)    0.000     0.000 r  
    K17                                               0.000     0.000 r  eth_rxc (IN)
                         net (fo=0)                   0.000     0.000    eth_rxc
    K17                  IBUF (Prop_ibuf_I_O)         0.259     0.259 r  eth_rxc_IBUF_inst/O
                         net (fo=2, routed)           0.627     0.887    u_gmii_to_rgmii/u_rgmii_rx/rgmii_rxc
    BUFGCTRL_X0Y16       BUFG (Prop_bufg_I_O)         0.026     0.913 r  u_gmii_to_rgmii/u_rgmii_rx/BUFG_inst/O
                         net (fo=1642, routed)        0.555     1.467    u_async_fifo_2048x8b/U0/inst_fifo_gen/gconvfifo.rf/grf.rf/rstblk/rd_clk
    SLICE_X30Y65         FDPE                                         r  u_async_fifo_2048x8b/U0/inst_fifo_gen/gconvfifo.rf/grf.rf/rstblk/ngwrdrst.grst.g7serrst.gnsckt_wrst.gic_rst.sckt_rd_rst_ic_reg/C
  -------------------------------------------------------------------    -------------------
    SLICE_X30Y65         FDPE (Prop_fdpe_C_Q)         0.164     1.631 f  u_async_fifo_2048x8b/U0/inst_fifo_gen/gconvfifo.rf/grf.rf/rstblk/ngwrdrst.grst.g7serrst.gnsckt_wrst.gic_rst.sckt_rd_rst_ic_reg/Q
                         net (fo=28, routed)          0.203     1.834    u_async_fifo_2048x8b/U0/inst_fifo_gen/gconvfifo.rf/grf.rf/gntv_or_sync_fifo.gl0.rd/rpntr/AR[0]
    SLICE_X30Y64         FDCE                                         f  u_async_fifo_2048x8b/U0/inst_fifo_gen/gconvfifo.rf/grf.rf/gntv_or_sync_fifo.gl0.rd/rpntr/gc0.count_reg[4]/CLR
  -------------------------------------------------------------------    -------------------

                         (clock eth_rxc rise edge)    0.000     0.000 r  
    K17                                               0.000     0.000 r  eth_rxc (IN)
                         net (fo=0)                   0.000     0.000    eth_rxc
    K17                  IBUF (Prop_ibuf_I_O)         0.447     0.447 r  eth_rxc_IBUF_inst/O
                         net (fo=2, routed)           0.683     1.130    u_gmii_to_rgmii/u_rgmii_rx/rgmii_rxc
    BUFGCTRL_X0Y16       BUFG (Prop_bufg_I_O)         0.029     1.159 r  u_gmii_to_rgmii/u_rgmii_rx/BUFG_inst/O
                         net (fo=1642, routed)        0.823     1.982    u_async_fifo_2048x8b/U0/inst_fifo_gen/gconvfifo.rf/grf.rf/gntv_or_sync_fifo.gl0.rd/rpntr/rd_clk
    SLICE_X30Y64         FDCE                                         r  u_async_fifo_2048x8b/U0/inst_fifo_gen/gconvfifo.rf/grf.rf/gntv_or_sync_fifo.gl0.rd/rpntr/gc0.count_reg[4]/C
                         clock pessimism             -0.500     1.482    
    SLICE_X30Y64         FDCE (Remov_fdce_C_CLR)     -0.067     1.415    u_async_fifo_2048x8b/U0/inst_fifo_gen/gconvfifo.rf/grf.rf/gntv_or_sync_fifo.gl0.rd/rpntr/gc0.count_reg[4]
  -------------------------------------------------------------------
                         required time                         -1.415    
                         arrival time                           1.834    
  -------------------------------------------------------------------
                         slack                                  0.419    

Slack (MET) :             0.419ns  (arrival time - required time)
  Source:                 u_async_fifo_2048x8b/U0/inst_fifo_gen/gconvfifo.rf/grf.rf/rstblk/ngwrdrst.grst.g7serrst.gnsckt_wrst.gic_rst.sckt_rd_rst_ic_reg/C
                            (rising edge-triggered cell FDPE clocked by eth_rxc  {rise@0.000ns fall@4.000ns period=8.000ns})
  Destination:            u_async_fifo_2048x8b/U0/inst_fifo_gen/gconvfifo.rf/grf.rf/gntv_or_sync_fifo.gl0.rd/rpntr/gc0.count_reg[5]/CLR
                            (removal check against rising-edge clock eth_rxc  {rise@0.000ns fall@4.000ns period=8.000ns})
  Path Group:             **async_default**
  Path Type:              Removal (Min at Fast Process Corner)
  Requirement:            0.000ns  (eth_rxc rise@0.000ns - eth_rxc rise@0.000ns)
  Data Path Delay:        0.367ns  (logic 0.164ns (44.708%)  route 0.203ns (55.292%))
  Logic Levels:           0  
  Clock Path Skew:        0.015ns (DCD - SCD - CPR)
    Destination Clock Delay (DCD):    1.982ns
    Source Clock Delay      (SCD):    1.467ns
    Clock Pessimism Removal (CPR):    0.500ns

    Location             Delay type                Incr(ns)  Path(ns)    Netlist Resource(s)
  -------------------------------------------------------------------    -------------------
                         (clock eth_rxc rise edge)    0.000     0.000 r  
    K17                                               0.000     0.000 r  eth_rxc (IN)
                         net (fo=0)                   0.000     0.000    eth_rxc
    K17                  IBUF (Prop_ibuf_I_O)         0.259     0.259 r  eth_rxc_IBUF_inst/O
                         net (fo=2, routed)           0.627     0.887    u_gmii_to_rgmii/u_rgmii_rx/rgmii_rxc
    BUFGCTRL_X0Y16       BUFG (Prop_bufg_I_O)         0.026     0.913 r  u_gmii_to_rgmii/u_rgmii_rx/BUFG_inst/O
                         net (fo=1642, routed)        0.555     1.467    u_async_fifo_2048x8b/U0/inst_fifo_gen/gconvfifo.rf/grf.rf/rstblk/rd_clk
    SLICE_X30Y65         FDPE                                         r  u_async_fifo_2048x8b/U0/inst_fifo_gen/gconvfifo.rf/grf.rf/rstblk/ngwrdrst.grst.g7serrst.gnsckt_wrst.gic_rst.sckt_rd_rst_ic_reg/C
  -------------------------------------------------------------------    -------------------
    SLICE_X30Y65         FDPE (Prop_fdpe_C_Q)         0.164     1.631 f  u_async_fifo_2048x8b/U0/inst_fifo_gen/gconvfifo.rf/grf.rf/rstblk/ngwrdrst.grst.g7serrst.gnsckt_wrst.gic_rst.sckt_rd_rst_ic_reg/Q
                         net (fo=28, routed)          0.203     1.834    u_async_fifo_2048x8b/U0/inst_fifo_gen/gconvfifo.rf/grf.rf/gntv_or_sync_fifo.gl0.rd/rpntr/AR[0]
    SLICE_X30Y64         FDCE                                         f  u_async_fifo_2048x8b/U0/inst_fifo_gen/gconvfifo.rf/grf.rf/gntv_or_sync_fifo.gl0.rd/rpntr/gc0.count_reg[5]/CLR
  -------------------------------------------------------------------    -------------------

                         (clock eth_rxc rise edge)    0.000     0.000 r  
    K17                                               0.000     0.000 r  eth_rxc (IN)
                         net (fo=0)                   0.000     0.000    eth_rxc
    K17                  IBUF (Prop_ibuf_I_O)         0.447     0.447 r  eth_rxc_IBUF_inst/O
                         net (fo=2, routed)           0.683     1.130    u_gmii_to_rgmii/u_rgmii_rx/rgmii_rxc
    BUFGCTRL_X0Y16       BUFG (Prop_bufg_I_O)         0.029     1.159 r  u_gmii_to_rgmii/u_rgmii_rx/BUFG_inst/O
                         net (fo=1642, routed)        0.823     1.982    u_async_fifo_2048x8b/U0/inst_fifo_gen/gconvfifo.rf/grf.rf/gntv_or_sync_fifo.gl0.rd/rpntr/rd_clk
    SLICE_X30Y64         FDCE                                         r  u_async_fifo_2048x8b/U0/inst_fifo_gen/gconvfifo.rf/grf.rf/gntv_or_sync_fifo.gl0.rd/rpntr/gc0.count_reg[5]/C
                         clock pessimism             -0.500     1.482    
    SLICE_X30Y64         FDCE (Remov_fdce_C_CLR)     -0.067     1.415    u_async_fifo_2048x8b/U0/inst_fifo_gen/gconvfifo.rf/grf.rf/gntv_or_sync_fifo.gl0.rd/rpntr/gc0.count_reg[5]
  -------------------------------------------------------------------
                         required time                         -1.415    
                         arrival time                           1.834    
  -------------------------------------------------------------------
                         slack                                  0.419    

Slack (MET) :             0.447ns  (arrival time - required time)
  Source:                 u_async_fifo_2048x8b/U0/inst_fifo_gen/gconvfifo.rf/grf.rf/rstblk/ngwrdrst.grst.g7serrst.gnsckt_wrst.gic_rst.sckt_wr_rst_ic_reg/C
                            (rising edge-triggered cell FDPE clocked by eth_rxc  {rise@0.000ns fall@4.000ns period=8.000ns})
  Destination:            u_async_fifo_2048x8b/U0/inst_fifo_gen/gconvfifo.rf/grf.rf/gntv_or_sync_fifo.gl0.wr/wpntr/gic0.gc0.count_d2_reg[10]/CLR
                            (removal check against rising-edge clock eth_rxc  {rise@0.000ns fall@4.000ns period=8.000ns})
  Path Group:             **async_default**
  Path Type:              Removal (Min at Fast Process Corner)
  Requirement:            0.000ns  (eth_rxc rise@0.000ns - eth_rxc rise@0.000ns)
  Data Path Delay:        0.396ns  (logic 0.141ns (35.600%)  route 0.255ns (64.400%))
  Logic Levels:           0  
  Clock Path Skew:        0.016ns (DCD - SCD - CPR)
    Destination Clock Delay (DCD):    1.977ns
    Source Clock Delay      (SCD):    1.461ns
    Clock Pessimism Removal (CPR):    0.500ns

    Location             Delay type                Incr(ns)  Path(ns)    Netlist Resource(s)
  -------------------------------------------------------------------    -------------------
                         (clock eth_rxc rise edge)    0.000     0.000 r  
    K17                                               0.000     0.000 r  eth_rxc (IN)
                         net (fo=0)                   0.000     0.000    eth_rxc
    K17                  IBUF (Prop_ibuf_I_O)         0.259     0.259 r  eth_rxc_IBUF_inst/O
                         net (fo=2, routed)           0.627     0.887    u_gmii_to_rgmii/u_rgmii_rx/rgmii_rxc
    BUFGCTRL_X0Y16       BUFG (Prop_bufg_I_O)         0.026     0.913 r  u_gmii_to_rgmii/u_rgmii_rx/BUFG_inst/O
                         net (fo=1642, routed)        0.549     1.461    u_async_fifo_2048x8b/U0/inst_fifo_gen/gconvfifo.rf/grf.rf/rstblk/wr_clk
    SLICE_X22Y68         FDPE                                         r  u_async_fifo_2048x8b/U0/inst_fifo_gen/gconvfifo.rf/grf.rf/rstblk/ngwrdrst.grst.g7serrst.gnsckt_wrst.gic_rst.sckt_wr_rst_ic_reg/C
  -------------------------------------------------------------------    -------------------
    SLICE_X22Y68         FDPE (Prop_fdpe_C_Q)         0.141     1.602 f  u_async_fifo_2048x8b/U0/inst_fifo_gen/gconvfifo.rf/grf.rf/rstblk/ngwrdrst.grst.g7serrst.gnsckt_wrst.gic_rst.sckt_wr_rst_ic_reg/Q
                         net (fo=36, routed)          0.255     1.857    u_async_fifo_2048x8b/U0/inst_fifo_gen/gconvfifo.rf/grf.rf/gntv_or_sync_fifo.gl0.wr/wpntr/AR[0]
    SLICE_X24Y66         FDCE                                         f  u_async_fifo_2048x8b/U0/inst_fifo_gen/gconvfifo.rf/grf.rf/gntv_or_sync_fifo.gl0.wr/wpntr/gic0.gc0.count_d2_reg[10]/CLR
  -------------------------------------------------------------------    -------------------

                         (clock eth_rxc rise edge)    0.000     0.000 r  
    K17                                               0.000     0.000 r  eth_rxc (IN)
                         net (fo=0)                   0.000     0.000    eth_rxc
    K17                  IBUF (Prop_ibuf_I_O)         0.447     0.447 r  eth_rxc_IBUF_inst/O
                         net (fo=2, routed)           0.683     1.130    u_gmii_to_rgmii/u_rgmii_rx/rgmii_rxc
    BUFGCTRL_X0Y16       BUFG (Prop_bufg_I_O)         0.029     1.159 r  u_gmii_to_rgmii/u_rgmii_rx/BUFG_inst/O
                         net (fo=1642, routed)        0.818     1.977    u_async_fifo_2048x8b/U0/inst_fifo_gen/gconvfifo.rf/grf.rf/gntv_or_sync_fifo.gl0.wr/wpntr/wr_clk
    SLICE_X24Y66         FDCE                                         r  u_async_fifo_2048x8b/U0/inst_fifo_gen/gconvfifo.rf/grf.rf/gntv_or_sync_fifo.gl0.wr/wpntr/gic0.gc0.count_d2_reg[10]/C
                         clock pessimism             -0.500     1.477    
    SLICE_X24Y66         FDCE (Remov_fdce_C_CLR)     -0.067     1.410    u_async_fifo_2048x8b/U0/inst_fifo_gen/gconvfifo.rf/grf.rf/gntv_or_sync_fifo.gl0.wr/wpntr/gic0.gc0.count_d2_reg[10]
  -------------------------------------------------------------------
                         required time                         -1.410    
                         arrival time                           1.857    
  -------------------------------------------------------------------
                         slack                                  0.447    

Slack (MET) :             0.447ns  (arrival time - required time)
  Source:                 u_async_fifo_2048x8b/U0/inst_fifo_gen/gconvfifo.rf/grf.rf/rstblk/ngwrdrst.grst.g7serrst.gnsckt_wrst.gic_rst.sckt_wr_rst_ic_reg/C
                            (rising edge-triggered cell FDPE clocked by eth_rxc  {rise@0.000ns fall@4.000ns period=8.000ns})
  Destination:            u_async_fifo_2048x8b/U0/inst_fifo_gen/gconvfifo.rf/grf.rf/gntv_or_sync_fifo.gl0.wr/wpntr/gic0.gc0.count_d2_reg[4]/CLR
                            (removal check against rising-edge clock eth_rxc  {rise@0.000ns fall@4.000ns period=8.000ns})
  Path Group:             **async_default**
  Path Type:              Removal (Min at Fast Process Corner)
  Requirement:            0.000ns  (eth_rxc rise@0.000ns - eth_rxc rise@0.000ns)
  Data Path Delay:        0.396ns  (logic 0.141ns (35.600%)  route 0.255ns (64.400%))
  Logic Levels:           0  
  Clock Path Skew:        0.016ns (DCD - SCD - CPR)
    Destination Clock Delay (DCD):    1.977ns
    Source Clock Delay      (SCD):    1.461ns
    Clock Pessimism Removal (CPR):    0.500ns

    Location             Delay type                Incr(ns)  Path(ns)    Netlist Resource(s)
  -------------------------------------------------------------------    -------------------
                         (clock eth_rxc rise edge)    0.000     0.000 r  
    K17                                               0.000     0.000 r  eth_rxc (IN)
                         net (fo=0)                   0.000     0.000    eth_rxc
    K17                  IBUF (Prop_ibuf_I_O)         0.259     0.259 r  eth_rxc_IBUF_inst/O
                         net (fo=2, routed)           0.627     0.887    u_gmii_to_rgmii/u_rgmii_rx/rgmii_rxc
    BUFGCTRL_X0Y16       BUFG (Prop_bufg_I_O)         0.026     0.913 r  u_gmii_to_rgmii/u_rgmii_rx/BUFG_inst/O
                         net (fo=1642, routed)        0.549     1.461    u_async_fifo_2048x8b/U0/inst_fifo_gen/gconvfifo.rf/grf.rf/rstblk/wr_clk
    SLICE_X22Y68         FDPE                                         r  u_async_fifo_2048x8b/U0/inst_fifo_gen/gconvfifo.rf/grf.rf/rstblk/ngwrdrst.grst.g7serrst.gnsckt_wrst.gic_rst.sckt_wr_rst_ic_reg/C
  -------------------------------------------------------------------    -------------------
    SLICE_X22Y68         FDPE (Prop_fdpe_C_Q)         0.141     1.602 f  u_async_fifo_2048x8b/U0/inst_fifo_gen/gconvfifo.rf/grf.rf/rstblk/ngwrdrst.grst.g7serrst.gnsckt_wrst.gic_rst.sckt_wr_rst_ic_reg/Q
                         net (fo=36, routed)          0.255     1.857    u_async_fifo_2048x8b/U0/inst_fifo_gen/gconvfifo.rf/grf.rf/gntv_or_sync_fifo.gl0.wr/wpntr/AR[0]
    SLICE_X24Y66         FDCE                                         f  u_async_fifo_2048x8b/U0/inst_fifo_gen/gconvfifo.rf/grf.rf/gntv_or_sync_fifo.gl0.wr/wpntr/gic0.gc0.count_d2_reg[4]/CLR
  -------------------------------------------------------------------    -------------------

                         (clock eth_rxc rise edge)    0.000     0.000 r  
    K17                                               0.000     0.000 r  eth_rxc (IN)
                         net (fo=0)                   0.000     0.000    eth_rxc
    K17                  IBUF (Prop_ibuf_I_O)         0.447     0.447 r  eth_rxc_IBUF_inst/O
                         net (fo=2, routed)           0.683     1.130    u_gmii_to_rgmii/u_rgmii_rx/rgmii_rxc
    BUFGCTRL_X0Y16       BUFG (Prop_bufg_I_O)         0.029     1.159 r  u_gmii_to_rgmii/u_rgmii_rx/BUFG_inst/O
                         net (fo=1642, routed)        0.818     1.977    u_async_fifo_2048x8b/U0/inst_fifo_gen/gconvfifo.rf/grf.rf/gntv_or_sync_fifo.gl0.wr/wpntr/wr_clk
    SLICE_X24Y66         FDCE                                         r  u_async_fifo_2048x8b/U0/inst_fifo_gen/gconvfifo.rf/grf.rf/gntv_or_sync_fifo.gl0.wr/wpntr/gic0.gc0.count_d2_reg[4]/C
                         clock pessimism             -0.500     1.477    
    SLICE_X24Y66         FDCE (Remov_fdce_C_CLR)     -0.067     1.410    u_async_fifo_2048x8b/U0/inst_fifo_gen/gconvfifo.rf/grf.rf/gntv_or_sync_fifo.gl0.wr/wpntr/gic0.gc0.count_d2_reg[4]
  -------------------------------------------------------------------
                         required time                         -1.410    
                         arrival time                           1.857    
  -------------------------------------------------------------------
                         slack                                  0.447    

Slack (MET) :             0.447ns  (arrival time - required time)
  Source:                 u_async_fifo_2048x8b/U0/inst_fifo_gen/gconvfifo.rf/grf.rf/rstblk/ngwrdrst.grst.g7serrst.gnsckt_wrst.gic_rst.sckt_wr_rst_ic_reg/C
                            (rising edge-triggered cell FDPE clocked by eth_rxc  {rise@0.000ns fall@4.000ns period=8.000ns})
  Destination:            u_async_fifo_2048x8b/U0/inst_fifo_gen/gconvfifo.rf/grf.rf/gntv_or_sync_fifo.gl0.wr/wpntr/gic0.gc0.count_d2_reg[6]/CLR
                            (removal check against rising-edge clock eth_rxc  {rise@0.000ns fall@4.000ns period=8.000ns})
  Path Group:             **async_default**
  Path Type:              Removal (Min at Fast Process Corner)
  Requirement:            0.000ns  (eth_rxc rise@0.000ns - eth_rxc rise@0.000ns)
  Data Path Delay:        0.396ns  (logic 0.141ns (35.600%)  route 0.255ns (64.400%))
  Logic Levels:           0  
  Clock Path Skew:        0.016ns (DCD - SCD - CPR)
    Destination Clock Delay (DCD):    1.977ns
    Source Clock Delay      (SCD):    1.461ns
    Clock Pessimism Removal (CPR):    0.500ns

    Location             Delay type                Incr(ns)  Path(ns)    Netlist Resource(s)
  -------------------------------------------------------------------    -------------------
                         (clock eth_rxc rise edge)    0.000     0.000 r  
    K17                                               0.000     0.000 r  eth_rxc (IN)
                         net (fo=0)                   0.000     0.000    eth_rxc
    K17                  IBUF (Prop_ibuf_I_O)         0.259     0.259 r  eth_rxc_IBUF_inst/O
                         net (fo=2, routed)           0.627     0.887    u_gmii_to_rgmii/u_rgmii_rx/rgmii_rxc
    BUFGCTRL_X0Y16       BUFG (Prop_bufg_I_O)         0.026     0.913 r  u_gmii_to_rgmii/u_rgmii_rx/BUFG_inst/O
                         net (fo=1642, routed)        0.549     1.461    u_async_fifo_2048x8b/U0/inst_fifo_gen/gconvfifo.rf/grf.rf/rstblk/wr_clk
    SLICE_X22Y68         FDPE                                         r  u_async_fifo_2048x8b/U0/inst_fifo_gen/gconvfifo.rf/grf.rf/rstblk/ngwrdrst.grst.g7serrst.gnsckt_wrst.gic_rst.sckt_wr_rst_ic_reg/C
  -------------------------------------------------------------------    -------------------
    SLICE_X22Y68         FDPE (Prop_fdpe_C_Q)         0.141     1.602 f  u_async_fifo_2048x8b/U0/inst_fifo_gen/gconvfifo.rf/grf.rf/rstblk/ngwrdrst.grst.g7serrst.gnsckt_wrst.gic_rst.sckt_wr_rst_ic_reg/Q
                         net (fo=36, routed)          0.255     1.857    u_async_fifo_2048x8b/U0/inst_fifo_gen/gconvfifo.rf/grf.rf/gntv_or_sync_fifo.gl0.wr/wpntr/AR[0]
    SLICE_X24Y66         FDCE                                         f  u_async_fifo_2048x8b/U0/inst_fifo_gen/gconvfifo.rf/grf.rf/gntv_or_sync_fifo.gl0.wr/wpntr/gic0.gc0.count_d2_reg[6]/CLR
  -------------------------------------------------------------------    -------------------

                         (clock eth_rxc rise edge)    0.000     0.000 r  
    K17                                               0.000     0.000 r  eth_rxc (IN)
                         net (fo=0)                   0.000     0.000    eth_rxc
    K17                  IBUF (Prop_ibuf_I_O)         0.447     0.447 r  eth_rxc_IBUF_inst/O
                         net (fo=2, routed)           0.683     1.130    u_gmii_to_rgmii/u_rgmii_rx/rgmii_rxc
    BUFGCTRL_X0Y16       BUFG (Prop_bufg_I_O)         0.029     1.159 r  u_gmii_to_rgmii/u_rgmii_rx/BUFG_inst/O
                         net (fo=1642, routed)        0.818     1.977    u_async_fifo_2048x8b/U0/inst_fifo_gen/gconvfifo.rf/grf.rf/gntv_or_sync_fifo.gl0.wr/wpntr/wr_clk
    SLICE_X24Y66         FDCE                                         r  u_async_fifo_2048x8b/U0/inst_fifo_gen/gconvfifo.rf/grf.rf/gntv_or_sync_fifo.gl0.wr/wpntr/gic0.gc0.count_d2_reg[6]/C
                         clock pessimism             -0.500     1.477    
    SLICE_X24Y66         FDCE (Remov_fdce_C_CLR)     -0.067     1.410    u_async_fifo_2048x8b/U0/inst_fifo_gen/gconvfifo.rf/grf.rf/gntv_or_sync_fifo.gl0.wr/wpntr/gic0.gc0.count_d2_reg[6]
  -------------------------------------------------------------------
                         required time                         -1.410    
                         arrival time                           1.857    
  -------------------------------------------------------------------
                         slack                                  0.447    

Slack (MET) :             0.447ns  (arrival time - required time)
  Source:                 u_async_fifo_2048x8b/U0/inst_fifo_gen/gconvfifo.rf/grf.rf/rstblk/ngwrdrst.grst.g7serrst.gnsckt_wrst.gic_rst.sckt_wr_rst_ic_reg/C
                            (rising edge-triggered cell FDPE clocked by eth_rxc  {rise@0.000ns fall@4.000ns period=8.000ns})
  Destination:            u_async_fifo_2048x8b/U0/inst_fifo_gen/gconvfifo.rf/grf.rf/gntv_or_sync_fifo.gl0.wr/wpntr/gic0.gc0.count_d2_reg[7]/CLR
                            (removal check against rising-edge clock eth_rxc  {rise@0.000ns fall@4.000ns period=8.000ns})
  Path Group:             **async_default**
  Path Type:              Removal (Min at Fast Process Corner)
  Requirement:            0.000ns  (eth_rxc rise@0.000ns - eth_rxc rise@0.000ns)
  Data Path Delay:        0.396ns  (logic 0.141ns (35.600%)  route 0.255ns (64.400%))
  Logic Levels:           0  
  Clock Path Skew:        0.016ns (DCD - SCD - CPR)
    Destination Clock Delay (DCD):    1.977ns
    Source Clock Delay      (SCD):    1.461ns
    Clock Pessimism Removal (CPR):    0.500ns

    Location             Delay type                Incr(ns)  Path(ns)    Netlist Resource(s)
  -------------------------------------------------------------------    -------------------
                         (clock eth_rxc rise edge)    0.000     0.000 r  
    K17                                               0.000     0.000 r  eth_rxc (IN)
                         net (fo=0)                   0.000     0.000    eth_rxc
    K17                  IBUF (Prop_ibuf_I_O)         0.259     0.259 r  eth_rxc_IBUF_inst/O
                         net (fo=2, routed)           0.627     0.887    u_gmii_to_rgmii/u_rgmii_rx/rgmii_rxc
    BUFGCTRL_X0Y16       BUFG (Prop_bufg_I_O)         0.026     0.913 r  u_gmii_to_rgmii/u_rgmii_rx/BUFG_inst/O
                         net (fo=1642, routed)        0.549     1.461    u_async_fifo_2048x8b/U0/inst_fifo_gen/gconvfifo.rf/grf.rf/rstblk/wr_clk
    SLICE_X22Y68         FDPE                                         r  u_async_fifo_2048x8b/U0/inst_fifo_gen/gconvfifo.rf/grf.rf/rstblk/ngwrdrst.grst.g7serrst.gnsckt_wrst.gic_rst.sckt_wr_rst_ic_reg/C
  -------------------------------------------------------------------    -------------------
    SLICE_X22Y68         FDPE (Prop_fdpe_C_Q)         0.141     1.602 f  u_async_fifo_2048x8b/U0/inst_fifo_gen/gconvfifo.rf/grf.rf/rstblk/ngwrdrst.grst.g7serrst.gnsckt_wrst.gic_rst.sckt_wr_rst_ic_reg/Q
                         net (fo=36, routed)          0.255     1.857    u_async_fifo_2048x8b/U0/inst_fifo_gen/gconvfifo.rf/grf.rf/gntv_or_sync_fifo.gl0.wr/wpntr/AR[0]
    SLICE_X24Y66         FDCE                                         f  u_async_fifo_2048x8b/U0/inst_fifo_gen/gconvfifo.rf/grf.rf/gntv_or_sync_fifo.gl0.wr/wpntr/gic0.gc0.count_d2_reg[7]/CLR
  -------------------------------------------------------------------    -------------------

                         (clock eth_rxc rise edge)    0.000     0.000 r  
    K17                                               0.000     0.000 r  eth_rxc (IN)
                         net (fo=0)                   0.000     0.000    eth_rxc
    K17                  IBUF (Prop_ibuf_I_O)         0.447     0.447 r  eth_rxc_IBUF_inst/O
                         net (fo=2, routed)           0.683     1.130    u_gmii_to_rgmii/u_rgmii_rx/rgmii_rxc
    BUFGCTRL_X0Y16       BUFG (Prop_bufg_I_O)         0.029     1.159 r  u_gmii_to_rgmii/u_rgmii_rx/BUFG_inst/O
                         net (fo=1642, routed)        0.818     1.977    u_async_fifo_2048x8b/U0/inst_fifo_gen/gconvfifo.rf/grf.rf/gntv_or_sync_fifo.gl0.wr/wpntr/wr_clk
    SLICE_X24Y66         FDCE                                         r  u_async_fifo_2048x8b/U0/inst_fifo_gen/gconvfifo.rf/grf.rf/gntv_or_sync_fifo.gl0.wr/wpntr/gic0.gc0.count_d2_reg[7]/C
                         clock pessimism             -0.500     1.477    
    SLICE_X24Y66         FDCE (Remov_fdce_C_CLR)     -0.067     1.410    u_async_fifo_2048x8b/U0/inst_fifo_gen/gconvfifo.rf/grf.rf/gntv_or_sync_fifo.gl0.wr/wpntr/gic0.gc0.count_d2_reg[7]
  -------------------------------------------------------------------
                         required time                         -1.410    
                         arrival time                           1.857    
  -------------------------------------------------------------------
                         slack                                  0.447    

Slack (MET) :             0.447ns  (arrival time - required time)
  Source:                 u_async_fifo_2048x8b/U0/inst_fifo_gen/gconvfifo.rf/grf.rf/rstblk/ngwrdrst.grst.g7serrst.gnsckt_wrst.gic_rst.sckt_wr_rst_ic_reg/C
                            (rising edge-triggered cell FDPE clocked by eth_rxc  {rise@0.000ns fall@4.000ns period=8.000ns})
  Destination:            u_async_fifo_2048x8b/U0/inst_fifo_gen/gconvfifo.rf/grf.rf/gntv_or_sync_fifo.gl0.wr/wpntr/gic0.gc0.count_d2_reg[8]/CLR
                            (removal check against rising-edge clock eth_rxc  {rise@0.000ns fall@4.000ns period=8.000ns})
  Path Group:             **async_default**
  Path Type:              Removal (Min at Fast Process Corner)
  Requirement:            0.000ns  (eth_rxc rise@0.000ns - eth_rxc rise@0.000ns)
  Data Path Delay:        0.396ns  (logic 0.141ns (35.600%)  route 0.255ns (64.400%))
  Logic Levels:           0  
  Clock Path Skew:        0.016ns (DCD - SCD - CPR)
    Destination Clock Delay (DCD):    1.977ns
    Source Clock Delay      (SCD):    1.461ns
    Clock Pessimism Removal (CPR):    0.500ns

    Location             Delay type                Incr(ns)  Path(ns)    Netlist Resource(s)
  -------------------------------------------------------------------    -------------------
                         (clock eth_rxc rise edge)    0.000     0.000 r  
    K17                                               0.000     0.000 r  eth_rxc (IN)
                         net (fo=0)                   0.000     0.000    eth_rxc
    K17                  IBUF (Prop_ibuf_I_O)         0.259     0.259 r  eth_rxc_IBUF_inst/O
                         net (fo=2, routed)           0.627     0.887    u_gmii_to_rgmii/u_rgmii_rx/rgmii_rxc
    BUFGCTRL_X0Y16       BUFG (Prop_bufg_I_O)         0.026     0.913 r  u_gmii_to_rgmii/u_rgmii_rx/BUFG_inst/O
                         net (fo=1642, routed)        0.549     1.461    u_async_fifo_2048x8b/U0/inst_fifo_gen/gconvfifo.rf/grf.rf/rstblk/wr_clk
    SLICE_X22Y68         FDPE                                         r  u_async_fifo_2048x8b/U0/inst_fifo_gen/gconvfifo.rf/grf.rf/rstblk/ngwrdrst.grst.g7serrst.gnsckt_wrst.gic_rst.sckt_wr_rst_ic_reg/C
  -------------------------------------------------------------------    -------------------
    SLICE_X22Y68         FDPE (Prop_fdpe_C_Q)         0.141     1.602 f  u_async_fifo_2048x8b/U0/inst_fifo_gen/gconvfifo.rf/grf.rf/rstblk/ngwrdrst.grst.g7serrst.gnsckt_wrst.gic_rst.sckt_wr_rst_ic_reg/Q
                         net (fo=36, routed)          0.255     1.857    u_async_fifo_2048x8b/U0/inst_fifo_gen/gconvfifo.rf/grf.rf/gntv_or_sync_fifo.gl0.wr/wpntr/AR[0]
    SLICE_X24Y66         FDCE                                         f  u_async_fifo_2048x8b/U0/inst_fifo_gen/gconvfifo.rf/grf.rf/gntv_or_sync_fifo.gl0.wr/wpntr/gic0.gc0.count_d2_reg[8]/CLR
  -------------------------------------------------------------------    -------------------

                         (clock eth_rxc rise edge)    0.000     0.000 r  
    K17                                               0.000     0.000 r  eth_rxc (IN)
                         net (fo=0)                   0.000     0.000    eth_rxc
    K17                  IBUF (Prop_ibuf_I_O)         0.447     0.447 r  eth_rxc_IBUF_inst/O
                         net (fo=2, routed)           0.683     1.130    u_gmii_to_rgmii/u_rgmii_rx/rgmii_rxc
    BUFGCTRL_X0Y16       BUFG (Prop_bufg_I_O)         0.029     1.159 r  u_gmii_to_rgmii/u_rgmii_rx/BUFG_inst/O
                         net (fo=1642, routed)        0.818     1.977    u_async_fifo_2048x8b/U0/inst_fifo_gen/gconvfifo.rf/grf.rf/gntv_or_sync_fifo.gl0.wr/wpntr/wr_clk
    SLICE_X24Y66         FDCE                                         r  u_async_fifo_2048x8b/U0/inst_fifo_gen/gconvfifo.rf/grf.rf/gntv_or_sync_fifo.gl0.wr/wpntr/gic0.gc0.count_d2_reg[8]/C
                         clock pessimism             -0.500     1.477    
    SLICE_X24Y66         FDCE (Remov_fdce_C_CLR)     -0.067     1.410    u_async_fifo_2048x8b/U0/inst_fifo_gen/gconvfifo.rf/grf.rf/gntv_or_sync_fifo.gl0.wr/wpntr/gic0.gc0.count_d2_reg[8]
  -------------------------------------------------------------------
                         required time                         -1.410    
                         arrival time                           1.857    
  -------------------------------------------------------------------
                         slack                                  0.447    





