Copyright 1986-2020 Xilinx, Inc. All Rights Reserved.
--------------------------------------------------------------------------------------------------------------------------------------------------------------------------------
| Tool Version : Vivado v.2020.2 (win64) Build 3064766 Wed Nov 18 09:12:45 MST 2020
| Date         : Mon Nov 11 16:30:54 2024
| Host         : LEGION2020 running 64-bit major release  (build 9200)
| Command      : report_timing_summary -max_paths 10 -file TOP_timing_summary_routed.rpt -pb TOP_timing_summary_routed.pb -rpx TOP_timing_summary_routed.rpx -warn_on_violation
| Design       : TOP
| Device       : 7z010-clg400
| Speed File   : -1  PRODUCTION 1.12 2019-11-22
--------------------------------------------------------------------------------------------------------------------------------------------------------------------------------

Timing Summary Report

------------------------------------------------------------------------------------------------
| Timer Settings
| --------------
------------------------------------------------------------------------------------------------

  Enable Multi Corner Analysis               :  Yes
  Enable Pessimism Removal                   :  Yes
  Pessimism Removal Resolution               :  Nearest Common Node
  Enable Input Delay Default Clock           :  No
  Enable Preset / Clear Arcs                 :  No
  Disable Flight Delays                      :  No
  Ignore I/O Paths                           :  No
  Timing Early Launch at Borrowing Latches   :  No
  Borrow Time for Max Delay Exceptions       :  Yes
  Merge Timing Exceptions                    :  Yes

  Corner  Analyze    Analyze    
  Name    Max Paths  Min Paths  
  ------  ---------  ---------  
  Slow    Yes        Yes        
  Fast    Yes        Yes        



check_timing report

Table of Contents
-----------------
1. checking no_clock (70)
2. checking constant_clock (0)
3. checking pulse_width_clock (0)
4. checking unconstrained_internal_endpoints (85)
5. checking no_input_delay (22)
6. checking no_output_delay (8)
7. checking multiple_clock (0)
8. checking generated_clocks (0)
9. checking loops (0)
10. checking partial_input_delay (0)
11. checking partial_output_delay (0)
12. checking latch_loops (0)

1. checking no_clock (70)
-------------------------
 There are 16 register/latch pins with no clock driven by root clock pin: DCO (HIGH)

 There are 4 register/latch pins with no clock driven by root clock pin: sys_rst_n (HIGH)

 There are 3 register/latch pins with no clock driven by root clock pin: u_AD9269/U_AD9269_SPI/DATA_CNT_reg[0]/Q (HIGH)

 There are 4 register/latch pins with no clock driven by root clock pin: u_AD9269/U_AD9269_SPI/DATA_CNT_reg[1]/Q (HIGH)

 There are 4 register/latch pins with no clock driven by root clock pin: u_AD9269/U_AD9269_SPI/SPI_CS_reg/Q (HIGH)

 There are 35 register/latch pins with no clock driven by root clock pin: u_AD9269/U_AD9269_SPI/SPI_SCLK_reg/Q (HIGH)

 There are 4 register/latch pins with no clock driven by root clock pin: u_AD9269/U_AD9269_SPI/cs_first_reg/Q (HIGH)


2. checking constant_clock (0)
------------------------------
 There are 0 register/latch pins with constant_clock.


3. checking pulse_width_clock (0)
---------------------------------
 There are 0 register/latch pins which need pulse_width check


4. checking unconstrained_internal_endpoints (85)
-------------------------------------------------
 There are 85 pins that are not constrained for maximum delay. (HIGH)

 There are 0 pins that are not constrained for maximum delay due to constant clock.


5. checking no_input_delay (22)
-------------------------------
 There are 22 input ports with no input delay specified. (HIGH)

 There are 0 input ports with no input delay but user has a false path constraint.


6. checking no_output_delay (8)
-------------------------------
 There are 8 ports with no output delay specified. (HIGH)

 There are 0 ports with no output delay but user has a false path constraint

 There are 0 ports with no output delay but with a timing clock defined on it or propagating through it


7. checking multiple_clock (0)
------------------------------
 There are 0 register/latch pins with multiple clocks.


8. checking generated_clocks (0)
--------------------------------
 There are 0 generated clocks that are not connected to a clock source.


9. checking loops (0)
---------------------
 There are 0 combinational loops in the design.


10. checking partial_input_delay (0)
------------------------------------
 There are 0 input ports with partial input delay specified.


11. checking partial_output_delay (0)
-------------------------------------
 There are 0 ports with partial output delay specified.


12. checking latch_loops (0)
----------------------------
 There are 0 combinational latch loops in the design through latch input



------------------------------------------------------------------------------------------------
| Design Timing Summary
| ---------------------
------------------------------------------------------------------------------------------------

    WNS(ns)      TNS(ns)  TNS Failing Endpoints  TNS Total Endpoints      WHS(ns)      THS(ns)  THS Failing Endpoints  THS Total Endpoints     WPWS(ns)     TPWS(ns)  TPWS Failing Endpoints  TPWS Total Endpoints  
    -------      -------  ---------------------  -------------------      -------      -------  ---------------------  -------------------     --------     --------  ----------------------  --------------------  
     -4.256      -27.210                      8                 3313        0.058        0.000                      0                 3313      -44.736      -44.736                       1                  1699  


Timing constraints are not met.


------------------------------------------------------------------------------------------------
| Clock Summary
| -------------
------------------------------------------------------------------------------------------------

Clock                 Waveform(ns)         Period(ns)      Frequency(MHz)
-----                 ------------         ----------      --------------
eth_rxc               {0.000 4.000}        8.000           125.000         
sys_clk               {0.000 10.000}       20.000          50.000          
  clk_out1_clk_wiz_0  {0.000 2.500}        5.000           200.000         
  clk_out2_clk_wiz_0  {0.000 25.000}       50.000          20.000          
  clkfbout_clk_wiz_0  {0.000 10.000}       20.000          50.000          


------------------------------------------------------------------------------------------------
| Intra Clock Table
| -----------------
------------------------------------------------------------------------------------------------

Clock                     WNS(ns)      TNS(ns)  TNS Failing Endpoints  TNS Total Endpoints      WHS(ns)      THS(ns)  THS Failing Endpoints  THS Total Endpoints     WPWS(ns)     TPWS(ns)  TPWS Failing Endpoints  TPWS Total Endpoints  
-----                     -------      -------  ---------------------  -------------------      -------      -------  ---------------------  -------------------     --------     --------  ----------------------  --------------------  
eth_rxc                    -0.197       -0.589                      4                 3173        0.058        0.000                      0                 3173        3.500        0.000                       0                  1647  
sys_clk                                                                                                                                                                 7.000        0.000                       0                     1  
  clk_out1_clk_wiz_0        0.422        0.000                      0                   69        0.153        0.000                      0                   69        2.000        0.000                       0                    45  
  clk_out2_clk_wiz_0                                                                                                                                                  -44.736      -44.736                       1                     3  
  clkfbout_clk_wiz_0                                                                                                                                                   17.845        0.000                       0                     3  


------------------------------------------------------------------------------------------------
| Inter Clock Table
| -----------------
------------------------------------------------------------------------------------------------

From Clock          To Clock                WNS(ns)      TNS(ns)  TNS Failing Endpoints  TNS Total Endpoints      WHS(ns)      THS(ns)  THS Failing Endpoints  THS Total Endpoints  
----------          --------                -------      -------  ---------------------  -------------------      -------      -------  ---------------------  -------------------  
clk_out1_clk_wiz_0  eth_rxc                  -4.256      -27.210                      8                    8        0.621        0.000                      0                    8  


------------------------------------------------------------------------------------------------
| Other Path Groups Table
| -----------------------
------------------------------------------------------------------------------------------------

Path Group         From Clock         To Clock               WNS(ns)      TNS(ns)  TNS Failing Endpoints  TNS Total Endpoints      WHS(ns)      THS(ns)  THS Failing Endpoints  THS Total Endpoints  
----------         ----------         --------               -------      -------  ---------------------  -------------------      -------      -------  ---------------------  -------------------  
**async_default**  eth_rxc            eth_rxc                  4.856        0.000                      0                   71        0.390        0.000                      0                   71  


------------------------------------------------------------------------------------------------
| Timing Details
| --------------
------------------------------------------------------------------------------------------------


---------------------------------------------------------------------------------------------------
From Clock:  eth_rxc
  To Clock:  eth_rxc

Setup :            4  Failing Endpoints,  Worst Slack       -0.197ns,  Total Violation       -0.589ns
Hold  :            0  Failing Endpoints,  Worst Slack        0.058ns,  Total Violation        0.000ns
PW    :            0  Failing Endpoints,  Worst Slack        3.500ns,  Total Violation        0.000ns
---------------------------------------------------------------------------------------------------


Max Delay Paths
--------------------------------------------------------------------------------------
Slack (VIOLATED) :        -0.197ns  (required time - arrival time)
  Source:                 u_eth_udp_loop/u_udp/u_udp_tx/cur_state_reg[5]/C
                            (rising edge-triggered cell FDCE clocked by eth_rxc  {rise@0.000ns fall@4.000ns period=8.000ns})
  Destination:            u_eth_udp_loop/u_udp/u_udp_tx/gmii_txd_reg[6]/D
                            (rising edge-triggered cell FDCE clocked by eth_rxc  {rise@0.000ns fall@4.000ns period=8.000ns})
  Path Group:             eth_rxc
  Path Type:              Setup (Max at Slow Process Corner)
  Requirement:            8.000ns  (eth_rxc rise@8.000ns - eth_rxc rise@0.000ns)
  Data Path Delay:        8.105ns  (logic 1.812ns (22.358%)  route 6.293ns (77.642%))
  Logic Levels:           7  (LUT4=2 LUT5=2 LUT6=3)
  Clock Path Skew:        -0.138ns (DCD - SCD + CPR)
    Destination Clock Delay (DCD):    4.865ns = ( 12.865 - 8.000 ) 
    Source Clock Delay      (SCD):    5.394ns
    Clock Pessimism Removal (CPR):    0.391ns
  Clock Uncertainty:      0.035ns  ((TSJ^2 + TIJ^2)^1/2 + DJ) / 2 + PE
    Total System Jitter     (TSJ):    0.071ns
    Total Input Jitter      (TIJ):    0.000ns
    Discrete Jitter          (DJ):    0.000ns
    Phase Error              (PE):    0.000ns

    Location             Delay type                Incr(ns)  Path(ns)    Netlist Resource(s)
  -------------------------------------------------------------------    -------------------
                         (clock eth_rxc rise edge)    0.000     0.000 r  
    K17                                               0.000     0.000 r  eth_rxc (IN)
                         net (fo=0)                   0.000     0.000    eth_rxc
    K17                  IBUF (Prop_ibuf_I_O)         1.492     1.492 r  eth_rxc_IBUF_inst/O
                         net (fo=2, routed)           2.076     3.568    u_eth_udp_loop/u_gmii_to_rgmii/u_rgmii_rx/eth_rxc
    BUFGCTRL_X0Y16       BUFG (Prop_bufg_I_O)         0.101     3.669 r  u_eth_udp_loop/u_gmii_to_rgmii/u_rgmii_rx/BUFG_inst/O
                         net (fo=1641, routed)        1.725     5.394    u_eth_udp_loop/u_udp/u_udp_tx/gmii_rx_clk
    SLICE_X38Y70         FDCE                                         r  u_eth_udp_loop/u_udp/u_udp_tx/cur_state_reg[5]/C
  -------------------------------------------------------------------    -------------------
    SLICE_X38Y70         FDCE (Prop_fdce_C_Q)         0.518     5.912 f  u_eth_udp_loop/u_udp/u_udp_tx/cur_state_reg[5]/Q
                         net (fo=9, routed)           0.773     6.684    u_eth_udp_loop/u_udp/u_udp_tx/cur_state[5]
    SLICE_X38Y67         LUT4 (Prop_lut4_I2_O)        0.150     6.834 f  u_eth_udp_loop/u_udp/u_udp_tx/cur_state[6]_i_4__0/O
                         net (fo=1, routed)           0.309     7.143    u_eth_udp_loop/u_udp/u_udp_tx/cur_state[6]_i_4__0_n_0
    SLICE_X38Y69         LUT5 (Prop_lut5_I4_O)        0.328     7.471 r  u_eth_udp_loop/u_udp/u_udp_tx/cur_state[6]_i_2__1/O
                         net (fo=39, routed)          0.645     8.116    u_eth_udp_loop/u_udp/u_udp_tx/cur_state[6]_i_2__1_n_0
    SLICE_X37Y67         LUT5 (Prop_lut5_I1_O)        0.118     8.234 f  u_eth_udp_loop/u_udp/u_udp_tx/real_add_cnt[4]_i_4/O
                         net (fo=8, routed)           0.470     8.704    u_eth_udp_loop/u_udp/u_udp_tx/real_add_cnt[4]_i_4_n_0
    SLICE_X37Y70         LUT6 (Prop_lut6_I5_O)        0.326     9.030 r  u_eth_udp_loop/u_udp/u_udp_tx/tx_done_t_i_2__0/O
                         net (fo=4, routed)           0.538     9.568    u_eth_udp_loop/u_udp/u_udp_tx/tx_done_t_i_2__0_n_0
    SLICE_X35Y70         LUT6 (Prop_lut6_I0_O)        0.124     9.692 r  u_eth_udp_loop/u_udp/u_udp_tx/gmii_txd[6]_i_5__1/O
                         net (fo=7, routed)           0.600    10.292    u_eth_udp_loop/u_udp/u_udp_tx/gmii_txd[6]_i_5__1_n_0
    SLICE_X34Y72         LUT6 (Prop_lut6_I0_O)        0.124    10.416 r  u_eth_udp_loop/u_udp/u_udp_tx/gmii_txd[6]_i_2__1/O
                         net (fo=1, routed)           2.959    13.374    u_eth_udp_loop/u_udp/u_udp_tx/gmii_txd[6]_i_2__1_n_0
    SLICE_X34Y72         LUT4 (Prop_lut4_I0_O)        0.124    13.498 r  u_eth_udp_loop/u_udp/u_udp_tx/gmii_txd[6]_i_1__1/O
                         net (fo=1, routed)           0.000    13.498    u_eth_udp_loop/u_udp/u_udp_tx/gmii_txd[6]_i_1__1_n_0
    SLICE_X34Y72         FDCE                                         r  u_eth_udp_loop/u_udp/u_udp_tx/gmii_txd_reg[6]/D
  -------------------------------------------------------------------    -------------------

                         (clock eth_rxc rise edge)    8.000     8.000 r  
    K17                                               0.000     8.000 r  eth_rxc (IN)
                         net (fo=0)                   0.000     8.000    eth_rxc
    K17                  IBUF (Prop_ibuf_I_O)         1.421     9.421 r  eth_rxc_IBUF_inst/O
                         net (fo=2, routed)           1.880    11.301    u_eth_udp_loop/u_gmii_to_rgmii/u_rgmii_rx/eth_rxc
    BUFGCTRL_X0Y16       BUFG (Prop_bufg_I_O)         0.091    11.392 r  u_eth_udp_loop/u_gmii_to_rgmii/u_rgmii_rx/BUFG_inst/O
                         net (fo=1641, routed)        1.473    12.865    u_eth_udp_loop/u_udp/u_udp_tx/gmii_rx_clk
    SLICE_X34Y72         FDCE                                         r  u_eth_udp_loop/u_udp/u_udp_tx/gmii_txd_reg[6]/C
                         clock pessimism              0.391    13.256    
                         clock uncertainty           -0.035    13.220    
    SLICE_X34Y72         FDCE (Setup_fdce_C_D)        0.081    13.301    u_eth_udp_loop/u_udp/u_udp_tx/gmii_txd_reg[6]
  -------------------------------------------------------------------
                         required time                         13.301    
                         arrival time                         -13.498    
  -------------------------------------------------------------------
                         slack                                 -0.197    

Slack (VIOLATED) :        -0.163ns  (required time - arrival time)
  Source:                 u_eth_udp_loop/u_udp/u_udp_tx/cur_state_reg[5]/C
                            (rising edge-triggered cell FDCE clocked by eth_rxc  {rise@0.000ns fall@4.000ns period=8.000ns})
  Destination:            u_eth_udp_loop/u_udp/u_udp_tx/gmii_txd_reg[1]/D
                            (rising edge-triggered cell FDCE clocked by eth_rxc  {rise@0.000ns fall@4.000ns period=8.000ns})
  Path Group:             eth_rxc
  Path Type:              Setup (Max at Slow Process Corner)
  Requirement:            8.000ns  (eth_rxc rise@8.000ns - eth_rxc rise@0.000ns)
  Data Path Delay:        8.016ns  (logic 1.812ns (22.606%)  route 6.204ns (77.394%))
  Logic Levels:           7  (LUT4=1 LUT5=2 LUT6=4)
  Clock Path Skew:        -0.141ns (DCD - SCD + CPR)
    Destination Clock Delay (DCD):    4.862ns = ( 12.862 - 8.000 ) 
    Source Clock Delay      (SCD):    5.394ns
    Clock Pessimism Removal (CPR):    0.391ns
  Clock Uncertainty:      0.035ns  ((TSJ^2 + TIJ^2)^1/2 + DJ) / 2 + PE
    Total System Jitter     (TSJ):    0.071ns
    Total Input Jitter      (TIJ):    0.000ns
    Discrete Jitter          (DJ):    0.000ns
    Phase Error              (PE):    0.000ns

    Location             Delay type                Incr(ns)  Path(ns)    Netlist Resource(s)
  -------------------------------------------------------------------    -------------------
                         (clock eth_rxc rise edge)    0.000     0.000 r  
    K17                                               0.000     0.000 r  eth_rxc (IN)
                         net (fo=0)                   0.000     0.000    eth_rxc
    K17                  IBUF (Prop_ibuf_I_O)         1.492     1.492 r  eth_rxc_IBUF_inst/O
                         net (fo=2, routed)           2.076     3.568    u_eth_udp_loop/u_gmii_to_rgmii/u_rgmii_rx/eth_rxc
    BUFGCTRL_X0Y16       BUFG (Prop_bufg_I_O)         0.101     3.669 r  u_eth_udp_loop/u_gmii_to_rgmii/u_rgmii_rx/BUFG_inst/O
                         net (fo=1641, routed)        1.725     5.394    u_eth_udp_loop/u_udp/u_udp_tx/gmii_rx_clk
    SLICE_X38Y70         FDCE                                         r  u_eth_udp_loop/u_udp/u_udp_tx/cur_state_reg[5]/C
  -------------------------------------------------------------------    -------------------
    SLICE_X38Y70         FDCE (Prop_fdce_C_Q)         0.518     5.912 f  u_eth_udp_loop/u_udp/u_udp_tx/cur_state_reg[5]/Q
                         net (fo=9, routed)           0.773     6.684    u_eth_udp_loop/u_udp/u_udp_tx/cur_state[5]
    SLICE_X38Y67         LUT4 (Prop_lut4_I2_O)        0.150     6.834 f  u_eth_udp_loop/u_udp/u_udp_tx/cur_state[6]_i_4__0/O
                         net (fo=1, routed)           0.309     7.143    u_eth_udp_loop/u_udp/u_udp_tx/cur_state[6]_i_4__0_n_0
    SLICE_X38Y69         LUT5 (Prop_lut5_I4_O)        0.328     7.471 r  u_eth_udp_loop/u_udp/u_udp_tx/cur_state[6]_i_2__1/O
                         net (fo=39, routed)          0.645     8.116    u_eth_udp_loop/u_udp/u_udp_tx/cur_state[6]_i_2__1_n_0
    SLICE_X37Y67         LUT5 (Prop_lut5_I1_O)        0.118     8.234 f  u_eth_udp_loop/u_udp/u_udp_tx/real_add_cnt[4]_i_4/O
                         net (fo=8, routed)           0.470     8.704    u_eth_udp_loop/u_udp/u_udp_tx/real_add_cnt[4]_i_4_n_0
    SLICE_X37Y70         LUT6 (Prop_lut6_I5_O)        0.326     9.030 r  u_eth_udp_loop/u_udp/u_udp_tx/tx_done_t_i_2__0/O
                         net (fo=4, routed)           0.538     9.568    u_eth_udp_loop/u_udp/u_udp_tx/tx_done_t_i_2__0_n_0
    SLICE_X35Y70         LUT6 (Prop_lut6_I0_O)        0.124     9.692 r  u_eth_udp_loop/u_udp/u_udp_tx/gmii_txd[6]_i_5__1/O
                         net (fo=7, routed)           0.628    10.320    u_eth_udp_loop/u_udp/u_udp_tx/gmii_txd[6]_i_5__1_n_0
    SLICE_X33Y74         LUT6 (Prop_lut6_I0_O)        0.124    10.444 r  u_eth_udp_loop/u_udp/u_udp_tx/gmii_txd[1]_i_2__1/O
                         net (fo=1, routed)           2.842    13.285    u_eth_udp_loop/u_udp/u_udp_tx/gmii_txd[1]_i_2__1_n_0
    SLICE_X33Y74         LUT6 (Prop_lut6_I0_O)        0.124    13.409 r  u_eth_udp_loop/u_udp/u_udp_tx/gmii_txd[1]_i_1__1/O
                         net (fo=1, routed)           0.000    13.409    u_eth_udp_loop/u_udp/u_udp_tx/gmii_txd[1]_i_1__1_n_0
    SLICE_X33Y74         FDCE                                         r  u_eth_udp_loop/u_udp/u_udp_tx/gmii_txd_reg[1]/D
  -------------------------------------------------------------------    -------------------

                         (clock eth_rxc rise edge)    8.000     8.000 r  
    K17                                               0.000     8.000 r  eth_rxc (IN)
                         net (fo=0)                   0.000     8.000    eth_rxc
    K17                  IBUF (Prop_ibuf_I_O)         1.421     9.421 r  eth_rxc_IBUF_inst/O
                         net (fo=2, routed)           1.880    11.301    u_eth_udp_loop/u_gmii_to_rgmii/u_rgmii_rx/eth_rxc
    BUFGCTRL_X0Y16       BUFG (Prop_bufg_I_O)         0.091    11.392 r  u_eth_udp_loop/u_gmii_to_rgmii/u_rgmii_rx/BUFG_inst/O
                         net (fo=1641, routed)        1.470    12.862    u_eth_udp_loop/u_udp/u_udp_tx/gmii_rx_clk
    SLICE_X33Y74         FDCE                                         r  u_eth_udp_loop/u_udp/u_udp_tx/gmii_txd_reg[1]/C
                         clock pessimism              0.391    13.253    
                         clock uncertainty           -0.035    13.217    
    SLICE_X33Y74         FDCE (Setup_fdce_C_D)        0.029    13.246    u_eth_udp_loop/u_udp/u_udp_tx/gmii_txd_reg[1]
  -------------------------------------------------------------------
                         required time                         13.246    
                         arrival time                         -13.409    
  -------------------------------------------------------------------
                         slack                                 -0.163    

Slack (VIOLATED) :        -0.141ns  (required time - arrival time)
  Source:                 u_eth_udp_loop/u_udp/u_udp_tx/cur_state_reg[5]/C
                            (rising edge-triggered cell FDCE clocked by eth_rxc  {rise@0.000ns fall@4.000ns period=8.000ns})
  Destination:            u_eth_udp_loop/u_udp/u_udp_tx/gmii_txd_reg[3]/D
                            (rising edge-triggered cell FDCE clocked by eth_rxc  {rise@0.000ns fall@4.000ns period=8.000ns})
  Path Group:             eth_rxc
  Path Type:              Setup (Max at Slow Process Corner)
  Requirement:            8.000ns  (eth_rxc rise@8.000ns - eth_rxc rise@0.000ns)
  Data Path Delay:        7.996ns  (logic 1.812ns (22.661%)  route 6.184ns (77.339%))
  Logic Levels:           7  (LUT4=1 LUT5=2 LUT6=4)
  Clock Path Skew:        -0.139ns (DCD - SCD + CPR)
    Destination Clock Delay (DCD):    4.864ns = ( 12.864 - 8.000 ) 
    Source Clock Delay      (SCD):    5.394ns
    Clock Pessimism Removal (CPR):    0.391ns
  Clock Uncertainty:      0.035ns  ((TSJ^2 + TIJ^2)^1/2 + DJ) / 2 + PE
    Total System Jitter     (TSJ):    0.071ns
    Total Input Jitter      (TIJ):    0.000ns
    Discrete Jitter          (DJ):    0.000ns
    Phase Error              (PE):    0.000ns

    Location             Delay type                Incr(ns)  Path(ns)    Netlist Resource(s)
  -------------------------------------------------------------------    -------------------
                         (clock eth_rxc rise edge)    0.000     0.000 r  
    K17                                               0.000     0.000 r  eth_rxc (IN)
                         net (fo=0)                   0.000     0.000    eth_rxc
    K17                  IBUF (Prop_ibuf_I_O)         1.492     1.492 r  eth_rxc_IBUF_inst/O
                         net (fo=2, routed)           2.076     3.568    u_eth_udp_loop/u_gmii_to_rgmii/u_rgmii_rx/eth_rxc
    BUFGCTRL_X0Y16       BUFG (Prop_bufg_I_O)         0.101     3.669 r  u_eth_udp_loop/u_gmii_to_rgmii/u_rgmii_rx/BUFG_inst/O
                         net (fo=1641, routed)        1.725     5.394    u_eth_udp_loop/u_udp/u_udp_tx/gmii_rx_clk
    SLICE_X38Y70         FDCE                                         r  u_eth_udp_loop/u_udp/u_udp_tx/cur_state_reg[5]/C
  -------------------------------------------------------------------    -------------------
    SLICE_X38Y70         FDCE (Prop_fdce_C_Q)         0.518     5.912 f  u_eth_udp_loop/u_udp/u_udp_tx/cur_state_reg[5]/Q
                         net (fo=9, routed)           0.773     6.684    u_eth_udp_loop/u_udp/u_udp_tx/cur_state[5]
    SLICE_X38Y67         LUT4 (Prop_lut4_I2_O)        0.150     6.834 f  u_eth_udp_loop/u_udp/u_udp_tx/cur_state[6]_i_4__0/O
                         net (fo=1, routed)           0.309     7.143    u_eth_udp_loop/u_udp/u_udp_tx/cur_state[6]_i_4__0_n_0
    SLICE_X38Y69         LUT5 (Prop_lut5_I4_O)        0.328     7.471 r  u_eth_udp_loop/u_udp/u_udp_tx/cur_state[6]_i_2__1/O
                         net (fo=39, routed)          0.645     8.116    u_eth_udp_loop/u_udp/u_udp_tx/cur_state[6]_i_2__1_n_0
    SLICE_X37Y67         LUT5 (Prop_lut5_I1_O)        0.118     8.234 f  u_eth_udp_loop/u_udp/u_udp_tx/real_add_cnt[4]_i_4/O
                         net (fo=8, routed)           0.470     8.704    u_eth_udp_loop/u_udp/u_udp_tx/real_add_cnt[4]_i_4_n_0
    SLICE_X37Y70         LUT6 (Prop_lut6_I5_O)        0.326     9.030 r  u_eth_udp_loop/u_udp/u_udp_tx/tx_done_t_i_2__0/O
                         net (fo=4, routed)           0.538     9.568    u_eth_udp_loop/u_udp/u_udp_tx/tx_done_t_i_2__0_n_0
    SLICE_X35Y70         LUT6 (Prop_lut6_I0_O)        0.124     9.692 r  u_eth_udp_loop/u_udp/u_udp_tx/gmii_txd[6]_i_5__1/O
                         net (fo=7, routed)           0.645    10.337    u_eth_udp_loop/u_udp/u_udp_tx/gmii_txd[6]_i_5__1_n_0
    SLICE_X35Y73         LUT6 (Prop_lut6_I0_O)        0.124    10.461 r  u_eth_udp_loop/u_udp/u_udp_tx/gmii_txd[3]_i_2__1/O
                         net (fo=1, routed)           2.805    13.266    u_eth_udp_loop/u_udp/u_udp_tx/gmii_txd[3]_i_2__1_n_0
    SLICE_X35Y73         LUT6 (Prop_lut6_I0_O)        0.124    13.390 r  u_eth_udp_loop/u_udp/u_udp_tx/gmii_txd[3]_i_1__1/O
                         net (fo=1, routed)           0.000    13.390    u_eth_udp_loop/u_udp/u_udp_tx/gmii_txd[3]_i_1__1_n_0
    SLICE_X35Y73         FDCE                                         r  u_eth_udp_loop/u_udp/u_udp_tx/gmii_txd_reg[3]/D
  -------------------------------------------------------------------    -------------------

                         (clock eth_rxc rise edge)    8.000     8.000 r  
    K17                                               0.000     8.000 r  eth_rxc (IN)
                         net (fo=0)                   0.000     8.000    eth_rxc
    K17                  IBUF (Prop_ibuf_I_O)         1.421     9.421 r  eth_rxc_IBUF_inst/O
                         net (fo=2, routed)           1.880    11.301    u_eth_udp_loop/u_gmii_to_rgmii/u_rgmii_rx/eth_rxc
    BUFGCTRL_X0Y16       BUFG (Prop_bufg_I_O)         0.091    11.392 r  u_eth_udp_loop/u_gmii_to_rgmii/u_rgmii_rx/BUFG_inst/O
                         net (fo=1641, routed)        1.472    12.864    u_eth_udp_loop/u_udp/u_udp_tx/gmii_rx_clk
    SLICE_X35Y73         FDCE                                         r  u_eth_udp_loop/u_udp/u_udp_tx/gmii_txd_reg[3]/C
                         clock pessimism              0.391    13.255    
                         clock uncertainty           -0.035    13.219    
    SLICE_X35Y73         FDCE (Setup_fdce_C_D)        0.029    13.248    u_eth_udp_loop/u_udp/u_udp_tx/gmii_txd_reg[3]
  -------------------------------------------------------------------
                         required time                         13.248    
                         arrival time                         -13.390    
  -------------------------------------------------------------------
                         slack                                 -0.141    

Slack (VIOLATED) :        -0.088ns  (required time - arrival time)
  Source:                 u_eth_udp_loop/u_udp/u_udp_tx/cur_state_reg[5]/C
                            (rising edge-triggered cell FDCE clocked by eth_rxc  {rise@0.000ns fall@4.000ns period=8.000ns})
  Destination:            u_eth_udp_loop/u_udp/u_udp_tx/gmii_txd_reg[4]/D
                            (rising edge-triggered cell FDCE clocked by eth_rxc  {rise@0.000ns fall@4.000ns period=8.000ns})
  Path Group:             eth_rxc
  Path Type:              Setup (Max at Slow Process Corner)
  Requirement:            8.000ns  (eth_rxc rise@8.000ns - eth_rxc rise@0.000ns)
  Data Path Delay:        7.944ns  (logic 1.812ns (22.811%)  route 6.132ns (77.189%))
  Logic Levels:           7  (LUT4=1 LUT5=2 LUT6=4)
  Clock Path Skew:        -0.138ns (DCD - SCD + CPR)
    Destination Clock Delay (DCD):    4.865ns = ( 12.865 - 8.000 ) 
    Source Clock Delay      (SCD):    5.394ns
    Clock Pessimism Removal (CPR):    0.391ns
  Clock Uncertainty:      0.035ns  ((TSJ^2 + TIJ^2)^1/2 + DJ) / 2 + PE
    Total System Jitter     (TSJ):    0.071ns
    Total Input Jitter      (TIJ):    0.000ns
    Discrete Jitter          (DJ):    0.000ns
    Phase Error              (PE):    0.000ns

    Location             Delay type                Incr(ns)  Path(ns)    Netlist Resource(s)
  -------------------------------------------------------------------    -------------------
                         (clock eth_rxc rise edge)    0.000     0.000 r  
    K17                                               0.000     0.000 r  eth_rxc (IN)
                         net (fo=0)                   0.000     0.000    eth_rxc
    K17                  IBUF (Prop_ibuf_I_O)         1.492     1.492 r  eth_rxc_IBUF_inst/O
                         net (fo=2, routed)           2.076     3.568    u_eth_udp_loop/u_gmii_to_rgmii/u_rgmii_rx/eth_rxc
    BUFGCTRL_X0Y16       BUFG (Prop_bufg_I_O)         0.101     3.669 r  u_eth_udp_loop/u_gmii_to_rgmii/u_rgmii_rx/BUFG_inst/O
                         net (fo=1641, routed)        1.725     5.394    u_eth_udp_loop/u_udp/u_udp_tx/gmii_rx_clk
    SLICE_X38Y70         FDCE                                         r  u_eth_udp_loop/u_udp/u_udp_tx/cur_state_reg[5]/C
  -------------------------------------------------------------------    -------------------
    SLICE_X38Y70         FDCE (Prop_fdce_C_Q)         0.518     5.912 f  u_eth_udp_loop/u_udp/u_udp_tx/cur_state_reg[5]/Q
                         net (fo=9, routed)           0.773     6.684    u_eth_udp_loop/u_udp/u_udp_tx/cur_state[5]
    SLICE_X38Y67         LUT4 (Prop_lut4_I2_O)        0.150     6.834 f  u_eth_udp_loop/u_udp/u_udp_tx/cur_state[6]_i_4__0/O
                         net (fo=1, routed)           0.309     7.143    u_eth_udp_loop/u_udp/u_udp_tx/cur_state[6]_i_4__0_n_0
    SLICE_X38Y69         LUT5 (Prop_lut5_I4_O)        0.328     7.471 r  u_eth_udp_loop/u_udp/u_udp_tx/cur_state[6]_i_2__1/O
                         net (fo=39, routed)          0.645     8.116    u_eth_udp_loop/u_udp/u_udp_tx/cur_state[6]_i_2__1_n_0
    SLICE_X37Y67         LUT5 (Prop_lut5_I1_O)        0.118     8.234 f  u_eth_udp_loop/u_udp/u_udp_tx/real_add_cnt[4]_i_4/O
                         net (fo=8, routed)           0.470     8.704    u_eth_udp_loop/u_udp/u_udp_tx/real_add_cnt[4]_i_4_n_0
    SLICE_X37Y70         LUT6 (Prop_lut6_I5_O)        0.326     9.030 r  u_eth_udp_loop/u_udp/u_udp_tx/tx_done_t_i_2__0/O
                         net (fo=4, routed)           0.538     9.568    u_eth_udp_loop/u_udp/u_udp_tx/tx_done_t_i_2__0_n_0
    SLICE_X35Y70         LUT6 (Prop_lut6_I0_O)        0.124     9.692 r  u_eth_udp_loop/u_udp/u_udp_tx/gmii_txd[6]_i_5__1/O
                         net (fo=7, routed)           0.612    10.303    u_eth_udp_loop/u_udp/u_udp_tx/gmii_txd[6]_i_5__1_n_0
    SLICE_X32Y72         LUT6 (Prop_lut6_I0_O)        0.124    10.427 r  u_eth_udp_loop/u_udp/u_udp_tx/gmii_txd[4]_i_2__1/O
                         net (fo=1, routed)           2.786    13.213    u_eth_udp_loop/u_udp/u_udp_tx/gmii_txd[4]_i_2__1_n_0
    SLICE_X33Y72         LUT6 (Prop_lut6_I0_O)        0.124    13.337 r  u_eth_udp_loop/u_udp/u_udp_tx/gmii_txd[4]_i_1__1/O
                         net (fo=1, routed)           0.000    13.337    u_eth_udp_loop/u_udp/u_udp_tx/gmii_txd[4]_i_1__1_n_0
    SLICE_X33Y72         FDCE                                         r  u_eth_udp_loop/u_udp/u_udp_tx/gmii_txd_reg[4]/D
  -------------------------------------------------------------------    -------------------

                         (clock eth_rxc rise edge)    8.000     8.000 r  
    K17                                               0.000     8.000 r  eth_rxc (IN)
                         net (fo=0)                   0.000     8.000    eth_rxc
    K17                  IBUF (Prop_ibuf_I_O)         1.421     9.421 r  eth_rxc_IBUF_inst/O
                         net (fo=2, routed)           1.880    11.301    u_eth_udp_loop/u_gmii_to_rgmii/u_rgmii_rx/eth_rxc
    BUFGCTRL_X0Y16       BUFG (Prop_bufg_I_O)         0.091    11.392 r  u_eth_udp_loop/u_gmii_to_rgmii/u_rgmii_rx/BUFG_inst/O
                         net (fo=1641, routed)        1.473    12.865    u_eth_udp_loop/u_udp/u_udp_tx/gmii_rx_clk
    SLICE_X33Y72         FDCE                                         r  u_eth_udp_loop/u_udp/u_udp_tx/gmii_txd_reg[4]/C
                         clock pessimism              0.391    13.256    
                         clock uncertainty           -0.035    13.220    
    SLICE_X33Y72         FDCE (Setup_fdce_C_D)        0.029    13.249    u_eth_udp_loop/u_udp/u_udp_tx/gmii_txd_reg[4]
  -------------------------------------------------------------------
                         required time                         13.249    
                         arrival time                         -13.337    
  -------------------------------------------------------------------
                         slack                                 -0.088    

Slack (MET) :             0.045ns  (required time - arrival time)
  Source:                 u_eth_udp_loop/u_udp/u_udp_tx/cur_state_reg[5]/C
                            (rising edge-triggered cell FDCE clocked by eth_rxc  {rise@0.000ns fall@4.000ns period=8.000ns})
  Destination:            u_eth_udp_loop/u_udp/u_udp_tx/gmii_txd_reg[5]/D
                            (rising edge-triggered cell FDCE clocked by eth_rxc  {rise@0.000ns fall@4.000ns period=8.000ns})
  Path Group:             eth_rxc
  Path Type:              Setup (Max at Slow Process Corner)
  Requirement:            8.000ns  (eth_rxc rise@8.000ns - eth_rxc rise@0.000ns)
  Data Path Delay:        7.812ns  (logic 1.812ns (23.194%)  route 6.000ns (76.806%))
  Logic Levels:           7  (LUT4=1 LUT5=2 LUT6=4)
  Clock Path Skew:        -0.138ns (DCD - SCD + CPR)
    Destination Clock Delay (DCD):    4.865ns = ( 12.865 - 8.000 ) 
    Source Clock Delay      (SCD):    5.394ns
    Clock Pessimism Removal (CPR):    0.391ns
  Clock Uncertainty:      0.035ns  ((TSJ^2 + TIJ^2)^1/2 + DJ) / 2 + PE
    Total System Jitter     (TSJ):    0.071ns
    Total Input Jitter      (TIJ):    0.000ns
    Discrete Jitter          (DJ):    0.000ns
    Phase Error              (PE):    0.000ns

    Location             Delay type                Incr(ns)  Path(ns)    Netlist Resource(s)
  -------------------------------------------------------------------    -------------------
                         (clock eth_rxc rise edge)    0.000     0.000 r  
    K17                                               0.000     0.000 r  eth_rxc (IN)
                         net (fo=0)                   0.000     0.000    eth_rxc
    K17                  IBUF (Prop_ibuf_I_O)         1.492     1.492 r  eth_rxc_IBUF_inst/O
                         net (fo=2, routed)           2.076     3.568    u_eth_udp_loop/u_gmii_to_rgmii/u_rgmii_rx/eth_rxc
    BUFGCTRL_X0Y16       BUFG (Prop_bufg_I_O)         0.101     3.669 r  u_eth_udp_loop/u_gmii_to_rgmii/u_rgmii_rx/BUFG_inst/O
                         net (fo=1641, routed)        1.725     5.394    u_eth_udp_loop/u_udp/u_udp_tx/gmii_rx_clk
    SLICE_X38Y70         FDCE                                         r  u_eth_udp_loop/u_udp/u_udp_tx/cur_state_reg[5]/C
  -------------------------------------------------------------------    -------------------
    SLICE_X38Y70         FDCE (Prop_fdce_C_Q)         0.518     5.912 f  u_eth_udp_loop/u_udp/u_udp_tx/cur_state_reg[5]/Q
                         net (fo=9, routed)           0.773     6.684    u_eth_udp_loop/u_udp/u_udp_tx/cur_state[5]
    SLICE_X38Y67         LUT4 (Prop_lut4_I2_O)        0.150     6.834 f  u_eth_udp_loop/u_udp/u_udp_tx/cur_state[6]_i_4__0/O
                         net (fo=1, routed)           0.309     7.143    u_eth_udp_loop/u_udp/u_udp_tx/cur_state[6]_i_4__0_n_0
    SLICE_X38Y69         LUT5 (Prop_lut5_I4_O)        0.328     7.471 r  u_eth_udp_loop/u_udp/u_udp_tx/cur_state[6]_i_2__1/O
                         net (fo=39, routed)          0.645     8.116    u_eth_udp_loop/u_udp/u_udp_tx/cur_state[6]_i_2__1_n_0
    SLICE_X37Y67         LUT5 (Prop_lut5_I1_O)        0.118     8.234 f  u_eth_udp_loop/u_udp/u_udp_tx/real_add_cnt[4]_i_4/O
                         net (fo=8, routed)           0.470     8.704    u_eth_udp_loop/u_udp/u_udp_tx/real_add_cnt[4]_i_4_n_0
    SLICE_X37Y70         LUT6 (Prop_lut6_I5_O)        0.326     9.030 r  u_eth_udp_loop/u_udp/u_udp_tx/tx_done_t_i_2__0/O
                         net (fo=4, routed)           0.538     9.568    u_eth_udp_loop/u_udp/u_udp_tx/tx_done_t_i_2__0_n_0
    SLICE_X35Y70         LUT6 (Prop_lut6_I0_O)        0.124     9.692 r  u_eth_udp_loop/u_udp/u_udp_tx/gmii_txd[6]_i_5__1/O
                         net (fo=7, routed)           0.623    10.315    u_eth_udp_loop/u_udp/u_udp_tx/gmii_txd[6]_i_5__1_n_0
    SLICE_X33Y73         LUT6 (Prop_lut6_I0_O)        0.124    10.439 r  u_eth_udp_loop/u_udp/u_udp_tx/gmii_txd[5]_i_2__1/O
                         net (fo=1, routed)           2.644    13.082    u_eth_udp_loop/u_udp/u_udp_tx/gmii_txd[5]_i_2__1_n_0
    SLICE_X33Y72         LUT6 (Prop_lut6_I0_O)        0.124    13.206 r  u_eth_udp_loop/u_udp/u_udp_tx/gmii_txd[5]_i_1__1/O
                         net (fo=1, routed)           0.000    13.206    u_eth_udp_loop/u_udp/u_udp_tx/gmii_txd[5]_i_1__1_n_0
    SLICE_X33Y72         FDCE                                         r  u_eth_udp_loop/u_udp/u_udp_tx/gmii_txd_reg[5]/D
  -------------------------------------------------------------------    -------------------

                         (clock eth_rxc rise edge)    8.000     8.000 r  
    K17                                               0.000     8.000 r  eth_rxc (IN)
                         net (fo=0)                   0.000     8.000    eth_rxc
    K17                  IBUF (Prop_ibuf_I_O)         1.421     9.421 r  eth_rxc_IBUF_inst/O
                         net (fo=2, routed)           1.880    11.301    u_eth_udp_loop/u_gmii_to_rgmii/u_rgmii_rx/eth_rxc
    BUFGCTRL_X0Y16       BUFG (Prop_bufg_I_O)         0.091    11.392 r  u_eth_udp_loop/u_gmii_to_rgmii/u_rgmii_rx/BUFG_inst/O
                         net (fo=1641, routed)        1.473    12.865    u_eth_udp_loop/u_udp/u_udp_tx/gmii_rx_clk
    SLICE_X33Y72         FDCE                                         r  u_eth_udp_loop/u_udp/u_udp_tx/gmii_txd_reg[5]/C
                         clock pessimism              0.391    13.256    
                         clock uncertainty           -0.035    13.220    
    SLICE_X33Y72         FDCE (Setup_fdce_C_D)        0.031    13.251    u_eth_udp_loop/u_udp/u_udp_tx/gmii_txd_reg[5]
  -------------------------------------------------------------------
                         required time                         13.251    
                         arrival time                         -13.206    
  -------------------------------------------------------------------
                         slack                                  0.045    

Slack (MET) :             0.202ns  (required time - arrival time)
  Source:                 u_eth_udp_loop/u_udp/u_udp_tx/cur_state_reg[5]/C
                            (rising edge-triggered cell FDCE clocked by eth_rxc  {rise@0.000ns fall@4.000ns period=8.000ns})
  Destination:            u_eth_udp_loop/u_udp/u_udp_tx/gmii_txd_reg[0]/D
                            (rising edge-triggered cell FDCE clocked by eth_rxc  {rise@0.000ns fall@4.000ns period=8.000ns})
  Path Group:             eth_rxc
  Path Type:              Setup (Max at Slow Process Corner)
  Requirement:            8.000ns  (eth_rxc rise@8.000ns - eth_rxc rise@0.000ns)
  Data Path Delay:        7.656ns  (logic 1.812ns (23.669%)  route 5.844ns (76.331%))
  Logic Levels:           7  (LUT4=1 LUT5=2 LUT6=4)
  Clock Path Skew:        -0.138ns (DCD - SCD + CPR)
    Destination Clock Delay (DCD):    4.865ns = ( 12.865 - 8.000 ) 
    Source Clock Delay      (SCD):    5.394ns
    Clock Pessimism Removal (CPR):    0.391ns
  Clock Uncertainty:      0.035ns  ((TSJ^2 + TIJ^2)^1/2 + DJ) / 2 + PE
    Total System Jitter     (TSJ):    0.071ns
    Total Input Jitter      (TIJ):    0.000ns
    Discrete Jitter          (DJ):    0.000ns
    Phase Error              (PE):    0.000ns

    Location             Delay type                Incr(ns)  Path(ns)    Netlist Resource(s)
  -------------------------------------------------------------------    -------------------
                         (clock eth_rxc rise edge)    0.000     0.000 r  
    K17                                               0.000     0.000 r  eth_rxc (IN)
                         net (fo=0)                   0.000     0.000    eth_rxc
    K17                  IBUF (Prop_ibuf_I_O)         1.492     1.492 r  eth_rxc_IBUF_inst/O
                         net (fo=2, routed)           2.076     3.568    u_eth_udp_loop/u_gmii_to_rgmii/u_rgmii_rx/eth_rxc
    BUFGCTRL_X0Y16       BUFG (Prop_bufg_I_O)         0.101     3.669 r  u_eth_udp_loop/u_gmii_to_rgmii/u_rgmii_rx/BUFG_inst/O
                         net (fo=1641, routed)        1.725     5.394    u_eth_udp_loop/u_udp/u_udp_tx/gmii_rx_clk
    SLICE_X38Y70         FDCE                                         r  u_eth_udp_loop/u_udp/u_udp_tx/cur_state_reg[5]/C
  -------------------------------------------------------------------    -------------------
    SLICE_X38Y70         FDCE (Prop_fdce_C_Q)         0.518     5.912 f  u_eth_udp_loop/u_udp/u_udp_tx/cur_state_reg[5]/Q
                         net (fo=9, routed)           0.773     6.684    u_eth_udp_loop/u_udp/u_udp_tx/cur_state[5]
    SLICE_X38Y67         LUT4 (Prop_lut4_I2_O)        0.150     6.834 f  u_eth_udp_loop/u_udp/u_udp_tx/cur_state[6]_i_4__0/O
                         net (fo=1, routed)           0.309     7.143    u_eth_udp_loop/u_udp/u_udp_tx/cur_state[6]_i_4__0_n_0
    SLICE_X38Y69         LUT5 (Prop_lut5_I4_O)        0.328     7.471 r  u_eth_udp_loop/u_udp/u_udp_tx/cur_state[6]_i_2__1/O
                         net (fo=39, routed)          0.645     8.116    u_eth_udp_loop/u_udp/u_udp_tx/cur_state[6]_i_2__1_n_0
    SLICE_X37Y67         LUT5 (Prop_lut5_I1_O)        0.118     8.234 f  u_eth_udp_loop/u_udp/u_udp_tx/real_add_cnt[4]_i_4/O
                         net (fo=8, routed)           0.470     8.704    u_eth_udp_loop/u_udp/u_udp_tx/real_add_cnt[4]_i_4_n_0
    SLICE_X37Y70         LUT6 (Prop_lut6_I5_O)        0.326     9.030 r  u_eth_udp_loop/u_udp/u_udp_tx/tx_done_t_i_2__0/O
                         net (fo=4, routed)           0.538     9.568    u_eth_udp_loop/u_udp/u_udp_tx/tx_done_t_i_2__0_n_0
    SLICE_X35Y70         LUT6 (Prop_lut6_I0_O)        0.124     9.692 r  u_eth_udp_loop/u_udp/u_udp_tx/gmii_txd[6]_i_5__1/O
                         net (fo=7, routed)           0.487    10.179    u_eth_udp_loop/u_udp/u_udp_tx/gmii_txd[6]_i_5__1_n_0
    SLICE_X33Y72         LUT6 (Prop_lut6_I0_O)        0.124    10.303 r  u_eth_udp_loop/u_udp/u_udp_tx/gmii_txd[0]_i_4__1/O
                         net (fo=1, routed)           2.623    12.925    u_eth_udp_loop/u_udp/u_udp_tx/gmii_txd[0]_i_4__1_n_0
    SLICE_X33Y72         LUT6 (Prop_lut6_I5_O)        0.124    13.049 r  u_eth_udp_loop/u_udp/u_udp_tx/gmii_txd[0]_i_1__1/O
                         net (fo=1, routed)           0.000    13.049    u_eth_udp_loop/u_udp/u_udp_tx/gmii_txd[0]_i_1__1_n_0
    SLICE_X33Y72         FDCE                                         r  u_eth_udp_loop/u_udp/u_udp_tx/gmii_txd_reg[0]/D
  -------------------------------------------------------------------    -------------------

                         (clock eth_rxc rise edge)    8.000     8.000 r  
    K17                                               0.000     8.000 r  eth_rxc (IN)
                         net (fo=0)                   0.000     8.000    eth_rxc
    K17                  IBUF (Prop_ibuf_I_O)         1.421     9.421 r  eth_rxc_IBUF_inst/O
                         net (fo=2, routed)           1.880    11.301    u_eth_udp_loop/u_gmii_to_rgmii/u_rgmii_rx/eth_rxc
    BUFGCTRL_X0Y16       BUFG (Prop_bufg_I_O)         0.091    11.392 r  u_eth_udp_loop/u_gmii_to_rgmii/u_rgmii_rx/BUFG_inst/O
                         net (fo=1641, routed)        1.473    12.865    u_eth_udp_loop/u_udp/u_udp_tx/gmii_rx_clk
    SLICE_X33Y72         FDCE                                         r  u_eth_udp_loop/u_udp/u_udp_tx/gmii_txd_reg[0]/C
                         clock pessimism              0.391    13.256    
                         clock uncertainty           -0.035    13.220    
    SLICE_X33Y72         FDCE (Setup_fdce_C_D)        0.031    13.251    u_eth_udp_loop/u_udp/u_udp_tx/gmii_txd_reg[0]
  -------------------------------------------------------------------
                         required time                         13.251    
                         arrival time                         -13.049    
  -------------------------------------------------------------------
                         slack                                  0.202    

Slack (MET) :             0.313ns  (required time - arrival time)
  Source:                 u_eth_udp_loop/u_udp/u_udp_tx/cur_state_reg[5]/C
                            (rising edge-triggered cell FDCE clocked by eth_rxc  {rise@0.000ns fall@4.000ns period=8.000ns})
  Destination:            u_eth_udp_loop/u_udp/u_udp_tx/gmii_txd_reg[2]/D
                            (rising edge-triggered cell FDCE clocked by eth_rxc  {rise@0.000ns fall@4.000ns period=8.000ns})
  Path Group:             eth_rxc
  Path Type:              Setup (Max at Slow Process Corner)
  Requirement:            8.000ns  (eth_rxc rise@8.000ns - eth_rxc rise@0.000ns)
  Data Path Delay:        7.590ns  (logic 1.812ns (23.872%)  route 5.778ns (76.128%))
  Logic Levels:           7  (LUT4=1 LUT5=3 LUT6=3)
  Clock Path Skew:        -0.138ns (DCD - SCD + CPR)
    Destination Clock Delay (DCD):    4.865ns = ( 12.865 - 8.000 ) 
    Source Clock Delay      (SCD):    5.394ns
    Clock Pessimism Removal (CPR):    0.391ns
  Clock Uncertainty:      0.035ns  ((TSJ^2 + TIJ^2)^1/2 + DJ) / 2 + PE
    Total System Jitter     (TSJ):    0.071ns
    Total Input Jitter      (TIJ):    0.000ns
    Discrete Jitter          (DJ):    0.000ns
    Phase Error              (PE):    0.000ns

    Location             Delay type                Incr(ns)  Path(ns)    Netlist Resource(s)
  -------------------------------------------------------------------    -------------------
                         (clock eth_rxc rise edge)    0.000     0.000 r  
    K17                                               0.000     0.000 r  eth_rxc (IN)
                         net (fo=0)                   0.000     0.000    eth_rxc
    K17                  IBUF (Prop_ibuf_I_O)         1.492     1.492 r  eth_rxc_IBUF_inst/O
                         net (fo=2, routed)           2.076     3.568    u_eth_udp_loop/u_gmii_to_rgmii/u_rgmii_rx/eth_rxc
    BUFGCTRL_X0Y16       BUFG (Prop_bufg_I_O)         0.101     3.669 r  u_eth_udp_loop/u_gmii_to_rgmii/u_rgmii_rx/BUFG_inst/O
                         net (fo=1641, routed)        1.725     5.394    u_eth_udp_loop/u_udp/u_udp_tx/gmii_rx_clk
    SLICE_X38Y70         FDCE                                         r  u_eth_udp_loop/u_udp/u_udp_tx/cur_state_reg[5]/C
  -------------------------------------------------------------------    -------------------
    SLICE_X38Y70         FDCE (Prop_fdce_C_Q)         0.518     5.912 f  u_eth_udp_loop/u_udp/u_udp_tx/cur_state_reg[5]/Q
                         net (fo=9, routed)           0.773     6.684    u_eth_udp_loop/u_udp/u_udp_tx/cur_state[5]
    SLICE_X38Y67         LUT4 (Prop_lut4_I2_O)        0.150     6.834 f  u_eth_udp_loop/u_udp/u_udp_tx/cur_state[6]_i_4__0/O
                         net (fo=1, routed)           0.309     7.143    u_eth_udp_loop/u_udp/u_udp_tx/cur_state[6]_i_4__0_n_0
    SLICE_X38Y69         LUT5 (Prop_lut5_I4_O)        0.328     7.471 r  u_eth_udp_loop/u_udp/u_udp_tx/cur_state[6]_i_2__1/O
                         net (fo=39, routed)          0.645     8.116    u_eth_udp_loop/u_udp/u_udp_tx/cur_state[6]_i_2__1_n_0
    SLICE_X37Y67         LUT5 (Prop_lut5_I1_O)        0.118     8.234 f  u_eth_udp_loop/u_udp/u_udp_tx/real_add_cnt[4]_i_4/O
                         net (fo=8, routed)           0.470     8.704    u_eth_udp_loop/u_udp/u_udp_tx/real_add_cnt[4]_i_4_n_0
    SLICE_X37Y70         LUT6 (Prop_lut6_I5_O)        0.326     9.030 r  u_eth_udp_loop/u_udp/u_udp_tx/tx_done_t_i_2__0/O
                         net (fo=4, routed)           0.538     9.568    u_eth_udp_loop/u_udp/u_udp_tx/tx_done_t_i_2__0_n_0
    SLICE_X35Y70         LUT6 (Prop_lut6_I0_O)        0.124     9.692 r  u_eth_udp_loop/u_udp/u_udp_tx/gmii_txd[6]_i_5__1/O
                         net (fo=7, routed)           0.596    10.288    u_eth_udp_loop/u_udp/u_udp_tx/gmii_txd[6]_i_5__1_n_0
    SLICE_X34Y72         LUT6 (Prop_lut6_I0_O)        0.124    10.412 r  u_eth_udp_loop/u_udp/u_udp_tx/gmii_txd[2]_i_2__1/O
                         net (fo=1, routed)           2.449    12.860    u_eth_udp_loop/u_udp/u_udp_tx/gmii_txd[2]_i_2__1_n_0
    SLICE_X34Y72         LUT5 (Prop_lut5_I0_O)        0.124    12.984 r  u_eth_udp_loop/u_udp/u_udp_tx/gmii_txd[2]_i_1__1/O
                         net (fo=1, routed)           0.000    12.984    u_eth_udp_loop/u_udp/u_udp_tx/gmii_txd[2]_i_1__1_n_0
    SLICE_X34Y72         FDCE                                         r  u_eth_udp_loop/u_udp/u_udp_tx/gmii_txd_reg[2]/D
  -------------------------------------------------------------------    -------------------

                         (clock eth_rxc rise edge)    8.000     8.000 r  
    K17                                               0.000     8.000 r  eth_rxc (IN)
                         net (fo=0)                   0.000     8.000    eth_rxc
    K17                  IBUF (Prop_ibuf_I_O)         1.421     9.421 r  eth_rxc_IBUF_inst/O
                         net (fo=2, routed)           1.880    11.301    u_eth_udp_loop/u_gmii_to_rgmii/u_rgmii_rx/eth_rxc
    BUFGCTRL_X0Y16       BUFG (Prop_bufg_I_O)         0.091    11.392 r  u_eth_udp_loop/u_gmii_to_rgmii/u_rgmii_rx/BUFG_inst/O
                         net (fo=1641, routed)        1.473    12.865    u_eth_udp_loop/u_udp/u_udp_tx/gmii_rx_clk
    SLICE_X34Y72         FDCE                                         r  u_eth_udp_loop/u_udp/u_udp_tx/gmii_txd_reg[2]/C
                         clock pessimism              0.391    13.256    
                         clock uncertainty           -0.035    13.220    
    SLICE_X34Y72         FDCE (Setup_fdce_C_D)        0.077    13.297    u_eth_udp_loop/u_udp/u_udp_tx/gmii_txd_reg[2]
  -------------------------------------------------------------------
                         required time                         13.297    
                         arrival time                         -12.984    
  -------------------------------------------------------------------
                         slack                                  0.313    

Slack (MET) :             0.438ns  (required time - arrival time)
  Source:                 u_eth_udp_loop/u_udp/u_udp_tx/ip_head_reg[4][17]/C
                            (rising edge-triggered cell FDRE clocked by eth_rxc  {rise@0.000ns fall@4.000ns period=8.000ns})
  Destination:            u_eth_udp_loop/u_udp/u_udp_tx/check_buffer_reg[18]/D
                            (rising edge-triggered cell FDCE clocked by eth_rxc  {rise@0.000ns fall@4.000ns period=8.000ns})
  Path Group:             eth_rxc
  Path Type:              Setup (Max at Slow Process Corner)
  Requirement:            8.000ns  (eth_rxc rise@8.000ns - eth_rxc rise@0.000ns)
  Data Path Delay:        7.537ns  (logic 3.700ns (49.094%)  route 3.837ns (50.906%))
  Logic Levels:           11  (CARRY4=6 LUT3=2 LUT4=1 LUT5=1 LUT6=1)
  Clock Path Skew:        -0.067ns (DCD - SCD + CPR)
    Destination Clock Delay (DCD):    4.863ns = ( 12.863 - 8.000 ) 
    Source Clock Delay      (SCD):    5.321ns
    Clock Pessimism Removal (CPR):    0.391ns
  Clock Uncertainty:      0.035ns  ((TSJ^2 + TIJ^2)^1/2 + DJ) / 2 + PE
    Total System Jitter     (TSJ):    0.071ns
    Total Input Jitter      (TIJ):    0.000ns
    Discrete Jitter          (DJ):    0.000ns
    Phase Error              (PE):    0.000ns

    Location             Delay type                Incr(ns)  Path(ns)    Netlist Resource(s)
  -------------------------------------------------------------------    -------------------
                         (clock eth_rxc rise edge)    0.000     0.000 r  
    K17                                               0.000     0.000 r  eth_rxc (IN)
                         net (fo=0)                   0.000     0.000    eth_rxc
    K17                  IBUF (Prop_ibuf_I_O)         1.492     1.492 r  eth_rxc_IBUF_inst/O
                         net (fo=2, routed)           2.076     3.568    u_eth_udp_loop/u_gmii_to_rgmii/u_rgmii_rx/eth_rxc
    BUFGCTRL_X0Y16       BUFG (Prop_bufg_I_O)         0.101     3.669 r  u_eth_udp_loop/u_gmii_to_rgmii/u_rgmii_rx/BUFG_inst/O
                         net (fo=1641, routed)        1.652     5.321    u_eth_udp_loop/u_udp/u_udp_tx/gmii_rx_clk
    SLICE_X28Y66         FDRE                                         r  u_eth_udp_loop/u_udp/u_udp_tx/ip_head_reg[4][17]/C
  -------------------------------------------------------------------    -------------------
    SLICE_X28Y66         FDRE (Prop_fdre_C_Q)         0.518     5.839 r  u_eth_udp_loop/u_udp/u_udp_tx/ip_head_reg[4][17]/Q
                         net (fo=4, routed)           0.798     6.637    u_eth_udp_loop/u_udp/u_udp_tx/p_0_in2_in[1]
    SLICE_X28Y66         LUT4 (Prop_lut4_I2_O)        0.124     6.761 r  u_eth_udp_loop/u_udp/u_udp_tx/i___0_carry_i_6__0/O
                         net (fo=1, routed)           0.000     6.761    u_eth_udp_loop/u_udp/u_udp_tx/i___0_carry_i_6__0_n_0
    SLICE_X28Y66         CARRY4 (Prop_carry4_S[1]_CO[3])
                                                      0.533     7.294 r  u_eth_udp_loop/u_udp/u_udp_tx/check_buffer0_inferred__0/i___0_carry/CO[3]
                         net (fo=1, routed)           0.000     7.294    u_eth_udp_loop/u_udp/u_udp_tx/check_buffer0_inferred__0/i___0_carry_n_0
    SLICE_X28Y67         CARRY4 (Prop_carry4_CI_O[1])
                                                      0.323     7.617 r  u_eth_udp_loop/u_udp/u_udp_tx/check_buffer0_inferred__0/i___0_carry__0/O[1]
                         net (fo=3, routed)           0.702     8.319    u_eth_udp_loop/u_udp/u_udp_tx/check_buffer0_inferred__0/i___0_carry__0_n_6
    SLICE_X31Y64         LUT3 (Prop_lut3_I2_O)        0.306     8.625 r  u_eth_udp_loop/u_udp/u_udp_tx/i___126_carry__0_i_10__0/O
                         net (fo=2, routed)           0.857     9.482    u_eth_udp_loop/u_udp/u_udp_tx/i___126_carry__0_i_10__0_n_0
    SLICE_X31Y64         LUT5 (Prop_lut5_I1_O)        0.154     9.636 r  u_eth_udp_loop/u_udp/u_udp_tx/i___126_carry__0_i_3__0/O
                         net (fo=2, routed)           0.653    10.288    u_eth_udp_loop/u_udp/u_udp_tx/i___126_carry__0_i_3__0_n_0
    SLICE_X31Y66         LUT6 (Prop_lut6_I0_O)        0.327    10.615 r  u_eth_udp_loop/u_udp/u_udp_tx/i___126_carry__0_i_7__0/O
                         net (fo=1, routed)           0.000    10.615    u_eth_udp_loop/u_udp/u_udp_tx/i___126_carry__0_i_7__0_n_0
    SLICE_X31Y66         CARRY4 (Prop_carry4_S[1]_CO[3])
                                                      0.550    11.165 r  u_eth_udp_loop/u_udp/u_udp_tx/check_buffer0_inferred__0/i___126_carry__0/CO[3]
                         net (fo=1, routed)           0.000    11.165    u_eth_udp_loop/u_udp/u_udp_tx/check_buffer0_inferred__0/i___126_carry__0_n_0
    SLICE_X31Y67         CARRY4 (Prop_carry4_CI_CO[3])
                                                      0.114    11.279 r  u_eth_udp_loop/u_udp/u_udp_tx/check_buffer0_inferred__0/i___126_carry__1/CO[3]
                         net (fo=1, routed)           0.000    11.279    u_eth_udp_loop/u_udp/u_udp_tx/check_buffer0_inferred__0/i___126_carry__1_n_0
    SLICE_X31Y68         CARRY4 (Prop_carry4_CI_CO[3])
                                                      0.114    11.393 r  u_eth_udp_loop/u_udp/u_udp_tx/check_buffer0_inferred__0/i___126_carry__2/CO[3]
                         net (fo=1, routed)           0.000    11.393    u_eth_udp_loop/u_udp/u_udp_tx/check_buffer0_inferred__0/i___126_carry__2_n_0
    SLICE_X31Y69         CARRY4 (Prop_carry4_CI_O[1])
                                                      0.334    11.727 r  u_eth_udp_loop/u_udp/u_udp_tx/check_buffer0_inferred__0/i___126_carry__3/O[1]
                         net (fo=1, routed)           0.827    12.554    u_eth_udp_loop/u_udp/u_udp_tx/check_buffer0_inferred__0/i___126_carry__3_n_6
    SLICE_X30Y76         LUT3 (Prop_lut3_I0_O)        0.303    12.857 r  u_eth_udp_loop/u_udp/u_udp_tx/check_buffer[18]_i_1__0/O
                         net (fo=1, routed)           0.000    12.857    u_eth_udp_loop/u_udp/u_udp_tx/check_buffer[18]
    SLICE_X30Y76         FDCE                                         r  u_eth_udp_loop/u_udp/u_udp_tx/check_buffer_reg[18]/D
  -------------------------------------------------------------------    -------------------

                         (clock eth_rxc rise edge)    8.000     8.000 r  
    K17                                               0.000     8.000 r  eth_rxc (IN)
                         net (fo=0)                   0.000     8.000    eth_rxc
    K17                  IBUF (Prop_ibuf_I_O)         1.421     9.421 r  eth_rxc_IBUF_inst/O
                         net (fo=2, routed)           1.880    11.301    u_eth_udp_loop/u_gmii_to_rgmii/u_rgmii_rx/eth_rxc
    BUFGCTRL_X0Y16       BUFG (Prop_bufg_I_O)         0.091    11.392 r  u_eth_udp_loop/u_gmii_to_rgmii/u_rgmii_rx/BUFG_inst/O
                         net (fo=1641, routed)        1.471    12.863    u_eth_udp_loop/u_udp/u_udp_tx/gmii_rx_clk
    SLICE_X30Y76         FDCE                                         r  u_eth_udp_loop/u_udp/u_udp_tx/check_buffer_reg[18]/C
                         clock pessimism              0.391    13.254    
                         clock uncertainty           -0.035    13.218    
    SLICE_X30Y76         FDCE (Setup_fdce_C_D)        0.077    13.295    u_eth_udp_loop/u_udp/u_udp_tx/check_buffer_reg[18]
  -------------------------------------------------------------------
                         required time                         13.295    
                         arrival time                         -12.857    
  -------------------------------------------------------------------
                         slack                                  0.438    

Slack (MET) :             0.439ns  (required time - arrival time)
  Source:                 u_eth_udp_loop/u_icmp/u_icmp_tx/tx_data_num_reg[11]/C
                            (rising edge-triggered cell FDCE clocked by eth_rxc  {rise@0.000ns fall@4.000ns period=8.000ns})
  Destination:            u_eth_udp_loop/u_icmp/u_icmp_tx/data_cnt_reg[4]/CE
                            (rising edge-triggered cell FDCE clocked by eth_rxc  {rise@0.000ns fall@4.000ns period=8.000ns})
  Path Group:             eth_rxc
  Path Type:              Setup (Max at Slow Process Corner)
  Requirement:            8.000ns  (eth_rxc rise@8.000ns - eth_rxc rise@0.000ns)
  Data Path Delay:        7.067ns  (logic 2.857ns (40.427%)  route 4.210ns (59.573%))
  Logic Levels:           10  (CARRY4=5 LUT2=2 LUT4=1 LUT5=1 LUT6=1)
  Clock Path Skew:        -0.052ns (DCD - SCD + CPR)
    Destination Clock Delay (DCD):    4.881ns = ( 12.881 - 8.000 ) 
    Source Clock Delay      (SCD):    5.324ns
    Clock Pessimism Removal (CPR):    0.391ns
  Clock Uncertainty:      0.035ns  ((TSJ^2 + TIJ^2)^1/2 + DJ) / 2 + PE
    Total System Jitter     (TSJ):    0.071ns
    Total Input Jitter      (TIJ):    0.000ns
    Discrete Jitter          (DJ):    0.000ns
    Phase Error              (PE):    0.000ns

    Location             Delay type                Incr(ns)  Path(ns)    Netlist Resource(s)
  -------------------------------------------------------------------    -------------------
                         (clock eth_rxc rise edge)    0.000     0.000 r  
    K17                                               0.000     0.000 r  eth_rxc (IN)
                         net (fo=0)                   0.000     0.000    eth_rxc
    K17                  IBUF (Prop_ibuf_I_O)         1.492     1.492 r  eth_rxc_IBUF_inst/O
                         net (fo=2, routed)           2.076     3.568    u_eth_udp_loop/u_gmii_to_rgmii/u_rgmii_rx/eth_rxc
    BUFGCTRL_X0Y16       BUFG (Prop_bufg_I_O)         0.101     3.669 r  u_eth_udp_loop/u_gmii_to_rgmii/u_rgmii_rx/BUFG_inst/O
                         net (fo=1641, routed)        1.655     5.324    u_eth_udp_loop/u_icmp/u_icmp_tx/gmii_rx_clk
    SLICE_X17Y64         FDCE                                         r  u_eth_udp_loop/u_icmp/u_icmp_tx/tx_data_num_reg[11]/C
  -------------------------------------------------------------------    -------------------
    SLICE_X17Y64         FDCE (Prop_fdce_C_Q)         0.456     5.780 r  u_eth_udp_loop/u_icmp/u_icmp_tx/tx_data_num_reg[11]/Q
                         net (fo=7, routed)           0.817     6.597    u_eth_udp_loop/u_icmp/u_icmp_tx/tx_data_num[11]
    SLICE_X14Y64         LUT4 (Prop_lut4_I1_O)        0.124     6.721 r  u_eth_udp_loop/u_icmp/u_icmp_tx/i__carry_i_13/O
                         net (fo=1, routed)           0.426     7.147    u_eth_udp_loop/u_icmp/u_icmp_tx/i__carry_i_13_n_0
    SLICE_X14Y64         LUT6 (Prop_lut6_I2_O)        0.124     7.271 f  u_eth_udp_loop/u_icmp/u_icmp_tx/i__carry_i_10/O
                         net (fo=10, routed)          0.343     7.614    u_eth_udp_loop/u_icmp/u_icmp_tx/i__carry_i_10_n_0
    SLICE_X16Y64         LUT2 (Prop_lut2_I1_O)        0.124     7.738 r  u_eth_udp_loop/u_icmp/u_icmp_tx/i__carry_i_1__0/O
                         net (fo=1, routed)           0.330     8.068    u_eth_udp_loop/u_icmp/u_icmp_tx/real_tx_data_num[0]
    SLICE_X18Y64         CARRY4 (Prop_carry4_CYINIT_CO[3])
                                                      0.580     8.648 r  u_eth_udp_loop/u_icmp/u_icmp_tx/skip_en2_inferred__0/i__carry/CO[3]
                         net (fo=1, routed)           0.000     8.648    u_eth_udp_loop/u_icmp/u_icmp_tx/skip_en2_inferred__0/i__carry_n_0
    SLICE_X18Y65         CARRY4 (Prop_carry4_CI_CO[3])
                                                      0.114     8.762 r  u_eth_udp_loop/u_icmp/u_icmp_tx/skip_en2_inferred__0/i__carry__0/CO[3]
                         net (fo=1, routed)           0.000     8.762    u_eth_udp_loop/u_icmp/u_icmp_tx/skip_en2_inferred__0/i__carry__0_n_0
    SLICE_X18Y66         CARRY4 (Prop_carry4_CI_CO[3])
                                                      0.114     8.876 r  u_eth_udp_loop/u_icmp/u_icmp_tx/skip_en2_inferred__0/i__carry__1/CO[3]
                         net (fo=1, routed)           0.000     8.876    u_eth_udp_loop/u_icmp/u_icmp_tx/skip_en2_inferred__0/i__carry__1_n_0
    SLICE_X18Y67         CARRY4 (Prop_carry4_CI_O[0])
                                                      0.222     9.098 r  u_eth_udp_loop/u_icmp/u_icmp_tx/skip_en2_inferred__0/i__carry__2/O[0]
                         net (fo=1, routed)           0.605     9.703    u_eth_udp_loop/u_icmp/u_icmp_tx/skip_en2_inferred__0/i__carry__2_n_7
    SLICE_X17Y66         LUT2 (Prop_lut2_I1_O)        0.299    10.002 r  u_eth_udp_loop/u_icmp/u_icmp_tx/i__carry__2_i_4/O
                         net (fo=1, routed)           0.000    10.002    u_eth_udp_loop/u_icmp/u_icmp_tx/i__carry__2_i_4_n_0
    SLICE_X17Y66         CARRY4 (Prop_carry4_S[1]_CO[3])
                                                      0.550    10.552 r  u_eth_udp_loop/u_icmp/u_icmp_tx/p_1_out_inferred__1/i__carry__2/CO[3]
                         net (fo=9, routed)           1.012    11.565    u_eth_udp_loop/u_icmp/u_icmp_tx/p_1_out_inferred__1/i__carry__2_n_0
    SLICE_X14Y66         LUT5 (Prop_lut5_I0_O)        0.150    11.715 r  u_eth_udp_loop/u_icmp/u_icmp_tx/data_cnt[0]_i_1__0/O
                         net (fo=16, routed)          0.676    12.391    u_eth_udp_loop/u_icmp/u_icmp_tx/data_cnt0
    SLICE_X13Y64         FDCE                                         r  u_eth_udp_loop/u_icmp/u_icmp_tx/data_cnt_reg[4]/CE
  -------------------------------------------------------------------    -------------------

                         (clock eth_rxc rise edge)    8.000     8.000 r  
    K17                                               0.000     8.000 r  eth_rxc (IN)
                         net (fo=0)                   0.000     8.000    eth_rxc
    K17                  IBUF (Prop_ibuf_I_O)         1.421     9.421 r  eth_rxc_IBUF_inst/O
                         net (fo=2, routed)           1.880    11.301    u_eth_udp_loop/u_gmii_to_rgmii/u_rgmii_rx/eth_rxc
    BUFGCTRL_X0Y16       BUFG (Prop_bufg_I_O)         0.091    11.392 r  u_eth_udp_loop/u_gmii_to_rgmii/u_rgmii_rx/BUFG_inst/O
                         net (fo=1641, routed)        1.489    12.881    u_eth_udp_loop/u_icmp/u_icmp_tx/gmii_rx_clk
    SLICE_X13Y64         FDCE                                         r  u_eth_udp_loop/u_icmp/u_icmp_tx/data_cnt_reg[4]/C
                         clock pessimism              0.391    13.272    
                         clock uncertainty           -0.035    13.236    
    SLICE_X13Y64         FDCE (Setup_fdce_C_CE)      -0.407    12.829    u_eth_udp_loop/u_icmp/u_icmp_tx/data_cnt_reg[4]
  -------------------------------------------------------------------
                         required time                         12.829    
                         arrival time                         -12.391    
  -------------------------------------------------------------------
                         slack                                  0.439    

Slack (MET) :             0.439ns  (required time - arrival time)
  Source:                 u_eth_udp_loop/u_icmp/u_icmp_tx/tx_data_num_reg[11]/C
                            (rising edge-triggered cell FDCE clocked by eth_rxc  {rise@0.000ns fall@4.000ns period=8.000ns})
  Destination:            u_eth_udp_loop/u_icmp/u_icmp_tx/data_cnt_reg[5]/CE
                            (rising edge-triggered cell FDCE clocked by eth_rxc  {rise@0.000ns fall@4.000ns period=8.000ns})
  Path Group:             eth_rxc
  Path Type:              Setup (Max at Slow Process Corner)
  Requirement:            8.000ns  (eth_rxc rise@8.000ns - eth_rxc rise@0.000ns)
  Data Path Delay:        7.067ns  (logic 2.857ns (40.427%)  route 4.210ns (59.573%))
  Logic Levels:           10  (CARRY4=5 LUT2=2 LUT4=1 LUT5=1 LUT6=1)
  Clock Path Skew:        -0.052ns (DCD - SCD + CPR)
    Destination Clock Delay (DCD):    4.881ns = ( 12.881 - 8.000 ) 
    Source Clock Delay      (SCD):    5.324ns
    Clock Pessimism Removal (CPR):    0.391ns
  Clock Uncertainty:      0.035ns  ((TSJ^2 + TIJ^2)^1/2 + DJ) / 2 + PE
    Total System Jitter     (TSJ):    0.071ns
    Total Input Jitter      (TIJ):    0.000ns
    Discrete Jitter          (DJ):    0.000ns
    Phase Error              (PE):    0.000ns

    Location             Delay type                Incr(ns)  Path(ns)    Netlist Resource(s)
  -------------------------------------------------------------------    -------------------
                         (clock eth_rxc rise edge)    0.000     0.000 r  
    K17                                               0.000     0.000 r  eth_rxc (IN)
                         net (fo=0)                   0.000     0.000    eth_rxc
    K17                  IBUF (Prop_ibuf_I_O)         1.492     1.492 r  eth_rxc_IBUF_inst/O
                         net (fo=2, routed)           2.076     3.568    u_eth_udp_loop/u_gmii_to_rgmii/u_rgmii_rx/eth_rxc
    BUFGCTRL_X0Y16       BUFG (Prop_bufg_I_O)         0.101     3.669 r  u_eth_udp_loop/u_gmii_to_rgmii/u_rgmii_rx/BUFG_inst/O
                         net (fo=1641, routed)        1.655     5.324    u_eth_udp_loop/u_icmp/u_icmp_tx/gmii_rx_clk
    SLICE_X17Y64         FDCE                                         r  u_eth_udp_loop/u_icmp/u_icmp_tx/tx_data_num_reg[11]/C
  -------------------------------------------------------------------    -------------------
    SLICE_X17Y64         FDCE (Prop_fdce_C_Q)         0.456     5.780 r  u_eth_udp_loop/u_icmp/u_icmp_tx/tx_data_num_reg[11]/Q
                         net (fo=7, routed)           0.817     6.597    u_eth_udp_loop/u_icmp/u_icmp_tx/tx_data_num[11]
    SLICE_X14Y64         LUT4 (Prop_lut4_I1_O)        0.124     6.721 r  u_eth_udp_loop/u_icmp/u_icmp_tx/i__carry_i_13/O
                         net (fo=1, routed)           0.426     7.147    u_eth_udp_loop/u_icmp/u_icmp_tx/i__carry_i_13_n_0
    SLICE_X14Y64         LUT6 (Prop_lut6_I2_O)        0.124     7.271 f  u_eth_udp_loop/u_icmp/u_icmp_tx/i__carry_i_10/O
                         net (fo=10, routed)          0.343     7.614    u_eth_udp_loop/u_icmp/u_icmp_tx/i__carry_i_10_n_0
    SLICE_X16Y64         LUT2 (Prop_lut2_I1_O)        0.124     7.738 r  u_eth_udp_loop/u_icmp/u_icmp_tx/i__carry_i_1__0/O
                         net (fo=1, routed)           0.330     8.068    u_eth_udp_loop/u_icmp/u_icmp_tx/real_tx_data_num[0]
    SLICE_X18Y64         CARRY4 (Prop_carry4_CYINIT_CO[3])
                                                      0.580     8.648 r  u_eth_udp_loop/u_icmp/u_icmp_tx/skip_en2_inferred__0/i__carry/CO[3]
                         net (fo=1, routed)           0.000     8.648    u_eth_udp_loop/u_icmp/u_icmp_tx/skip_en2_inferred__0/i__carry_n_0
    SLICE_X18Y65         CARRY4 (Prop_carry4_CI_CO[3])
                                                      0.114     8.762 r  u_eth_udp_loop/u_icmp/u_icmp_tx/skip_en2_inferred__0/i__carry__0/CO[3]
                         net (fo=1, routed)           0.000     8.762    u_eth_udp_loop/u_icmp/u_icmp_tx/skip_en2_inferred__0/i__carry__0_n_0
    SLICE_X18Y66         CARRY4 (Prop_carry4_CI_CO[3])
                                                      0.114     8.876 r  u_eth_udp_loop/u_icmp/u_icmp_tx/skip_en2_inferred__0/i__carry__1/CO[3]
                         net (fo=1, routed)           0.000     8.876    u_eth_udp_loop/u_icmp/u_icmp_tx/skip_en2_inferred__0/i__carry__1_n_0
    SLICE_X18Y67         CARRY4 (Prop_carry4_CI_O[0])
                                                      0.222     9.098 r  u_eth_udp_loop/u_icmp/u_icmp_tx/skip_en2_inferred__0/i__carry__2/O[0]
                         net (fo=1, routed)           0.605     9.703    u_eth_udp_loop/u_icmp/u_icmp_tx/skip_en2_inferred__0/i__carry__2_n_7
    SLICE_X17Y66         LUT2 (Prop_lut2_I1_O)        0.299    10.002 r  u_eth_udp_loop/u_icmp/u_icmp_tx/i__carry__2_i_4/O
                         net (fo=1, routed)           0.000    10.002    u_eth_udp_loop/u_icmp/u_icmp_tx/i__carry__2_i_4_n_0
    SLICE_X17Y66         CARRY4 (Prop_carry4_S[1]_CO[3])
                                                      0.550    10.552 r  u_eth_udp_loop/u_icmp/u_icmp_tx/p_1_out_inferred__1/i__carry__2/CO[3]
                         net (fo=9, routed)           1.012    11.565    u_eth_udp_loop/u_icmp/u_icmp_tx/p_1_out_inferred__1/i__carry__2_n_0
    SLICE_X14Y66         LUT5 (Prop_lut5_I0_O)        0.150    11.715 r  u_eth_udp_loop/u_icmp/u_icmp_tx/data_cnt[0]_i_1__0/O
                         net (fo=16, routed)          0.676    12.391    u_eth_udp_loop/u_icmp/u_icmp_tx/data_cnt0
    SLICE_X13Y64         FDCE                                         r  u_eth_udp_loop/u_icmp/u_icmp_tx/data_cnt_reg[5]/CE
  -------------------------------------------------------------------    -------------------

                         (clock eth_rxc rise edge)    8.000     8.000 r  
    K17                                               0.000     8.000 r  eth_rxc (IN)
                         net (fo=0)                   0.000     8.000    eth_rxc
    K17                  IBUF (Prop_ibuf_I_O)         1.421     9.421 r  eth_rxc_IBUF_inst/O
                         net (fo=2, routed)           1.880    11.301    u_eth_udp_loop/u_gmii_to_rgmii/u_rgmii_rx/eth_rxc
    BUFGCTRL_X0Y16       BUFG (Prop_bufg_I_O)         0.091    11.392 r  u_eth_udp_loop/u_gmii_to_rgmii/u_rgmii_rx/BUFG_inst/O
                         net (fo=1641, routed)        1.489    12.881    u_eth_udp_loop/u_icmp/u_icmp_tx/gmii_rx_clk
    SLICE_X13Y64         FDCE                                         r  u_eth_udp_loop/u_icmp/u_icmp_tx/data_cnt_reg[5]/C
                         clock pessimism              0.391    13.272    
                         clock uncertainty           -0.035    13.236    
    SLICE_X13Y64         FDCE (Setup_fdce_C_CE)      -0.407    12.829    u_eth_udp_loop/u_icmp/u_icmp_tx/data_cnt_reg[5]
  -------------------------------------------------------------------
                         required time                         12.829    
                         arrival time                         -12.391    
  -------------------------------------------------------------------
                         slack                                  0.439    





Min Delay Paths
--------------------------------------------------------------------------------------
Slack (MET) :             0.058ns  (arrival time - required time)
  Source:                 u_eth_udp_loop/u_icmp/u_icmp_rx/rec_byte_num_reg[3]/C
                            (rising edge-triggered cell FDCE clocked by eth_rxc  {rise@0.000ns fall@4.000ns period=8.000ns})
  Destination:            u_eth_udp_loop/u_icmp/u_icmp_tx/tx_data_num_reg[3]/D
                            (rising edge-triggered cell FDCE clocked by eth_rxc  {rise@0.000ns fall@4.000ns period=8.000ns})
  Path Group:             eth_rxc
  Path Type:              Hold (Min at Fast Process Corner)
  Requirement:            0.000ns  (eth_rxc rise@0.000ns - eth_rxc rise@0.000ns)
  Data Path Delay:        0.376ns  (logic 0.141ns (37.490%)  route 0.235ns (62.510%))
  Logic Levels:           0  
  Clock Path Skew:        0.266ns (DCD - SCD - CPR)
    Destination Clock Delay (DCD):    1.982ns
    Source Clock Delay      (SCD):    1.464ns
    Clock Pessimism Removal (CPR):    0.252ns

    Location             Delay type                Incr(ns)  Path(ns)    Netlist Resource(s)
  -------------------------------------------------------------------    -------------------
                         (clock eth_rxc rise edge)    0.000     0.000 r  
    K17                                               0.000     0.000 r  eth_rxc (IN)
                         net (fo=0)                   0.000     0.000    eth_rxc
    K17                  IBUF (Prop_ibuf_I_O)         0.259     0.259 r  eth_rxc_IBUF_inst/O
                         net (fo=2, routed)           0.627     0.887    u_eth_udp_loop/u_gmii_to_rgmii/u_rgmii_rx/eth_rxc
    BUFGCTRL_X0Y16       BUFG (Prop_bufg_I_O)         0.026     0.913 r  u_eth_udp_loop/u_gmii_to_rgmii/u_rgmii_rx/BUFG_inst/O
                         net (fo=1641, routed)        0.552     1.464    u_eth_udp_loop/u_icmp/u_icmp_rx/gmii_rx_clk
    SLICE_X23Y65         FDCE                                         r  u_eth_udp_loop/u_icmp/u_icmp_rx/rec_byte_num_reg[3]/C
  -------------------------------------------------------------------    -------------------
    SLICE_X23Y65         FDCE (Prop_fdce_C_Q)         0.141     1.605 r  u_eth_udp_loop/u_icmp/u_icmp_rx/rec_byte_num_reg[3]/Q
                         net (fo=3, routed)           0.235     1.840    u_eth_udp_loop/u_icmp/u_icmp_tx/tx_data_num_reg[15]_0[3]
    SLICE_X16Y64         FDCE                                         r  u_eth_udp_loop/u_icmp/u_icmp_tx/tx_data_num_reg[3]/D
  -------------------------------------------------------------------    -------------------

                         (clock eth_rxc rise edge)    0.000     0.000 r  
    K17                                               0.000     0.000 r  eth_rxc (IN)
                         net (fo=0)                   0.000     0.000    eth_rxc
    K17                  IBUF (Prop_ibuf_I_O)         0.447     0.447 r  eth_rxc_IBUF_inst/O
                         net (fo=2, routed)           0.683     1.130    u_eth_udp_loop/u_gmii_to_rgmii/u_rgmii_rx/eth_rxc
    BUFGCTRL_X0Y16       BUFG (Prop_bufg_I_O)         0.029     1.159 r  u_eth_udp_loop/u_gmii_to_rgmii/u_rgmii_rx/BUFG_inst/O
                         net (fo=1641, routed)        0.823     1.982    u_eth_udp_loop/u_icmp/u_icmp_tx/gmii_rx_clk
    SLICE_X16Y64         FDCE                                         r  u_eth_udp_loop/u_icmp/u_icmp_tx/tx_data_num_reg[3]/C
                         clock pessimism             -0.252     1.731    
    SLICE_X16Y64         FDCE (Hold_fdce_C_D)         0.052     1.783    u_eth_udp_loop/u_icmp/u_icmp_tx/tx_data_num_reg[3]
  -------------------------------------------------------------------
                         required time                         -1.783    
                         arrival time                           1.840    
  -------------------------------------------------------------------
                         slack                                  0.058    

Slack (MET) :             0.065ns  (arrival time - required time)
  Source:                 u_eth_udp_loop/u_arp/u_arp_rx/src_mac_reg[0]/C
                            (rising edge-triggered cell FDCE clocked by eth_rxc  {rise@0.000ns fall@4.000ns period=8.000ns})
  Destination:            u_eth_udp_loop/u_arp/u_arp_tx/eth_head_reg[5][0]/D
                            (rising edge-triggered cell FDPE clocked by eth_rxc  {rise@0.000ns fall@4.000ns period=8.000ns})
  Path Group:             eth_rxc
  Path Type:              Hold (Min at Fast Process Corner)
  Requirement:            0.000ns  (eth_rxc rise@0.000ns - eth_rxc rise@0.000ns)
  Data Path Delay:        0.391ns  (logic 0.164ns (41.903%)  route 0.227ns (58.097%))
  Logic Levels:           0  
  Clock Path Skew:        0.263ns (DCD - SCD - CPR)
    Destination Clock Delay (DCD):    1.977ns
    Source Clock Delay      (SCD):    1.462ns
    Clock Pessimism Removal (CPR):    0.252ns

    Location             Delay type                Incr(ns)  Path(ns)    Netlist Resource(s)
  -------------------------------------------------------------------    -------------------
                         (clock eth_rxc rise edge)    0.000     0.000 r  
    K17                                               0.000     0.000 r  eth_rxc (IN)
                         net (fo=0)                   0.000     0.000    eth_rxc
    K17                  IBUF (Prop_ibuf_I_O)         0.259     0.259 r  eth_rxc_IBUF_inst/O
                         net (fo=2, routed)           0.627     0.887    u_eth_udp_loop/u_gmii_to_rgmii/u_rgmii_rx/eth_rxc
    BUFGCTRL_X0Y16       BUFG (Prop_bufg_I_O)         0.026     0.913 r  u_eth_udp_loop/u_gmii_to_rgmii/u_rgmii_rx/BUFG_inst/O
                         net (fo=1641, routed)        0.550     1.462    u_eth_udp_loop/u_arp/u_arp_rx/rgmii_txc
    SLICE_X20Y82         FDCE                                         r  u_eth_udp_loop/u_arp/u_arp_rx/src_mac_reg[0]/C
  -------------------------------------------------------------------    -------------------
    SLICE_X20Y82         FDCE (Prop_fdce_C_Q)         0.164     1.626 r  u_eth_udp_loop/u_arp/u_arp_rx/src_mac_reg[0]/Q
                         net (fo=6, routed)           0.227     1.854    u_eth_udp_loop/u_arp/u_arp_tx/eth_head_reg[0][7]_0[0]
    SLICE_X24Y83         FDPE                                         r  u_eth_udp_loop/u_arp/u_arp_tx/eth_head_reg[5][0]/D
  -------------------------------------------------------------------    -------------------

                         (clock eth_rxc rise edge)    0.000     0.000 r  
    K17                                               0.000     0.000 r  eth_rxc (IN)
                         net (fo=0)                   0.000     0.000    eth_rxc
    K17                  IBUF (Prop_ibuf_I_O)         0.447     0.447 r  eth_rxc_IBUF_inst/O
                         net (fo=2, routed)           0.683     1.130    u_eth_udp_loop/u_gmii_to_rgmii/u_rgmii_rx/eth_rxc
    BUFGCTRL_X0Y16       BUFG (Prop_bufg_I_O)         0.029     1.159 r  u_eth_udp_loop/u_gmii_to_rgmii/u_rgmii_rx/BUFG_inst/O
                         net (fo=1641, routed)        0.818     1.977    u_eth_udp_loop/u_arp/u_arp_tx/rgmii_txc
    SLICE_X24Y83         FDPE                                         r  u_eth_udp_loop/u_arp/u_arp_tx/eth_head_reg[5][0]/C
                         clock pessimism             -0.252     1.726    
    SLICE_X24Y83         FDPE (Hold_fdpe_C_D)         0.063     1.789    u_eth_udp_loop/u_arp/u_arp_tx/eth_head_reg[5][0]
  -------------------------------------------------------------------
                         required time                         -1.789    
                         arrival time                           1.854    
  -------------------------------------------------------------------
                         slack                                  0.065    

Slack (MET) :             0.065ns  (arrival time - required time)
  Source:                 u_eth_udp_loop/u_icmp/u_icmp_rx/rec_byte_num_reg[10]/C
                            (rising edge-triggered cell FDCE clocked by eth_rxc  {rise@0.000ns fall@4.000ns period=8.000ns})
  Destination:            u_eth_udp_loop/u_icmp/u_icmp_tx/tx_data_num_reg[10]/D
                            (rising edge-triggered cell FDCE clocked by eth_rxc  {rise@0.000ns fall@4.000ns period=8.000ns})
  Path Group:             eth_rxc
  Path Type:              Hold (Min at Fast Process Corner)
  Requirement:            0.000ns  (eth_rxc rise@0.000ns - eth_rxc rise@0.000ns)
  Data Path Delay:        0.400ns  (logic 0.141ns (35.292%)  route 0.259ns (64.708%))
  Logic Levels:           0  
  Clock Path Skew:        0.264ns (DCD - SCD - CPR)
    Destination Clock Delay (DCD):    1.980ns
    Source Clock Delay      (SCD):    1.464ns
    Clock Pessimism Removal (CPR):    0.252ns

    Location             Delay type                Incr(ns)  Path(ns)    Netlist Resource(s)
  -------------------------------------------------------------------    -------------------
                         (clock eth_rxc rise edge)    0.000     0.000 r  
    K17                                               0.000     0.000 r  eth_rxc (IN)
                         net (fo=0)                   0.000     0.000    eth_rxc
    K17                  IBUF (Prop_ibuf_I_O)         0.259     0.259 r  eth_rxc_IBUF_inst/O
                         net (fo=2, routed)           0.627     0.887    u_eth_udp_loop/u_gmii_to_rgmii/u_rgmii_rx/eth_rxc
    BUFGCTRL_X0Y16       BUFG (Prop_bufg_I_O)         0.026     0.913 r  u_eth_udp_loop/u_gmii_to_rgmii/u_rgmii_rx/BUFG_inst/O
                         net (fo=1641, routed)        0.552     1.464    u_eth_udp_loop/u_icmp/u_icmp_rx/gmii_rx_clk
    SLICE_X23Y65         FDCE                                         r  u_eth_udp_loop/u_icmp/u_icmp_rx/rec_byte_num_reg[10]/C
  -------------------------------------------------------------------    -------------------
    SLICE_X23Y65         FDCE (Prop_fdce_C_Q)         0.141     1.605 r  u_eth_udp_loop/u_icmp/u_icmp_rx/rec_byte_num_reg[10]/Q
                         net (fo=2, routed)           0.259     1.864    u_eth_udp_loop/u_icmp/u_icmp_tx/tx_data_num_reg[15]_0[10]
    SLICE_X14Y66         FDCE                                         r  u_eth_udp_loop/u_icmp/u_icmp_tx/tx_data_num_reg[10]/D
  -------------------------------------------------------------------    -------------------

                         (clock eth_rxc rise edge)    0.000     0.000 r  
    K17                                               0.000     0.000 r  eth_rxc (IN)
                         net (fo=0)                   0.000     0.000    eth_rxc
    K17                  IBUF (Prop_ibuf_I_O)         0.447     0.447 r  eth_rxc_IBUF_inst/O
                         net (fo=2, routed)           0.683     1.130    u_eth_udp_loop/u_gmii_to_rgmii/u_rgmii_rx/eth_rxc
    BUFGCTRL_X0Y16       BUFG (Prop_bufg_I_O)         0.029     1.159 r  u_eth_udp_loop/u_gmii_to_rgmii/u_rgmii_rx/BUFG_inst/O
                         net (fo=1641, routed)        0.821     1.980    u_eth_udp_loop/u_icmp/u_icmp_tx/gmii_rx_clk
    SLICE_X14Y66         FDCE                                         r  u_eth_udp_loop/u_icmp/u_icmp_tx/tx_data_num_reg[10]/C
                         clock pessimism             -0.252     1.729    
    SLICE_X14Y66         FDCE (Hold_fdce_C_D)         0.070     1.799    u_eth_udp_loop/u_icmp/u_icmp_tx/tx_data_num_reg[10]
  -------------------------------------------------------------------
                         required time                         -1.799    
                         arrival time                           1.864    
  -------------------------------------------------------------------
                         slack                                  0.065    

Slack (MET) :             0.072ns  (arrival time - required time)
  Source:                 u_eth_udp_loop/u_icmp/u_icmp_rx/rec_byte_num_reg[2]/C
                            (rising edge-triggered cell FDCE clocked by eth_rxc  {rise@0.000ns fall@4.000ns period=8.000ns})
  Destination:            u_eth_udp_loop/u_icmp/u_icmp_tx/total_num_reg[2]/D
                            (rising edge-triggered cell FDCE clocked by eth_rxc  {rise@0.000ns fall@4.000ns period=8.000ns})
  Path Group:             eth_rxc
  Path Type:              Hold (Min at Fast Process Corner)
  Requirement:            0.000ns  (eth_rxc rise@0.000ns - eth_rxc rise@0.000ns)
  Data Path Delay:        0.468ns  (logic 0.252ns (53.846%)  route 0.216ns (46.154%))
  Logic Levels:           2  (CARRY4=1 LUT1=1)
  Clock Path Skew:        0.262ns (DCD - SCD - CPR)
    Destination Clock Delay (DCD):    1.978ns
    Source Clock Delay      (SCD):    1.464ns
    Clock Pessimism Removal (CPR):    0.252ns

    Location             Delay type                Incr(ns)  Path(ns)    Netlist Resource(s)
  -------------------------------------------------------------------    -------------------
                         (clock eth_rxc rise edge)    0.000     0.000 r  
    K17                                               0.000     0.000 r  eth_rxc (IN)
                         net (fo=0)                   0.000     0.000    eth_rxc
    K17                  IBUF (Prop_ibuf_I_O)         0.259     0.259 r  eth_rxc_IBUF_inst/O
                         net (fo=2, routed)           0.627     0.887    u_eth_udp_loop/u_gmii_to_rgmii/u_rgmii_rx/eth_rxc
    BUFGCTRL_X0Y16       BUFG (Prop_bufg_I_O)         0.026     0.913 r  u_eth_udp_loop/u_gmii_to_rgmii/u_rgmii_rx/BUFG_inst/O
                         net (fo=1641, routed)        0.552     1.464    u_eth_udp_loop/u_icmp/u_icmp_rx/gmii_rx_clk
    SLICE_X22Y65         FDCE                                         r  u_eth_udp_loop/u_icmp/u_icmp_rx/rec_byte_num_reg[2]/C
  -------------------------------------------------------------------    -------------------
    SLICE_X22Y65         FDCE (Prop_fdce_C_Q)         0.141     1.605 f  u_eth_udp_loop/u_icmp/u_icmp_rx/rec_byte_num_reg[2]/Q
                         net (fo=3, routed)           0.216     1.821    u_eth_udp_loop/u_icmp/u_icmp_tx/tx_data_num_reg[15]_0[2]
    SLICE_X20Y67         LUT1 (Prop_lut1_I0_O)        0.045     1.866 r  u_eth_udp_loop/u_icmp/u_icmp_tx/total_num[4]_i_4/O
                         net (fo=1, routed)           0.000     1.866    u_eth_udp_loop/u_icmp/u_icmp_tx/total_num[4]_i_4_n_0
    SLICE_X20Y67         CARRY4 (Prop_carry4_S[1]_O[1])
                                                      0.066     1.932 r  u_eth_udp_loop/u_icmp/u_icmp_tx/total_num_reg[4]_i_1/O[1]
                         net (fo=1, routed)           0.000     1.932    u_eth_udp_loop/u_icmp/u_icmp_tx/total_num_reg[4]_i_1_n_6
    SLICE_X20Y67         FDCE                                         r  u_eth_udp_loop/u_icmp/u_icmp_tx/total_num_reg[2]/D
  -------------------------------------------------------------------    -------------------

                         (clock eth_rxc rise edge)    0.000     0.000 r  
    K17                                               0.000     0.000 r  eth_rxc (IN)
                         net (fo=0)                   0.000     0.000    eth_rxc
    K17                  IBUF (Prop_ibuf_I_O)         0.447     0.447 r  eth_rxc_IBUF_inst/O
                         net (fo=2, routed)           0.683     1.130    u_eth_udp_loop/u_gmii_to_rgmii/u_rgmii_rx/eth_rxc
    BUFGCTRL_X0Y16       BUFG (Prop_bufg_I_O)         0.029     1.159 r  u_eth_udp_loop/u_gmii_to_rgmii/u_rgmii_rx/BUFG_inst/O
                         net (fo=1641, routed)        0.819     1.978    u_eth_udp_loop/u_icmp/u_icmp_tx/gmii_rx_clk
    SLICE_X20Y67         FDCE                                         r  u_eth_udp_loop/u_icmp/u_icmp_tx/total_num_reg[2]/C
                         clock pessimism             -0.252     1.727    
    SLICE_X20Y67         FDCE (Hold_fdce_C_D)         0.134     1.861    u_eth_udp_loop/u_icmp/u_icmp_tx/total_num_reg[2]
  -------------------------------------------------------------------
                         required time                         -1.861    
                         arrival time                           1.932    
  -------------------------------------------------------------------
                         slack                                  0.072    

Slack (MET) :             0.073ns  (arrival time - required time)
  Source:                 u_eth_udp_loop/u_icmp/u_icmp_rx/rec_byte_num_reg[3]/C
                            (rising edge-triggered cell FDCE clocked by eth_rxc  {rise@0.000ns fall@4.000ns period=8.000ns})
  Destination:            u_eth_udp_loop/u_icmp/u_icmp_tx/total_num_reg[4]/D
                            (rising edge-triggered cell FDCE clocked by eth_rxc  {rise@0.000ns fall@4.000ns period=8.000ns})
  Path Group:             eth_rxc
  Path Type:              Hold (Min at Fast Process Corner)
  Requirement:            0.000ns  (eth_rxc rise@0.000ns - eth_rxc rise@0.000ns)
  Data Path Delay:        0.470ns  (logic 0.270ns (57.479%)  route 0.200ns (42.521%))
  Logic Levels:           1  (CARRY4=1)
  Clock Path Skew:        0.262ns (DCD - SCD - CPR)
    Destination Clock Delay (DCD):    1.978ns
    Source Clock Delay      (SCD):    1.464ns
    Clock Pessimism Removal (CPR):    0.252ns

    Location             Delay type                Incr(ns)  Path(ns)    Netlist Resource(s)
  -------------------------------------------------------------------    -------------------
                         (clock eth_rxc rise edge)    0.000     0.000 r  
    K17                                               0.000     0.000 r  eth_rxc (IN)
                         net (fo=0)                   0.000     0.000    eth_rxc
    K17                  IBUF (Prop_ibuf_I_O)         0.259     0.259 r  eth_rxc_IBUF_inst/O
                         net (fo=2, routed)           0.627     0.887    u_eth_udp_loop/u_gmii_to_rgmii/u_rgmii_rx/eth_rxc
    BUFGCTRL_X0Y16       BUFG (Prop_bufg_I_O)         0.026     0.913 r  u_eth_udp_loop/u_gmii_to_rgmii/u_rgmii_rx/BUFG_inst/O
                         net (fo=1641, routed)        0.552     1.464    u_eth_udp_loop/u_icmp/u_icmp_rx/gmii_rx_clk
    SLICE_X23Y65         FDCE                                         r  u_eth_udp_loop/u_icmp/u_icmp_rx/rec_byte_num_reg[3]/C
  -------------------------------------------------------------------    -------------------
    SLICE_X23Y65         FDCE (Prop_fdce_C_Q)         0.141     1.605 r  u_eth_udp_loop/u_icmp/u_icmp_rx/rec_byte_num_reg[3]/Q
                         net (fo=3, routed)           0.200     1.805    u_eth_udp_loop/u_icmp/u_icmp_tx/tx_data_num_reg[15]_0[3]
    SLICE_X20Y67         CARRY4 (Prop_carry4_DI[2]_O[3])
                                                      0.129     1.934 r  u_eth_udp_loop/u_icmp/u_icmp_tx/total_num_reg[4]_i_1/O[3]
                         net (fo=1, routed)           0.000     1.934    u_eth_udp_loop/u_icmp/u_icmp_tx/total_num_reg[4]_i_1_n_4
    SLICE_X20Y67         FDCE                                         r  u_eth_udp_loop/u_icmp/u_icmp_tx/total_num_reg[4]/D
  -------------------------------------------------------------------    -------------------

                         (clock eth_rxc rise edge)    0.000     0.000 r  
    K17                                               0.000     0.000 r  eth_rxc (IN)
                         net (fo=0)                   0.000     0.000    eth_rxc
    K17                  IBUF (Prop_ibuf_I_O)         0.447     0.447 r  eth_rxc_IBUF_inst/O
                         net (fo=2, routed)           0.683     1.130    u_eth_udp_loop/u_gmii_to_rgmii/u_rgmii_rx/eth_rxc
    BUFGCTRL_X0Y16       BUFG (Prop_bufg_I_O)         0.029     1.159 r  u_eth_udp_loop/u_gmii_to_rgmii/u_rgmii_rx/BUFG_inst/O
                         net (fo=1641, routed)        0.819     1.978    u_eth_udp_loop/u_icmp/u_icmp_tx/gmii_rx_clk
    SLICE_X20Y67         FDCE                                         r  u_eth_udp_loop/u_icmp/u_icmp_tx/total_num_reg[4]/C
                         clock pessimism             -0.252     1.727    
    SLICE_X20Y67         FDCE (Hold_fdce_C_D)         0.134     1.861    u_eth_udp_loop/u_icmp/u_icmp_tx/total_num_reg[4]
  -------------------------------------------------------------------
                         required time                         -1.861    
                         arrival time                           1.934    
  -------------------------------------------------------------------
                         slack                                  0.073    

Slack (MET) :             0.074ns  (arrival time - required time)
  Source:                 u_eth_udp_loop/u_async_fifo_2048x8b/U0/inst_fifo_gen/gconvfifo.rf/grf.rf/gntv_or_sync_fifo.gl0.rd/rpntr/gc0.count_d1_reg[8]/C
                            (rising edge-triggered cell FDCE clocked by eth_rxc  {rise@0.000ns fall@4.000ns period=8.000ns})
  Destination:            u_eth_udp_loop/u_async_fifo_2048x8b/U0/inst_fifo_gen/gconvfifo.rf/grf.rf/gntv_or_sync_fifo.gcx.clkx/rd_pntr_cdc_inst/src_gray_ff_reg[8]/D
                            (rising edge-triggered cell FDRE clocked by eth_rxc  {rise@0.000ns fall@4.000ns period=8.000ns})
  Path Group:             eth_rxc
  Path Type:              Hold (Min at Fast Process Corner)
  Requirement:            0.000ns  (eth_rxc rise@0.000ns - eth_rxc rise@0.000ns)
  Data Path Delay:        0.461ns  (logic 0.186ns (40.359%)  route 0.275ns (59.641%))
  Logic Levels:           1  (LUT2=1)
  Clock Path Skew:        0.266ns (DCD - SCD - CPR)
    Destination Clock Delay (DCD):    1.987ns
    Source Clock Delay      (SCD):    1.469ns
    Clock Pessimism Removal (CPR):    0.252ns

    Location             Delay type                Incr(ns)  Path(ns)    Netlist Resource(s)
  -------------------------------------------------------------------    -------------------
                         (clock eth_rxc rise edge)    0.000     0.000 r  
    K17                                               0.000     0.000 r  eth_rxc (IN)
                         net (fo=0)                   0.000     0.000    eth_rxc
    K17                  IBUF (Prop_ibuf_I_O)         0.259     0.259 r  eth_rxc_IBUF_inst/O
                         net (fo=2, routed)           0.627     0.887    u_eth_udp_loop/u_gmii_to_rgmii/u_rgmii_rx/eth_rxc
    BUFGCTRL_X0Y16       BUFG (Prop_bufg_I_O)         0.026     0.913 r  u_eth_udp_loop/u_gmii_to_rgmii/u_rgmii_rx/BUFG_inst/O
                         net (fo=1641, routed)        0.557     1.469    u_eth_udp_loop/u_async_fifo_2048x8b/U0/inst_fifo_gen/gconvfifo.rf/grf.rf/gntv_or_sync_fifo.gl0.rd/rpntr/rd_clk
    SLICE_X25Y52         FDCE                                         r  u_eth_udp_loop/u_async_fifo_2048x8b/U0/inst_fifo_gen/gconvfifo.rf/grf.rf/gntv_or_sync_fifo.gl0.rd/rpntr/gc0.count_d1_reg[8]/C
  -------------------------------------------------------------------    -------------------
    SLICE_X25Y52         FDCE (Prop_fdce_C_Q)         0.141     1.610 r  u_eth_udp_loop/u_async_fifo_2048x8b/U0/inst_fifo_gen/gconvfifo.rf/grf.rf/gntv_or_sync_fifo.gl0.rd/rpntr/gc0.count_d1_reg[8]/Q
                         net (fo=4, routed)           0.275     1.885    u_eth_udp_loop/u_async_fifo_2048x8b/U0/inst_fifo_gen/gconvfifo.rf/grf.rf/gntv_or_sync_fifo.gcx.clkx/rd_pntr_cdc_inst/src_in_bin[8]
    SLICE_X20Y52         LUT2 (Prop_lut2_I1_O)        0.045     1.930 r  u_eth_udp_loop/u_async_fifo_2048x8b/U0/inst_fifo_gen/gconvfifo.rf/grf.rf/gntv_or_sync_fifo.gcx.clkx/rd_pntr_cdc_inst/src_gray_ff[8]_i_1/O
                         net (fo=1, routed)           0.000     1.930    u_eth_udp_loop/u_async_fifo_2048x8b/U0/inst_fifo_gen/gconvfifo.rf/grf.rf/gntv_or_sync_fifo.gcx.clkx/rd_pntr_cdc_inst/gray_enc[8]
    SLICE_X20Y52         FDRE                                         r  u_eth_udp_loop/u_async_fifo_2048x8b/U0/inst_fifo_gen/gconvfifo.rf/grf.rf/gntv_or_sync_fifo.gcx.clkx/rd_pntr_cdc_inst/src_gray_ff_reg[8]/D
  -------------------------------------------------------------------    -------------------

                         (clock eth_rxc rise edge)    0.000     0.000 r  
    K17                                               0.000     0.000 r  eth_rxc (IN)
                         net (fo=0)                   0.000     0.000    eth_rxc
    K17                  IBUF (Prop_ibuf_I_O)         0.447     0.447 r  eth_rxc_IBUF_inst/O
                         net (fo=2, routed)           0.683     1.130    u_eth_udp_loop/u_gmii_to_rgmii/u_rgmii_rx/eth_rxc
    BUFGCTRL_X0Y16       BUFG (Prop_bufg_I_O)         0.029     1.159 r  u_eth_udp_loop/u_gmii_to_rgmii/u_rgmii_rx/BUFG_inst/O
                         net (fo=1641, routed)        0.828     1.987    u_eth_udp_loop/u_async_fifo_2048x8b/U0/inst_fifo_gen/gconvfifo.rf/grf.rf/gntv_or_sync_fifo.gcx.clkx/rd_pntr_cdc_inst/src_clk
    SLICE_X20Y52         FDRE                                         r  u_eth_udp_loop/u_async_fifo_2048x8b/U0/inst_fifo_gen/gconvfifo.rf/grf.rf/gntv_or_sync_fifo.gcx.clkx/rd_pntr_cdc_inst/src_gray_ff_reg[8]/C
                         clock pessimism             -0.252     1.736    
    SLICE_X20Y52         FDRE (Hold_fdre_C_D)         0.121     1.857    u_eth_udp_loop/u_async_fifo_2048x8b/U0/inst_fifo_gen/gconvfifo.rf/grf.rf/gntv_or_sync_fifo.gcx.clkx/rd_pntr_cdc_inst/src_gray_ff_reg[8]
  -------------------------------------------------------------------
                         required time                         -1.857    
                         arrival time                           1.930    
  -------------------------------------------------------------------
                         slack                                  0.074    

Slack (MET) :             0.075ns  (arrival time - required time)
  Source:                 u_eth_udp_loop/u_arp/u_arp_rx/src_mac_reg[27]/C
                            (rising edge-triggered cell FDCE clocked by eth_rxc  {rise@0.000ns fall@4.000ns period=8.000ns})
  Destination:            u_eth_udp_loop/u_udp/u_udp_tx/eth_head_reg[2][3]/D
                            (rising edge-triggered cell FDPE clocked by eth_rxc  {rise@0.000ns fall@4.000ns period=8.000ns})
  Path Group:             eth_rxc
  Path Type:              Hold (Min at Fast Process Corner)
  Requirement:            0.000ns  (eth_rxc rise@0.000ns - eth_rxc rise@0.000ns)
  Data Path Delay:        0.406ns  (logic 0.164ns (40.410%)  route 0.242ns (59.590%))
  Logic Levels:           0  
  Clock Path Skew:        0.261ns (DCD - SCD - CPR)
    Destination Clock Delay (DCD):    1.975ns
    Source Clock Delay      (SCD):    1.462ns
    Clock Pessimism Removal (CPR):    0.252ns

    Location             Delay type                Incr(ns)  Path(ns)    Netlist Resource(s)
  -------------------------------------------------------------------    -------------------
                         (clock eth_rxc rise edge)    0.000     0.000 r  
    K17                                               0.000     0.000 r  eth_rxc (IN)
                         net (fo=0)                   0.000     0.000    eth_rxc
    K17                  IBUF (Prop_ibuf_I_O)         0.259     0.259 r  eth_rxc_IBUF_inst/O
                         net (fo=2, routed)           0.627     0.887    u_eth_udp_loop/u_gmii_to_rgmii/u_rgmii_rx/eth_rxc
    BUFGCTRL_X0Y16       BUFG (Prop_bufg_I_O)         0.026     0.913 r  u_eth_udp_loop/u_gmii_to_rgmii/u_rgmii_rx/BUFG_inst/O
                         net (fo=1641, routed)        0.550     1.462    u_eth_udp_loop/u_arp/u_arp_rx/rgmii_txc
    SLICE_X20Y82         FDCE                                         r  u_eth_udp_loop/u_arp/u_arp_rx/src_mac_reg[27]/C
  -------------------------------------------------------------------    -------------------
    SLICE_X20Y82         FDCE (Prop_fdce_C_Q)         0.164     1.626 r  u_eth_udp_loop/u_arp/u_arp_rx/src_mac_reg[27]/Q
                         net (fo=6, routed)           0.242     1.868    u_eth_udp_loop/u_udp/u_udp_tx/eth_head_reg[0][7]_0[27]
    SLICE_X23Y81         FDPE                                         r  u_eth_udp_loop/u_udp/u_udp_tx/eth_head_reg[2][3]/D
  -------------------------------------------------------------------    -------------------

                         (clock eth_rxc rise edge)    0.000     0.000 r  
    K17                                               0.000     0.000 r  eth_rxc (IN)
                         net (fo=0)                   0.000     0.000    eth_rxc
    K17                  IBUF (Prop_ibuf_I_O)         0.447     0.447 r  eth_rxc_IBUF_inst/O
                         net (fo=2, routed)           0.683     1.130    u_eth_udp_loop/u_gmii_to_rgmii/u_rgmii_rx/eth_rxc
    BUFGCTRL_X0Y16       BUFG (Prop_bufg_I_O)         0.029     1.159 r  u_eth_udp_loop/u_gmii_to_rgmii/u_rgmii_rx/BUFG_inst/O
                         net (fo=1641, routed)        0.816     1.975    u_eth_udp_loop/u_udp/u_udp_tx/gmii_rx_clk
    SLICE_X23Y81         FDPE                                         r  u_eth_udp_loop/u_udp/u_udp_tx/eth_head_reg[2][3]/C
                         clock pessimism             -0.252     1.724    
    SLICE_X23Y81         FDPE (Hold_fdpe_C_D)         0.070     1.794    u_eth_udp_loop/u_udp/u_udp_tx/eth_head_reg[2][3]
  -------------------------------------------------------------------
                         required time                         -1.794    
                         arrival time                           1.868    
  -------------------------------------------------------------------
                         slack                                  0.075    

Slack (MET) :             0.075ns  (arrival time - required time)
  Source:                 u_eth_udp_loop/u_icmp/u_icmp_rx/rec_byte_num_reg[2]/C
                            (rising edge-triggered cell FDCE clocked by eth_rxc  {rise@0.000ns fall@4.000ns period=8.000ns})
  Destination:            u_eth_udp_loop/u_icmp/u_icmp_tx/tx_data_num_reg[2]/D
                            (rising edge-triggered cell FDCE clocked by eth_rxc  {rise@0.000ns fall@4.000ns period=8.000ns})
  Path Group:             eth_rxc
  Path Type:              Hold (Min at Fast Process Corner)
  Requirement:            0.000ns  (eth_rxc rise@0.000ns - eth_rxc rise@0.000ns)
  Data Path Delay:        0.412ns  (logic 0.141ns (34.244%)  route 0.271ns (65.756%))
  Logic Levels:           0  
  Clock Path Skew:        0.266ns (DCD - SCD - CPR)
    Destination Clock Delay (DCD):    1.982ns
    Source Clock Delay      (SCD):    1.464ns
    Clock Pessimism Removal (CPR):    0.252ns

    Location             Delay type                Incr(ns)  Path(ns)    Netlist Resource(s)
  -------------------------------------------------------------------    -------------------
                         (clock eth_rxc rise edge)    0.000     0.000 r  
    K17                                               0.000     0.000 r  eth_rxc (IN)
                         net (fo=0)                   0.000     0.000    eth_rxc
    K17                  IBUF (Prop_ibuf_I_O)         0.259     0.259 r  eth_rxc_IBUF_inst/O
                         net (fo=2, routed)           0.627     0.887    u_eth_udp_loop/u_gmii_to_rgmii/u_rgmii_rx/eth_rxc
    BUFGCTRL_X0Y16       BUFG (Prop_bufg_I_O)         0.026     0.913 r  u_eth_udp_loop/u_gmii_to_rgmii/u_rgmii_rx/BUFG_inst/O
                         net (fo=1641, routed)        0.552     1.464    u_eth_udp_loop/u_icmp/u_icmp_rx/gmii_rx_clk
    SLICE_X22Y65         FDCE                                         r  u_eth_udp_loop/u_icmp/u_icmp_rx/rec_byte_num_reg[2]/C
  -------------------------------------------------------------------    -------------------
    SLICE_X22Y65         FDCE (Prop_fdce_C_Q)         0.141     1.605 r  u_eth_udp_loop/u_icmp/u_icmp_rx/rec_byte_num_reg[2]/Q
                         net (fo=3, routed)           0.271     1.876    u_eth_udp_loop/u_icmp/u_icmp_tx/tx_data_num_reg[15]_0[2]
    SLICE_X14Y64         FDCE                                         r  u_eth_udp_loop/u_icmp/u_icmp_tx/tx_data_num_reg[2]/D
  -------------------------------------------------------------------    -------------------

                         (clock eth_rxc rise edge)    0.000     0.000 r  
    K17                                               0.000     0.000 r  eth_rxc (IN)
                         net (fo=0)                   0.000     0.000    eth_rxc
    K17                  IBUF (Prop_ibuf_I_O)         0.447     0.447 r  eth_rxc_IBUF_inst/O
                         net (fo=2, routed)           0.683     1.130    u_eth_udp_loop/u_gmii_to_rgmii/u_rgmii_rx/eth_rxc
    BUFGCTRL_X0Y16       BUFG (Prop_bufg_I_O)         0.029     1.159 r  u_eth_udp_loop/u_gmii_to_rgmii/u_rgmii_rx/BUFG_inst/O
                         net (fo=1641, routed)        0.823     1.982    u_eth_udp_loop/u_icmp/u_icmp_tx/gmii_rx_clk
    SLICE_X14Y64         FDCE                                         r  u_eth_udp_loop/u_icmp/u_icmp_tx/tx_data_num_reg[2]/C
                         clock pessimism             -0.252     1.731    
    SLICE_X14Y64         FDCE (Hold_fdce_C_D)         0.070     1.801    u_eth_udp_loop/u_icmp/u_icmp_tx/tx_data_num_reg[2]
  -------------------------------------------------------------------
                         required time                         -1.801    
                         arrival time                           1.876    
  -------------------------------------------------------------------
                         slack                                  0.075    

Slack (MET) :             0.082ns  (arrival time - required time)
  Source:                 u_eth_udp_loop/u_icmp/u_icmp_rx/rec_byte_num_reg[4]/C
                            (rising edge-triggered cell FDCE clocked by eth_rxc  {rise@0.000ns fall@4.000ns period=8.000ns})
  Destination:            u_eth_udp_loop/u_icmp/u_icmp_tx/total_num_reg[5]/D
                            (rising edge-triggered cell FDCE clocked by eth_rxc  {rise@0.000ns fall@4.000ns period=8.000ns})
  Path Group:             eth_rxc
  Path Type:              Hold (Min at Fast Process Corner)
  Requirement:            0.000ns  (eth_rxc rise@0.000ns - eth_rxc rise@0.000ns)
  Data Path Delay:        0.478ns  (logic 0.311ns (65.091%)  route 0.167ns (34.909%))
  Logic Levels:           2  (CARRY4=2)
  Clock Path Skew:        0.261ns (DCD - SCD - CPR)
    Destination Clock Delay (DCD):    1.977ns
    Source Clock Delay      (SCD):    1.464ns
    Clock Pessimism Removal (CPR):    0.252ns

    Location             Delay type                Incr(ns)  Path(ns)    Netlist Resource(s)
  -------------------------------------------------------------------    -------------------
                         (clock eth_rxc rise edge)    0.000     0.000 r  
    K17                                               0.000     0.000 r  eth_rxc (IN)
                         net (fo=0)                   0.000     0.000    eth_rxc
    K17                  IBUF (Prop_ibuf_I_O)         0.259     0.259 r  eth_rxc_IBUF_inst/O
                         net (fo=2, routed)           0.627     0.887    u_eth_udp_loop/u_gmii_to_rgmii/u_rgmii_rx/eth_rxc
    BUFGCTRL_X0Y16       BUFG (Prop_bufg_I_O)         0.026     0.913 r  u_eth_udp_loop/u_gmii_to_rgmii/u_rgmii_rx/BUFG_inst/O
                         net (fo=1641, routed)        0.552     1.464    u_eth_udp_loop/u_icmp/u_icmp_rx/gmii_rx_clk
    SLICE_X23Y65         FDCE                                         r  u_eth_udp_loop/u_icmp/u_icmp_rx/rec_byte_num_reg[4]/C
  -------------------------------------------------------------------    -------------------
    SLICE_X23Y65         FDCE (Prop_fdce_C_Q)         0.141     1.605 r  u_eth_udp_loop/u_icmp/u_icmp_rx/rec_byte_num_reg[4]/Q
                         net (fo=3, routed)           0.167     1.772    u_eth_udp_loop/u_icmp/u_icmp_tx/tx_data_num_reg[15]_0[4]
    SLICE_X20Y67         CARRY4 (Prop_carry4_DI[3]_CO[3])
                                                      0.117     1.889 r  u_eth_udp_loop/u_icmp/u_icmp_tx/total_num_reg[4]_i_1/CO[3]
                         net (fo=1, routed)           0.000     1.889    u_eth_udp_loop/u_icmp/u_icmp_tx/total_num_reg[4]_i_1_n_0
    SLICE_X20Y68         CARRY4 (Prop_carry4_CI_O[0])
                                                      0.053     1.942 r  u_eth_udp_loop/u_icmp/u_icmp_tx/total_num_reg[8]_i_1/O[0]
                         net (fo=1, routed)           0.000     1.942    u_eth_udp_loop/u_icmp/u_icmp_tx/total_num_reg[8]_i_1_n_7
    SLICE_X20Y68         FDCE                                         r  u_eth_udp_loop/u_icmp/u_icmp_tx/total_num_reg[5]/D
  -------------------------------------------------------------------    -------------------

                         (clock eth_rxc rise edge)    0.000     0.000 r  
    K17                                               0.000     0.000 r  eth_rxc (IN)
                         net (fo=0)                   0.000     0.000    eth_rxc
    K17                  IBUF (Prop_ibuf_I_O)         0.447     0.447 r  eth_rxc_IBUF_inst/O
                         net (fo=2, routed)           0.683     1.130    u_eth_udp_loop/u_gmii_to_rgmii/u_rgmii_rx/eth_rxc
    BUFGCTRL_X0Y16       BUFG (Prop_bufg_I_O)         0.029     1.159 r  u_eth_udp_loop/u_gmii_to_rgmii/u_rgmii_rx/BUFG_inst/O
                         net (fo=1641, routed)        0.818     1.977    u_eth_udp_loop/u_icmp/u_icmp_tx/gmii_rx_clk
    SLICE_X20Y68         FDCE                                         r  u_eth_udp_loop/u_icmp/u_icmp_tx/total_num_reg[5]/C
                         clock pessimism             -0.252     1.726    
    SLICE_X20Y68         FDCE (Hold_fdce_C_D)         0.134     1.860    u_eth_udp_loop/u_icmp/u_icmp_tx/total_num_reg[5]
  -------------------------------------------------------------------
                         required time                         -1.860    
                         arrival time                           1.942    
  -------------------------------------------------------------------
                         slack                                  0.082    

Slack (MET) :             0.083ns  (arrival time - required time)
  Source:                 u_eth_udp_loop/u_icmp/u_icmp_rx/rec_byte_num_reg[1]/C
                            (rising edge-triggered cell FDCE clocked by eth_rxc  {rise@0.000ns fall@4.000ns period=8.000ns})
  Destination:            u_eth_udp_loop/u_icmp/u_icmp_tx/total_num_reg[1]/D
                            (rising edge-triggered cell FDCE clocked by eth_rxc  {rise@0.000ns fall@4.000ns period=8.000ns})
  Path Group:             eth_rxc
  Path Type:              Hold (Min at Fast Process Corner)
  Requirement:            0.000ns  (eth_rxc rise@0.000ns - eth_rxc rise@0.000ns)
  Data Path Delay:        0.479ns  (logic 0.256ns (53.401%)  route 0.223ns (46.599%))
  Logic Levels:           1  (CARRY4=1)
  Clock Path Skew:        0.262ns (DCD - SCD - CPR)
    Destination Clock Delay (DCD):    1.978ns
    Source Clock Delay      (SCD):    1.464ns
    Clock Pessimism Removal (CPR):    0.252ns

    Location             Delay type                Incr(ns)  Path(ns)    Netlist Resource(s)
  -------------------------------------------------------------------    -------------------
                         (clock eth_rxc rise edge)    0.000     0.000 r  
    K17                                               0.000     0.000 r  eth_rxc (IN)
                         net (fo=0)                   0.000     0.000    eth_rxc
    K17                  IBUF (Prop_ibuf_I_O)         0.259     0.259 r  eth_rxc_IBUF_inst/O
                         net (fo=2, routed)           0.627     0.887    u_eth_udp_loop/u_gmii_to_rgmii/u_rgmii_rx/eth_rxc
    BUFGCTRL_X0Y16       BUFG (Prop_bufg_I_O)         0.026     0.913 r  u_eth_udp_loop/u_gmii_to_rgmii/u_rgmii_rx/BUFG_inst/O
                         net (fo=1641, routed)        0.552     1.464    u_eth_udp_loop/u_icmp/u_icmp_rx/gmii_rx_clk
    SLICE_X22Y65         FDCE                                         r  u_eth_udp_loop/u_icmp/u_icmp_rx/rec_byte_num_reg[1]/C
  -------------------------------------------------------------------    -------------------
    SLICE_X22Y65         FDCE (Prop_fdce_C_Q)         0.141     1.605 r  u_eth_udp_loop/u_icmp/u_icmp_rx/rec_byte_num_reg[1]/Q
                         net (fo=2, routed)           0.223     1.829    u_eth_udp_loop/u_icmp/u_icmp_tx/tx_data_num_reg[15]_0[1]
    SLICE_X20Y67         CARRY4 (Prop_carry4_S[0]_O[0])
                                                      0.115     1.944 r  u_eth_udp_loop/u_icmp/u_icmp_tx/total_num_reg[4]_i_1/O[0]
                         net (fo=1, routed)           0.000     1.944    u_eth_udp_loop/u_icmp/u_icmp_tx/total_num_reg[4]_i_1_n_7
    SLICE_X20Y67         FDCE                                         r  u_eth_udp_loop/u_icmp/u_icmp_tx/total_num_reg[1]/D
  -------------------------------------------------------------------    -------------------

                         (clock eth_rxc rise edge)    0.000     0.000 r  
    K17                                               0.000     0.000 r  eth_rxc (IN)
                         net (fo=0)                   0.000     0.000    eth_rxc
    K17                  IBUF (Prop_ibuf_I_O)         0.447     0.447 r  eth_rxc_IBUF_inst/O
                         net (fo=2, routed)           0.683     1.130    u_eth_udp_loop/u_gmii_to_rgmii/u_rgmii_rx/eth_rxc
    BUFGCTRL_X0Y16       BUFG (Prop_bufg_I_O)         0.029     1.159 r  u_eth_udp_loop/u_gmii_to_rgmii/u_rgmii_rx/BUFG_inst/O
                         net (fo=1641, routed)        0.819     1.978    u_eth_udp_loop/u_icmp/u_icmp_tx/gmii_rx_clk
    SLICE_X20Y67         FDCE                                         r  u_eth_udp_loop/u_icmp/u_icmp_tx/total_num_reg[1]/C
                         clock pessimism             -0.252     1.727    
    SLICE_X20Y67         FDCE (Hold_fdce_C_D)         0.134     1.861    u_eth_udp_loop/u_icmp/u_icmp_tx/total_num_reg[1]
  -------------------------------------------------------------------
                         required time                         -1.861    
                         arrival time                           1.944    
  -------------------------------------------------------------------
                         slack                                  0.083    





Pulse Width Checks
--------------------------------------------------------------------------------------
Clock Name:         eth_rxc
Waveform(ns):       { 0.000 4.000 }
Period(ns):         8.000
Sources:            { eth_rxc }

Check Type        Corner  Lib Pin             Reference Pin  Required(ns)  Actual(ns)  Slack(ns)  Location        Pin
Min Period        n/a     RAMB18E1/CLKARDCLK  n/a            2.576         8.000       5.424      RAMB18_X1Y22    u_eth_udp_loop/u_async_fifo_2048x8b/U0/inst_fifo_gen/gconvfifo.rf/grf.rf/gntv_or_sync_fifo.mem/gbm.gbmg.gbmga.ngecc.bmg/inst_blk_mem_gen/gnbram.gnativebmg.native_blk_mem_gen/valid.cstr/ramloop[0].ram.r/prim_noinit.ram/DEVICE_7SERIES.NO_BMM_INFO.SDP.SIMPLE_PRIM18.ram/CLKARDCLK
Min Period        n/a     RAMB18E1/CLKBWRCLK  n/a            2.576         8.000       5.424      RAMB18_X1Y22    u_eth_udp_loop/u_async_fifo_2048x8b/U0/inst_fifo_gen/gconvfifo.rf/grf.rf/gntv_or_sync_fifo.mem/gbm.gbmg.gbmga.ngecc.bmg/inst_blk_mem_gen/gnbram.gnativebmg.native_blk_mem_gen/valid.cstr/ramloop[0].ram.r/prim_noinit.ram/DEVICE_7SERIES.NO_BMM_INFO.SDP.SIMPLE_PRIM18.ram/CLKBWRCLK
Min Period        n/a     BUFG/I              n/a            2.155         8.000       5.845      BUFGCTRL_X0Y16  u_eth_udp_loop/u_gmii_to_rgmii/u_rgmii_rx/BUFG_inst/I
Min Period        n/a     BUFIO/I             n/a            1.666         8.000       6.334      BUFIO_X0Y6      u_eth_udp_loop/u_gmii_to_rgmii/u_rgmii_rx/BUFIO_inst/I
Min Period        n/a     IDDR/C              n/a            1.474         8.000       6.526      ILOGIC_X0Y95    u_eth_udp_loop/u_gmii_to_rgmii/u_rgmii_rx/rxdata_bus[1].u_iddr_rxd/C
Min Period        n/a     IDDR/C              n/a            1.474         8.000       6.526      ILOGIC_X0Y73    u_eth_udp_loop/u_gmii_to_rgmii/u_rgmii_rx/rxdata_bus[2].u_iddr_rxd/C
Min Period        n/a     IDDR/C              n/a            1.474         8.000       6.526      ILOGIC_X0Y74    u_eth_udp_loop/u_gmii_to_rgmii/u_rgmii_rx/rxdata_bus[3].u_iddr_rxd/C
Min Period        n/a     IDDR/C              n/a            1.474         8.000       6.526      ILOGIC_X0Y94    u_eth_udp_loop/u_gmii_to_rgmii/u_rgmii_rx/u_iddr_rx_ctl/C
Min Period        n/a     ODDR/C              n/a            1.474         8.000       6.526      OLOGIC_X0Y75    u_eth_udp_loop/u_gmii_to_rgmii/u_rgmii_tx/ODDR_inst/C
Min Period        n/a     ODDR/C              n/a            1.474         8.000       6.526      OLOGIC_X0Y93    u_eth_udp_loop/u_gmii_to_rgmii/u_rgmii_tx/txdata_bus[0].ODDR_inst/C
Low Pulse Width   Fast    FDCE/C              n/a            0.500         4.000       3.500      SLICE_X21Y81    u_eth_udp_loop/u_arp/u_arp_rx/src_mac_reg[43]/C
Low Pulse Width   Fast    FDCE/C              n/a            0.500         4.000       3.500      SLICE_X22Y81    u_eth_udp_loop/u_arp/u_arp_rx/src_mac_reg[44]/C
Low Pulse Width   Fast    FDCE/C              n/a            0.500         4.000       3.500      SLICE_X21Y81    u_eth_udp_loop/u_arp/u_arp_rx/src_mac_reg[45]/C
Low Pulse Width   Fast    FDCE/C              n/a            0.500         4.000       3.500      SLICE_X22Y81    u_eth_udp_loop/u_arp/u_arp_rx/src_mac_reg[46]/C
Low Pulse Width   Fast    FDCE/C              n/a            0.500         4.000       3.500      SLICE_X22Y81    u_eth_udp_loop/u_arp/u_arp_rx/src_mac_reg[4]/C
Low Pulse Width   Slow    FDCE/C              n/a            0.500         4.000       3.500      SLICE_X17Y82    u_eth_udp_loop/u_arp/u_arp_rx/src_mac_reg[5]/C
Low Pulse Width   Fast    FDCE/C              n/a            0.500         4.000       3.500      SLICE_X17Y82    u_eth_udp_loop/u_arp/u_arp_rx/src_mac_reg[5]/C
Low Pulse Width   Slow    FDCE/C              n/a            0.500         4.000       3.500      SLICE_X19Y81    u_eth_udp_loop/u_arp/u_arp_rx/src_mac_reg[6]/C
Low Pulse Width   Fast    FDCE/C              n/a            0.500         4.000       3.500      SLICE_X21Y83    u_eth_udp_loop/u_arp/u_arp_rx/src_mac_reg[8]/C
Low Pulse Width   Fast    FDCE/C              n/a            0.500         4.000       3.500      SLICE_X20Y64    u_eth_udp_loop/u_icmp/u_icmp_rx/rec_byte_num_reg[12]/C
High Pulse Width  Slow    FDCE/C              n/a            0.500         4.000       3.500      SLICE_X30Y62    u_eth_udp_loop/u_arp/u_arp_rx/des_ip_t_reg[3]/C
High Pulse Width  Fast    FDCE/C              n/a            0.500         4.000       3.500      SLICE_X30Y62    u_eth_udp_loop/u_arp/u_arp_rx/des_ip_t_reg[3]/C
High Pulse Width  Slow    FDCE/C              n/a            0.500         4.000       3.500      SLICE_X30Y61    u_eth_udp_loop/u_arp/u_arp_rx/des_ip_t_reg[4]/C
High Pulse Width  Slow    FDCE/C              n/a            0.500         4.000       3.500      SLICE_X30Y61    u_eth_udp_loop/u_arp/u_arp_rx/des_ip_t_reg[5]/C
High Pulse Width  Slow    FDCE/C              n/a            0.500         4.000       3.500      SLICE_X33Y62    u_eth_udp_loop/u_arp/u_arp_rx/des_ip_t_reg[6]/C
High Pulse Width  Fast    FDCE/C              n/a            0.500         4.000       3.500      SLICE_X33Y62    u_eth_udp_loop/u_arp/u_arp_rx/des_ip_t_reg[6]/C
High Pulse Width  Slow    FDCE/C              n/a            0.500         4.000       3.500      SLICE_X33Y62    u_eth_udp_loop/u_arp/u_arp_rx/des_ip_t_reg[7]/C
High Pulse Width  Fast    FDCE/C              n/a            0.500         4.000       3.500      SLICE_X33Y62    u_eth_udp_loop/u_arp/u_arp_rx/des_ip_t_reg[7]/C
High Pulse Width  Slow    FDCE/C              n/a            0.500         4.000       3.500      SLICE_X33Y61    u_eth_udp_loop/u_arp/u_arp_rx/des_ip_t_reg[8]/C
High Pulse Width  Slow    FDCE/C              n/a            0.500         4.000       3.500      SLICE_X33Y61    u_eth_udp_loop/u_arp/u_arp_rx/des_ip_t_reg[9]/C



---------------------------------------------------------------------------------------------------
From Clock:  sys_clk
  To Clock:  sys_clk

Setup :           NA  Failing Endpoints,  Worst Slack           NA  ,  Total Violation           NA
Hold  :           NA  Failing Endpoints,  Worst Slack           NA  ,  Total Violation           NA
PW    :            0  Failing Endpoints,  Worst Slack        7.000ns,  Total Violation        0.000ns
---------------------------------------------------------------------------------------------------


Pulse Width Checks
--------------------------------------------------------------------------------------
Clock Name:         sys_clk
Waveform(ns):       { 0.000 10.000 }
Period(ns):         20.000
Sources:            { sys_clk }

Check Type        Corner  Lib Pin            Reference Pin  Required(ns)  Actual(ns)  Slack(ns)  Location         Pin
Min Period        n/a     MMCME2_ADV/CLKIN1  n/a            1.249         20.000      18.751     MMCME2_ADV_X0Y0  u_clk_wiz_0/inst/mmcm_adv_inst/CLKIN1
Max Period        n/a     MMCME2_ADV/CLKIN1  n/a            100.000       20.000      80.000     MMCME2_ADV_X0Y0  u_clk_wiz_0/inst/mmcm_adv_inst/CLKIN1
Low Pulse Width   Slow    MMCME2_ADV/CLKIN1  n/a            3.000         10.000      7.000      MMCME2_ADV_X0Y0  u_clk_wiz_0/inst/mmcm_adv_inst/CLKIN1
Low Pulse Width   Fast    MMCME2_ADV/CLKIN1  n/a            3.000         10.000      7.000      MMCME2_ADV_X0Y0  u_clk_wiz_0/inst/mmcm_adv_inst/CLKIN1
High Pulse Width  Slow    MMCME2_ADV/CLKIN1  n/a            3.000         10.000      7.000      MMCME2_ADV_X0Y0  u_clk_wiz_0/inst/mmcm_adv_inst/CLKIN1
High Pulse Width  Fast    MMCME2_ADV/CLKIN1  n/a            3.000         10.000      7.000      MMCME2_ADV_X0Y0  u_clk_wiz_0/inst/mmcm_adv_inst/CLKIN1



---------------------------------------------------------------------------------------------------
From Clock:  clk_out1_clk_wiz_0
  To Clock:  clk_out1_clk_wiz_0

Setup :            0  Failing Endpoints,  Worst Slack        0.422ns,  Total Violation        0.000ns
Hold  :            0  Failing Endpoints,  Worst Slack        0.153ns,  Total Violation        0.000ns
PW    :            0  Failing Endpoints,  Worst Slack        2.000ns,  Total Violation        0.000ns
---------------------------------------------------------------------------------------------------


Max Delay Paths
--------------------------------------------------------------------------------------
Slack (MET) :             0.422ns  (required time - arrival time)
  Source:                 u_AD9269/U_AD9269_SPI/DELAY_CNT_reg[2]/C
                            (rising edge-triggered cell FDCE clocked by clk_out1_clk_wiz_0  {rise@0.000ns fall@2.500ns period=5.000ns})
  Destination:            u_AD9269/U_AD9269_SPI/DELAY_CNT_reg[19]/D
                            (rising edge-triggered cell FDCE clocked by clk_out1_clk_wiz_0  {rise@0.000ns fall@2.500ns period=5.000ns})
  Path Group:             clk_out1_clk_wiz_0
  Path Type:              Setup (Max at Slow Process Corner)
  Requirement:            5.000ns  (clk_out1_clk_wiz_0 rise@5.000ns - clk_out1_clk_wiz_0 rise@0.000ns)
  Data Path Delay:        4.113ns  (logic 1.844ns (44.835%)  route 2.269ns (55.165%))
  Logic Levels:           8  (CARRY4=4 LUT2=1 LUT5=2 LUT6=1)
  Clock Path Skew:        -0.188ns (DCD - SCD + CPR)
    Destination Clock Delay (DCD):    -1.243ns = ( 3.757 - 5.000 ) 
    Source Clock Delay      (SCD):    -0.581ns
    Clock Pessimism Removal (CPR):    0.474ns
  Clock Uncertainty:      0.079ns  ((TSJ^2 + DJ^2)^1/2) / 2 + PE
    Total System Jitter     (TSJ):    0.071ns
    Discrete Jitter          (DJ):    0.142ns
    Phase Error              (PE):    0.000ns

    Location             Delay type                Incr(ns)  Path(ns)    Netlist Resource(s)
  -------------------------------------------------------------------    -------------------
                         (clock clk_out1_clk_wiz_0 rise edge)
                                                      0.000     0.000 r  
    U18                                               0.000     0.000 r  sys_clk (IN)
                         net (fo=0)                   0.000     0.000    u_clk_wiz_0/inst/clk_in1
    U18                  IBUF (Prop_ibuf_I_O)         1.530     1.530 r  u_clk_wiz_0/inst/clkin1_ibufg/O
                         net (fo=1, routed)           1.285     2.815    u_clk_wiz_0/inst/clk_in1_clk_wiz_0
    MMCME2_ADV_X0Y0      MMCME2_ADV (Prop_mmcme2_adv_CLKIN1_CLKOUT0)
                                                     -7.010    -4.195 r  u_clk_wiz_0/inst/mmcm_adv_inst/CLKOUT0
                         net (fo=1, routed)           1.760    -2.435    u_clk_wiz_0/inst/clk_out1_clk_wiz_0
    BUFGCTRL_X0Y2        BUFG (Prop_bufg_I_O)         0.101    -2.334 r  u_clk_wiz_0/inst/clkout1_buf/O
                         net (fo=43, routed)          1.753    -0.581    u_AD9269/U_AD9269_SPI/clk_out1
    SLICE_X36Y49         FDCE                                         r  u_AD9269/U_AD9269_SPI/DELAY_CNT_reg[2]/C
  -------------------------------------------------------------------    -------------------
    SLICE_X36Y49         FDCE (Prop_fdce_C_Q)         0.456    -0.125 f  u_AD9269/U_AD9269_SPI/DELAY_CNT_reg[2]/Q
                         net (fo=2, routed)           0.815     0.690    u_AD9269/U_AD9269_SPI/DELAY_CNT_reg[2]
    SLICE_X38Y50         LUT5 (Prop_lut5_I2_O)        0.124     0.814 r  u_AD9269/U_AD9269_SPI/FSM_sequential_STATE[0]_i_5/O
                         net (fo=1, routed)           0.412     1.226    u_AD9269/U_AD9269_SPI/FSM_sequential_STATE[0]_i_5_n_0
    SLICE_X37Y49         LUT6 (Prop_lut6_I3_O)        0.124     1.350 r  u_AD9269/U_AD9269_SPI/FSM_sequential_STATE[0]_i_3/O
                         net (fo=1, routed)           0.304     1.654    u_AD9269/U_AD9269_SPI/FSM_sequential_STATE[0]_i_3_n_0
    SLICE_X38Y49         LUT5 (Prop_lut5_I2_O)        0.124     1.778 f  u_AD9269/U_AD9269_SPI/FSM_sequential_STATE[0]_i_2/O
                         net (fo=21, routed)          0.738     2.516    u_AD9269/U_AD9269_SPI/FSM_sequential_STATE[0]_i_2_n_0
    SLICE_X39Y50         LUT2 (Prop_lut2_I1_O)        0.124     2.640 r  u_AD9269/U_AD9269_SPI/DELAY_CNT[4]_i_4/O
                         net (fo=1, routed)           0.000     2.640    u_AD9269/U_AD9269_SPI/DELAY_CNT[4]_i_4_n_0
    SLICE_X39Y50         CARRY4 (Prop_carry4_S[1]_CO[3])
                                                      0.550     3.190 r  u_AD9269/U_AD9269_SPI/DELAY_CNT_reg[4]_i_1/CO[3]
                         net (fo=1, routed)           0.000     3.190    u_AD9269/U_AD9269_SPI/DELAY_CNT_reg[4]_i_1_n_0
    SLICE_X39Y51         CARRY4 (Prop_carry4_CI_CO[3])
                                                      0.114     3.304 r  u_AD9269/U_AD9269_SPI/DELAY_CNT_reg[8]_i_1/CO[3]
                         net (fo=1, routed)           0.000     3.304    u_AD9269/U_AD9269_SPI/DELAY_CNT_reg[8]_i_1_n_0
    SLICE_X39Y52         CARRY4 (Prop_carry4_CI_CO[3])
                                                      0.114     3.418 r  u_AD9269/U_AD9269_SPI/DELAY_CNT_reg[12]_i_1/CO[3]
                         net (fo=1, routed)           0.000     3.418    u_AD9269/U_AD9269_SPI/DELAY_CNT_reg[12]_i_1_n_0
    SLICE_X39Y53         CARRY4 (Prop_carry4_CI_CO[3])
                                                      0.114     3.532 r  u_AD9269/U_AD9269_SPI/DELAY_CNT_reg[16]_i_1/CO[3]
                         net (fo=1, routed)           0.000     3.532    u_AD9269/U_AD9269_SPI/DELAY_CNT_reg[16]_i_1_n_0
    SLICE_X39Y53         FDCE                                         r  u_AD9269/U_AD9269_SPI/DELAY_CNT_reg[19]/D
  -------------------------------------------------------------------    -------------------

                         (clock clk_out1_clk_wiz_0 rise edge)
                                                      5.000     5.000 r  
    U18                                               0.000     5.000 r  sys_clk (IN)
                         net (fo=0)                   0.000     5.000    u_clk_wiz_0/inst/clk_in1
    U18                  IBUF (Prop_ibuf_I_O)         1.459     6.459 r  u_clk_wiz_0/inst/clkin1_ibufg/O
                         net (fo=1, routed)           1.162     7.621    u_clk_wiz_0/inst/clk_in1_clk_wiz_0
    MMCME2_ADV_X0Y0      MMCME2_ADV (Prop_mmcme2_adv_CLKIN1_CLKOUT0)
                                                     -7.118     0.502 r  u_clk_wiz_0/inst/mmcm_adv_inst/CLKOUT0
                         net (fo=1, routed)           1.599     2.102    u_clk_wiz_0/inst/clk_out1_clk_wiz_0
    BUFGCTRL_X0Y2        BUFG (Prop_bufg_I_O)         0.091     2.193 r  u_clk_wiz_0/inst/clkout1_buf/O
                         net (fo=43, routed)          1.565     3.757    u_AD9269/U_AD9269_SPI/clk_out1
    SLICE_X39Y53         FDCE                                         r  u_AD9269/U_AD9269_SPI/DELAY_CNT_reg[19]/C
                         clock pessimism              0.474     4.231    
                         clock uncertainty           -0.079     4.151    
    SLICE_X39Y53         FDCE (Setup_fdce_C_D)       -0.198     3.953    u_AD9269/U_AD9269_SPI/DELAY_CNT_reg[19]
  -------------------------------------------------------------------
                         required time                          3.953    
                         arrival time                          -3.532    
  -------------------------------------------------------------------
                         slack                                  0.422    

Slack (MET) :             0.462ns  (required time - arrival time)
  Source:                 u_AD9269/U_AD9269_SPI/DELAY_CNT_reg[2]/C
                            (rising edge-triggered cell FDCE clocked by clk_out1_clk_wiz_0  {rise@0.000ns fall@2.500ns period=5.000ns})
  Destination:            u_AD9269/U_AD9269_SPI/DELAY_CNT_reg[17]/D
                            (rising edge-triggered cell FDCE clocked by clk_out1_clk_wiz_0  {rise@0.000ns fall@2.500ns period=5.000ns})
  Path Group:             clk_out1_clk_wiz_0
  Path Type:              Setup (Max at Slow Process Corner)
  Requirement:            5.000ns  (clk_out1_clk_wiz_0 rise@5.000ns - clk_out1_clk_wiz_0 rise@0.000ns)
  Data Path Delay:        4.333ns  (logic 2.064ns (47.636%)  route 2.269ns (52.364%))
  Logic Levels:           8  (CARRY4=4 LUT2=1 LUT5=2 LUT6=1)
  Clock Path Skew:        -0.188ns (DCD - SCD + CPR)
    Destination Clock Delay (DCD):    -1.243ns = ( 3.757 - 5.000 ) 
    Source Clock Delay      (SCD):    -0.581ns
    Clock Pessimism Removal (CPR):    0.474ns
  Clock Uncertainty:      0.079ns  ((TSJ^2 + DJ^2)^1/2) / 2 + PE
    Total System Jitter     (TSJ):    0.071ns
    Discrete Jitter          (DJ):    0.142ns
    Phase Error              (PE):    0.000ns

    Location             Delay type                Incr(ns)  Path(ns)    Netlist Resource(s)
  -------------------------------------------------------------------    -------------------
                         (clock clk_out1_clk_wiz_0 rise edge)
                                                      0.000     0.000 r  
    U18                                               0.000     0.000 r  sys_clk (IN)
                         net (fo=0)                   0.000     0.000    u_clk_wiz_0/inst/clk_in1
    U18                  IBUF (Prop_ibuf_I_O)         1.530     1.530 r  u_clk_wiz_0/inst/clkin1_ibufg/O
                         net (fo=1, routed)           1.285     2.815    u_clk_wiz_0/inst/clk_in1_clk_wiz_0
    MMCME2_ADV_X0Y0      MMCME2_ADV (Prop_mmcme2_adv_CLKIN1_CLKOUT0)
                                                     -7.010    -4.195 r  u_clk_wiz_0/inst/mmcm_adv_inst/CLKOUT0
                         net (fo=1, routed)           1.760    -2.435    u_clk_wiz_0/inst/clk_out1_clk_wiz_0
    BUFGCTRL_X0Y2        BUFG (Prop_bufg_I_O)         0.101    -2.334 r  u_clk_wiz_0/inst/clkout1_buf/O
                         net (fo=43, routed)          1.753    -0.581    u_AD9269/U_AD9269_SPI/clk_out1
    SLICE_X36Y49         FDCE                                         r  u_AD9269/U_AD9269_SPI/DELAY_CNT_reg[2]/C
  -------------------------------------------------------------------    -------------------
    SLICE_X36Y49         FDCE (Prop_fdce_C_Q)         0.456    -0.125 f  u_AD9269/U_AD9269_SPI/DELAY_CNT_reg[2]/Q
                         net (fo=2, routed)           0.815     0.690    u_AD9269/U_AD9269_SPI/DELAY_CNT_reg[2]
    SLICE_X38Y50         LUT5 (Prop_lut5_I2_O)        0.124     0.814 r  u_AD9269/U_AD9269_SPI/FSM_sequential_STATE[0]_i_5/O
                         net (fo=1, routed)           0.412     1.226    u_AD9269/U_AD9269_SPI/FSM_sequential_STATE[0]_i_5_n_0
    SLICE_X37Y49         LUT6 (Prop_lut6_I3_O)        0.124     1.350 r  u_AD9269/U_AD9269_SPI/FSM_sequential_STATE[0]_i_3/O
                         net (fo=1, routed)           0.304     1.654    u_AD9269/U_AD9269_SPI/FSM_sequential_STATE[0]_i_3_n_0
    SLICE_X38Y49         LUT5 (Prop_lut5_I2_O)        0.124     1.778 f  u_AD9269/U_AD9269_SPI/FSM_sequential_STATE[0]_i_2/O
                         net (fo=21, routed)          0.738     2.516    u_AD9269/U_AD9269_SPI/FSM_sequential_STATE[0]_i_2_n_0
    SLICE_X39Y50         LUT2 (Prop_lut2_I1_O)        0.124     2.640 r  u_AD9269/U_AD9269_SPI/DELAY_CNT[4]_i_4/O
                         net (fo=1, routed)           0.000     2.640    u_AD9269/U_AD9269_SPI/DELAY_CNT[4]_i_4_n_0
    SLICE_X39Y50         CARRY4 (Prop_carry4_S[1]_CO[3])
                                                      0.550     3.190 r  u_AD9269/U_AD9269_SPI/DELAY_CNT_reg[4]_i_1/CO[3]
                         net (fo=1, routed)           0.000     3.190    u_AD9269/U_AD9269_SPI/DELAY_CNT_reg[4]_i_1_n_0
    SLICE_X39Y51         CARRY4 (Prop_carry4_CI_CO[3])
                                                      0.114     3.304 r  u_AD9269/U_AD9269_SPI/DELAY_CNT_reg[8]_i_1/CO[3]
                         net (fo=1, routed)           0.000     3.304    u_AD9269/U_AD9269_SPI/DELAY_CNT_reg[8]_i_1_n_0
    SLICE_X39Y52         CARRY4 (Prop_carry4_CI_CO[3])
                                                      0.114     3.418 r  u_AD9269/U_AD9269_SPI/DELAY_CNT_reg[12]_i_1/CO[3]
                         net (fo=1, routed)           0.000     3.418    u_AD9269/U_AD9269_SPI/DELAY_CNT_reg[12]_i_1_n_0
    SLICE_X39Y53         CARRY4 (Prop_carry4_CI_O[1])
                                                      0.334     3.752 r  u_AD9269/U_AD9269_SPI/DELAY_CNT_reg[16]_i_1/O[1]
                         net (fo=1, routed)           0.000     3.752    u_AD9269/U_AD9269_SPI/DELAY_CNT_reg[16]_i_1_n_6
    SLICE_X39Y53         FDCE                                         r  u_AD9269/U_AD9269_SPI/DELAY_CNT_reg[17]/D
  -------------------------------------------------------------------    -------------------

                         (clock clk_out1_clk_wiz_0 rise edge)
                                                      5.000     5.000 r  
    U18                                               0.000     5.000 r  sys_clk (IN)
                         net (fo=0)                   0.000     5.000    u_clk_wiz_0/inst/clk_in1
    U18                  IBUF (Prop_ibuf_I_O)         1.459     6.459 r  u_clk_wiz_0/inst/clkin1_ibufg/O
                         net (fo=1, routed)           1.162     7.621    u_clk_wiz_0/inst/clk_in1_clk_wiz_0
    MMCME2_ADV_X0Y0      MMCME2_ADV (Prop_mmcme2_adv_CLKIN1_CLKOUT0)
                                                     -7.118     0.502 r  u_clk_wiz_0/inst/mmcm_adv_inst/CLKOUT0
                         net (fo=1, routed)           1.599     2.102    u_clk_wiz_0/inst/clk_out1_clk_wiz_0
    BUFGCTRL_X0Y2        BUFG (Prop_bufg_I_O)         0.091     2.193 r  u_clk_wiz_0/inst/clkout1_buf/O
                         net (fo=43, routed)          1.565     3.757    u_AD9269/U_AD9269_SPI/clk_out1
    SLICE_X39Y53         FDCE                                         r  u_AD9269/U_AD9269_SPI/DELAY_CNT_reg[17]/C
                         clock pessimism              0.474     4.231    
                         clock uncertainty           -0.079     4.151    
    SLICE_X39Y53         FDCE (Setup_fdce_C_D)        0.062     4.213    u_AD9269/U_AD9269_SPI/DELAY_CNT_reg[17]
  -------------------------------------------------------------------
                         required time                          4.213    
                         arrival time                          -3.752    
  -------------------------------------------------------------------
                         slack                                  0.462    

Slack (MET) :             0.557ns  (required time - arrival time)
  Source:                 u_AD9269/U_AD9269_SPI/DELAY_CNT_reg[2]/C
                            (rising edge-triggered cell FDCE clocked by clk_out1_clk_wiz_0  {rise@0.000ns fall@2.500ns period=5.000ns})
  Destination:            u_AD9269/U_AD9269_SPI/DELAY_CNT_reg[18]/D
                            (rising edge-triggered cell FDCE clocked by clk_out1_clk_wiz_0  {rise@0.000ns fall@2.500ns period=5.000ns})
  Path Group:             clk_out1_clk_wiz_0
  Path Type:              Setup (Max at Slow Process Corner)
  Requirement:            5.000ns  (clk_out1_clk_wiz_0 rise@5.000ns - clk_out1_clk_wiz_0 rise@0.000ns)
  Data Path Delay:        4.238ns  (logic 1.969ns (46.463%)  route 2.269ns (53.537%))
  Logic Levels:           8  (CARRY4=4 LUT2=1 LUT5=2 LUT6=1)
  Clock Path Skew:        -0.188ns (DCD - SCD + CPR)
    Destination Clock Delay (DCD):    -1.243ns = ( 3.757 - 5.000 ) 
    Source Clock Delay      (SCD):    -0.581ns
    Clock Pessimism Removal (CPR):    0.474ns
  Clock Uncertainty:      0.079ns  ((TSJ^2 + DJ^2)^1/2) / 2 + PE
    Total System Jitter     (TSJ):    0.071ns
    Discrete Jitter          (DJ):    0.142ns
    Phase Error              (PE):    0.000ns

    Location             Delay type                Incr(ns)  Path(ns)    Netlist Resource(s)
  -------------------------------------------------------------------    -------------------
                         (clock clk_out1_clk_wiz_0 rise edge)
                                                      0.000     0.000 r  
    U18                                               0.000     0.000 r  sys_clk (IN)
                         net (fo=0)                   0.000     0.000    u_clk_wiz_0/inst/clk_in1
    U18                  IBUF (Prop_ibuf_I_O)         1.530     1.530 r  u_clk_wiz_0/inst/clkin1_ibufg/O
                         net (fo=1, routed)           1.285     2.815    u_clk_wiz_0/inst/clk_in1_clk_wiz_0
    MMCME2_ADV_X0Y0      MMCME2_ADV (Prop_mmcme2_adv_CLKIN1_CLKOUT0)
                                                     -7.010    -4.195 r  u_clk_wiz_0/inst/mmcm_adv_inst/CLKOUT0
                         net (fo=1, routed)           1.760    -2.435    u_clk_wiz_0/inst/clk_out1_clk_wiz_0
    BUFGCTRL_X0Y2        BUFG (Prop_bufg_I_O)         0.101    -2.334 r  u_clk_wiz_0/inst/clkout1_buf/O
                         net (fo=43, routed)          1.753    -0.581    u_AD9269/U_AD9269_SPI/clk_out1
    SLICE_X36Y49         FDCE                                         r  u_AD9269/U_AD9269_SPI/DELAY_CNT_reg[2]/C
  -------------------------------------------------------------------    -------------------
    SLICE_X36Y49         FDCE (Prop_fdce_C_Q)         0.456    -0.125 f  u_AD9269/U_AD9269_SPI/DELAY_CNT_reg[2]/Q
                         net (fo=2, routed)           0.815     0.690    u_AD9269/U_AD9269_SPI/DELAY_CNT_reg[2]
    SLICE_X38Y50         LUT5 (Prop_lut5_I2_O)        0.124     0.814 r  u_AD9269/U_AD9269_SPI/FSM_sequential_STATE[0]_i_5/O
                         net (fo=1, routed)           0.412     1.226    u_AD9269/U_AD9269_SPI/FSM_sequential_STATE[0]_i_5_n_0
    SLICE_X37Y49         LUT6 (Prop_lut6_I3_O)        0.124     1.350 r  u_AD9269/U_AD9269_SPI/FSM_sequential_STATE[0]_i_3/O
                         net (fo=1, routed)           0.304     1.654    u_AD9269/U_AD9269_SPI/FSM_sequential_STATE[0]_i_3_n_0
    SLICE_X38Y49         LUT5 (Prop_lut5_I2_O)        0.124     1.778 f  u_AD9269/U_AD9269_SPI/FSM_sequential_STATE[0]_i_2/O
                         net (fo=21, routed)          0.738     2.516    u_AD9269/U_AD9269_SPI/FSM_sequential_STATE[0]_i_2_n_0
    SLICE_X39Y50         LUT2 (Prop_lut2_I1_O)        0.124     2.640 r  u_AD9269/U_AD9269_SPI/DELAY_CNT[4]_i_4/O
                         net (fo=1, routed)           0.000     2.640    u_AD9269/U_AD9269_SPI/DELAY_CNT[4]_i_4_n_0
    SLICE_X39Y50         CARRY4 (Prop_carry4_S[1]_CO[3])
                                                      0.550     3.190 r  u_AD9269/U_AD9269_SPI/DELAY_CNT_reg[4]_i_1/CO[3]
                         net (fo=1, routed)           0.000     3.190    u_AD9269/U_AD9269_SPI/DELAY_CNT_reg[4]_i_1_n_0
    SLICE_X39Y51         CARRY4 (Prop_carry4_CI_CO[3])
                                                      0.114     3.304 r  u_AD9269/U_AD9269_SPI/DELAY_CNT_reg[8]_i_1/CO[3]
                         net (fo=1, routed)           0.000     3.304    u_AD9269/U_AD9269_SPI/DELAY_CNT_reg[8]_i_1_n_0
    SLICE_X39Y52         CARRY4 (Prop_carry4_CI_CO[3])
                                                      0.114     3.418 r  u_AD9269/U_AD9269_SPI/DELAY_CNT_reg[12]_i_1/CO[3]
                         net (fo=1, routed)           0.000     3.418    u_AD9269/U_AD9269_SPI/DELAY_CNT_reg[12]_i_1_n_0
    SLICE_X39Y53         CARRY4 (Prop_carry4_CI_O[2])
                                                      0.239     3.657 r  u_AD9269/U_AD9269_SPI/DELAY_CNT_reg[16]_i_1/O[2]
                         net (fo=1, routed)           0.000     3.657    u_AD9269/U_AD9269_SPI/DELAY_CNT_reg[16]_i_1_n_5
    SLICE_X39Y53         FDCE                                         r  u_AD9269/U_AD9269_SPI/DELAY_CNT_reg[18]/D
  -------------------------------------------------------------------    -------------------

                         (clock clk_out1_clk_wiz_0 rise edge)
                                                      5.000     5.000 r  
    U18                                               0.000     5.000 r  sys_clk (IN)
                         net (fo=0)                   0.000     5.000    u_clk_wiz_0/inst/clk_in1
    U18                  IBUF (Prop_ibuf_I_O)         1.459     6.459 r  u_clk_wiz_0/inst/clkin1_ibufg/O
                         net (fo=1, routed)           1.162     7.621    u_clk_wiz_0/inst/clk_in1_clk_wiz_0
    MMCME2_ADV_X0Y0      MMCME2_ADV (Prop_mmcme2_adv_CLKIN1_CLKOUT0)
                                                     -7.118     0.502 r  u_clk_wiz_0/inst/mmcm_adv_inst/CLKOUT0
                         net (fo=1, routed)           1.599     2.102    u_clk_wiz_0/inst/clk_out1_clk_wiz_0
    BUFGCTRL_X0Y2        BUFG (Prop_bufg_I_O)         0.091     2.193 r  u_clk_wiz_0/inst/clkout1_buf/O
                         net (fo=43, routed)          1.565     3.757    u_AD9269/U_AD9269_SPI/clk_out1
    SLICE_X39Y53         FDCE                                         r  u_AD9269/U_AD9269_SPI/DELAY_CNT_reg[18]/C
                         clock pessimism              0.474     4.231    
                         clock uncertainty           -0.079     4.151    
    SLICE_X39Y53         FDCE (Setup_fdce_C_D)        0.062     4.213    u_AD9269/U_AD9269_SPI/DELAY_CNT_reg[18]
  -------------------------------------------------------------------
                         required time                          4.213    
                         arrival time                          -3.657    
  -------------------------------------------------------------------
                         slack                                  0.557    

Slack (MET) :             0.573ns  (required time - arrival time)
  Source:                 u_AD9269/U_AD9269_SPI/DELAY_CNT_reg[2]/C
                            (rising edge-triggered cell FDCE clocked by clk_out1_clk_wiz_0  {rise@0.000ns fall@2.500ns period=5.000ns})
  Destination:            u_AD9269/U_AD9269_SPI/DELAY_CNT_reg[16]/D
                            (rising edge-triggered cell FDCE clocked by clk_out1_clk_wiz_0  {rise@0.000ns fall@2.500ns period=5.000ns})
  Path Group:             clk_out1_clk_wiz_0
  Path Type:              Setup (Max at Slow Process Corner)
  Requirement:            5.000ns  (clk_out1_clk_wiz_0 rise@5.000ns - clk_out1_clk_wiz_0 rise@0.000ns)
  Data Path Delay:        4.222ns  (logic 1.953ns (46.260%)  route 2.269ns (53.740%))
  Logic Levels:           8  (CARRY4=4 LUT2=1 LUT5=2 LUT6=1)
  Clock Path Skew:        -0.188ns (DCD - SCD + CPR)
    Destination Clock Delay (DCD):    -1.243ns = ( 3.757 - 5.000 ) 
    Source Clock Delay      (SCD):    -0.581ns
    Clock Pessimism Removal (CPR):    0.474ns
  Clock Uncertainty:      0.079ns  ((TSJ^2 + DJ^2)^1/2) / 2 + PE
    Total System Jitter     (TSJ):    0.071ns
    Discrete Jitter          (DJ):    0.142ns
    Phase Error              (PE):    0.000ns

    Location             Delay type                Incr(ns)  Path(ns)    Netlist Resource(s)
  -------------------------------------------------------------------    -------------------
                         (clock clk_out1_clk_wiz_0 rise edge)
                                                      0.000     0.000 r  
    U18                                               0.000     0.000 r  sys_clk (IN)
                         net (fo=0)                   0.000     0.000    u_clk_wiz_0/inst/clk_in1
    U18                  IBUF (Prop_ibuf_I_O)         1.530     1.530 r  u_clk_wiz_0/inst/clkin1_ibufg/O
                         net (fo=1, routed)           1.285     2.815    u_clk_wiz_0/inst/clk_in1_clk_wiz_0
    MMCME2_ADV_X0Y0      MMCME2_ADV (Prop_mmcme2_adv_CLKIN1_CLKOUT0)
                                                     -7.010    -4.195 r  u_clk_wiz_0/inst/mmcm_adv_inst/CLKOUT0
                         net (fo=1, routed)           1.760    -2.435    u_clk_wiz_0/inst/clk_out1_clk_wiz_0
    BUFGCTRL_X0Y2        BUFG (Prop_bufg_I_O)         0.101    -2.334 r  u_clk_wiz_0/inst/clkout1_buf/O
                         net (fo=43, routed)          1.753    -0.581    u_AD9269/U_AD9269_SPI/clk_out1
    SLICE_X36Y49         FDCE                                         r  u_AD9269/U_AD9269_SPI/DELAY_CNT_reg[2]/C
  -------------------------------------------------------------------    -------------------
    SLICE_X36Y49         FDCE (Prop_fdce_C_Q)         0.456    -0.125 f  u_AD9269/U_AD9269_SPI/DELAY_CNT_reg[2]/Q
                         net (fo=2, routed)           0.815     0.690    u_AD9269/U_AD9269_SPI/DELAY_CNT_reg[2]
    SLICE_X38Y50         LUT5 (Prop_lut5_I2_O)        0.124     0.814 r  u_AD9269/U_AD9269_SPI/FSM_sequential_STATE[0]_i_5/O
                         net (fo=1, routed)           0.412     1.226    u_AD9269/U_AD9269_SPI/FSM_sequential_STATE[0]_i_5_n_0
    SLICE_X37Y49         LUT6 (Prop_lut6_I3_O)        0.124     1.350 r  u_AD9269/U_AD9269_SPI/FSM_sequential_STATE[0]_i_3/O
                         net (fo=1, routed)           0.304     1.654    u_AD9269/U_AD9269_SPI/FSM_sequential_STATE[0]_i_3_n_0
    SLICE_X38Y49         LUT5 (Prop_lut5_I2_O)        0.124     1.778 f  u_AD9269/U_AD9269_SPI/FSM_sequential_STATE[0]_i_2/O
                         net (fo=21, routed)          0.738     2.516    u_AD9269/U_AD9269_SPI/FSM_sequential_STATE[0]_i_2_n_0
    SLICE_X39Y50         LUT2 (Prop_lut2_I1_O)        0.124     2.640 r  u_AD9269/U_AD9269_SPI/DELAY_CNT[4]_i_4/O
                         net (fo=1, routed)           0.000     2.640    u_AD9269/U_AD9269_SPI/DELAY_CNT[4]_i_4_n_0
    SLICE_X39Y50         CARRY4 (Prop_carry4_S[1]_CO[3])
                                                      0.550     3.190 r  u_AD9269/U_AD9269_SPI/DELAY_CNT_reg[4]_i_1/CO[3]
                         net (fo=1, routed)           0.000     3.190    u_AD9269/U_AD9269_SPI/DELAY_CNT_reg[4]_i_1_n_0
    SLICE_X39Y51         CARRY4 (Prop_carry4_CI_CO[3])
                                                      0.114     3.304 r  u_AD9269/U_AD9269_SPI/DELAY_CNT_reg[8]_i_1/CO[3]
                         net (fo=1, routed)           0.000     3.304    u_AD9269/U_AD9269_SPI/DELAY_CNT_reg[8]_i_1_n_0
    SLICE_X39Y52         CARRY4 (Prop_carry4_CI_CO[3])
                                                      0.114     3.418 r  u_AD9269/U_AD9269_SPI/DELAY_CNT_reg[12]_i_1/CO[3]
                         net (fo=1, routed)           0.000     3.418    u_AD9269/U_AD9269_SPI/DELAY_CNT_reg[12]_i_1_n_0
    SLICE_X39Y53         CARRY4 (Prop_carry4_CI_O[0])
                                                      0.223     3.641 r  u_AD9269/U_AD9269_SPI/DELAY_CNT_reg[16]_i_1/O[0]
                         net (fo=1, routed)           0.000     3.641    u_AD9269/U_AD9269_SPI/DELAY_CNT_reg[16]_i_1_n_7
    SLICE_X39Y53         FDCE                                         r  u_AD9269/U_AD9269_SPI/DELAY_CNT_reg[16]/D
  -------------------------------------------------------------------    -------------------

                         (clock clk_out1_clk_wiz_0 rise edge)
                                                      5.000     5.000 r  
    U18                                               0.000     5.000 r  sys_clk (IN)
                         net (fo=0)                   0.000     5.000    u_clk_wiz_0/inst/clk_in1
    U18                  IBUF (Prop_ibuf_I_O)         1.459     6.459 r  u_clk_wiz_0/inst/clkin1_ibufg/O
                         net (fo=1, routed)           1.162     7.621    u_clk_wiz_0/inst/clk_in1_clk_wiz_0
    MMCME2_ADV_X0Y0      MMCME2_ADV (Prop_mmcme2_adv_CLKIN1_CLKOUT0)
                                                     -7.118     0.502 r  u_clk_wiz_0/inst/mmcm_adv_inst/CLKOUT0
                         net (fo=1, routed)           1.599     2.102    u_clk_wiz_0/inst/clk_out1_clk_wiz_0
    BUFGCTRL_X0Y2        BUFG (Prop_bufg_I_O)         0.091     2.193 r  u_clk_wiz_0/inst/clkout1_buf/O
                         net (fo=43, routed)          1.565     3.757    u_AD9269/U_AD9269_SPI/clk_out1
    SLICE_X39Y53         FDCE                                         r  u_AD9269/U_AD9269_SPI/DELAY_CNT_reg[16]/C
                         clock pessimism              0.474     4.231    
                         clock uncertainty           -0.079     4.151    
    SLICE_X39Y53         FDCE (Setup_fdce_C_D)        0.062     4.213    u_AD9269/U_AD9269_SPI/DELAY_CNT_reg[16]
  -------------------------------------------------------------------
                         required time                          4.213    
                         arrival time                          -3.641    
  -------------------------------------------------------------------
                         slack                                  0.573    

Slack (MET) :             0.577ns  (required time - arrival time)
  Source:                 u_AD9269/U_AD9269_SPI/DELAY_CNT_reg[2]/C
                            (rising edge-triggered cell FDCE clocked by clk_out1_clk_wiz_0  {rise@0.000ns fall@2.500ns period=5.000ns})
  Destination:            u_AD9269/U_AD9269_SPI/DELAY_CNT_reg[13]/D
                            (rising edge-triggered cell FDCE clocked by clk_out1_clk_wiz_0  {rise@0.000ns fall@2.500ns period=5.000ns})
  Path Group:             clk_out1_clk_wiz_0
  Path Type:              Setup (Max at Slow Process Corner)
  Requirement:            5.000ns  (clk_out1_clk_wiz_0 rise@5.000ns - clk_out1_clk_wiz_0 rise@0.000ns)
  Data Path Delay:        4.219ns  (logic 1.950ns (46.221%)  route 2.269ns (53.779%))
  Logic Levels:           7  (CARRY4=3 LUT2=1 LUT5=2 LUT6=1)
  Clock Path Skew:        -0.187ns (DCD - SCD + CPR)
    Destination Clock Delay (DCD):    -1.242ns = ( 3.758 - 5.000 ) 
    Source Clock Delay      (SCD):    -0.581ns
    Clock Pessimism Removal (CPR):    0.474ns
  Clock Uncertainty:      0.079ns  ((TSJ^2 + DJ^2)^1/2) / 2 + PE
    Total System Jitter     (TSJ):    0.071ns
    Discrete Jitter          (DJ):    0.142ns
    Phase Error              (PE):    0.000ns

    Location             Delay type                Incr(ns)  Path(ns)    Netlist Resource(s)
  -------------------------------------------------------------------    -------------------
                         (clock clk_out1_clk_wiz_0 rise edge)
                                                      0.000     0.000 r  
    U18                                               0.000     0.000 r  sys_clk (IN)
                         net (fo=0)                   0.000     0.000    u_clk_wiz_0/inst/clk_in1
    U18                  IBUF (Prop_ibuf_I_O)         1.530     1.530 r  u_clk_wiz_0/inst/clkin1_ibufg/O
                         net (fo=1, routed)           1.285     2.815    u_clk_wiz_0/inst/clk_in1_clk_wiz_0
    MMCME2_ADV_X0Y0      MMCME2_ADV (Prop_mmcme2_adv_CLKIN1_CLKOUT0)
                                                     -7.010    -4.195 r  u_clk_wiz_0/inst/mmcm_adv_inst/CLKOUT0
                         net (fo=1, routed)           1.760    -2.435    u_clk_wiz_0/inst/clk_out1_clk_wiz_0
    BUFGCTRL_X0Y2        BUFG (Prop_bufg_I_O)         0.101    -2.334 r  u_clk_wiz_0/inst/clkout1_buf/O
                         net (fo=43, routed)          1.753    -0.581    u_AD9269/U_AD9269_SPI/clk_out1
    SLICE_X36Y49         FDCE                                         r  u_AD9269/U_AD9269_SPI/DELAY_CNT_reg[2]/C
  -------------------------------------------------------------------    -------------------
    SLICE_X36Y49         FDCE (Prop_fdce_C_Q)         0.456    -0.125 f  u_AD9269/U_AD9269_SPI/DELAY_CNT_reg[2]/Q
                         net (fo=2, routed)           0.815     0.690    u_AD9269/U_AD9269_SPI/DELAY_CNT_reg[2]
    SLICE_X38Y50         LUT5 (Prop_lut5_I2_O)        0.124     0.814 r  u_AD9269/U_AD9269_SPI/FSM_sequential_STATE[0]_i_5/O
                         net (fo=1, routed)           0.412     1.226    u_AD9269/U_AD9269_SPI/FSM_sequential_STATE[0]_i_5_n_0
    SLICE_X37Y49         LUT6 (Prop_lut6_I3_O)        0.124     1.350 r  u_AD9269/U_AD9269_SPI/FSM_sequential_STATE[0]_i_3/O
                         net (fo=1, routed)           0.304     1.654    u_AD9269/U_AD9269_SPI/FSM_sequential_STATE[0]_i_3_n_0
    SLICE_X38Y49         LUT5 (Prop_lut5_I2_O)        0.124     1.778 f  u_AD9269/U_AD9269_SPI/FSM_sequential_STATE[0]_i_2/O
                         net (fo=21, routed)          0.738     2.516    u_AD9269/U_AD9269_SPI/FSM_sequential_STATE[0]_i_2_n_0
    SLICE_X39Y50         LUT2 (Prop_lut2_I1_O)        0.124     2.640 r  u_AD9269/U_AD9269_SPI/DELAY_CNT[4]_i_4/O
                         net (fo=1, routed)           0.000     2.640    u_AD9269/U_AD9269_SPI/DELAY_CNT[4]_i_4_n_0
    SLICE_X39Y50         CARRY4 (Prop_carry4_S[1]_CO[3])
                                                      0.550     3.190 r  u_AD9269/U_AD9269_SPI/DELAY_CNT_reg[4]_i_1/CO[3]
                         net (fo=1, routed)           0.000     3.190    u_AD9269/U_AD9269_SPI/DELAY_CNT_reg[4]_i_1_n_0
    SLICE_X39Y51         CARRY4 (Prop_carry4_CI_CO[3])
                                                      0.114     3.304 r  u_AD9269/U_AD9269_SPI/DELAY_CNT_reg[8]_i_1/CO[3]
                         net (fo=1, routed)           0.000     3.304    u_AD9269/U_AD9269_SPI/DELAY_CNT_reg[8]_i_1_n_0
    SLICE_X39Y52         CARRY4 (Prop_carry4_CI_O[1])
                                                      0.334     3.638 r  u_AD9269/U_AD9269_SPI/DELAY_CNT_reg[12]_i_1/O[1]
                         net (fo=1, routed)           0.000     3.638    u_AD9269/U_AD9269_SPI/DELAY_CNT_reg[12]_i_1_n_6
    SLICE_X39Y52         FDCE                                         r  u_AD9269/U_AD9269_SPI/DELAY_CNT_reg[13]/D
  -------------------------------------------------------------------    -------------------

                         (clock clk_out1_clk_wiz_0 rise edge)
                                                      5.000     5.000 r  
    U18                                               0.000     5.000 r  sys_clk (IN)
                         net (fo=0)                   0.000     5.000    u_clk_wiz_0/inst/clk_in1
    U18                  IBUF (Prop_ibuf_I_O)         1.459     6.459 r  u_clk_wiz_0/inst/clkin1_ibufg/O
                         net (fo=1, routed)           1.162     7.621    u_clk_wiz_0/inst/clk_in1_clk_wiz_0
    MMCME2_ADV_X0Y0      MMCME2_ADV (Prop_mmcme2_adv_CLKIN1_CLKOUT0)
                                                     -7.118     0.502 r  u_clk_wiz_0/inst/mmcm_adv_inst/CLKOUT0
                         net (fo=1, routed)           1.599     2.102    u_clk_wiz_0/inst/clk_out1_clk_wiz_0
    BUFGCTRL_X0Y2        BUFG (Prop_bufg_I_O)         0.091     2.193 r  u_clk_wiz_0/inst/clkout1_buf/O
                         net (fo=43, routed)          1.566     3.758    u_AD9269/U_AD9269_SPI/clk_out1
    SLICE_X39Y52         FDCE                                         r  u_AD9269/U_AD9269_SPI/DELAY_CNT_reg[13]/C
                         clock pessimism              0.474     4.232    
                         clock uncertainty           -0.079     4.152    
    SLICE_X39Y52         FDCE (Setup_fdce_C_D)        0.062     4.214    u_AD9269/U_AD9269_SPI/DELAY_CNT_reg[13]
  -------------------------------------------------------------------
                         required time                          4.214    
                         arrival time                          -3.638    
  -------------------------------------------------------------------
                         slack                                  0.577    

Slack (MET) :             0.591ns  (required time - arrival time)
  Source:                 u_AD9269/U_AD9269_SPI/DELAY_CNT_reg[2]/C
                            (rising edge-triggered cell FDCE clocked by clk_out1_clk_wiz_0  {rise@0.000ns fall@2.500ns period=5.000ns})
  Destination:            u_AD9269/U_AD9269_SPI/DELAY_CNT_reg[1]/D
                            (rising edge-triggered cell FDCE clocked by clk_out1_clk_wiz_0  {rise@0.000ns fall@2.500ns period=5.000ns})
  Path Group:             clk_out1_clk_wiz_0
  Path Type:              Setup (Max at Slow Process Corner)
  Requirement:            5.000ns  (clk_out1_clk_wiz_0 rise@5.000ns - clk_out1_clk_wiz_0 rise@0.000ns)
  Data Path Delay:        3.882ns  (logic 1.376ns (35.443%)  route 2.506ns (64.557%))
  Logic Levels:           5  (CARRY4=1 LUT2=1 LUT5=2 LUT6=1)
  Clock Path Skew:        -0.187ns (DCD - SCD + CPR)
    Destination Clock Delay (DCD):    -1.242ns = ( 3.758 - 5.000 ) 
    Source Clock Delay      (SCD):    -0.581ns
    Clock Pessimism Removal (CPR):    0.474ns
  Clock Uncertainty:      0.079ns  ((TSJ^2 + DJ^2)^1/2) / 2 + PE
    Total System Jitter     (TSJ):    0.071ns
    Discrete Jitter          (DJ):    0.142ns
    Phase Error              (PE):    0.000ns

    Location             Delay type                Incr(ns)  Path(ns)    Netlist Resource(s)
  -------------------------------------------------------------------    -------------------
                         (clock clk_out1_clk_wiz_0 rise edge)
                                                      0.000     0.000 r  
    U18                                               0.000     0.000 r  sys_clk (IN)
                         net (fo=0)                   0.000     0.000    u_clk_wiz_0/inst/clk_in1
    U18                  IBUF (Prop_ibuf_I_O)         1.530     1.530 r  u_clk_wiz_0/inst/clkin1_ibufg/O
                         net (fo=1, routed)           1.285     2.815    u_clk_wiz_0/inst/clk_in1_clk_wiz_0
    MMCME2_ADV_X0Y0      MMCME2_ADV (Prop_mmcme2_adv_CLKIN1_CLKOUT0)
                                                     -7.010    -4.195 r  u_clk_wiz_0/inst/mmcm_adv_inst/CLKOUT0
                         net (fo=1, routed)           1.760    -2.435    u_clk_wiz_0/inst/clk_out1_clk_wiz_0
    BUFGCTRL_X0Y2        BUFG (Prop_bufg_I_O)         0.101    -2.334 r  u_clk_wiz_0/inst/clkout1_buf/O
                         net (fo=43, routed)          1.753    -0.581    u_AD9269/U_AD9269_SPI/clk_out1
    SLICE_X36Y49         FDCE                                         r  u_AD9269/U_AD9269_SPI/DELAY_CNT_reg[2]/C
  -------------------------------------------------------------------    -------------------
    SLICE_X36Y49         FDCE (Prop_fdce_C_Q)         0.456    -0.125 f  u_AD9269/U_AD9269_SPI/DELAY_CNT_reg[2]/Q
                         net (fo=2, routed)           0.815     0.690    u_AD9269/U_AD9269_SPI/DELAY_CNT_reg[2]
    SLICE_X38Y50         LUT5 (Prop_lut5_I2_O)        0.124     0.814 r  u_AD9269/U_AD9269_SPI/FSM_sequential_STATE[0]_i_5/O
                         net (fo=1, routed)           0.412     1.226    u_AD9269/U_AD9269_SPI/FSM_sequential_STATE[0]_i_5_n_0
    SLICE_X37Y49         LUT6 (Prop_lut6_I3_O)        0.124     1.350 r  u_AD9269/U_AD9269_SPI/FSM_sequential_STATE[0]_i_3/O
                         net (fo=1, routed)           0.304     1.654    u_AD9269/U_AD9269_SPI/FSM_sequential_STATE[0]_i_3_n_0
    SLICE_X38Y49         LUT5 (Prop_lut5_I2_O)        0.124     1.778 f  u_AD9269/U_AD9269_SPI/FSM_sequential_STATE[0]_i_2/O
                         net (fo=21, routed)          0.456     2.234    u_AD9269/U_AD9269_SPI/FSM_sequential_STATE[0]_i_2_n_0
    SLICE_X39Y49         LUT2 (Prop_lut2_I1_O)        0.124     2.358 r  u_AD9269/U_AD9269_SPI/DELAY_CNT[0]_i_7/O
                         net (fo=1, routed)           0.000     2.358    u_AD9269/U_AD9269_SPI/DELAY_CNT[0]_i_7_n_0
    SLICE_X39Y49         CARRY4 (Prop_carry4_S[0]_O[1])
                                                      0.424     2.782 r  u_AD9269/U_AD9269_SPI/DELAY_CNT_reg[0]_i_2/O[1]
                         net (fo=1, routed)           0.519     3.301    u_AD9269/U_AD9269_SPI/DELAY_CNT_reg[0]_i_2_n_6
    SLICE_X37Y50         FDCE                                         r  u_AD9269/U_AD9269_SPI/DELAY_CNT_reg[1]/D
  -------------------------------------------------------------------    -------------------

                         (clock clk_out1_clk_wiz_0 rise edge)
                                                      5.000     5.000 r  
    U18                                               0.000     5.000 r  sys_clk (IN)
                         net (fo=0)                   0.000     5.000    u_clk_wiz_0/inst/clk_in1
    U18                  IBUF (Prop_ibuf_I_O)         1.459     6.459 r  u_clk_wiz_0/inst/clkin1_ibufg/O
                         net (fo=1, routed)           1.162     7.621    u_clk_wiz_0/inst/clk_in1_clk_wiz_0
    MMCME2_ADV_X0Y0      MMCME2_ADV (Prop_mmcme2_adv_CLKIN1_CLKOUT0)
                                                     -7.118     0.502 r  u_clk_wiz_0/inst/mmcm_adv_inst/CLKOUT0
                         net (fo=1, routed)           1.599     2.102    u_clk_wiz_0/inst/clk_out1_clk_wiz_0
    BUFGCTRL_X0Y2        BUFG (Prop_bufg_I_O)         0.091     2.193 r  u_clk_wiz_0/inst/clkout1_buf/O
                         net (fo=43, routed)          1.566     3.758    u_AD9269/U_AD9269_SPI/clk_out1
    SLICE_X37Y50         FDCE                                         r  u_AD9269/U_AD9269_SPI/DELAY_CNT_reg[1]/C
                         clock pessimism              0.474     4.232    
                         clock uncertainty           -0.079     4.152    
    SLICE_X37Y50         FDCE (Setup_fdce_C_D)       -0.260     3.892    u_AD9269/U_AD9269_SPI/DELAY_CNT_reg[1]
  -------------------------------------------------------------------
                         required time                          3.892    
                         arrival time                          -3.301    
  -------------------------------------------------------------------
                         slack                                  0.591    

Slack (MET) :             0.598ns  (required time - arrival time)
  Source:                 u_AD9269/U_AD9269_SPI/DELAY_CNT_reg[2]/C
                            (rising edge-triggered cell FDCE clocked by clk_out1_clk_wiz_0  {rise@0.000ns fall@2.500ns period=5.000ns})
  Destination:            u_AD9269/U_AD9269_SPI/DELAY_CNT_reg[15]/D
                            (rising edge-triggered cell FDCE clocked by clk_out1_clk_wiz_0  {rise@0.000ns fall@2.500ns period=5.000ns})
  Path Group:             clk_out1_clk_wiz_0
  Path Type:              Setup (Max at Slow Process Corner)
  Requirement:            5.000ns  (clk_out1_clk_wiz_0 rise@5.000ns - clk_out1_clk_wiz_0 rise@0.000ns)
  Data Path Delay:        4.198ns  (logic 1.929ns (45.952%)  route 2.269ns (54.048%))
  Logic Levels:           7  (CARRY4=3 LUT2=1 LUT5=2 LUT6=1)
  Clock Path Skew:        -0.187ns (DCD - SCD + CPR)
    Destination Clock Delay (DCD):    -1.242ns = ( 3.758 - 5.000 ) 
    Source Clock Delay      (SCD):    -0.581ns
    Clock Pessimism Removal (CPR):    0.474ns
  Clock Uncertainty:      0.079ns  ((TSJ^2 + DJ^2)^1/2) / 2 + PE
    Total System Jitter     (TSJ):    0.071ns
    Discrete Jitter          (DJ):    0.142ns
    Phase Error              (PE):    0.000ns

    Location             Delay type                Incr(ns)  Path(ns)    Netlist Resource(s)
  -------------------------------------------------------------------    -------------------
                         (clock clk_out1_clk_wiz_0 rise edge)
                                                      0.000     0.000 r  
    U18                                               0.000     0.000 r  sys_clk (IN)
                         net (fo=0)                   0.000     0.000    u_clk_wiz_0/inst/clk_in1
    U18                  IBUF (Prop_ibuf_I_O)         1.530     1.530 r  u_clk_wiz_0/inst/clkin1_ibufg/O
                         net (fo=1, routed)           1.285     2.815    u_clk_wiz_0/inst/clk_in1_clk_wiz_0
    MMCME2_ADV_X0Y0      MMCME2_ADV (Prop_mmcme2_adv_CLKIN1_CLKOUT0)
                                                     -7.010    -4.195 r  u_clk_wiz_0/inst/mmcm_adv_inst/CLKOUT0
                         net (fo=1, routed)           1.760    -2.435    u_clk_wiz_0/inst/clk_out1_clk_wiz_0
    BUFGCTRL_X0Y2        BUFG (Prop_bufg_I_O)         0.101    -2.334 r  u_clk_wiz_0/inst/clkout1_buf/O
                         net (fo=43, routed)          1.753    -0.581    u_AD9269/U_AD9269_SPI/clk_out1
    SLICE_X36Y49         FDCE                                         r  u_AD9269/U_AD9269_SPI/DELAY_CNT_reg[2]/C
  -------------------------------------------------------------------    -------------------
    SLICE_X36Y49         FDCE (Prop_fdce_C_Q)         0.456    -0.125 f  u_AD9269/U_AD9269_SPI/DELAY_CNT_reg[2]/Q
                         net (fo=2, routed)           0.815     0.690    u_AD9269/U_AD9269_SPI/DELAY_CNT_reg[2]
    SLICE_X38Y50         LUT5 (Prop_lut5_I2_O)        0.124     0.814 r  u_AD9269/U_AD9269_SPI/FSM_sequential_STATE[0]_i_5/O
                         net (fo=1, routed)           0.412     1.226    u_AD9269/U_AD9269_SPI/FSM_sequential_STATE[0]_i_5_n_0
    SLICE_X37Y49         LUT6 (Prop_lut6_I3_O)        0.124     1.350 r  u_AD9269/U_AD9269_SPI/FSM_sequential_STATE[0]_i_3/O
                         net (fo=1, routed)           0.304     1.654    u_AD9269/U_AD9269_SPI/FSM_sequential_STATE[0]_i_3_n_0
    SLICE_X38Y49         LUT5 (Prop_lut5_I2_O)        0.124     1.778 f  u_AD9269/U_AD9269_SPI/FSM_sequential_STATE[0]_i_2/O
                         net (fo=21, routed)          0.738     2.516    u_AD9269/U_AD9269_SPI/FSM_sequential_STATE[0]_i_2_n_0
    SLICE_X39Y50         LUT2 (Prop_lut2_I1_O)        0.124     2.640 r  u_AD9269/U_AD9269_SPI/DELAY_CNT[4]_i_4/O
                         net (fo=1, routed)           0.000     2.640    u_AD9269/U_AD9269_SPI/DELAY_CNT[4]_i_4_n_0
    SLICE_X39Y50         CARRY4 (Prop_carry4_S[1]_CO[3])
                                                      0.550     3.190 r  u_AD9269/U_AD9269_SPI/DELAY_CNT_reg[4]_i_1/CO[3]
                         net (fo=1, routed)           0.000     3.190    u_AD9269/U_AD9269_SPI/DELAY_CNT_reg[4]_i_1_n_0
    SLICE_X39Y51         CARRY4 (Prop_carry4_CI_CO[3])
                                                      0.114     3.304 r  u_AD9269/U_AD9269_SPI/DELAY_CNT_reg[8]_i_1/CO[3]
                         net (fo=1, routed)           0.000     3.304    u_AD9269/U_AD9269_SPI/DELAY_CNT_reg[8]_i_1_n_0
    SLICE_X39Y52         CARRY4 (Prop_carry4_CI_O[3])
                                                      0.313     3.617 r  u_AD9269/U_AD9269_SPI/DELAY_CNT_reg[12]_i_1/O[3]
                         net (fo=1, routed)           0.000     3.617    u_AD9269/U_AD9269_SPI/DELAY_CNT_reg[12]_i_1_n_4
    SLICE_X39Y52         FDCE                                         r  u_AD9269/U_AD9269_SPI/DELAY_CNT_reg[15]/D
  -------------------------------------------------------------------    -------------------

                         (clock clk_out1_clk_wiz_0 rise edge)
                                                      5.000     5.000 r  
    U18                                               0.000     5.000 r  sys_clk (IN)
                         net (fo=0)                   0.000     5.000    u_clk_wiz_0/inst/clk_in1
    U18                  IBUF (Prop_ibuf_I_O)         1.459     6.459 r  u_clk_wiz_0/inst/clkin1_ibufg/O
                         net (fo=1, routed)           1.162     7.621    u_clk_wiz_0/inst/clk_in1_clk_wiz_0
    MMCME2_ADV_X0Y0      MMCME2_ADV (Prop_mmcme2_adv_CLKIN1_CLKOUT0)
                                                     -7.118     0.502 r  u_clk_wiz_0/inst/mmcm_adv_inst/CLKOUT0
                         net (fo=1, routed)           1.599     2.102    u_clk_wiz_0/inst/clk_out1_clk_wiz_0
    BUFGCTRL_X0Y2        BUFG (Prop_bufg_I_O)         0.091     2.193 r  u_clk_wiz_0/inst/clkout1_buf/O
                         net (fo=43, routed)          1.566     3.758    u_AD9269/U_AD9269_SPI/clk_out1
    SLICE_X39Y52         FDCE                                         r  u_AD9269/U_AD9269_SPI/DELAY_CNT_reg[15]/C
                         clock pessimism              0.474     4.232    
                         clock uncertainty           -0.079     4.152    
    SLICE_X39Y52         FDCE (Setup_fdce_C_D)        0.062     4.214    u_AD9269/U_AD9269_SPI/DELAY_CNT_reg[15]
  -------------------------------------------------------------------
                         required time                          4.214    
                         arrival time                          -3.617    
  -------------------------------------------------------------------
                         slack                                  0.598    

Slack (MET) :             0.608ns  (required time - arrival time)
  Source:                 u_AD9269/U_AD9269_SPI/DELAY_CNT_reg[10]/C
                            (rising edge-triggered cell FDCE clocked by clk_out1_clk_wiz_0  {rise@0.000ns fall@2.500ns period=5.000ns})
  Destination:            u_AD9269/U_AD9269_SPI/DELAY_CNT_reg[2]/D
                            (rising edge-triggered cell FDCE clocked by clk_out1_clk_wiz_0  {rise@0.000ns fall@2.500ns period=5.000ns})
  Path Group:             clk_out1_clk_wiz_0
  Path Type:              Setup (Max at Slow Process Corner)
  Requirement:            5.000ns  (clk_out1_clk_wiz_0 rise@5.000ns - clk_out1_clk_wiz_0 rise@0.000ns)
  Data Path Delay:        3.888ns  (logic 1.499ns (38.556%)  route 2.389ns (61.444%))
  Logic Levels:           5  (CARRY4=1 LUT2=1 LUT4=1 LUT5=1 LUT6=1)
  Clock Path Skew:        -0.166ns (DCD - SCD + CPR)
    Destination Clock Delay (DCD):    -1.231ns = ( 3.769 - 5.000 ) 
    Source Clock Delay      (SCD):    -0.592ns
    Clock Pessimism Removal (CPR):    0.474ns
  Clock Uncertainty:      0.079ns  ((TSJ^2 + DJ^2)^1/2) / 2 + PE
    Total System Jitter     (TSJ):    0.071ns
    Discrete Jitter          (DJ):    0.142ns
    Phase Error              (PE):    0.000ns

    Location             Delay type                Incr(ns)  Path(ns)    Netlist Resource(s)
  -------------------------------------------------------------------    -------------------
                         (clock clk_out1_clk_wiz_0 rise edge)
                                                      0.000     0.000 r  
    U18                                               0.000     0.000 r  sys_clk (IN)
                         net (fo=0)                   0.000     0.000    u_clk_wiz_0/inst/clk_in1
    U18                  IBUF (Prop_ibuf_I_O)         1.530     1.530 r  u_clk_wiz_0/inst/clkin1_ibufg/O
                         net (fo=1, routed)           1.285     2.815    u_clk_wiz_0/inst/clk_in1_clk_wiz_0
    MMCME2_ADV_X0Y0      MMCME2_ADV (Prop_mmcme2_adv_CLKIN1_CLKOUT0)
                                                     -7.010    -4.195 r  u_clk_wiz_0/inst/mmcm_adv_inst/CLKOUT0
                         net (fo=1, routed)           1.760    -2.435    u_clk_wiz_0/inst/clk_out1_clk_wiz_0
    BUFGCTRL_X0Y2        BUFG (Prop_bufg_I_O)         0.101    -2.334 r  u_clk_wiz_0/inst/clkout1_buf/O
                         net (fo=43, routed)          1.742    -0.592    u_AD9269/U_AD9269_SPI/clk_out1
    SLICE_X39Y51         FDCE                                         r  u_AD9269/U_AD9269_SPI/DELAY_CNT_reg[10]/C
  -------------------------------------------------------------------    -------------------
    SLICE_X39Y51         FDCE (Prop_fdce_C_Q)         0.456    -0.136 f  u_AD9269/U_AD9269_SPI/DELAY_CNT_reg[10]/Q
                         net (fo=2, routed)           0.861     0.726    u_AD9269/U_AD9269_SPI/DELAY_CNT_reg[10]
    SLICE_X38Y51         LUT4 (Prop_lut4_I1_O)        0.124     0.850 f  u_AD9269/U_AD9269_SPI/FSM_sequential_STATE[0]_i_6/O
                         net (fo=1, routed)           0.440     1.289    u_AD9269/U_AD9269_SPI/FSM_sequential_STATE[0]_i_6_n_0
    SLICE_X37Y49         LUT6 (Prop_lut6_I5_O)        0.124     1.413 r  u_AD9269/U_AD9269_SPI/FSM_sequential_STATE[0]_i_3/O
                         net (fo=1, routed)           0.304     1.717    u_AD9269/U_AD9269_SPI/FSM_sequential_STATE[0]_i_3_n_0
    SLICE_X38Y49         LUT5 (Prop_lut5_I2_O)        0.124     1.841 f  u_AD9269/U_AD9269_SPI/FSM_sequential_STATE[0]_i_2/O
                         net (fo=21, routed)          0.456     2.298    u_AD9269/U_AD9269_SPI/FSM_sequential_STATE[0]_i_2_n_0
    SLICE_X39Y49         LUT2 (Prop_lut2_I1_O)        0.124     2.422 r  u_AD9269/U_AD9269_SPI/DELAY_CNT[0]_i_7/O
                         net (fo=1, routed)           0.000     2.422    u_AD9269/U_AD9269_SPI/DELAY_CNT[0]_i_7_n_0
    SLICE_X39Y49         CARRY4 (Prop_carry4_S[0]_O[2])
                                                      0.547     2.969 r  u_AD9269/U_AD9269_SPI/DELAY_CNT_reg[0]_i_2/O[2]
                         net (fo=1, routed)           0.327     3.296    u_AD9269/U_AD9269_SPI/DELAY_CNT_reg[0]_i_2_n_5
    SLICE_X36Y49         FDCE                                         r  u_AD9269/U_AD9269_SPI/DELAY_CNT_reg[2]/D
  -------------------------------------------------------------------    -------------------

                         (clock clk_out1_clk_wiz_0 rise edge)
                                                      5.000     5.000 r  
    U18                                               0.000     5.000 r  sys_clk (IN)
                         net (fo=0)                   0.000     5.000    u_clk_wiz_0/inst/clk_in1
    U18                  IBUF (Prop_ibuf_I_O)         1.459     6.459 r  u_clk_wiz_0/inst/clkin1_ibufg/O
                         net (fo=1, routed)           1.162     7.621    u_clk_wiz_0/inst/clk_in1_clk_wiz_0
    MMCME2_ADV_X0Y0      MMCME2_ADV (Prop_mmcme2_adv_CLKIN1_CLKOUT0)
                                                     -7.118     0.502 r  u_clk_wiz_0/inst/mmcm_adv_inst/CLKOUT0
                         net (fo=1, routed)           1.599     2.102    u_clk_wiz_0/inst/clk_out1_clk_wiz_0
    BUFGCTRL_X0Y2        BUFG (Prop_bufg_I_O)         0.091     2.193 r  u_clk_wiz_0/inst/clkout1_buf/O
                         net (fo=43, routed)          1.576     3.769    u_AD9269/U_AD9269_SPI/clk_out1
    SLICE_X36Y49         FDCE                                         r  u_AD9269/U_AD9269_SPI/DELAY_CNT_reg[2]/C
                         clock pessimism              0.474     4.243    
                         clock uncertainty           -0.079     4.163    
    SLICE_X36Y49         FDCE (Setup_fdce_C_D)       -0.259     3.904    u_AD9269/U_AD9269_SPI/DELAY_CNT_reg[2]
  -------------------------------------------------------------------
                         required time                          3.904    
                         arrival time                          -3.296    
  -------------------------------------------------------------------
                         slack                                  0.608    

Slack (MET) :             0.672ns  (required time - arrival time)
  Source:                 u_AD9269/U_AD9269_SPI/DELAY_CNT_reg[2]/C
                            (rising edge-triggered cell FDCE clocked by clk_out1_clk_wiz_0  {rise@0.000ns fall@2.500ns period=5.000ns})
  Destination:            u_AD9269/U_AD9269_SPI/DELAY_CNT_reg[14]/D
                            (rising edge-triggered cell FDCE clocked by clk_out1_clk_wiz_0  {rise@0.000ns fall@2.500ns period=5.000ns})
  Path Group:             clk_out1_clk_wiz_0
  Path Type:              Setup (Max at Slow Process Corner)
  Requirement:            5.000ns  (clk_out1_clk_wiz_0 rise@5.000ns - clk_out1_clk_wiz_0 rise@0.000ns)
  Data Path Delay:        4.124ns  (logic 1.855ns (44.983%)  route 2.269ns (55.017%))
  Logic Levels:           7  (CARRY4=3 LUT2=1 LUT5=2 LUT6=1)
  Clock Path Skew:        -0.187ns (DCD - SCD + CPR)
    Destination Clock Delay (DCD):    -1.242ns = ( 3.758 - 5.000 ) 
    Source Clock Delay      (SCD):    -0.581ns
    Clock Pessimism Removal (CPR):    0.474ns
  Clock Uncertainty:      0.079ns  ((TSJ^2 + DJ^2)^1/2) / 2 + PE
    Total System Jitter     (TSJ):    0.071ns
    Discrete Jitter          (DJ):    0.142ns
    Phase Error              (PE):    0.000ns

    Location             Delay type                Incr(ns)  Path(ns)    Netlist Resource(s)
  -------------------------------------------------------------------    -------------------
                         (clock clk_out1_clk_wiz_0 rise edge)
                                                      0.000     0.000 r  
    U18                                               0.000     0.000 r  sys_clk (IN)
                         net (fo=0)                   0.000     0.000    u_clk_wiz_0/inst/clk_in1
    U18                  IBUF (Prop_ibuf_I_O)         1.530     1.530 r  u_clk_wiz_0/inst/clkin1_ibufg/O
                         net (fo=1, routed)           1.285     2.815    u_clk_wiz_0/inst/clk_in1_clk_wiz_0
    MMCME2_ADV_X0Y0      MMCME2_ADV (Prop_mmcme2_adv_CLKIN1_CLKOUT0)
                                                     -7.010    -4.195 r  u_clk_wiz_0/inst/mmcm_adv_inst/CLKOUT0
                         net (fo=1, routed)           1.760    -2.435    u_clk_wiz_0/inst/clk_out1_clk_wiz_0
    BUFGCTRL_X0Y2        BUFG (Prop_bufg_I_O)         0.101    -2.334 r  u_clk_wiz_0/inst/clkout1_buf/O
                         net (fo=43, routed)          1.753    -0.581    u_AD9269/U_AD9269_SPI/clk_out1
    SLICE_X36Y49         FDCE                                         r  u_AD9269/U_AD9269_SPI/DELAY_CNT_reg[2]/C
  -------------------------------------------------------------------    -------------------
    SLICE_X36Y49         FDCE (Prop_fdce_C_Q)         0.456    -0.125 f  u_AD9269/U_AD9269_SPI/DELAY_CNT_reg[2]/Q
                         net (fo=2, routed)           0.815     0.690    u_AD9269/U_AD9269_SPI/DELAY_CNT_reg[2]
    SLICE_X38Y50         LUT5 (Prop_lut5_I2_O)        0.124     0.814 r  u_AD9269/U_AD9269_SPI/FSM_sequential_STATE[0]_i_5/O
                         net (fo=1, routed)           0.412     1.226    u_AD9269/U_AD9269_SPI/FSM_sequential_STATE[0]_i_5_n_0
    SLICE_X37Y49         LUT6 (Prop_lut6_I3_O)        0.124     1.350 r  u_AD9269/U_AD9269_SPI/FSM_sequential_STATE[0]_i_3/O
                         net (fo=1, routed)           0.304     1.654    u_AD9269/U_AD9269_SPI/FSM_sequential_STATE[0]_i_3_n_0
    SLICE_X38Y49         LUT5 (Prop_lut5_I2_O)        0.124     1.778 f  u_AD9269/U_AD9269_SPI/FSM_sequential_STATE[0]_i_2/O
                         net (fo=21, routed)          0.738     2.516    u_AD9269/U_AD9269_SPI/FSM_sequential_STATE[0]_i_2_n_0
    SLICE_X39Y50         LUT2 (Prop_lut2_I1_O)        0.124     2.640 r  u_AD9269/U_AD9269_SPI/DELAY_CNT[4]_i_4/O
                         net (fo=1, routed)           0.000     2.640    u_AD9269/U_AD9269_SPI/DELAY_CNT[4]_i_4_n_0
    SLICE_X39Y50         CARRY4 (Prop_carry4_S[1]_CO[3])
                                                      0.550     3.190 r  u_AD9269/U_AD9269_SPI/DELAY_CNT_reg[4]_i_1/CO[3]
                         net (fo=1, routed)           0.000     3.190    u_AD9269/U_AD9269_SPI/DELAY_CNT_reg[4]_i_1_n_0
    SLICE_X39Y51         CARRY4 (Prop_carry4_CI_CO[3])
                                                      0.114     3.304 r  u_AD9269/U_AD9269_SPI/DELAY_CNT_reg[8]_i_1/CO[3]
                         net (fo=1, routed)           0.000     3.304    u_AD9269/U_AD9269_SPI/DELAY_CNT_reg[8]_i_1_n_0
    SLICE_X39Y52         CARRY4 (Prop_carry4_CI_O[2])
                                                      0.239     3.543 r  u_AD9269/U_AD9269_SPI/DELAY_CNT_reg[12]_i_1/O[2]
                         net (fo=1, routed)           0.000     3.543    u_AD9269/U_AD9269_SPI/DELAY_CNT_reg[12]_i_1_n_5
    SLICE_X39Y52         FDCE                                         r  u_AD9269/U_AD9269_SPI/DELAY_CNT_reg[14]/D
  -------------------------------------------------------------------    -------------------

                         (clock clk_out1_clk_wiz_0 rise edge)
                                                      5.000     5.000 r  
    U18                                               0.000     5.000 r  sys_clk (IN)
                         net (fo=0)                   0.000     5.000    u_clk_wiz_0/inst/clk_in1
    U18                  IBUF (Prop_ibuf_I_O)         1.459     6.459 r  u_clk_wiz_0/inst/clkin1_ibufg/O
                         net (fo=1, routed)           1.162     7.621    u_clk_wiz_0/inst/clk_in1_clk_wiz_0
    MMCME2_ADV_X0Y0      MMCME2_ADV (Prop_mmcme2_adv_CLKIN1_CLKOUT0)
                                                     -7.118     0.502 r  u_clk_wiz_0/inst/mmcm_adv_inst/CLKOUT0
                         net (fo=1, routed)           1.599     2.102    u_clk_wiz_0/inst/clk_out1_clk_wiz_0
    BUFGCTRL_X0Y2        BUFG (Prop_bufg_I_O)         0.091     2.193 r  u_clk_wiz_0/inst/clkout1_buf/O
                         net (fo=43, routed)          1.566     3.758    u_AD9269/U_AD9269_SPI/clk_out1
    SLICE_X39Y52         FDCE                                         r  u_AD9269/U_AD9269_SPI/DELAY_CNT_reg[14]/C
                         clock pessimism              0.474     4.232    
                         clock uncertainty           -0.079     4.152    
    SLICE_X39Y52         FDCE (Setup_fdce_C_D)        0.062     4.214    u_AD9269/U_AD9269_SPI/DELAY_CNT_reg[14]
  -------------------------------------------------------------------
                         required time                          4.214    
                         arrival time                          -3.543    
  -------------------------------------------------------------------
                         slack                                  0.672    

Slack (MET) :             0.688ns  (required time - arrival time)
  Source:                 u_AD9269/U_AD9269_SPI/DELAY_CNT_reg[2]/C
                            (rising edge-triggered cell FDCE clocked by clk_out1_clk_wiz_0  {rise@0.000ns fall@2.500ns period=5.000ns})
  Destination:            u_AD9269/U_AD9269_SPI/DELAY_CNT_reg[12]/D
                            (rising edge-triggered cell FDCE clocked by clk_out1_clk_wiz_0  {rise@0.000ns fall@2.500ns period=5.000ns})
  Path Group:             clk_out1_clk_wiz_0
  Path Type:              Setup (Max at Slow Process Corner)
  Requirement:            5.000ns  (clk_out1_clk_wiz_0 rise@5.000ns - clk_out1_clk_wiz_0 rise@0.000ns)
  Data Path Delay:        4.108ns  (logic 1.839ns (44.768%)  route 2.269ns (55.232%))
  Logic Levels:           7  (CARRY4=3 LUT2=1 LUT5=2 LUT6=1)
  Clock Path Skew:        -0.187ns (DCD - SCD + CPR)
    Destination Clock Delay (DCD):    -1.242ns = ( 3.758 - 5.000 ) 
    Source Clock Delay      (SCD):    -0.581ns
    Clock Pessimism Removal (CPR):    0.474ns
  Clock Uncertainty:      0.079ns  ((TSJ^2 + DJ^2)^1/2) / 2 + PE
    Total System Jitter     (TSJ):    0.071ns
    Discrete Jitter          (DJ):    0.142ns
    Phase Error              (PE):    0.000ns

    Location             Delay type                Incr(ns)  Path(ns)    Netlist Resource(s)
  -------------------------------------------------------------------    -------------------
                         (clock clk_out1_clk_wiz_0 rise edge)
                                                      0.000     0.000 r  
    U18                                               0.000     0.000 r  sys_clk (IN)
                         net (fo=0)                   0.000     0.000    u_clk_wiz_0/inst/clk_in1
    U18                  IBUF (Prop_ibuf_I_O)         1.530     1.530 r  u_clk_wiz_0/inst/clkin1_ibufg/O
                         net (fo=1, routed)           1.285     2.815    u_clk_wiz_0/inst/clk_in1_clk_wiz_0
    MMCME2_ADV_X0Y0      MMCME2_ADV (Prop_mmcme2_adv_CLKIN1_CLKOUT0)
                                                     -7.010    -4.195 r  u_clk_wiz_0/inst/mmcm_adv_inst/CLKOUT0
                         net (fo=1, routed)           1.760    -2.435    u_clk_wiz_0/inst/clk_out1_clk_wiz_0
    BUFGCTRL_X0Y2        BUFG (Prop_bufg_I_O)         0.101    -2.334 r  u_clk_wiz_0/inst/clkout1_buf/O
                         net (fo=43, routed)          1.753    -0.581    u_AD9269/U_AD9269_SPI/clk_out1
    SLICE_X36Y49         FDCE                                         r  u_AD9269/U_AD9269_SPI/DELAY_CNT_reg[2]/C
  -------------------------------------------------------------------    -------------------
    SLICE_X36Y49         FDCE (Prop_fdce_C_Q)         0.456    -0.125 f  u_AD9269/U_AD9269_SPI/DELAY_CNT_reg[2]/Q
                         net (fo=2, routed)           0.815     0.690    u_AD9269/U_AD9269_SPI/DELAY_CNT_reg[2]
    SLICE_X38Y50         LUT5 (Prop_lut5_I2_O)        0.124     0.814 r  u_AD9269/U_AD9269_SPI/FSM_sequential_STATE[0]_i_5/O
                         net (fo=1, routed)           0.412     1.226    u_AD9269/U_AD9269_SPI/FSM_sequential_STATE[0]_i_5_n_0
    SLICE_X37Y49         LUT6 (Prop_lut6_I3_O)        0.124     1.350 r  u_AD9269/U_AD9269_SPI/FSM_sequential_STATE[0]_i_3/O
                         net (fo=1, routed)           0.304     1.654    u_AD9269/U_AD9269_SPI/FSM_sequential_STATE[0]_i_3_n_0
    SLICE_X38Y49         LUT5 (Prop_lut5_I2_O)        0.124     1.778 f  u_AD9269/U_AD9269_SPI/FSM_sequential_STATE[0]_i_2/O
                         net (fo=21, routed)          0.738     2.516    u_AD9269/U_AD9269_SPI/FSM_sequential_STATE[0]_i_2_n_0
    SLICE_X39Y50         LUT2 (Prop_lut2_I1_O)        0.124     2.640 r  u_AD9269/U_AD9269_SPI/DELAY_CNT[4]_i_4/O
                         net (fo=1, routed)           0.000     2.640    u_AD9269/U_AD9269_SPI/DELAY_CNT[4]_i_4_n_0
    SLICE_X39Y50         CARRY4 (Prop_carry4_S[1]_CO[3])
                                                      0.550     3.190 r  u_AD9269/U_AD9269_SPI/DELAY_CNT_reg[4]_i_1/CO[3]
                         net (fo=1, routed)           0.000     3.190    u_AD9269/U_AD9269_SPI/DELAY_CNT_reg[4]_i_1_n_0
    SLICE_X39Y51         CARRY4 (Prop_carry4_CI_CO[3])
                                                      0.114     3.304 r  u_AD9269/U_AD9269_SPI/DELAY_CNT_reg[8]_i_1/CO[3]
                         net (fo=1, routed)           0.000     3.304    u_AD9269/U_AD9269_SPI/DELAY_CNT_reg[8]_i_1_n_0
    SLICE_X39Y52         CARRY4 (Prop_carry4_CI_O[0])
                                                      0.223     3.527 r  u_AD9269/U_AD9269_SPI/DELAY_CNT_reg[12]_i_1/O[0]
                         net (fo=1, routed)           0.000     3.527    u_AD9269/U_AD9269_SPI/DELAY_CNT_reg[12]_i_1_n_7
    SLICE_X39Y52         FDCE                                         r  u_AD9269/U_AD9269_SPI/DELAY_CNT_reg[12]/D
  -------------------------------------------------------------------    -------------------

                         (clock clk_out1_clk_wiz_0 rise edge)
                                                      5.000     5.000 r  
    U18                                               0.000     5.000 r  sys_clk (IN)
                         net (fo=0)                   0.000     5.000    u_clk_wiz_0/inst/clk_in1
    U18                  IBUF (Prop_ibuf_I_O)         1.459     6.459 r  u_clk_wiz_0/inst/clkin1_ibufg/O
                         net (fo=1, routed)           1.162     7.621    u_clk_wiz_0/inst/clk_in1_clk_wiz_0
    MMCME2_ADV_X0Y0      MMCME2_ADV (Prop_mmcme2_adv_CLKIN1_CLKOUT0)
                                                     -7.118     0.502 r  u_clk_wiz_0/inst/mmcm_adv_inst/CLKOUT0
                         net (fo=1, routed)           1.599     2.102    u_clk_wiz_0/inst/clk_out1_clk_wiz_0
    BUFGCTRL_X0Y2        BUFG (Prop_bufg_I_O)         0.091     2.193 r  u_clk_wiz_0/inst/clkout1_buf/O
                         net (fo=43, routed)          1.566     3.758    u_AD9269/U_AD9269_SPI/clk_out1
    SLICE_X39Y52         FDCE                                         r  u_AD9269/U_AD9269_SPI/DELAY_CNT_reg[12]/C
                         clock pessimism              0.474     4.232    
                         clock uncertainty           -0.079     4.152    
    SLICE_X39Y52         FDCE (Setup_fdce_C_D)        0.062     4.214    u_AD9269/U_AD9269_SPI/DELAY_CNT_reg[12]
  -------------------------------------------------------------------
                         required time                          4.214    
                         arrival time                          -3.527    
  -------------------------------------------------------------------
                         slack                                  0.688    





Min Delay Paths
--------------------------------------------------------------------------------------
Slack (MET) :             0.153ns  (arrival time - required time)
  Source:                 u_AD9269/U_AD9269_SPI/DELAY_CNT_reg[3]/C
                            (rising edge-triggered cell FDCE clocked by clk_out1_clk_wiz_0  {rise@0.000ns fall@2.500ns period=5.000ns})
  Destination:            u_AD9269/U_AD9269_SPI/DELAY_CNT_reg[4]/D
                            (rising edge-triggered cell FDCE clocked by clk_out1_clk_wiz_0  {rise@0.000ns fall@2.500ns period=5.000ns})
  Path Group:             clk_out1_clk_wiz_0
  Path Type:              Hold (Min at Fast Process Corner)
  Requirement:            0.000ns  (clk_out1_clk_wiz_0 rise@0.000ns - clk_out1_clk_wiz_0 rise@0.000ns)
  Data Path Delay:        0.526ns  (logic 0.355ns (67.491%)  route 0.171ns (32.509%))
  Logic Levels:           3  (CARRY4=2 LUT2=1)
  Clock Path Skew:        0.268ns (DCD - SCD - CPR)
    Destination Clock Delay (DCD):    -0.668ns
    Source Clock Delay      (SCD):    -0.435ns
    Clock Pessimism Removal (CPR):    -0.501ns

    Location             Delay type                Incr(ns)  Path(ns)    Netlist Resource(s)
  -------------------------------------------------------------------    -------------------
                         (clock clk_out1_clk_wiz_0 rise edge)
                                                      0.000     0.000 r  
    U18                                               0.000     0.000 r  sys_clk (IN)
                         net (fo=0)                   0.000     0.000    u_clk_wiz_0/inst/clk_in1
    U18                  IBUF (Prop_ibuf_I_O)         0.297     0.297 r  u_clk_wiz_0/inst/clkin1_ibufg/O
                         net (fo=1, routed)           0.440     0.738    u_clk_wiz_0/inst/clk_in1_clk_wiz_0
    MMCME2_ADV_X0Y0      MMCME2_ADV (Prop_mmcme2_adv_CLKIN1_CLKOUT0)
                                                     -2.271    -1.534 r  u_clk_wiz_0/inst/mmcm_adv_inst/CLKOUT0
                         net (fo=1, routed)           0.482    -1.052    u_clk_wiz_0/inst/clk_out1_clk_wiz_0
    BUFGCTRL_X0Y2        BUFG (Prop_bufg_I_O)         0.026    -1.026 r  u_clk_wiz_0/inst/clkout1_buf/O
                         net (fo=43, routed)          0.591    -0.435    u_AD9269/U_AD9269_SPI/clk_out1
    SLICE_X39Y49         FDCE                                         r  u_AD9269/U_AD9269_SPI/DELAY_CNT_reg[3]/C
  -------------------------------------------------------------------    -------------------
    SLICE_X39Y49         FDCE (Prop_fdce_C_Q)         0.141    -0.294 r  u_AD9269/U_AD9269_SPI/DELAY_CNT_reg[3]/Q
                         net (fo=2, routed)           0.170    -0.124    u_AD9269/U_AD9269_SPI/DELAY_CNT_reg[3]
    SLICE_X39Y49         LUT2 (Prop_lut2_I0_O)        0.045    -0.079 r  u_AD9269/U_AD9269_SPI/DELAY_CNT[0]_i_4/O
                         net (fo=1, routed)           0.000    -0.079    u_AD9269/U_AD9269_SPI/DELAY_CNT[0]_i_4_n_0
    SLICE_X39Y49         CARRY4 (Prop_carry4_S[3]_CO[3])
                                                      0.115     0.036 r  u_AD9269/U_AD9269_SPI/DELAY_CNT_reg[0]_i_2/CO[3]
                         net (fo=1, routed)           0.001     0.037    u_AD9269/U_AD9269_SPI/DELAY_CNT_reg[0]_i_2_n_0
    SLICE_X39Y50         CARRY4 (Prop_carry4_CI_O[0])
                                                      0.054     0.091 r  u_AD9269/U_AD9269_SPI/DELAY_CNT_reg[4]_i_1/O[0]
                         net (fo=1, routed)           0.000     0.091    u_AD9269/U_AD9269_SPI/DELAY_CNT_reg[4]_i_1_n_7
    SLICE_X39Y50         FDCE                                         r  u_AD9269/U_AD9269_SPI/DELAY_CNT_reg[4]/D
  -------------------------------------------------------------------    -------------------

                         (clock clk_out1_clk_wiz_0 rise edge)
                                                      0.000     0.000 r  
    U18                                               0.000     0.000 r  sys_clk (IN)
                         net (fo=0)                   0.000     0.000    u_clk_wiz_0/inst/clk_in1
    U18                  IBUF (Prop_ibuf_I_O)         0.486     0.486 r  u_clk_wiz_0/inst/clkin1_ibufg/O
                         net (fo=1, routed)           0.480     0.966    u_clk_wiz_0/inst/clk_in1_clk_wiz_0
    MMCME2_ADV_X0Y0      MMCME2_ADV (Prop_mmcme2_adv_CLKIN1_CLKOUT0)
                                                     -3.050    -2.084 r  u_clk_wiz_0/inst/mmcm_adv_inst/CLKOUT0
                         net (fo=1, routed)           0.528    -1.556    u_clk_wiz_0/inst/clk_out1_clk_wiz_0
    BUFGCTRL_X0Y2        BUFG (Prop_bufg_I_O)         0.029    -1.527 r  u_clk_wiz_0/inst/clkout1_buf/O
                         net (fo=43, routed)          0.859    -0.668    u_AD9269/U_AD9269_SPI/clk_out1
    SLICE_X39Y50         FDCE                                         r  u_AD9269/U_AD9269_SPI/DELAY_CNT_reg[4]/C
                         clock pessimism              0.501    -0.167    
    SLICE_X39Y50         FDCE (Hold_fdce_C_D)         0.105    -0.062    u_AD9269/U_AD9269_SPI/DELAY_CNT_reg[4]
  -------------------------------------------------------------------
                         required time                          0.062    
                         arrival time                           0.091    
  -------------------------------------------------------------------
                         slack                                  0.153    

Slack (MET) :             0.164ns  (arrival time - required time)
  Source:                 u_AD9269/U_AD9269_SPI/DELAY_CNT_reg[3]/C
                            (rising edge-triggered cell FDCE clocked by clk_out1_clk_wiz_0  {rise@0.000ns fall@2.500ns period=5.000ns})
  Destination:            u_AD9269/U_AD9269_SPI/DELAY_CNT_reg[6]/D
                            (rising edge-triggered cell FDCE clocked by clk_out1_clk_wiz_0  {rise@0.000ns fall@2.500ns period=5.000ns})
  Path Group:             clk_out1_clk_wiz_0
  Path Type:              Hold (Min at Fast Process Corner)
  Requirement:            0.000ns  (clk_out1_clk_wiz_0 rise@0.000ns - clk_out1_clk_wiz_0 rise@0.000ns)
  Data Path Delay:        0.537ns  (logic 0.366ns (68.157%)  route 0.171ns (31.843%))
  Logic Levels:           3  (CARRY4=2 LUT2=1)
  Clock Path Skew:        0.268ns (DCD - SCD - CPR)
    Destination Clock Delay (DCD):    -0.668ns
    Source Clock Delay      (SCD):    -0.435ns
    Clock Pessimism Removal (CPR):    -0.501ns

    Location             Delay type                Incr(ns)  Path(ns)    Netlist Resource(s)
  -------------------------------------------------------------------    -------------------
                         (clock clk_out1_clk_wiz_0 rise edge)
                                                      0.000     0.000 r  
    U18                                               0.000     0.000 r  sys_clk (IN)
                         net (fo=0)                   0.000     0.000    u_clk_wiz_0/inst/clk_in1
    U18                  IBUF (Prop_ibuf_I_O)         0.297     0.297 r  u_clk_wiz_0/inst/clkin1_ibufg/O
                         net (fo=1, routed)           0.440     0.738    u_clk_wiz_0/inst/clk_in1_clk_wiz_0
    MMCME2_ADV_X0Y0      MMCME2_ADV (Prop_mmcme2_adv_CLKIN1_CLKOUT0)
                                                     -2.271    -1.534 r  u_clk_wiz_0/inst/mmcm_adv_inst/CLKOUT0
                         net (fo=1, routed)           0.482    -1.052    u_clk_wiz_0/inst/clk_out1_clk_wiz_0
    BUFGCTRL_X0Y2        BUFG (Prop_bufg_I_O)         0.026    -1.026 r  u_clk_wiz_0/inst/clkout1_buf/O
                         net (fo=43, routed)          0.591    -0.435    u_AD9269/U_AD9269_SPI/clk_out1
    SLICE_X39Y49         FDCE                                         r  u_AD9269/U_AD9269_SPI/DELAY_CNT_reg[3]/C
  -------------------------------------------------------------------    -------------------
    SLICE_X39Y49         FDCE (Prop_fdce_C_Q)         0.141    -0.294 r  u_AD9269/U_AD9269_SPI/DELAY_CNT_reg[3]/Q
                         net (fo=2, routed)           0.170    -0.124    u_AD9269/U_AD9269_SPI/DELAY_CNT_reg[3]
    SLICE_X39Y49         LUT2 (Prop_lut2_I0_O)        0.045    -0.079 r  u_AD9269/U_AD9269_SPI/DELAY_CNT[0]_i_4/O
                         net (fo=1, routed)           0.000    -0.079    u_AD9269/U_AD9269_SPI/DELAY_CNT[0]_i_4_n_0
    SLICE_X39Y49         CARRY4 (Prop_carry4_S[3]_CO[3])
                                                      0.115     0.036 r  u_AD9269/U_AD9269_SPI/DELAY_CNT_reg[0]_i_2/CO[3]
                         net (fo=1, routed)           0.001     0.037    u_AD9269/U_AD9269_SPI/DELAY_CNT_reg[0]_i_2_n_0
    SLICE_X39Y50         CARRY4 (Prop_carry4_CI_O[2])
                                                      0.065     0.102 r  u_AD9269/U_AD9269_SPI/DELAY_CNT_reg[4]_i_1/O[2]
                         net (fo=1, routed)           0.000     0.102    u_AD9269/U_AD9269_SPI/DELAY_CNT_reg[4]_i_1_n_5
    SLICE_X39Y50         FDCE                                         r  u_AD9269/U_AD9269_SPI/DELAY_CNT_reg[6]/D
  -------------------------------------------------------------------    -------------------

                         (clock clk_out1_clk_wiz_0 rise edge)
                                                      0.000     0.000 r  
    U18                                               0.000     0.000 r  sys_clk (IN)
                         net (fo=0)                   0.000     0.000    u_clk_wiz_0/inst/clk_in1
    U18                  IBUF (Prop_ibuf_I_O)         0.486     0.486 r  u_clk_wiz_0/inst/clkin1_ibufg/O
                         net (fo=1, routed)           0.480     0.966    u_clk_wiz_0/inst/clk_in1_clk_wiz_0
    MMCME2_ADV_X0Y0      MMCME2_ADV (Prop_mmcme2_adv_CLKIN1_CLKOUT0)
                                                     -3.050    -2.084 r  u_clk_wiz_0/inst/mmcm_adv_inst/CLKOUT0
                         net (fo=1, routed)           0.528    -1.556    u_clk_wiz_0/inst/clk_out1_clk_wiz_0
    BUFGCTRL_X0Y2        BUFG (Prop_bufg_I_O)         0.029    -1.527 r  u_clk_wiz_0/inst/clkout1_buf/O
                         net (fo=43, routed)          0.859    -0.668    u_AD9269/U_AD9269_SPI/clk_out1
    SLICE_X39Y50         FDCE                                         r  u_AD9269/U_AD9269_SPI/DELAY_CNT_reg[6]/C
                         clock pessimism              0.501    -0.167    
    SLICE_X39Y50         FDCE (Hold_fdce_C_D)         0.105    -0.062    u_AD9269/U_AD9269_SPI/DELAY_CNT_reg[6]
  -------------------------------------------------------------------
                         required time                          0.062    
                         arrival time                           0.102    
  -------------------------------------------------------------------
                         slack                                  0.164    

Slack (MET) :             0.189ns  (arrival time - required time)
  Source:                 u_AD9269/U_AD9269_SPI/DELAY_CNT_reg[3]/C
                            (rising edge-triggered cell FDCE clocked by clk_out1_clk_wiz_0  {rise@0.000ns fall@2.500ns period=5.000ns})
  Destination:            u_AD9269/U_AD9269_SPI/DELAY_CNT_reg[5]/D
                            (rising edge-triggered cell FDCE clocked by clk_out1_clk_wiz_0  {rise@0.000ns fall@2.500ns period=5.000ns})
  Path Group:             clk_out1_clk_wiz_0
  Path Type:              Hold (Min at Fast Process Corner)
  Requirement:            0.000ns  (clk_out1_clk_wiz_0 rise@0.000ns - clk_out1_clk_wiz_0 rise@0.000ns)
  Data Path Delay:        0.562ns  (logic 0.391ns (69.574%)  route 0.171ns (30.426%))
  Logic Levels:           3  (CARRY4=2 LUT2=1)
  Clock Path Skew:        0.268ns (DCD - SCD - CPR)
    Destination Clock Delay (DCD):    -0.668ns
    Source Clock Delay      (SCD):    -0.435ns
    Clock Pessimism Removal (CPR):    -0.501ns

    Location             Delay type                Incr(ns)  Path(ns)    Netlist Resource(s)
  -------------------------------------------------------------------    -------------------
                         (clock clk_out1_clk_wiz_0 rise edge)
                                                      0.000     0.000 r  
    U18                                               0.000     0.000 r  sys_clk (IN)
                         net (fo=0)                   0.000     0.000    u_clk_wiz_0/inst/clk_in1
    U18                  IBUF (Prop_ibuf_I_O)         0.297     0.297 r  u_clk_wiz_0/inst/clkin1_ibufg/O
                         net (fo=1, routed)           0.440     0.738    u_clk_wiz_0/inst/clk_in1_clk_wiz_0
    MMCME2_ADV_X0Y0      MMCME2_ADV (Prop_mmcme2_adv_CLKIN1_CLKOUT0)
                                                     -2.271    -1.534 r  u_clk_wiz_0/inst/mmcm_adv_inst/CLKOUT0
                         net (fo=1, routed)           0.482    -1.052    u_clk_wiz_0/inst/clk_out1_clk_wiz_0
    BUFGCTRL_X0Y2        BUFG (Prop_bufg_I_O)         0.026    -1.026 r  u_clk_wiz_0/inst/clkout1_buf/O
                         net (fo=43, routed)          0.591    -0.435    u_AD9269/U_AD9269_SPI/clk_out1
    SLICE_X39Y49         FDCE                                         r  u_AD9269/U_AD9269_SPI/DELAY_CNT_reg[3]/C
  -------------------------------------------------------------------    -------------------
    SLICE_X39Y49         FDCE (Prop_fdce_C_Q)         0.141    -0.294 r  u_AD9269/U_AD9269_SPI/DELAY_CNT_reg[3]/Q
                         net (fo=2, routed)           0.170    -0.124    u_AD9269/U_AD9269_SPI/DELAY_CNT_reg[3]
    SLICE_X39Y49         LUT2 (Prop_lut2_I0_O)        0.045    -0.079 r  u_AD9269/U_AD9269_SPI/DELAY_CNT[0]_i_4/O
                         net (fo=1, routed)           0.000    -0.079    u_AD9269/U_AD9269_SPI/DELAY_CNT[0]_i_4_n_0
    SLICE_X39Y49         CARRY4 (Prop_carry4_S[3]_CO[3])
                                                      0.115     0.036 r  u_AD9269/U_AD9269_SPI/DELAY_CNT_reg[0]_i_2/CO[3]
                         net (fo=1, routed)           0.001     0.037    u_AD9269/U_AD9269_SPI/DELAY_CNT_reg[0]_i_2_n_0
    SLICE_X39Y50         CARRY4 (Prop_carry4_CI_O[1])
                                                      0.090     0.127 r  u_AD9269/U_AD9269_SPI/DELAY_CNT_reg[4]_i_1/O[1]
                         net (fo=1, routed)           0.000     0.127    u_AD9269/U_AD9269_SPI/DELAY_CNT_reg[4]_i_1_n_6
    SLICE_X39Y50         FDCE                                         r  u_AD9269/U_AD9269_SPI/DELAY_CNT_reg[5]/D
  -------------------------------------------------------------------    -------------------

                         (clock clk_out1_clk_wiz_0 rise edge)
                                                      0.000     0.000 r  
    U18                                               0.000     0.000 r  sys_clk (IN)
                         net (fo=0)                   0.000     0.000    u_clk_wiz_0/inst/clk_in1
    U18                  IBUF (Prop_ibuf_I_O)         0.486     0.486 r  u_clk_wiz_0/inst/clkin1_ibufg/O
                         net (fo=1, routed)           0.480     0.966    u_clk_wiz_0/inst/clk_in1_clk_wiz_0
    MMCME2_ADV_X0Y0      MMCME2_ADV (Prop_mmcme2_adv_CLKIN1_CLKOUT0)
                                                     -3.050    -2.084 r  u_clk_wiz_0/inst/mmcm_adv_inst/CLKOUT0
                         net (fo=1, routed)           0.528    -1.556    u_clk_wiz_0/inst/clk_out1_clk_wiz_0
    BUFGCTRL_X0Y2        BUFG (Prop_bufg_I_O)         0.029    -1.527 r  u_clk_wiz_0/inst/clkout1_buf/O
                         net (fo=43, routed)          0.859    -0.668    u_AD9269/U_AD9269_SPI/clk_out1
    SLICE_X39Y50         FDCE                                         r  u_AD9269/U_AD9269_SPI/DELAY_CNT_reg[5]/C
                         clock pessimism              0.501    -0.167    
    SLICE_X39Y50         FDCE (Hold_fdce_C_D)         0.105    -0.062    u_AD9269/U_AD9269_SPI/DELAY_CNT_reg[5]
  -------------------------------------------------------------------
                         required time                          0.062    
                         arrival time                           0.127    
  -------------------------------------------------------------------
                         slack                                  0.189    

Slack (MET) :             0.189ns  (arrival time - required time)
  Source:                 u_AD9269/U_AD9269_SPI/DELAY_CNT_reg[3]/C
                            (rising edge-triggered cell FDCE clocked by clk_out1_clk_wiz_0  {rise@0.000ns fall@2.500ns period=5.000ns})
  Destination:            u_AD9269/U_AD9269_SPI/DELAY_CNT_reg[7]/D
                            (rising edge-triggered cell FDCE clocked by clk_out1_clk_wiz_0  {rise@0.000ns fall@2.500ns period=5.000ns})
  Path Group:             clk_out1_clk_wiz_0
  Path Type:              Hold (Min at Fast Process Corner)
  Requirement:            0.000ns  (clk_out1_clk_wiz_0 rise@0.000ns - clk_out1_clk_wiz_0 rise@0.000ns)
  Data Path Delay:        0.562ns  (logic 0.391ns (69.574%)  route 0.171ns (30.426%))
  Logic Levels:           3  (CARRY4=2 LUT2=1)
  Clock Path Skew:        0.268ns (DCD - SCD - CPR)
    Destination Clock Delay (DCD):    -0.668ns
    Source Clock Delay      (SCD):    -0.435ns
    Clock Pessimism Removal (CPR):    -0.501ns

    Location             Delay type                Incr(ns)  Path(ns)    Netlist Resource(s)
  -------------------------------------------------------------------    -------------------
                         (clock clk_out1_clk_wiz_0 rise edge)
                                                      0.000     0.000 r  
    U18                                               0.000     0.000 r  sys_clk (IN)
                         net (fo=0)                   0.000     0.000    u_clk_wiz_0/inst/clk_in1
    U18                  IBUF (Prop_ibuf_I_O)         0.297     0.297 r  u_clk_wiz_0/inst/clkin1_ibufg/O
                         net (fo=1, routed)           0.440     0.738    u_clk_wiz_0/inst/clk_in1_clk_wiz_0
    MMCME2_ADV_X0Y0      MMCME2_ADV (Prop_mmcme2_adv_CLKIN1_CLKOUT0)
                                                     -2.271    -1.534 r  u_clk_wiz_0/inst/mmcm_adv_inst/CLKOUT0
                         net (fo=1, routed)           0.482    -1.052    u_clk_wiz_0/inst/clk_out1_clk_wiz_0
    BUFGCTRL_X0Y2        BUFG (Prop_bufg_I_O)         0.026    -1.026 r  u_clk_wiz_0/inst/clkout1_buf/O
                         net (fo=43, routed)          0.591    -0.435    u_AD9269/U_AD9269_SPI/clk_out1
    SLICE_X39Y49         FDCE                                         r  u_AD9269/U_AD9269_SPI/DELAY_CNT_reg[3]/C
  -------------------------------------------------------------------    -------------------
    SLICE_X39Y49         FDCE (Prop_fdce_C_Q)         0.141    -0.294 r  u_AD9269/U_AD9269_SPI/DELAY_CNT_reg[3]/Q
                         net (fo=2, routed)           0.170    -0.124    u_AD9269/U_AD9269_SPI/DELAY_CNT_reg[3]
    SLICE_X39Y49         LUT2 (Prop_lut2_I0_O)        0.045    -0.079 r  u_AD9269/U_AD9269_SPI/DELAY_CNT[0]_i_4/O
                         net (fo=1, routed)           0.000    -0.079    u_AD9269/U_AD9269_SPI/DELAY_CNT[0]_i_4_n_0
    SLICE_X39Y49         CARRY4 (Prop_carry4_S[3]_CO[3])
                                                      0.115     0.036 r  u_AD9269/U_AD9269_SPI/DELAY_CNT_reg[0]_i_2/CO[3]
                         net (fo=1, routed)           0.001     0.037    u_AD9269/U_AD9269_SPI/DELAY_CNT_reg[0]_i_2_n_0
    SLICE_X39Y50         CARRY4 (Prop_carry4_CI_O[3])
                                                      0.090     0.127 r  u_AD9269/U_AD9269_SPI/DELAY_CNT_reg[4]_i_1/O[3]
                         net (fo=1, routed)           0.000     0.127    u_AD9269/U_AD9269_SPI/DELAY_CNT_reg[4]_i_1_n_4
    SLICE_X39Y50         FDCE                                         r  u_AD9269/U_AD9269_SPI/DELAY_CNT_reg[7]/D
  -------------------------------------------------------------------    -------------------

                         (clock clk_out1_clk_wiz_0 rise edge)
                                                      0.000     0.000 r  
    U18                                               0.000     0.000 r  sys_clk (IN)
                         net (fo=0)                   0.000     0.000    u_clk_wiz_0/inst/clk_in1
    U18                  IBUF (Prop_ibuf_I_O)         0.486     0.486 r  u_clk_wiz_0/inst/clkin1_ibufg/O
                         net (fo=1, routed)           0.480     0.966    u_clk_wiz_0/inst/clk_in1_clk_wiz_0
    MMCME2_ADV_X0Y0      MMCME2_ADV (Prop_mmcme2_adv_CLKIN1_CLKOUT0)
                                                     -3.050    -2.084 r  u_clk_wiz_0/inst/mmcm_adv_inst/CLKOUT0
                         net (fo=1, routed)           0.528    -1.556    u_clk_wiz_0/inst/clk_out1_clk_wiz_0
    BUFGCTRL_X0Y2        BUFG (Prop_bufg_I_O)         0.029    -1.527 r  u_clk_wiz_0/inst/clkout1_buf/O
                         net (fo=43, routed)          0.859    -0.668    u_AD9269/U_AD9269_SPI/clk_out1
    SLICE_X39Y50         FDCE                                         r  u_AD9269/U_AD9269_SPI/DELAY_CNT_reg[7]/C
                         clock pessimism              0.501    -0.167    
    SLICE_X39Y50         FDCE (Hold_fdce_C_D)         0.105    -0.062    u_AD9269/U_AD9269_SPI/DELAY_CNT_reg[7]
  -------------------------------------------------------------------
                         required time                          0.062    
                         arrival time                           0.127    
  -------------------------------------------------------------------
                         slack                                  0.189    

Slack (MET) :             0.192ns  (arrival time - required time)
  Source:                 u_AD9269/U_AD9269_SPI/DELAY_CNT_reg[3]/C
                            (rising edge-triggered cell FDCE clocked by clk_out1_clk_wiz_0  {rise@0.000ns fall@2.500ns period=5.000ns})
  Destination:            u_AD9269/U_AD9269_SPI/DELAY_CNT_reg[8]/D
                            (rising edge-triggered cell FDCE clocked by clk_out1_clk_wiz_0  {rise@0.000ns fall@2.500ns period=5.000ns})
  Path Group:             clk_out1_clk_wiz_0
  Path Type:              Hold (Min at Fast Process Corner)
  Requirement:            0.000ns  (clk_out1_clk_wiz_0 rise@0.000ns - clk_out1_clk_wiz_0 rise@0.000ns)
  Data Path Delay:        0.565ns  (logic 0.394ns (69.735%)  route 0.171ns (30.265%))
  Logic Levels:           4  (CARRY4=3 LUT2=1)
  Clock Path Skew:        0.268ns (DCD - SCD - CPR)
    Destination Clock Delay (DCD):    -0.668ns
    Source Clock Delay      (SCD):    -0.435ns
    Clock Pessimism Removal (CPR):    -0.501ns

    Location             Delay type                Incr(ns)  Path(ns)    Netlist Resource(s)
  -------------------------------------------------------------------    -------------------
                         (clock clk_out1_clk_wiz_0 rise edge)
                                                      0.000     0.000 r  
    U18                                               0.000     0.000 r  sys_clk (IN)
                         net (fo=0)                   0.000     0.000    u_clk_wiz_0/inst/clk_in1
    U18                  IBUF (Prop_ibuf_I_O)         0.297     0.297 r  u_clk_wiz_0/inst/clkin1_ibufg/O
                         net (fo=1, routed)           0.440     0.738    u_clk_wiz_0/inst/clk_in1_clk_wiz_0
    MMCME2_ADV_X0Y0      MMCME2_ADV (Prop_mmcme2_adv_CLKIN1_CLKOUT0)
                                                     -2.271    -1.534 r  u_clk_wiz_0/inst/mmcm_adv_inst/CLKOUT0
                         net (fo=1, routed)           0.482    -1.052    u_clk_wiz_0/inst/clk_out1_clk_wiz_0
    BUFGCTRL_X0Y2        BUFG (Prop_bufg_I_O)         0.026    -1.026 r  u_clk_wiz_0/inst/clkout1_buf/O
                         net (fo=43, routed)          0.591    -0.435    u_AD9269/U_AD9269_SPI/clk_out1
    SLICE_X39Y49         FDCE                                         r  u_AD9269/U_AD9269_SPI/DELAY_CNT_reg[3]/C
  -------------------------------------------------------------------    -------------------
    SLICE_X39Y49         FDCE (Prop_fdce_C_Q)         0.141    -0.294 r  u_AD9269/U_AD9269_SPI/DELAY_CNT_reg[3]/Q
                         net (fo=2, routed)           0.170    -0.124    u_AD9269/U_AD9269_SPI/DELAY_CNT_reg[3]
    SLICE_X39Y49         LUT2 (Prop_lut2_I0_O)        0.045    -0.079 r  u_AD9269/U_AD9269_SPI/DELAY_CNT[0]_i_4/O
                         net (fo=1, routed)           0.000    -0.079    u_AD9269/U_AD9269_SPI/DELAY_CNT[0]_i_4_n_0
    SLICE_X39Y49         CARRY4 (Prop_carry4_S[3]_CO[3])
                                                      0.115     0.036 r  u_AD9269/U_AD9269_SPI/DELAY_CNT_reg[0]_i_2/CO[3]
                         net (fo=1, routed)           0.001     0.037    u_AD9269/U_AD9269_SPI/DELAY_CNT_reg[0]_i_2_n_0
    SLICE_X39Y50         CARRY4 (Prop_carry4_CI_CO[3])
                                                      0.039     0.076 r  u_AD9269/U_AD9269_SPI/DELAY_CNT_reg[4]_i_1/CO[3]
                         net (fo=1, routed)           0.000     0.076    u_AD9269/U_AD9269_SPI/DELAY_CNT_reg[4]_i_1_n_0
    SLICE_X39Y51         CARRY4 (Prop_carry4_CI_O[0])
                                                      0.054     0.130 r  u_AD9269/U_AD9269_SPI/DELAY_CNT_reg[8]_i_1/O[0]
                         net (fo=1, routed)           0.000     0.130    u_AD9269/U_AD9269_SPI/DELAY_CNT_reg[8]_i_1_n_7
    SLICE_X39Y51         FDCE                                         r  u_AD9269/U_AD9269_SPI/DELAY_CNT_reg[8]/D
  -------------------------------------------------------------------    -------------------

                         (clock clk_out1_clk_wiz_0 rise edge)
                                                      0.000     0.000 r  
    U18                                               0.000     0.000 r  sys_clk (IN)
                         net (fo=0)                   0.000     0.000    u_clk_wiz_0/inst/clk_in1
    U18                  IBUF (Prop_ibuf_I_O)         0.486     0.486 r  u_clk_wiz_0/inst/clkin1_ibufg/O
                         net (fo=1, routed)           0.480     0.966    u_clk_wiz_0/inst/clk_in1_clk_wiz_0
    MMCME2_ADV_X0Y0      MMCME2_ADV (Prop_mmcme2_adv_CLKIN1_CLKOUT0)
                                                     -3.050    -2.084 r  u_clk_wiz_0/inst/mmcm_adv_inst/CLKOUT0
                         net (fo=1, routed)           0.528    -1.556    u_clk_wiz_0/inst/clk_out1_clk_wiz_0
    BUFGCTRL_X0Y2        BUFG (Prop_bufg_I_O)         0.029    -1.527 r  u_clk_wiz_0/inst/clkout1_buf/O
                         net (fo=43, routed)          0.859    -0.668    u_AD9269/U_AD9269_SPI/clk_out1
    SLICE_X39Y51         FDCE                                         r  u_AD9269/U_AD9269_SPI/DELAY_CNT_reg[8]/C
                         clock pessimism              0.501    -0.167    
    SLICE_X39Y51         FDCE (Hold_fdce_C_D)         0.105    -0.062    u_AD9269/U_AD9269_SPI/DELAY_CNT_reg[8]
  -------------------------------------------------------------------
                         required time                          0.062    
                         arrival time                           0.130    
  -------------------------------------------------------------------
                         slack                                  0.192    

Slack (MET) :             0.203ns  (arrival time - required time)
  Source:                 u_AD9269/U_AD9269_SPI/DELAY_CNT_reg[3]/C
                            (rising edge-triggered cell FDCE clocked by clk_out1_clk_wiz_0  {rise@0.000ns fall@2.500ns period=5.000ns})
  Destination:            u_AD9269/U_AD9269_SPI/DELAY_CNT_reg[10]/D
                            (rising edge-triggered cell FDCE clocked by clk_out1_clk_wiz_0  {rise@0.000ns fall@2.500ns period=5.000ns})
  Path Group:             clk_out1_clk_wiz_0
  Path Type:              Hold (Min at Fast Process Corner)
  Requirement:            0.000ns  (clk_out1_clk_wiz_0 rise@0.000ns - clk_out1_clk_wiz_0 rise@0.000ns)
  Data Path Delay:        0.576ns  (logic 0.405ns (70.313%)  route 0.171ns (29.687%))
  Logic Levels:           4  (CARRY4=3 LUT2=1)
  Clock Path Skew:        0.268ns (DCD - SCD - CPR)
    Destination Clock Delay (DCD):    -0.668ns
    Source Clock Delay      (SCD):    -0.435ns
    Clock Pessimism Removal (CPR):    -0.501ns

    Location             Delay type                Incr(ns)  Path(ns)    Netlist Resource(s)
  -------------------------------------------------------------------    -------------------
                         (clock clk_out1_clk_wiz_0 rise edge)
                                                      0.000     0.000 r  
    U18                                               0.000     0.000 r  sys_clk (IN)
                         net (fo=0)                   0.000     0.000    u_clk_wiz_0/inst/clk_in1
    U18                  IBUF (Prop_ibuf_I_O)         0.297     0.297 r  u_clk_wiz_0/inst/clkin1_ibufg/O
                         net (fo=1, routed)           0.440     0.738    u_clk_wiz_0/inst/clk_in1_clk_wiz_0
    MMCME2_ADV_X0Y0      MMCME2_ADV (Prop_mmcme2_adv_CLKIN1_CLKOUT0)
                                                     -2.271    -1.534 r  u_clk_wiz_0/inst/mmcm_adv_inst/CLKOUT0
                         net (fo=1, routed)           0.482    -1.052    u_clk_wiz_0/inst/clk_out1_clk_wiz_0
    BUFGCTRL_X0Y2        BUFG (Prop_bufg_I_O)         0.026    -1.026 r  u_clk_wiz_0/inst/clkout1_buf/O
                         net (fo=43, routed)          0.591    -0.435    u_AD9269/U_AD9269_SPI/clk_out1
    SLICE_X39Y49         FDCE                                         r  u_AD9269/U_AD9269_SPI/DELAY_CNT_reg[3]/C
  -------------------------------------------------------------------    -------------------
    SLICE_X39Y49         FDCE (Prop_fdce_C_Q)         0.141    -0.294 r  u_AD9269/U_AD9269_SPI/DELAY_CNT_reg[3]/Q
                         net (fo=2, routed)           0.170    -0.124    u_AD9269/U_AD9269_SPI/DELAY_CNT_reg[3]
    SLICE_X39Y49         LUT2 (Prop_lut2_I0_O)        0.045    -0.079 r  u_AD9269/U_AD9269_SPI/DELAY_CNT[0]_i_4/O
                         net (fo=1, routed)           0.000    -0.079    u_AD9269/U_AD9269_SPI/DELAY_CNT[0]_i_4_n_0
    SLICE_X39Y49         CARRY4 (Prop_carry4_S[3]_CO[3])
                                                      0.115     0.036 r  u_AD9269/U_AD9269_SPI/DELAY_CNT_reg[0]_i_2/CO[3]
                         net (fo=1, routed)           0.001     0.037    u_AD9269/U_AD9269_SPI/DELAY_CNT_reg[0]_i_2_n_0
    SLICE_X39Y50         CARRY4 (Prop_carry4_CI_CO[3])
                                                      0.039     0.076 r  u_AD9269/U_AD9269_SPI/DELAY_CNT_reg[4]_i_1/CO[3]
                         net (fo=1, routed)           0.000     0.076    u_AD9269/U_AD9269_SPI/DELAY_CNT_reg[4]_i_1_n_0
    SLICE_X39Y51         CARRY4 (Prop_carry4_CI_O[2])
                                                      0.065     0.141 r  u_AD9269/U_AD9269_SPI/DELAY_CNT_reg[8]_i_1/O[2]
                         net (fo=1, routed)           0.000     0.141    u_AD9269/U_AD9269_SPI/DELAY_CNT_reg[8]_i_1_n_5
    SLICE_X39Y51         FDCE                                         r  u_AD9269/U_AD9269_SPI/DELAY_CNT_reg[10]/D
  -------------------------------------------------------------------    -------------------

                         (clock clk_out1_clk_wiz_0 rise edge)
                                                      0.000     0.000 r  
    U18                                               0.000     0.000 r  sys_clk (IN)
                         net (fo=0)                   0.000     0.000    u_clk_wiz_0/inst/clk_in1
    U18                  IBUF (Prop_ibuf_I_O)         0.486     0.486 r  u_clk_wiz_0/inst/clkin1_ibufg/O
                         net (fo=1, routed)           0.480     0.966    u_clk_wiz_0/inst/clk_in1_clk_wiz_0
    MMCME2_ADV_X0Y0      MMCME2_ADV (Prop_mmcme2_adv_CLKIN1_CLKOUT0)
                                                     -3.050    -2.084 r  u_clk_wiz_0/inst/mmcm_adv_inst/CLKOUT0
                         net (fo=1, routed)           0.528    -1.556    u_clk_wiz_0/inst/clk_out1_clk_wiz_0
    BUFGCTRL_X0Y2        BUFG (Prop_bufg_I_O)         0.029    -1.527 r  u_clk_wiz_0/inst/clkout1_buf/O
                         net (fo=43, routed)          0.859    -0.668    u_AD9269/U_AD9269_SPI/clk_out1
    SLICE_X39Y51         FDCE                                         r  u_AD9269/U_AD9269_SPI/DELAY_CNT_reg[10]/C
                         clock pessimism              0.501    -0.167    
    SLICE_X39Y51         FDCE (Hold_fdce_C_D)         0.105    -0.062    u_AD9269/U_AD9269_SPI/DELAY_CNT_reg[10]
  -------------------------------------------------------------------
                         required time                          0.062    
                         arrival time                           0.141    
  -------------------------------------------------------------------
                         slack                                  0.203    

Slack (MET) :             0.224ns  (arrival time - required time)
  Source:                 u_AD9269/U_AD9269_SPI/SPI_CS_reg/C
                            (rising edge-triggered cell FDPE clocked by clk_out1_clk_wiz_0  {rise@0.000ns fall@2.500ns period=5.000ns})
  Destination:            u_AD9269/U_AD9269_SPI/cs_first_reg/D
                            (rising edge-triggered cell FDRE clocked by clk_out1_clk_wiz_0  {rise@0.000ns fall@2.500ns period=5.000ns})
  Path Group:             clk_out1_clk_wiz_0
  Path Type:              Hold (Min at Fast Process Corner)
  Requirement:            0.000ns  (clk_out1_clk_wiz_0 rise@0.000ns - clk_out1_clk_wiz_0 rise@0.000ns)
  Data Path Delay:        0.564ns  (logic 0.164ns (29.065%)  route 0.400ns (70.935%))
  Logic Levels:           0  
  Clock Path Skew:        0.270ns (DCD - SCD - CPR)
    Destination Clock Delay (DCD):    -0.666ns
    Source Clock Delay      (SCD):    -0.435ns
    Clock Pessimism Removal (CPR):    -0.501ns

    Location             Delay type                Incr(ns)  Path(ns)    Netlist Resource(s)
  -------------------------------------------------------------------    -------------------
                         (clock clk_out1_clk_wiz_0 rise edge)
                                                      0.000     0.000 r  
    U18                                               0.000     0.000 r  sys_clk (IN)
                         net (fo=0)                   0.000     0.000    u_clk_wiz_0/inst/clk_in1
    U18                  IBUF (Prop_ibuf_I_O)         0.297     0.297 r  u_clk_wiz_0/inst/clkin1_ibufg/O
                         net (fo=1, routed)           0.440     0.738    u_clk_wiz_0/inst/clk_in1_clk_wiz_0
    MMCME2_ADV_X0Y0      MMCME2_ADV (Prop_mmcme2_adv_CLKIN1_CLKOUT0)
                                                     -2.271    -1.534 r  u_clk_wiz_0/inst/mmcm_adv_inst/CLKOUT0
                         net (fo=1, routed)           0.482    -1.052    u_clk_wiz_0/inst/clk_out1_clk_wiz_0
    BUFGCTRL_X0Y2        BUFG (Prop_bufg_I_O)         0.026    -1.026 r  u_clk_wiz_0/inst/clkout1_buf/O
                         net (fo=43, routed)          0.591    -0.435    u_AD9269/U_AD9269_SPI/clk_out1
    SLICE_X38Y48         FDPE                                         r  u_AD9269/U_AD9269_SPI/SPI_CS_reg/C
  -------------------------------------------------------------------    -------------------
    SLICE_X38Y48         FDPE (Prop_fdpe_C_Q)         0.164    -0.271 r  u_AD9269/U_AD9269_SPI/SPI_CS_reg/Q
                         net (fo=12, routed)          0.400     0.129    u_AD9269/U_AD9269_SPI/SPI_CS_reg_0
    SLICE_X40Y51         FDRE                                         r  u_AD9269/U_AD9269_SPI/cs_first_reg/D
  -------------------------------------------------------------------    -------------------

                         (clock clk_out1_clk_wiz_0 rise edge)
                                                      0.000     0.000 r  
    U18                                               0.000     0.000 r  sys_clk (IN)
                         net (fo=0)                   0.000     0.000    u_clk_wiz_0/inst/clk_in1
    U18                  IBUF (Prop_ibuf_I_O)         0.486     0.486 r  u_clk_wiz_0/inst/clkin1_ibufg/O
                         net (fo=1, routed)           0.480     0.966    u_clk_wiz_0/inst/clk_in1_clk_wiz_0
    MMCME2_ADV_X0Y0      MMCME2_ADV (Prop_mmcme2_adv_CLKIN1_CLKOUT0)
                                                     -3.050    -2.084 r  u_clk_wiz_0/inst/mmcm_adv_inst/CLKOUT0
                         net (fo=1, routed)           0.528    -1.556    u_clk_wiz_0/inst/clk_out1_clk_wiz_0
    BUFGCTRL_X0Y2        BUFG (Prop_bufg_I_O)         0.029    -1.527 r  u_clk_wiz_0/inst/clkout1_buf/O
                         net (fo=43, routed)          0.861    -0.666    u_AD9269/U_AD9269_SPI/clk_out1
    SLICE_X40Y51         FDRE                                         r  u_AD9269/U_AD9269_SPI/cs_first_reg/C
                         clock pessimism              0.501    -0.165    
    SLICE_X40Y51         FDRE (Hold_fdre_C_D)         0.070    -0.095    u_AD9269/U_AD9269_SPI/cs_first_reg
  -------------------------------------------------------------------
                         required time                          0.095    
                         arrival time                           0.129    
  -------------------------------------------------------------------
                         slack                                  0.224    

Slack (MET) :             0.228ns  (arrival time - required time)
  Source:                 u_AD9269/U_AD9269_SPI/DELAY_CNT_reg[3]/C
                            (rising edge-triggered cell FDCE clocked by clk_out1_clk_wiz_0  {rise@0.000ns fall@2.500ns period=5.000ns})
  Destination:            u_AD9269/U_AD9269_SPI/DELAY_CNT_reg[11]/D
                            (rising edge-triggered cell FDCE clocked by clk_out1_clk_wiz_0  {rise@0.000ns fall@2.500ns period=5.000ns})
  Path Group:             clk_out1_clk_wiz_0
  Path Type:              Hold (Min at Fast Process Corner)
  Requirement:            0.000ns  (clk_out1_clk_wiz_0 rise@0.000ns - clk_out1_clk_wiz_0 rise@0.000ns)
  Data Path Delay:        0.601ns  (logic 0.430ns (71.548%)  route 0.171ns (28.452%))
  Logic Levels:           4  (CARRY4=3 LUT2=1)
  Clock Path Skew:        0.268ns (DCD - SCD - CPR)
    Destination Clock Delay (DCD):    -0.668ns
    Source Clock Delay      (SCD):    -0.435ns
    Clock Pessimism Removal (CPR):    -0.501ns

    Location             Delay type                Incr(ns)  Path(ns)    Netlist Resource(s)
  -------------------------------------------------------------------    -------------------
                         (clock clk_out1_clk_wiz_0 rise edge)
                                                      0.000     0.000 r  
    U18                                               0.000     0.000 r  sys_clk (IN)
                         net (fo=0)                   0.000     0.000    u_clk_wiz_0/inst/clk_in1
    U18                  IBUF (Prop_ibuf_I_O)         0.297     0.297 r  u_clk_wiz_0/inst/clkin1_ibufg/O
                         net (fo=1, routed)           0.440     0.738    u_clk_wiz_0/inst/clk_in1_clk_wiz_0
    MMCME2_ADV_X0Y0      MMCME2_ADV (Prop_mmcme2_adv_CLKIN1_CLKOUT0)
                                                     -2.271    -1.534 r  u_clk_wiz_0/inst/mmcm_adv_inst/CLKOUT0
                         net (fo=1, routed)           0.482    -1.052    u_clk_wiz_0/inst/clk_out1_clk_wiz_0
    BUFGCTRL_X0Y2        BUFG (Prop_bufg_I_O)         0.026    -1.026 r  u_clk_wiz_0/inst/clkout1_buf/O
                         net (fo=43, routed)          0.591    -0.435    u_AD9269/U_AD9269_SPI/clk_out1
    SLICE_X39Y49         FDCE                                         r  u_AD9269/U_AD9269_SPI/DELAY_CNT_reg[3]/C
  -------------------------------------------------------------------    -------------------
    SLICE_X39Y49         FDCE (Prop_fdce_C_Q)         0.141    -0.294 r  u_AD9269/U_AD9269_SPI/DELAY_CNT_reg[3]/Q
                         net (fo=2, routed)           0.170    -0.124    u_AD9269/U_AD9269_SPI/DELAY_CNT_reg[3]
    SLICE_X39Y49         LUT2 (Prop_lut2_I0_O)        0.045    -0.079 r  u_AD9269/U_AD9269_SPI/DELAY_CNT[0]_i_4/O
                         net (fo=1, routed)           0.000    -0.079    u_AD9269/U_AD9269_SPI/DELAY_CNT[0]_i_4_n_0
    SLICE_X39Y49         CARRY4 (Prop_carry4_S[3]_CO[3])
                                                      0.115     0.036 r  u_AD9269/U_AD9269_SPI/DELAY_CNT_reg[0]_i_2/CO[3]
                         net (fo=1, routed)           0.001     0.037    u_AD9269/U_AD9269_SPI/DELAY_CNT_reg[0]_i_2_n_0
    SLICE_X39Y50         CARRY4 (Prop_carry4_CI_CO[3])
                                                      0.039     0.076 r  u_AD9269/U_AD9269_SPI/DELAY_CNT_reg[4]_i_1/CO[3]
                         net (fo=1, routed)           0.000     0.076    u_AD9269/U_AD9269_SPI/DELAY_CNT_reg[4]_i_1_n_0
    SLICE_X39Y51         CARRY4 (Prop_carry4_CI_O[3])
                                                      0.090     0.166 r  u_AD9269/U_AD9269_SPI/DELAY_CNT_reg[8]_i_1/O[3]
                         net (fo=1, routed)           0.000     0.166    u_AD9269/U_AD9269_SPI/DELAY_CNT_reg[8]_i_1_n_4
    SLICE_X39Y51         FDCE                                         r  u_AD9269/U_AD9269_SPI/DELAY_CNT_reg[11]/D
  -------------------------------------------------------------------    -------------------

                         (clock clk_out1_clk_wiz_0 rise edge)
                                                      0.000     0.000 r  
    U18                                               0.000     0.000 r  sys_clk (IN)
                         net (fo=0)                   0.000     0.000    u_clk_wiz_0/inst/clk_in1
    U18                  IBUF (Prop_ibuf_I_O)         0.486     0.486 r  u_clk_wiz_0/inst/clkin1_ibufg/O
                         net (fo=1, routed)           0.480     0.966    u_clk_wiz_0/inst/clk_in1_clk_wiz_0
    MMCME2_ADV_X0Y0      MMCME2_ADV (Prop_mmcme2_adv_CLKIN1_CLKOUT0)
                                                     -3.050    -2.084 r  u_clk_wiz_0/inst/mmcm_adv_inst/CLKOUT0
                         net (fo=1, routed)           0.528    -1.556    u_clk_wiz_0/inst/clk_out1_clk_wiz_0
    BUFGCTRL_X0Y2        BUFG (Prop_bufg_I_O)         0.029    -1.527 r  u_clk_wiz_0/inst/clkout1_buf/O
                         net (fo=43, routed)          0.859    -0.668    u_AD9269/U_AD9269_SPI/clk_out1
    SLICE_X39Y51         FDCE                                         r  u_AD9269/U_AD9269_SPI/DELAY_CNT_reg[11]/C
                         clock pessimism              0.501    -0.167    
    SLICE_X39Y51         FDCE (Hold_fdce_C_D)         0.105    -0.062    u_AD9269/U_AD9269_SPI/DELAY_CNT_reg[11]
  -------------------------------------------------------------------
                         required time                          0.062    
                         arrival time                           0.166    
  -------------------------------------------------------------------
                         slack                                  0.228    

Slack (MET) :             0.228ns  (arrival time - required time)
  Source:                 u_AD9269/U_AD9269_SPI/DELAY_CNT_reg[3]/C
                            (rising edge-triggered cell FDCE clocked by clk_out1_clk_wiz_0  {rise@0.000ns fall@2.500ns period=5.000ns})
  Destination:            u_AD9269/U_AD9269_SPI/DELAY_CNT_reg[9]/D
                            (rising edge-triggered cell FDCE clocked by clk_out1_clk_wiz_0  {rise@0.000ns fall@2.500ns period=5.000ns})
  Path Group:             clk_out1_clk_wiz_0
  Path Type:              Hold (Min at Fast Process Corner)
  Requirement:            0.000ns  (clk_out1_clk_wiz_0 rise@0.000ns - clk_out1_clk_wiz_0 rise@0.000ns)
  Data Path Delay:        0.601ns  (logic 0.430ns (71.548%)  route 0.171ns (28.452%))
  Logic Levels:           4  (CARRY4=3 LUT2=1)
  Clock Path Skew:        0.268ns (DCD - SCD - CPR)
    Destination Clock Delay (DCD):    -0.668ns
    Source Clock Delay      (SCD):    -0.435ns
    Clock Pessimism Removal (CPR):    -0.501ns

    Location             Delay type                Incr(ns)  Path(ns)    Netlist Resource(s)
  -------------------------------------------------------------------    -------------------
                         (clock clk_out1_clk_wiz_0 rise edge)
                                                      0.000     0.000 r  
    U18                                               0.000     0.000 r  sys_clk (IN)
                         net (fo=0)                   0.000     0.000    u_clk_wiz_0/inst/clk_in1
    U18                  IBUF (Prop_ibuf_I_O)         0.297     0.297 r  u_clk_wiz_0/inst/clkin1_ibufg/O
                         net (fo=1, routed)           0.440     0.738    u_clk_wiz_0/inst/clk_in1_clk_wiz_0
    MMCME2_ADV_X0Y0      MMCME2_ADV (Prop_mmcme2_adv_CLKIN1_CLKOUT0)
                                                     -2.271    -1.534 r  u_clk_wiz_0/inst/mmcm_adv_inst/CLKOUT0
                         net (fo=1, routed)           0.482    -1.052    u_clk_wiz_0/inst/clk_out1_clk_wiz_0
    BUFGCTRL_X0Y2        BUFG (Prop_bufg_I_O)         0.026    -1.026 r  u_clk_wiz_0/inst/clkout1_buf/O
                         net (fo=43, routed)          0.591    -0.435    u_AD9269/U_AD9269_SPI/clk_out1
    SLICE_X39Y49         FDCE                                         r  u_AD9269/U_AD9269_SPI/DELAY_CNT_reg[3]/C
  -------------------------------------------------------------------    -------------------
    SLICE_X39Y49         FDCE (Prop_fdce_C_Q)         0.141    -0.294 r  u_AD9269/U_AD9269_SPI/DELAY_CNT_reg[3]/Q
                         net (fo=2, routed)           0.170    -0.124    u_AD9269/U_AD9269_SPI/DELAY_CNT_reg[3]
    SLICE_X39Y49         LUT2 (Prop_lut2_I0_O)        0.045    -0.079 r  u_AD9269/U_AD9269_SPI/DELAY_CNT[0]_i_4/O
                         net (fo=1, routed)           0.000    -0.079    u_AD9269/U_AD9269_SPI/DELAY_CNT[0]_i_4_n_0
    SLICE_X39Y49         CARRY4 (Prop_carry4_S[3]_CO[3])
                                                      0.115     0.036 r  u_AD9269/U_AD9269_SPI/DELAY_CNT_reg[0]_i_2/CO[3]
                         net (fo=1, routed)           0.001     0.037    u_AD9269/U_AD9269_SPI/DELAY_CNT_reg[0]_i_2_n_0
    SLICE_X39Y50         CARRY4 (Prop_carry4_CI_CO[3])
                                                      0.039     0.076 r  u_AD9269/U_AD9269_SPI/DELAY_CNT_reg[4]_i_1/CO[3]
                         net (fo=1, routed)           0.000     0.076    u_AD9269/U_AD9269_SPI/DELAY_CNT_reg[4]_i_1_n_0
    SLICE_X39Y51         CARRY4 (Prop_carry4_CI_O[1])
                                                      0.090     0.166 r  u_AD9269/U_AD9269_SPI/DELAY_CNT_reg[8]_i_1/O[1]
                         net (fo=1, routed)           0.000     0.166    u_AD9269/U_AD9269_SPI/DELAY_CNT_reg[8]_i_1_n_6
    SLICE_X39Y51         FDCE                                         r  u_AD9269/U_AD9269_SPI/DELAY_CNT_reg[9]/D
  -------------------------------------------------------------------    -------------------

                         (clock clk_out1_clk_wiz_0 rise edge)
                                                      0.000     0.000 r  
    U18                                               0.000     0.000 r  sys_clk (IN)
                         net (fo=0)                   0.000     0.000    u_clk_wiz_0/inst/clk_in1
    U18                  IBUF (Prop_ibuf_I_O)         0.486     0.486 r  u_clk_wiz_0/inst/clkin1_ibufg/O
                         net (fo=1, routed)           0.480     0.966    u_clk_wiz_0/inst/clk_in1_clk_wiz_0
    MMCME2_ADV_X0Y0      MMCME2_ADV (Prop_mmcme2_adv_CLKIN1_CLKOUT0)
                                                     -3.050    -2.084 r  u_clk_wiz_0/inst/mmcm_adv_inst/CLKOUT0
                         net (fo=1, routed)           0.528    -1.556    u_clk_wiz_0/inst/clk_out1_clk_wiz_0
    BUFGCTRL_X0Y2        BUFG (Prop_bufg_I_O)         0.029    -1.527 r  u_clk_wiz_0/inst/clkout1_buf/O
                         net (fo=43, routed)          0.859    -0.668    u_AD9269/U_AD9269_SPI/clk_out1
    SLICE_X39Y51         FDCE                                         r  u_AD9269/U_AD9269_SPI/DELAY_CNT_reg[9]/C
                         clock pessimism              0.501    -0.167    
    SLICE_X39Y51         FDCE (Hold_fdce_C_D)         0.105    -0.062    u_AD9269/U_AD9269_SPI/DELAY_CNT_reg[9]
  -------------------------------------------------------------------
                         required time                          0.062    
                         arrival time                           0.166    
  -------------------------------------------------------------------
                         slack                                  0.228    

Slack (MET) :             0.231ns  (arrival time - required time)
  Source:                 u_AD9269/U_AD9269_SPI/DELAY_CNT_reg[3]/C
                            (rising edge-triggered cell FDCE clocked by clk_out1_clk_wiz_0  {rise@0.000ns fall@2.500ns period=5.000ns})
  Destination:            u_AD9269/U_AD9269_SPI/DELAY_CNT_reg[12]/D
                            (rising edge-triggered cell FDCE clocked by clk_out1_clk_wiz_0  {rise@0.000ns fall@2.500ns period=5.000ns})
  Path Group:             clk_out1_clk_wiz_0
  Path Type:              Hold (Min at Fast Process Corner)
  Requirement:            0.000ns  (clk_out1_clk_wiz_0 rise@0.000ns - clk_out1_clk_wiz_0 rise@0.000ns)
  Data Path Delay:        0.604ns  (logic 0.433ns (71.689%)  route 0.171ns (28.311%))
  Logic Levels:           5  (CARRY4=4 LUT2=1)
  Clock Path Skew:        0.268ns (DCD - SCD - CPR)
    Destination Clock Delay (DCD):    -0.668ns
    Source Clock Delay      (SCD):    -0.435ns
    Clock Pessimism Removal (CPR):    -0.501ns

    Location             Delay type                Incr(ns)  Path(ns)    Netlist Resource(s)
  -------------------------------------------------------------------    -------------------
                         (clock clk_out1_clk_wiz_0 rise edge)
                                                      0.000     0.000 r  
    U18                                               0.000     0.000 r  sys_clk (IN)
                         net (fo=0)                   0.000     0.000    u_clk_wiz_0/inst/clk_in1
    U18                  IBUF (Prop_ibuf_I_O)         0.297     0.297 r  u_clk_wiz_0/inst/clkin1_ibufg/O
                         net (fo=1, routed)           0.440     0.738    u_clk_wiz_0/inst/clk_in1_clk_wiz_0
    MMCME2_ADV_X0Y0      MMCME2_ADV (Prop_mmcme2_adv_CLKIN1_CLKOUT0)
                                                     -2.271    -1.534 r  u_clk_wiz_0/inst/mmcm_adv_inst/CLKOUT0
                         net (fo=1, routed)           0.482    -1.052    u_clk_wiz_0/inst/clk_out1_clk_wiz_0
    BUFGCTRL_X0Y2        BUFG (Prop_bufg_I_O)         0.026    -1.026 r  u_clk_wiz_0/inst/clkout1_buf/O
                         net (fo=43, routed)          0.591    -0.435    u_AD9269/U_AD9269_SPI/clk_out1
    SLICE_X39Y49         FDCE                                         r  u_AD9269/U_AD9269_SPI/DELAY_CNT_reg[3]/C
  -------------------------------------------------------------------    -------------------
    SLICE_X39Y49         FDCE (Prop_fdce_C_Q)         0.141    -0.294 r  u_AD9269/U_AD9269_SPI/DELAY_CNT_reg[3]/Q
                         net (fo=2, routed)           0.170    -0.124    u_AD9269/U_AD9269_SPI/DELAY_CNT_reg[3]
    SLICE_X39Y49         LUT2 (Prop_lut2_I0_O)        0.045    -0.079 r  u_AD9269/U_AD9269_SPI/DELAY_CNT[0]_i_4/O
                         net (fo=1, routed)           0.000    -0.079    u_AD9269/U_AD9269_SPI/DELAY_CNT[0]_i_4_n_0
    SLICE_X39Y49         CARRY4 (Prop_carry4_S[3]_CO[3])
                                                      0.115     0.036 r  u_AD9269/U_AD9269_SPI/DELAY_CNT_reg[0]_i_2/CO[3]
                         net (fo=1, routed)           0.001     0.037    u_AD9269/U_AD9269_SPI/DELAY_CNT_reg[0]_i_2_n_0
    SLICE_X39Y50         CARRY4 (Prop_carry4_CI_CO[3])
                                                      0.039     0.076 r  u_AD9269/U_AD9269_SPI/DELAY_CNT_reg[4]_i_1/CO[3]
                         net (fo=1, routed)           0.000     0.076    u_AD9269/U_AD9269_SPI/DELAY_CNT_reg[4]_i_1_n_0
    SLICE_X39Y51         CARRY4 (Prop_carry4_CI_CO[3])
                                                      0.039     0.115 r  u_AD9269/U_AD9269_SPI/DELAY_CNT_reg[8]_i_1/CO[3]
                         net (fo=1, routed)           0.000     0.115    u_AD9269/U_AD9269_SPI/DELAY_CNT_reg[8]_i_1_n_0
    SLICE_X39Y52         CARRY4 (Prop_carry4_CI_O[0])
                                                      0.054     0.169 r  u_AD9269/U_AD9269_SPI/DELAY_CNT_reg[12]_i_1/O[0]
                         net (fo=1, routed)           0.000     0.169    u_AD9269/U_AD9269_SPI/DELAY_CNT_reg[12]_i_1_n_7
    SLICE_X39Y52         FDCE                                         r  u_AD9269/U_AD9269_SPI/DELAY_CNT_reg[12]/D
  -------------------------------------------------------------------    -------------------

                         (clock clk_out1_clk_wiz_0 rise edge)
                                                      0.000     0.000 r  
    U18                                               0.000     0.000 r  sys_clk (IN)
                         net (fo=0)                   0.000     0.000    u_clk_wiz_0/inst/clk_in1
    U18                  IBUF (Prop_ibuf_I_O)         0.486     0.486 r  u_clk_wiz_0/inst/clkin1_ibufg/O
                         net (fo=1, routed)           0.480     0.966    u_clk_wiz_0/inst/clk_in1_clk_wiz_0
    MMCME2_ADV_X0Y0      MMCME2_ADV (Prop_mmcme2_adv_CLKIN1_CLKOUT0)
                                                     -3.050    -2.084 r  u_clk_wiz_0/inst/mmcm_adv_inst/CLKOUT0
                         net (fo=1, routed)           0.528    -1.556    u_clk_wiz_0/inst/clk_out1_clk_wiz_0
    BUFGCTRL_X0Y2        BUFG (Prop_bufg_I_O)         0.029    -1.527 r  u_clk_wiz_0/inst/clkout1_buf/O
                         net (fo=43, routed)          0.859    -0.668    u_AD9269/U_AD9269_SPI/clk_out1
    SLICE_X39Y52         FDCE                                         r  u_AD9269/U_AD9269_SPI/DELAY_CNT_reg[12]/C
                         clock pessimism              0.501    -0.167    
    SLICE_X39Y52         FDCE (Hold_fdce_C_D)         0.105    -0.062    u_AD9269/U_AD9269_SPI/DELAY_CNT_reg[12]
  -------------------------------------------------------------------
                         required time                          0.062    
                         arrival time                           0.169    
  -------------------------------------------------------------------
                         slack                                  0.231    





Pulse Width Checks
--------------------------------------------------------------------------------------
Clock Name:         clk_out1_clk_wiz_0
Waveform(ns):       { 0.000 2.500 }
Period(ns):         5.000
Sources:            { u_clk_wiz_0/inst/mmcm_adv_inst/CLKOUT0 }

Check Type        Corner  Lib Pin             Reference Pin  Required(ns)  Actual(ns)  Slack(ns)  Location         Pin
Min Period        n/a     BUFG/I              n/a            2.155         5.000       2.845      BUFGCTRL_X0Y2    u_clk_wiz_0/inst/clkout1_buf/I
Min Period        n/a     MMCME2_ADV/CLKOUT0  n/a            1.249         5.000       3.751      MMCME2_ADV_X0Y0  u_clk_wiz_0/inst/mmcm_adv_inst/CLKOUT0
Min Period        n/a     FDCE/C              n/a            1.000         5.000       4.000      SLICE_X38Y49     u_AD9269/U_AD9269_SPI/DATA_CNT_reg[0]/C
Min Period        n/a     FDCE/C              n/a            1.000         5.000       4.000      SLICE_X38Y49     u_AD9269/U_AD9269_SPI/DATA_CNT_reg[1]/C
Min Period        n/a     FDCE/C              n/a            1.000         5.000       4.000      SLICE_X39Y49     u_AD9269/U_AD9269_SPI/DELAY_CNT_reg[0]/C
Min Period        n/a     FDCE/C              n/a            1.000         5.000       4.000      SLICE_X39Y51     u_AD9269/U_AD9269_SPI/DELAY_CNT_reg[10]/C
Min Period        n/a     FDCE/C              n/a            1.000         5.000       4.000      SLICE_X39Y51     u_AD9269/U_AD9269_SPI/DELAY_CNT_reg[11]/C
Min Period        n/a     FDCE/C              n/a            1.000         5.000       4.000      SLICE_X39Y52     u_AD9269/U_AD9269_SPI/DELAY_CNT_reg[12]/C
Min Period        n/a     FDCE/C              n/a            1.000         5.000       4.000      SLICE_X39Y52     u_AD9269/U_AD9269_SPI/DELAY_CNT_reg[13]/C
Min Period        n/a     FDCE/C              n/a            1.000         5.000       4.000      SLICE_X39Y52     u_AD9269/U_AD9269_SPI/DELAY_CNT_reg[14]/C
Max Period        n/a     MMCME2_ADV/CLKOUT0  n/a            213.360       5.000       208.360    MMCME2_ADV_X0Y0  u_clk_wiz_0/inst/mmcm_adv_inst/CLKOUT0
Low Pulse Width   Fast    FDCE/C              n/a            0.500         2.500       2.000      SLICE_X38Y49     u_AD9269/U_AD9269_SPI/DATA_CNT_reg[0]/C
Low Pulse Width   Fast    FDCE/C              n/a            0.500         2.500       2.000      SLICE_X38Y49     u_AD9269/U_AD9269_SPI/DATA_CNT_reg[1]/C
Low Pulse Width   Fast    FDCE/C              n/a            0.500         2.500       2.000      SLICE_X39Y49     u_AD9269/U_AD9269_SPI/DELAY_CNT_reg[0]/C
Low Pulse Width   Fast    FDCE/C              n/a            0.500         2.500       2.000      SLICE_X36Y49     u_AD9269/U_AD9269_SPI/DELAY_CNT_reg[2]/C
Low Pulse Width   Fast    FDCE/C              n/a            0.500         2.500       2.000      SLICE_X39Y49     u_AD9269/U_AD9269_SPI/DELAY_CNT_reg[3]/C
Low Pulse Width   Fast    FDCE/C              n/a            0.500         2.500       2.000      SLICE_X38Y49     u_AD9269/U_AD9269_SPI/FSM_sequential_STATE_reg[0]/C
Low Pulse Width   Fast    FDCE/C              n/a            0.500         2.500       2.000      SLICE_X38Y49     u_AD9269/U_AD9269_SPI/FSM_sequential_STATE_reg[1]/C
Low Pulse Width   Fast    FDCE/C              n/a            0.500         2.500       2.000      SLICE_X38Y49     u_AD9269/U_AD9269_SPI/FSM_sequential_STATE_reg[2]/C
Low Pulse Width   Fast    FDCE/C              n/a            0.500         2.500       2.000      SLICE_X36Y48     u_AD9269/U_AD9269_SPI/SCLK_CNT_reg[0]/C
Low Pulse Width   Fast    FDCE/C              n/a            0.500         2.500       2.000      SLICE_X36Y48     u_AD9269/U_AD9269_SPI/SCLK_CNT_reg[1]/C
High Pulse Width  Slow    FDCE/C              n/a            0.500         2.500       2.000      SLICE_X38Y49     u_AD9269/U_AD9269_SPI/DATA_CNT_reg[0]/C
High Pulse Width  Slow    FDCE/C              n/a            0.500         2.500       2.000      SLICE_X38Y49     u_AD9269/U_AD9269_SPI/DATA_CNT_reg[1]/C
High Pulse Width  Slow    FDCE/C              n/a            0.500         2.500       2.000      SLICE_X39Y49     u_AD9269/U_AD9269_SPI/DELAY_CNT_reg[0]/C
High Pulse Width  Slow    FDCE/C              n/a            0.500         2.500       2.000      SLICE_X39Y51     u_AD9269/U_AD9269_SPI/DELAY_CNT_reg[10]/C
High Pulse Width  Slow    FDCE/C              n/a            0.500         2.500       2.000      SLICE_X39Y51     u_AD9269/U_AD9269_SPI/DELAY_CNT_reg[11]/C
High Pulse Width  Slow    FDCE/C              n/a            0.500         2.500       2.000      SLICE_X39Y52     u_AD9269/U_AD9269_SPI/DELAY_CNT_reg[12]/C
High Pulse Width  Slow    FDCE/C              n/a            0.500         2.500       2.000      SLICE_X39Y52     u_AD9269/U_AD9269_SPI/DELAY_CNT_reg[13]/C
High Pulse Width  Slow    FDCE/C              n/a            0.500         2.500       2.000      SLICE_X39Y52     u_AD9269/U_AD9269_SPI/DELAY_CNT_reg[14]/C
High Pulse Width  Slow    FDCE/C              n/a            0.500         2.500       2.000      SLICE_X39Y52     u_AD9269/U_AD9269_SPI/DELAY_CNT_reg[15]/C
High Pulse Width  Slow    FDCE/C              n/a            0.500         2.500       2.000      SLICE_X39Y53     u_AD9269/U_AD9269_SPI/DELAY_CNT_reg[16]/C



---------------------------------------------------------------------------------------------------
From Clock:  clk_out2_clk_wiz_0
  To Clock:  clk_out2_clk_wiz_0

Setup :           NA  Failing Endpoints,  Worst Slack           NA  ,  Total Violation           NA
Hold  :           NA  Failing Endpoints,  Worst Slack           NA  ,  Total Violation           NA
PW    :            1  Failing Endpoint ,  Worst Slack      -44.736ns,  Total Violation      -44.736ns
---------------------------------------------------------------------------------------------------


Pulse Width Checks
--------------------------------------------------------------------------------------
Clock Name:         clk_out2_clk_wiz_0
Waveform(ns):       { 0.000 25.000 }
Period(ns):         50.000
Sources:            { u_clk_wiz_0/inst/mmcm_adv_inst/CLKOUT1 }

Check Type  Corner  Lib Pin             Reference Pin  Required(ns)  Actual(ns)  Slack(ns)  Location         Pin
Min Period  n/a     IDELAYCTRL/REFCLK   n/a            3.225         50.000      46.775     IDELAYCTRL_X0Y1  u_eth_udp_loop/u_gmii_to_rgmii/u_rgmii_rx/IDELAYCTRL_inst/REFCLK
Min Period  n/a     BUFG/I              n/a            2.155         50.000      47.845     BUFGCTRL_X0Y1    u_clk_wiz_0/inst/clkout2_buf/I
Min Period  n/a     MMCME2_ADV/CLKOUT1  n/a            1.249         50.000      48.751     MMCME2_ADV_X0Y0  u_clk_wiz_0/inst/mmcm_adv_inst/CLKOUT1
Max Period  n/a     IDELAYCTRL/REFCLK   n/a            5.264         50.000      -44.736    IDELAYCTRL_X0Y1  u_eth_udp_loop/u_gmii_to_rgmii/u_rgmii_rx/IDELAYCTRL_inst/REFCLK
Max Period  n/a     MMCME2_ADV/CLKOUT1  n/a            213.360       50.000      163.360    MMCME2_ADV_X0Y0  u_clk_wiz_0/inst/mmcm_adv_inst/CLKOUT1



---------------------------------------------------------------------------------------------------
From Clock:  clkfbout_clk_wiz_0
  To Clock:  clkfbout_clk_wiz_0

Setup :           NA  Failing Endpoints,  Worst Slack           NA  ,  Total Violation           NA
Hold  :           NA  Failing Endpoints,  Worst Slack           NA  ,  Total Violation           NA
PW    :            0  Failing Endpoints,  Worst Slack       17.845ns,  Total Violation        0.000ns
---------------------------------------------------------------------------------------------------


Pulse Width Checks
--------------------------------------------------------------------------------------
Clock Name:         clkfbout_clk_wiz_0
Waveform(ns):       { 0.000 10.000 }
Period(ns):         20.000
Sources:            { u_clk_wiz_0/inst/mmcm_adv_inst/CLKFBOUT }

Check Type  Corner  Lib Pin              Reference Pin  Required(ns)  Actual(ns)  Slack(ns)  Location         Pin
Min Period  n/a     BUFG/I               n/a            2.155         20.000      17.845     BUFGCTRL_X0Y3    u_clk_wiz_0/inst/clkf_buf/I
Min Period  n/a     MMCME2_ADV/CLKFBOUT  n/a            1.249         20.000      18.751     MMCME2_ADV_X0Y0  u_clk_wiz_0/inst/mmcm_adv_inst/CLKFBOUT
Min Period  n/a     MMCME2_ADV/CLKFBIN   n/a            1.249         20.000      18.751     MMCME2_ADV_X0Y0  u_clk_wiz_0/inst/mmcm_adv_inst/CLKFBIN
Max Period  n/a     MMCME2_ADV/CLKFBIN   n/a            100.000       20.000      80.000     MMCME2_ADV_X0Y0  u_clk_wiz_0/inst/mmcm_adv_inst/CLKFBIN
Max Period  n/a     MMCME2_ADV/CLKFBOUT  n/a            213.360       20.000      193.360    MMCME2_ADV_X0Y0  u_clk_wiz_0/inst/mmcm_adv_inst/CLKFBOUT



---------------------------------------------------------------------------------------------------
From Clock:  clk_out1_clk_wiz_0
  To Clock:  eth_rxc

Setup :            8  Failing Endpoints,  Worst Slack       -4.256ns,  Total Violation      -27.210ns
Hold  :            0  Failing Endpoints,  Worst Slack        0.621ns,  Total Violation        0.000ns
---------------------------------------------------------------------------------------------------


Max Delay Paths
--------------------------------------------------------------------------------------
Slack (VIOLATED) :        -4.256ns  (required time - arrival time)
  Source:                 u_AD_convert/dout_reg[6]/C
                            (rising edge-triggered cell FDCE clocked by clk_out1_clk_wiz_0  {rise@0.000ns fall@2.500ns period=5.000ns})
  Destination:            u_eth_udp_loop/u_udp/u_udp_tx/gmii_txd_reg[6]/D
                            (rising edge-triggered cell FDCE clocked by eth_rxc  {rise@0.000ns fall@4.000ns period=8.000ns})
  Path Group:             eth_rxc
  Path Type:              Setup (Max at Slow Process Corner)
  Requirement:            1.000ns  (eth_rxc rise@16.000ns - clk_out1_clk_wiz_0 rise@15.000ns)
  Data Path Delay:        10.645ns  (logic 0.704ns (6.613%)  route 9.941ns (93.387%))
  Logic Levels:           2  (LUT4=1 LUT6=1)
  Clock Path Skew:        5.553ns (DCD - SCD + CPR)
    Destination Clock Delay (DCD):    4.865ns = ( 20.865 - 16.000 ) 
    Source Clock Delay      (SCD):    -0.688ns = ( 14.312 - 15.000 ) 
    Clock Pessimism Removal (CPR):    0.000ns
  Clock Uncertainty:      0.244ns  ((TSJ^2 + DJ^2)^1/2) / 2 + PE
    Total System Jitter     (TSJ):    0.071ns
    Discrete Jitter          (DJ):    0.142ns
    Phase Error              (PE):    0.165ns
  Clock Domain Crossing:  Inter clock paths are considered valid unless explicitly excluded by timing constraints such as set_clock_groups or set_false_path.

    Location             Delay type                Incr(ns)  Path(ns)    Netlist Resource(s)
  -------------------------------------------------------------------    -------------------
                         (clock clk_out1_clk_wiz_0 rise edge)
                                                     15.000    15.000 r  
    U18                                               0.000    15.000 r  sys_clk (IN)
                         net (fo=0)                   0.000    15.000    u_clk_wiz_0/inst/clk_in1
    U18                  IBUF (Prop_ibuf_I_O)         1.530    16.530 r  u_clk_wiz_0/inst/clkin1_ibufg/O
                         net (fo=1, routed)           1.285    17.815    u_clk_wiz_0/inst/clk_in1_clk_wiz_0
    MMCME2_ADV_X0Y0      MMCME2_ADV (Prop_mmcme2_adv_CLKIN1_CLKOUT0)
                                                     -7.010    10.805 r  u_clk_wiz_0/inst/mmcm_adv_inst/CLKOUT0
                         net (fo=1, routed)           1.760    12.565    u_clk_wiz_0/inst/clk_out1_clk_wiz_0
    BUFGCTRL_X0Y2        BUFG (Prop_bufg_I_O)         0.101    12.666 r  u_clk_wiz_0/inst/clkout1_buf/O
                         net (fo=43, routed)          1.646    14.312    u_AD_convert/CLK
    SLICE_X35Y72         FDCE                                         r  u_AD_convert/dout_reg[6]/C
  -------------------------------------------------------------------    -------------------
    SLICE_X35Y72         FDCE (Prop_fdce_C_Q)         0.456    14.768 r  u_AD_convert/dout_reg[6]/Q
                         net (fo=1, routed)           6.983    21.751    u_eth_udp_loop/u_udp/u_udp_tx/gmii_txd_reg[7]_1[6]
    SLICE_X34Y72         LUT6 (Prop_lut6_I4_O)        0.124    21.875 r  u_eth_udp_loop/u_udp/u_udp_tx/gmii_txd[6]_i_2__1/O
                         net (fo=1, routed)           2.959    24.833    u_eth_udp_loop/u_udp/u_udp_tx/gmii_txd[6]_i_2__1_n_0
    SLICE_X34Y72         LUT4 (Prop_lut4_I0_O)        0.124    24.957 r  u_eth_udp_loop/u_udp/u_udp_tx/gmii_txd[6]_i_1__1/O
                         net (fo=1, routed)           0.000    24.957    u_eth_udp_loop/u_udp/u_udp_tx/gmii_txd[6]_i_1__1_n_0
    SLICE_X34Y72         FDCE                                         r  u_eth_udp_loop/u_udp/u_udp_tx/gmii_txd_reg[6]/D
  -------------------------------------------------------------------    -------------------

                         (clock eth_rxc rise edge)   16.000    16.000 r  
    K17                                               0.000    16.000 r  eth_rxc (IN)
                         net (fo=0)                   0.000    16.000    eth_rxc
    K17                  IBUF (Prop_ibuf_I_O)         1.421    17.421 r  eth_rxc_IBUF_inst/O
                         net (fo=2, routed)           1.880    19.301    u_eth_udp_loop/u_gmii_to_rgmii/u_rgmii_rx/eth_rxc
    BUFGCTRL_X0Y16       BUFG (Prop_bufg_I_O)         0.091    19.392 r  u_eth_udp_loop/u_gmii_to_rgmii/u_rgmii_rx/BUFG_inst/O
                         net (fo=1641, routed)        1.473    20.865    u_eth_udp_loop/u_udp/u_udp_tx/gmii_rx_clk
    SLICE_X34Y72         FDCE                                         r  u_eth_udp_loop/u_udp/u_udp_tx/gmii_txd_reg[6]/C
                         clock pessimism              0.000    20.865    
                         clock uncertainty           -0.244    20.620    
    SLICE_X34Y72         FDCE (Setup_fdce_C_D)        0.081    20.701    u_eth_udp_loop/u_udp/u_udp_tx/gmii_txd_reg[6]
  -------------------------------------------------------------------
                         required time                         20.701    
                         arrival time                         -24.957    
  -------------------------------------------------------------------
                         slack                                 -4.256    

Slack (VIOLATED) :        -3.914ns  (required time - arrival time)
  Source:                 u_AD_convert/dout_reg[3]/C
                            (rising edge-triggered cell FDCE clocked by clk_out1_clk_wiz_0  {rise@0.000ns fall@2.500ns period=5.000ns})
  Destination:            u_eth_udp_loop/u_udp/u_udp_tx/gmii_txd_reg[3]/D
                            (rising edge-triggered cell FDCE clocked by eth_rxc  {rise@0.000ns fall@4.000ns period=8.000ns})
  Path Group:             eth_rxc
  Path Type:              Setup (Max at Slow Process Corner)
  Requirement:            1.000ns  (eth_rxc rise@16.000ns - clk_out1_clk_wiz_0 rise@15.000ns)
  Data Path Delay:        10.251ns  (logic 0.842ns (8.214%)  route 9.409ns (91.786%))
  Logic Levels:           2  (LUT6=2)
  Clock Path Skew:        5.552ns (DCD - SCD + CPR)
    Destination Clock Delay (DCD):    4.864ns = ( 20.864 - 16.000 ) 
    Source Clock Delay      (SCD):    -0.688ns = ( 14.312 - 15.000 ) 
    Clock Pessimism Removal (CPR):    0.000ns
  Clock Uncertainty:      0.244ns  ((TSJ^2 + DJ^2)^1/2) / 2 + PE
    Total System Jitter     (TSJ):    0.071ns
    Discrete Jitter          (DJ):    0.142ns
    Phase Error              (PE):    0.165ns
  Clock Domain Crossing:  Inter clock paths are considered valid unless explicitly excluded by timing constraints such as set_clock_groups or set_false_path.

    Location             Delay type                Incr(ns)  Path(ns)    Netlist Resource(s)
  -------------------------------------------------------------------    -------------------
                         (clock clk_out1_clk_wiz_0 rise edge)
                                                     15.000    15.000 r  
    U18                                               0.000    15.000 r  sys_clk (IN)
                         net (fo=0)                   0.000    15.000    u_clk_wiz_0/inst/clk_in1
    U18                  IBUF (Prop_ibuf_I_O)         1.530    16.530 r  u_clk_wiz_0/inst/clkin1_ibufg/O
                         net (fo=1, routed)           1.285    17.815    u_clk_wiz_0/inst/clk_in1_clk_wiz_0
    MMCME2_ADV_X0Y0      MMCME2_ADV (Prop_mmcme2_adv_CLKIN1_CLKOUT0)
                                                     -7.010    10.805 r  u_clk_wiz_0/inst/mmcm_adv_inst/CLKOUT0
                         net (fo=1, routed)           1.760    12.565    u_clk_wiz_0/inst/clk_out1_clk_wiz_0
    BUFGCTRL_X0Y2        BUFG (Prop_bufg_I_O)         0.101    12.666 r  u_clk_wiz_0/inst/clkout1_buf/O
                         net (fo=43, routed)          1.646    14.312    u_AD_convert/CLK
    SLICE_X35Y72         FDCE                                         r  u_AD_convert/dout_reg[3]/C
  -------------------------------------------------------------------    -------------------
    SLICE_X35Y72         FDCE (Prop_fdce_C_Q)         0.419    14.731 r  u_AD_convert/dout_reg[3]/Q
                         net (fo=1, routed)           6.604    21.335    u_eth_udp_loop/u_udp/u_udp_tx/gmii_txd_reg[7]_1[3]
    SLICE_X35Y73         LUT6 (Prop_lut6_I4_O)        0.299    21.634 r  u_eth_udp_loop/u_udp/u_udp_tx/gmii_txd[3]_i_2__1/O
                         net (fo=1, routed)           2.805    24.439    u_eth_udp_loop/u_udp/u_udp_tx/gmii_txd[3]_i_2__1_n_0
    SLICE_X35Y73         LUT6 (Prop_lut6_I0_O)        0.124    24.563 r  u_eth_udp_loop/u_udp/u_udp_tx/gmii_txd[3]_i_1__1/O
                         net (fo=1, routed)           0.000    24.563    u_eth_udp_loop/u_udp/u_udp_tx/gmii_txd[3]_i_1__1_n_0
    SLICE_X35Y73         FDCE                                         r  u_eth_udp_loop/u_udp/u_udp_tx/gmii_txd_reg[3]/D
  -------------------------------------------------------------------    -------------------

                         (clock eth_rxc rise edge)   16.000    16.000 r  
    K17                                               0.000    16.000 r  eth_rxc (IN)
                         net (fo=0)                   0.000    16.000    eth_rxc
    K17                  IBUF (Prop_ibuf_I_O)         1.421    17.421 r  eth_rxc_IBUF_inst/O
                         net (fo=2, routed)           1.880    19.301    u_eth_udp_loop/u_gmii_to_rgmii/u_rgmii_rx/eth_rxc
    BUFGCTRL_X0Y16       BUFG (Prop_bufg_I_O)         0.091    19.392 r  u_eth_udp_loop/u_gmii_to_rgmii/u_rgmii_rx/BUFG_inst/O
                         net (fo=1641, routed)        1.472    20.864    u_eth_udp_loop/u_udp/u_udp_tx/gmii_rx_clk
    SLICE_X35Y73         FDCE                                         r  u_eth_udp_loop/u_udp/u_udp_tx/gmii_txd_reg[3]/C
                         clock pessimism              0.000    20.864    
                         clock uncertainty           -0.244    20.619    
    SLICE_X35Y73         FDCE (Setup_fdce_C_D)        0.029    20.648    u_eth_udp_loop/u_udp/u_udp_tx/gmii_txd_reg[3]
  -------------------------------------------------------------------
                         required time                         20.648    
                         arrival time                         -24.563    
  -------------------------------------------------------------------
                         slack                                 -3.914    

Slack (VIOLATED) :        -3.610ns  (required time - arrival time)
  Source:                 u_AD_convert/dout_reg[2]/C
                            (rising edge-triggered cell FDCE clocked by clk_out1_clk_wiz_0  {rise@0.000ns fall@2.500ns period=5.000ns})
  Destination:            u_eth_udp_loop/u_udp/u_udp_tx/gmii_txd_reg[2]/D
                            (rising edge-triggered cell FDCE clocked by eth_rxc  {rise@0.000ns fall@4.000ns period=8.000ns})
  Path Group:             eth_rxc
  Path Type:              Setup (Max at Slow Process Corner)
  Requirement:            1.000ns  (eth_rxc rise@16.000ns - clk_out1_clk_wiz_0 rise@15.000ns)
  Data Path Delay:        9.995ns  (logic 0.704ns (7.044%)  route 9.291ns (92.956%))
  Logic Levels:           2  (LUT5=1 LUT6=1)
  Clock Path Skew:        5.553ns (DCD - SCD + CPR)
    Destination Clock Delay (DCD):    4.865ns = ( 20.865 - 16.000 ) 
    Source Clock Delay      (SCD):    -0.688ns = ( 14.312 - 15.000 ) 
    Clock Pessimism Removal (CPR):    0.000ns
  Clock Uncertainty:      0.244ns  ((TSJ^2 + DJ^2)^1/2) / 2 + PE
    Total System Jitter     (TSJ):    0.071ns
    Discrete Jitter          (DJ):    0.142ns
    Phase Error              (PE):    0.165ns
  Clock Domain Crossing:  Inter clock paths are considered valid unless explicitly excluded by timing constraints such as set_clock_groups or set_false_path.

    Location             Delay type                Incr(ns)  Path(ns)    Netlist Resource(s)
  -------------------------------------------------------------------    -------------------
                         (clock clk_out1_clk_wiz_0 rise edge)
                                                     15.000    15.000 r  
    U18                                               0.000    15.000 r  sys_clk (IN)
                         net (fo=0)                   0.000    15.000    u_clk_wiz_0/inst/clk_in1
    U18                  IBUF (Prop_ibuf_I_O)         1.530    16.530 r  u_clk_wiz_0/inst/clkin1_ibufg/O
                         net (fo=1, routed)           1.285    17.815    u_clk_wiz_0/inst/clk_in1_clk_wiz_0
    MMCME2_ADV_X0Y0      MMCME2_ADV (Prop_mmcme2_adv_CLKIN1_CLKOUT0)
                                                     -7.010    10.805 r  u_clk_wiz_0/inst/mmcm_adv_inst/CLKOUT0
                         net (fo=1, routed)           1.760    12.565    u_clk_wiz_0/inst/clk_out1_clk_wiz_0
    BUFGCTRL_X0Y2        BUFG (Prop_bufg_I_O)         0.101    12.666 r  u_clk_wiz_0/inst/clkout1_buf/O
                         net (fo=43, routed)          1.646    14.312    u_AD_convert/CLK
    SLICE_X35Y72         FDCE                                         r  u_AD_convert/dout_reg[2]/C
  -------------------------------------------------------------------    -------------------
    SLICE_X35Y72         FDCE (Prop_fdce_C_Q)         0.456    14.768 r  u_AD_convert/dout_reg[2]/Q
                         net (fo=1, routed)           6.842    21.611    u_eth_udp_loop/u_udp/u_udp_tx/gmii_txd_reg[7]_1[2]
    SLICE_X34Y72         LUT6 (Prop_lut6_I4_O)        0.124    21.735 r  u_eth_udp_loop/u_udp/u_udp_tx/gmii_txd[2]_i_2__1/O
                         net (fo=1, routed)           2.449    24.183    u_eth_udp_loop/u_udp/u_udp_tx/gmii_txd[2]_i_2__1_n_0
    SLICE_X34Y72         LUT5 (Prop_lut5_I0_O)        0.124    24.307 r  u_eth_udp_loop/u_udp/u_udp_tx/gmii_txd[2]_i_1__1/O
                         net (fo=1, routed)           0.000    24.307    u_eth_udp_loop/u_udp/u_udp_tx/gmii_txd[2]_i_1__1_n_0
    SLICE_X34Y72         FDCE                                         r  u_eth_udp_loop/u_udp/u_udp_tx/gmii_txd_reg[2]/D
  -------------------------------------------------------------------    -------------------

                         (clock eth_rxc rise edge)   16.000    16.000 r  
    K17                                               0.000    16.000 r  eth_rxc (IN)
                         net (fo=0)                   0.000    16.000    eth_rxc
    K17                  IBUF (Prop_ibuf_I_O)         1.421    17.421 r  eth_rxc_IBUF_inst/O
                         net (fo=2, routed)           1.880    19.301    u_eth_udp_loop/u_gmii_to_rgmii/u_rgmii_rx/eth_rxc
    BUFGCTRL_X0Y16       BUFG (Prop_bufg_I_O)         0.091    19.392 r  u_eth_udp_loop/u_gmii_to_rgmii/u_rgmii_rx/BUFG_inst/O
                         net (fo=1641, routed)        1.473    20.865    u_eth_udp_loop/u_udp/u_udp_tx/gmii_rx_clk
    SLICE_X34Y72         FDCE                                         r  u_eth_udp_loop/u_udp/u_udp_tx/gmii_txd_reg[2]/C
                         clock pessimism              0.000    20.865    
                         clock uncertainty           -0.244    20.620    
    SLICE_X34Y72         FDCE (Setup_fdce_C_D)        0.077    20.697    u_eth_udp_loop/u_udp/u_udp_tx/gmii_txd_reg[2]
  -------------------------------------------------------------------
                         required time                         20.697    
                         arrival time                         -24.307    
  -------------------------------------------------------------------
                         slack                                 -3.610    

Slack (VIOLATED) :        -3.389ns  (required time - arrival time)
  Source:                 u_AD_convert/dout_reg[0]/C
                            (rising edge-triggered cell FDCE clocked by clk_out1_clk_wiz_0  {rise@0.000ns fall@2.500ns period=5.000ns})
  Destination:            u_eth_udp_loop/u_udp/u_udp_tx/gmii_txd_reg[0]/D
                            (rising edge-triggered cell FDCE clocked by eth_rxc  {rise@0.000ns fall@4.000ns period=8.000ns})
  Path Group:             eth_rxc
  Path Type:              Setup (Max at Slow Process Corner)
  Requirement:            1.000ns  (eth_rxc rise@16.000ns - clk_out1_clk_wiz_0 rise@15.000ns)
  Data Path Delay:        9.729ns  (logic 0.704ns (7.236%)  route 9.025ns (92.764%))
  Logic Levels:           2  (LUT6=2)
  Clock Path Skew:        5.554ns (DCD - SCD + CPR)
    Destination Clock Delay (DCD):    4.865ns = ( 20.865 - 16.000 ) 
    Source Clock Delay      (SCD):    -0.689ns = ( 14.311 - 15.000 ) 
    Clock Pessimism Removal (CPR):    0.000ns
  Clock Uncertainty:      0.244ns  ((TSJ^2 + DJ^2)^1/2) / 2 + PE
    Total System Jitter     (TSJ):    0.071ns
    Discrete Jitter          (DJ):    0.142ns
    Phase Error              (PE):    0.165ns
  Clock Domain Crossing:  Inter clock paths are considered valid unless explicitly excluded by timing constraints such as set_clock_groups or set_false_path.

    Location             Delay type                Incr(ns)  Path(ns)    Netlist Resource(s)
  -------------------------------------------------------------------    -------------------
                         (clock clk_out1_clk_wiz_0 rise edge)
                                                     15.000    15.000 r  
    U18                                               0.000    15.000 r  sys_clk (IN)
                         net (fo=0)                   0.000    15.000    u_clk_wiz_0/inst/clk_in1
    U18                  IBUF (Prop_ibuf_I_O)         1.530    16.530 r  u_clk_wiz_0/inst/clkin1_ibufg/O
                         net (fo=1, routed)           1.285    17.815    u_clk_wiz_0/inst/clk_in1_clk_wiz_0
    MMCME2_ADV_X0Y0      MMCME2_ADV (Prop_mmcme2_adv_CLKIN1_CLKOUT0)
                                                     -7.010    10.805 r  u_clk_wiz_0/inst/mmcm_adv_inst/CLKOUT0
                         net (fo=1, routed)           1.760    12.565    u_clk_wiz_0/inst/clk_out1_clk_wiz_0
    BUFGCTRL_X0Y2        BUFG (Prop_bufg_I_O)         0.101    12.666 r  u_clk_wiz_0/inst/clkout1_buf/O
                         net (fo=43, routed)          1.645    14.311    u_AD_convert/CLK
    SLICE_X33Y73         FDCE                                         r  u_AD_convert/dout_reg[0]/C
  -------------------------------------------------------------------    -------------------
    SLICE_X33Y73         FDCE (Prop_fdce_C_Q)         0.456    14.767 r  u_AD_convert/dout_reg[0]/Q
                         net (fo=1, routed)           6.402    21.169    u_eth_udp_loop/u_udp/u_udp_tx/gmii_txd_reg[7]_1[0]
    SLICE_X33Y72         LUT6 (Prop_lut6_I5_O)        0.124    21.293 r  u_eth_udp_loop/u_udp/u_udp_tx/gmii_txd[0]_i_4__1/O
                         net (fo=1, routed)           2.623    23.916    u_eth_udp_loop/u_udp/u_udp_tx/gmii_txd[0]_i_4__1_n_0
    SLICE_X33Y72         LUT6 (Prop_lut6_I5_O)        0.124    24.040 r  u_eth_udp_loop/u_udp/u_udp_tx/gmii_txd[0]_i_1__1/O
                         net (fo=1, routed)           0.000    24.040    u_eth_udp_loop/u_udp/u_udp_tx/gmii_txd[0]_i_1__1_n_0
    SLICE_X33Y72         FDCE                                         r  u_eth_udp_loop/u_udp/u_udp_tx/gmii_txd_reg[0]/D
  -------------------------------------------------------------------    -------------------

                         (clock eth_rxc rise edge)   16.000    16.000 r  
    K17                                               0.000    16.000 r  eth_rxc (IN)
                         net (fo=0)                   0.000    16.000    eth_rxc
    K17                  IBUF (Prop_ibuf_I_O)         1.421    17.421 r  eth_rxc_IBUF_inst/O
                         net (fo=2, routed)           1.880    19.301    u_eth_udp_loop/u_gmii_to_rgmii/u_rgmii_rx/eth_rxc
    BUFGCTRL_X0Y16       BUFG (Prop_bufg_I_O)         0.091    19.392 r  u_eth_udp_loop/u_gmii_to_rgmii/u_rgmii_rx/BUFG_inst/O
                         net (fo=1641, routed)        1.473    20.865    u_eth_udp_loop/u_udp/u_udp_tx/gmii_rx_clk
    SLICE_X33Y72         FDCE                                         r  u_eth_udp_loop/u_udp/u_udp_tx/gmii_txd_reg[0]/C
                         clock pessimism              0.000    20.865    
                         clock uncertainty           -0.244    20.620    
    SLICE_X33Y72         FDCE (Setup_fdce_C_D)        0.031    20.651    u_eth_udp_loop/u_udp/u_udp_tx/gmii_txd_reg[0]
  -------------------------------------------------------------------
                         required time                         20.651    
                         arrival time                         -24.040    
  -------------------------------------------------------------------
                         slack                                 -3.389    

Slack (VIOLATED) :        -3.297ns  (required time - arrival time)
  Source:                 u_AD_convert/dout_reg[1]/C
                            (rising edge-triggered cell FDCE clocked by clk_out1_clk_wiz_0  {rise@0.000ns fall@2.500ns period=5.000ns})
  Destination:            u_eth_udp_loop/u_udp/u_udp_tx/gmii_txd_reg[1]/D
                            (rising edge-triggered cell FDCE clocked by eth_rxc  {rise@0.000ns fall@4.000ns period=8.000ns})
  Path Group:             eth_rxc
  Path Type:              Setup (Max at Slow Process Corner)
  Requirement:            1.000ns  (eth_rxc rise@16.000ns - clk_out1_clk_wiz_0 rise@15.000ns)
  Data Path Delay:        9.632ns  (logic 0.842ns (8.742%)  route 8.790ns (91.258%))
  Logic Levels:           2  (LUT6=2)
  Clock Path Skew:        5.551ns (DCD - SCD + CPR)
    Destination Clock Delay (DCD):    4.862ns = ( 20.862 - 16.000 ) 
    Source Clock Delay      (SCD):    -0.689ns = ( 14.311 - 15.000 ) 
    Clock Pessimism Removal (CPR):    0.000ns
  Clock Uncertainty:      0.244ns  ((TSJ^2 + DJ^2)^1/2) / 2 + PE
    Total System Jitter     (TSJ):    0.071ns
    Discrete Jitter          (DJ):    0.142ns
    Phase Error              (PE):    0.165ns
  Clock Domain Crossing:  Inter clock paths are considered valid unless explicitly excluded by timing constraints such as set_clock_groups or set_false_path.

    Location             Delay type                Incr(ns)  Path(ns)    Netlist Resource(s)
  -------------------------------------------------------------------    -------------------
                         (clock clk_out1_clk_wiz_0 rise edge)
                                                     15.000    15.000 r  
    U18                                               0.000    15.000 r  sys_clk (IN)
                         net (fo=0)                   0.000    15.000    u_clk_wiz_0/inst/clk_in1
    U18                  IBUF (Prop_ibuf_I_O)         1.530    16.530 r  u_clk_wiz_0/inst/clkin1_ibufg/O
                         net (fo=1, routed)           1.285    17.815    u_clk_wiz_0/inst/clk_in1_clk_wiz_0
    MMCME2_ADV_X0Y0      MMCME2_ADV (Prop_mmcme2_adv_CLKIN1_CLKOUT0)
                                                     -7.010    10.805 r  u_clk_wiz_0/inst/mmcm_adv_inst/CLKOUT0
                         net (fo=1, routed)           1.760    12.565    u_clk_wiz_0/inst/clk_out1_clk_wiz_0
    BUFGCTRL_X0Y2        BUFG (Prop_bufg_I_O)         0.101    12.666 r  u_clk_wiz_0/inst/clkout1_buf/O
                         net (fo=43, routed)          1.645    14.311    u_AD_convert/CLK
    SLICE_X33Y73         FDCE                                         r  u_AD_convert/dout_reg[1]/C
  -------------------------------------------------------------------    -------------------
    SLICE_X33Y73         FDCE (Prop_fdce_C_Q)         0.419    14.730 r  u_AD_convert/dout_reg[1]/Q
                         net (fo=1, routed)           5.948    20.679    u_eth_udp_loop/u_udp/u_udp_tx/gmii_txd_reg[7]_1[1]
    SLICE_X33Y74         LUT6 (Prop_lut6_I4_O)        0.299    20.978 r  u_eth_udp_loop/u_udp/u_udp_tx/gmii_txd[1]_i_2__1/O
                         net (fo=1, routed)           2.842    23.819    u_eth_udp_loop/u_udp/u_udp_tx/gmii_txd[1]_i_2__1_n_0
    SLICE_X33Y74         LUT6 (Prop_lut6_I0_O)        0.124    23.943 r  u_eth_udp_loop/u_udp/u_udp_tx/gmii_txd[1]_i_1__1/O
                         net (fo=1, routed)           0.000    23.943    u_eth_udp_loop/u_udp/u_udp_tx/gmii_txd[1]_i_1__1_n_0
    SLICE_X33Y74         FDCE                                         r  u_eth_udp_loop/u_udp/u_udp_tx/gmii_txd_reg[1]/D
  -------------------------------------------------------------------    -------------------

                         (clock eth_rxc rise edge)   16.000    16.000 r  
    K17                                               0.000    16.000 r  eth_rxc (IN)
                         net (fo=0)                   0.000    16.000    eth_rxc
    K17                  IBUF (Prop_ibuf_I_O)         1.421    17.421 r  eth_rxc_IBUF_inst/O
                         net (fo=2, routed)           1.880    19.301    u_eth_udp_loop/u_gmii_to_rgmii/u_rgmii_rx/eth_rxc
    BUFGCTRL_X0Y16       BUFG (Prop_bufg_I_O)         0.091    19.392 r  u_eth_udp_loop/u_gmii_to_rgmii/u_rgmii_rx/BUFG_inst/O
                         net (fo=1641, routed)        1.470    20.862    u_eth_udp_loop/u_udp/u_udp_tx/gmii_rx_clk
    SLICE_X33Y74         FDCE                                         r  u_eth_udp_loop/u_udp/u_udp_tx/gmii_txd_reg[1]/C
                         clock pessimism              0.000    20.862    
                         clock uncertainty           -0.244    20.617    
    SLICE_X33Y74         FDCE (Setup_fdce_C_D)        0.029    20.646    u_eth_udp_loop/u_udp/u_udp_tx/gmii_txd_reg[1]
  -------------------------------------------------------------------
                         required time                         20.646    
                         arrival time                         -23.943    
  -------------------------------------------------------------------
                         slack                                 -3.297    

Slack (VIOLATED) :        -3.273ns  (required time - arrival time)
  Source:                 u_AD_convert/dout_reg[4]/C
                            (rising edge-triggered cell FDCE clocked by clk_out1_clk_wiz_0  {rise@0.000ns fall@2.500ns period=5.000ns})
  Destination:            u_eth_udp_loop/u_udp/u_udp_tx/gmii_txd_reg[4]/D
                            (rising edge-triggered cell FDCE clocked by eth_rxc  {rise@0.000ns fall@4.000ns period=8.000ns})
  Path Group:             eth_rxc
  Path Type:              Setup (Max at Slow Process Corner)
  Requirement:            1.000ns  (eth_rxc rise@16.000ns - clk_out1_clk_wiz_0 rise@15.000ns)
  Data Path Delay:        9.611ns  (logic 0.704ns (7.325%)  route 8.907ns (92.675%))
  Logic Levels:           2  (LUT6=2)
  Clock Path Skew:        5.554ns (DCD - SCD + CPR)
    Destination Clock Delay (DCD):    4.865ns = ( 20.865 - 16.000 ) 
    Source Clock Delay      (SCD):    -0.689ns = ( 14.311 - 15.000 ) 
    Clock Pessimism Removal (CPR):    0.000ns
  Clock Uncertainty:      0.244ns  ((TSJ^2 + DJ^2)^1/2) / 2 + PE
    Total System Jitter     (TSJ):    0.071ns
    Discrete Jitter          (DJ):    0.142ns
    Phase Error              (PE):    0.165ns
  Clock Domain Crossing:  Inter clock paths are considered valid unless explicitly excluded by timing constraints such as set_clock_groups or set_false_path.

    Location             Delay type                Incr(ns)  Path(ns)    Netlist Resource(s)
  -------------------------------------------------------------------    -------------------
                         (clock clk_out1_clk_wiz_0 rise edge)
                                                     15.000    15.000 r  
    U18                                               0.000    15.000 r  sys_clk (IN)
                         net (fo=0)                   0.000    15.000    u_clk_wiz_0/inst/clk_in1
    U18                  IBUF (Prop_ibuf_I_O)         1.530    16.530 r  u_clk_wiz_0/inst/clkin1_ibufg/O
                         net (fo=1, routed)           1.285    17.815    u_clk_wiz_0/inst/clk_in1_clk_wiz_0
    MMCME2_ADV_X0Y0      MMCME2_ADV (Prop_mmcme2_adv_CLKIN1_CLKOUT0)
                                                     -7.010    10.805 r  u_clk_wiz_0/inst/mmcm_adv_inst/CLKOUT0
                         net (fo=1, routed)           1.760    12.565    u_clk_wiz_0/inst/clk_out1_clk_wiz_0
    BUFGCTRL_X0Y2        BUFG (Prop_bufg_I_O)         0.101    12.666 r  u_clk_wiz_0/inst/clkout1_buf/O
                         net (fo=43, routed)          1.645    14.311    u_AD_convert/CLK
    SLICE_X33Y73         FDCE                                         r  u_AD_convert/dout_reg[4]/C
  -------------------------------------------------------------------    -------------------
    SLICE_X33Y73         FDCE (Prop_fdce_C_Q)         0.456    14.767 r  u_AD_convert/dout_reg[4]/Q
                         net (fo=1, routed)           6.121    20.888    u_eth_udp_loop/u_udp/u_udp_tx/gmii_txd_reg[7]_1[4]
    SLICE_X32Y72         LUT6 (Prop_lut6_I1_O)        0.124    21.012 r  u_eth_udp_loop/u_udp/u_udp_tx/gmii_txd[4]_i_2__1/O
                         net (fo=1, routed)           2.786    23.798    u_eth_udp_loop/u_udp/u_udp_tx/gmii_txd[4]_i_2__1_n_0
    SLICE_X33Y72         LUT6 (Prop_lut6_I0_O)        0.124    23.922 r  u_eth_udp_loop/u_udp/u_udp_tx/gmii_txd[4]_i_1__1/O
                         net (fo=1, routed)           0.000    23.922    u_eth_udp_loop/u_udp/u_udp_tx/gmii_txd[4]_i_1__1_n_0
    SLICE_X33Y72         FDCE                                         r  u_eth_udp_loop/u_udp/u_udp_tx/gmii_txd_reg[4]/D
  -------------------------------------------------------------------    -------------------

                         (clock eth_rxc rise edge)   16.000    16.000 r  
    K17                                               0.000    16.000 r  eth_rxc (IN)
                         net (fo=0)                   0.000    16.000    eth_rxc
    K17                  IBUF (Prop_ibuf_I_O)         1.421    17.421 r  eth_rxc_IBUF_inst/O
                         net (fo=2, routed)           1.880    19.301    u_eth_udp_loop/u_gmii_to_rgmii/u_rgmii_rx/eth_rxc
    BUFGCTRL_X0Y16       BUFG (Prop_bufg_I_O)         0.091    19.392 r  u_eth_udp_loop/u_gmii_to_rgmii/u_rgmii_rx/BUFG_inst/O
                         net (fo=1641, routed)        1.473    20.865    u_eth_udp_loop/u_udp/u_udp_tx/gmii_rx_clk
    SLICE_X33Y72         FDCE                                         r  u_eth_udp_loop/u_udp/u_udp_tx/gmii_txd_reg[4]/C
                         clock pessimism              0.000    20.865    
                         clock uncertainty           -0.244    20.620    
    SLICE_X33Y72         FDCE (Setup_fdce_C_D)        0.029    20.649    u_eth_udp_loop/u_udp/u_udp_tx/gmii_txd_reg[4]
  -------------------------------------------------------------------
                         required time                         20.649    
                         arrival time                         -23.922    
  -------------------------------------------------------------------
                         slack                                 -3.273    

Slack (VIOLATED) :        -2.778ns  (required time - arrival time)
  Source:                 u_AD_convert/dout_reg[7]/C
                            (rising edge-triggered cell FDCE clocked by clk_out1_clk_wiz_0  {rise@0.000ns fall@2.500ns period=5.000ns})
  Destination:            u_eth_udp_loop/u_udp/u_udp_tx/gmii_txd_reg[7]/D
                            (rising edge-triggered cell FDCE clocked by eth_rxc  {rise@0.000ns fall@4.000ns period=8.000ns})
  Path Group:             eth_rxc
  Path Type:              Setup (Max at Slow Process Corner)
  Requirement:            1.000ns  (eth_rxc rise@16.000ns - clk_out1_clk_wiz_0 rise@15.000ns)
  Data Path Delay:        9.121ns  (logic 0.839ns (9.199%)  route 8.282ns (90.801%))
  Logic Levels:           2  (LUT5=1 LUT6=1)
  Clock Path Skew:        5.555ns (DCD - SCD + CPR)
    Destination Clock Delay (DCD):    4.867ns = ( 20.867 - 16.000 ) 
    Source Clock Delay      (SCD):    -0.688ns = ( 14.312 - 15.000 ) 
    Clock Pessimism Removal (CPR):    0.000ns
  Clock Uncertainty:      0.244ns  ((TSJ^2 + DJ^2)^1/2) / 2 + PE
    Total System Jitter     (TSJ):    0.071ns
    Discrete Jitter          (DJ):    0.142ns
    Phase Error              (PE):    0.165ns
  Clock Domain Crossing:  Inter clock paths are considered valid unless explicitly excluded by timing constraints such as set_clock_groups or set_false_path.

    Location             Delay type                Incr(ns)  Path(ns)    Netlist Resource(s)
  -------------------------------------------------------------------    -------------------
                         (clock clk_out1_clk_wiz_0 rise edge)
                                                     15.000    15.000 r  
    U18                                               0.000    15.000 r  sys_clk (IN)
                         net (fo=0)                   0.000    15.000    u_clk_wiz_0/inst/clk_in1
    U18                  IBUF (Prop_ibuf_I_O)         1.530    16.530 r  u_clk_wiz_0/inst/clkin1_ibufg/O
                         net (fo=1, routed)           1.285    17.815    u_clk_wiz_0/inst/clk_in1_clk_wiz_0
    MMCME2_ADV_X0Y0      MMCME2_ADV (Prop_mmcme2_adv_CLKIN1_CLKOUT0)
                                                     -7.010    10.805 r  u_clk_wiz_0/inst/mmcm_adv_inst/CLKOUT0
                         net (fo=1, routed)           1.760    12.565    u_clk_wiz_0/inst/clk_out1_clk_wiz_0
    BUFGCTRL_X0Y2        BUFG (Prop_bufg_I_O)         0.101    12.666 r  u_clk_wiz_0/inst/clkout1_buf/O
                         net (fo=43, routed)          1.646    14.312    u_AD_convert/CLK
    SLICE_X35Y72         FDCE                                         r  u_AD_convert/dout_reg[7]/C
  -------------------------------------------------------------------    -------------------
    SLICE_X35Y72         FDCE (Prop_fdce_C_Q)         0.419    14.731 r  u_AD_convert/dout_reg[7]/Q
                         net (fo=1, routed)           5.548    20.279    u_eth_udp_loop/u_udp/u_udp_tx/gmii_txd_reg[7]_1[7]
    SLICE_X35Y71         LUT5 (Prop_lut5_I4_O)        0.296    20.575 f  u_eth_udp_loop/u_udp/u_udp_tx/gmii_txd[7]_i_2__1/O
                         net (fo=1, routed)           2.734    23.309    u_eth_udp_loop/u_udp/u_udp_tx/gmii_txd[7]_i_2__1_n_0
    SLICE_X35Y71         LUT6 (Prop_lut6_I0_O)        0.124    23.433 r  u_eth_udp_loop/u_udp/u_udp_tx/gmii_txd[7]_i_1__0/O
                         net (fo=1, routed)           0.000    23.433    u_eth_udp_loop/u_udp/u_udp_tx/gmii_txd[7]_i_1__0_n_0
    SLICE_X35Y71         FDCE                                         r  u_eth_udp_loop/u_udp/u_udp_tx/gmii_txd_reg[7]/D
  -------------------------------------------------------------------    -------------------

                         (clock eth_rxc rise edge)   16.000    16.000 r  
    K17                                               0.000    16.000 r  eth_rxc (IN)
                         net (fo=0)                   0.000    16.000    eth_rxc
    K17                  IBUF (Prop_ibuf_I_O)         1.421    17.421 r  eth_rxc_IBUF_inst/O
                         net (fo=2, routed)           1.880    19.301    u_eth_udp_loop/u_gmii_to_rgmii/u_rgmii_rx/eth_rxc
    BUFGCTRL_X0Y16       BUFG (Prop_bufg_I_O)         0.091    19.392 r  u_eth_udp_loop/u_gmii_to_rgmii/u_rgmii_rx/BUFG_inst/O
                         net (fo=1641, routed)        1.475    20.867    u_eth_udp_loop/u_udp/u_udp_tx/gmii_rx_clk
    SLICE_X35Y71         FDCE                                         r  u_eth_udp_loop/u_udp/u_udp_tx/gmii_txd_reg[7]/C
                         clock pessimism              0.000    20.867    
                         clock uncertainty           -0.244    20.622    
    SLICE_X35Y71         FDCE (Setup_fdce_C_D)        0.032    20.654    u_eth_udp_loop/u_udp/u_udp_tx/gmii_txd_reg[7]
  -------------------------------------------------------------------
                         required time                         20.654    
                         arrival time                         -23.433    
  -------------------------------------------------------------------
                         slack                                 -2.778    

Slack (VIOLATED) :        -2.694ns  (required time - arrival time)
  Source:                 u_AD_convert/dout_reg[5]/C
                            (rising edge-triggered cell FDCE clocked by clk_out1_clk_wiz_0  {rise@0.000ns fall@2.500ns period=5.000ns})
  Destination:            u_eth_udp_loop/u_udp/u_udp_tx/gmii_txd_reg[5]/D
                            (rising edge-triggered cell FDCE clocked by eth_rxc  {rise@0.000ns fall@4.000ns period=8.000ns})
  Path Group:             eth_rxc
  Path Type:              Setup (Max at Slow Process Corner)
  Requirement:            1.000ns  (eth_rxc rise@16.000ns - clk_out1_clk_wiz_0 rise@15.000ns)
  Data Path Delay:        9.034ns  (logic 0.839ns (9.287%)  route 8.195ns (90.713%))
  Logic Levels:           2  (LUT6=2)
  Clock Path Skew:        5.554ns (DCD - SCD + CPR)
    Destination Clock Delay (DCD):    4.865ns = ( 20.865 - 16.000 ) 
    Source Clock Delay      (SCD):    -0.689ns = ( 14.311 - 15.000 ) 
    Clock Pessimism Removal (CPR):    0.000ns
  Clock Uncertainty:      0.244ns  ((TSJ^2 + DJ^2)^1/2) / 2 + PE
    Total System Jitter     (TSJ):    0.071ns
    Discrete Jitter          (DJ):    0.142ns
    Phase Error              (PE):    0.165ns
  Clock Domain Crossing:  Inter clock paths are considered valid unless explicitly excluded by timing constraints such as set_clock_groups or set_false_path.

    Location             Delay type                Incr(ns)  Path(ns)    Netlist Resource(s)
  -------------------------------------------------------------------    -------------------
                         (clock clk_out1_clk_wiz_0 rise edge)
                                                     15.000    15.000 r  
    U18                                               0.000    15.000 r  sys_clk (IN)
                         net (fo=0)                   0.000    15.000    u_clk_wiz_0/inst/clk_in1
    U18                  IBUF (Prop_ibuf_I_O)         1.530    16.530 r  u_clk_wiz_0/inst/clkin1_ibufg/O
                         net (fo=1, routed)           1.285    17.815    u_clk_wiz_0/inst/clk_in1_clk_wiz_0
    MMCME2_ADV_X0Y0      MMCME2_ADV (Prop_mmcme2_adv_CLKIN1_CLKOUT0)
                                                     -7.010    10.805 r  u_clk_wiz_0/inst/mmcm_adv_inst/CLKOUT0
                         net (fo=1, routed)           1.760    12.565    u_clk_wiz_0/inst/clk_out1_clk_wiz_0
    BUFGCTRL_X0Y2        BUFG (Prop_bufg_I_O)         0.101    12.666 r  u_clk_wiz_0/inst/clkout1_buf/O
                         net (fo=43, routed)          1.645    14.311    u_AD_convert/CLK
    SLICE_X33Y73         FDCE                                         r  u_AD_convert/dout_reg[5]/C
  -------------------------------------------------------------------    -------------------
    SLICE_X33Y73         FDCE (Prop_fdce_C_Q)         0.419    14.730 r  u_AD_convert/dout_reg[5]/Q
                         net (fo=1, routed)           5.552    20.282    u_eth_udp_loop/u_udp/u_udp_tx/gmii_txd_reg[7]_1[5]
    SLICE_X33Y73         LUT6 (Prop_lut6_I1_O)        0.296    20.578 r  u_eth_udp_loop/u_udp/u_udp_tx/gmii_txd[5]_i_2__1/O
                         net (fo=1, routed)           2.644    23.222    u_eth_udp_loop/u_udp/u_udp_tx/gmii_txd[5]_i_2__1_n_0
    SLICE_X33Y72         LUT6 (Prop_lut6_I0_O)        0.124    23.346 r  u_eth_udp_loop/u_udp/u_udp_tx/gmii_txd[5]_i_1__1/O
                         net (fo=1, routed)           0.000    23.346    u_eth_udp_loop/u_udp/u_udp_tx/gmii_txd[5]_i_1__1_n_0
    SLICE_X33Y72         FDCE                                         r  u_eth_udp_loop/u_udp/u_udp_tx/gmii_txd_reg[5]/D
  -------------------------------------------------------------------    -------------------

                         (clock eth_rxc rise edge)   16.000    16.000 r  
    K17                                               0.000    16.000 r  eth_rxc (IN)
                         net (fo=0)                   0.000    16.000    eth_rxc
    K17                  IBUF (Prop_ibuf_I_O)         1.421    17.421 r  eth_rxc_IBUF_inst/O
                         net (fo=2, routed)           1.880    19.301    u_eth_udp_loop/u_gmii_to_rgmii/u_rgmii_rx/eth_rxc
    BUFGCTRL_X0Y16       BUFG (Prop_bufg_I_O)         0.091    19.392 r  u_eth_udp_loop/u_gmii_to_rgmii/u_rgmii_rx/BUFG_inst/O
                         net (fo=1641, routed)        1.473    20.865    u_eth_udp_loop/u_udp/u_udp_tx/gmii_rx_clk
    SLICE_X33Y72         FDCE                                         r  u_eth_udp_loop/u_udp/u_udp_tx/gmii_txd_reg[5]/C
                         clock pessimism              0.000    20.865    
                         clock uncertainty           -0.244    20.620    
    SLICE_X33Y72         FDCE (Setup_fdce_C_D)        0.031    20.651    u_eth_udp_loop/u_udp/u_udp_tx/gmii_txd_reg[5]
  -------------------------------------------------------------------
                         required time                         20.651    
                         arrival time                         -23.346    
  -------------------------------------------------------------------
                         slack                                 -2.694    





Min Delay Paths
--------------------------------------------------------------------------------------
Slack (MET) :             0.621ns  (arrival time - required time)
  Source:                 u_AD_convert/dout_reg[5]/C
                            (rising edge-triggered cell FDCE clocked by clk_out1_clk_wiz_0  {rise@0.000ns fall@2.500ns period=5.000ns})
  Destination:            u_eth_udp_loop/u_udp/u_udp_tx/gmii_txd_reg[5]/D
                            (rising edge-triggered cell FDCE clocked by eth_rxc  {rise@0.000ns fall@4.000ns period=8.000ns})
  Path Group:             eth_rxc
  Path Type:              Hold (Min at Slow Process Corner)
  Requirement:            0.000ns  (eth_rxc rise@0.000ns - clk_out1_clk_wiz_0 rise@0.000ns)
  Data Path Delay:        7.779ns  (logic 0.676ns (8.690%)  route 7.103ns (91.310%))
  Logic Levels:           2  (LUT6=2)
  Clock Path Skew:        6.645ns (DCD - SCD - CPR)
    Destination Clock Delay (DCD):    5.312ns
    Source Clock Delay      (SCD):    -1.333ns
    Clock Pessimism Removal (CPR):    -0.000ns
  Clock Uncertainty:      0.244ns  ((TSJ^2 + DJ^2)^1/2) / 2 + PE
    Total System Jitter     (TSJ):    0.071ns
    Discrete Jitter          (DJ):    0.142ns
    Phase Error              (PE):    0.165ns
  Clock Domain Crossing:  Inter clock paths are considered valid unless explicitly excluded by timing constraints such as set_clock_groups or set_false_path.

    Location             Delay type                Incr(ns)  Path(ns)    Netlist Resource(s)
  -------------------------------------------------------------------    -------------------
                         (clock clk_out1_clk_wiz_0 rise edge)
                                                      0.000     0.000 r  
    U18                                               0.000     0.000 r  sys_clk (IN)
                         net (fo=0)                   0.000     0.000    u_clk_wiz_0/inst/clk_in1
    U18                  IBUF (Prop_ibuf_I_O)         1.459     1.459 r  u_clk_wiz_0/inst/clkin1_ibufg/O
                         net (fo=1, routed)           1.162     2.621    u_clk_wiz_0/inst/clk_in1_clk_wiz_0
    MMCME2_ADV_X0Y0      MMCME2_ADV (Prop_mmcme2_adv_CLKIN1_CLKOUT0)
                                                     -7.118    -4.498 r  u_clk_wiz_0/inst/mmcm_adv_inst/CLKOUT0
                         net (fo=1, routed)           1.599    -2.898    u_clk_wiz_0/inst/clk_out1_clk_wiz_0
    BUFGCTRL_X0Y2        BUFG (Prop_bufg_I_O)         0.091    -2.807 r  u_clk_wiz_0/inst/clkout1_buf/O
                         net (fo=43, routed)          1.475    -1.333    u_AD_convert/CLK
    SLICE_X33Y73         FDCE                                         r  u_AD_convert/dout_reg[5]/C
  -------------------------------------------------------------------    -------------------
    SLICE_X33Y73         FDCE (Prop_fdce_C_Q)         0.337    -0.996 r  u_AD_convert/dout_reg[5]/Q
                         net (fo=1, routed)           4.797     3.801    u_eth_udp_loop/u_udp/u_udp_tx/gmii_txd_reg[7]_1[5]
    SLICE_X33Y73         LUT6 (Prop_lut6_I1_O)        0.239     4.040 r  u_eth_udp_loop/u_udp/u_udp_tx/gmii_txd[5]_i_2__1/O
                         net (fo=1, routed)           2.307     6.347    u_eth_udp_loop/u_udp/u_udp_tx/gmii_txd[5]_i_2__1_n_0
    SLICE_X33Y72         LUT6 (Prop_lut6_I0_O)        0.100     6.447 r  u_eth_udp_loop/u_udp/u_udp_tx/gmii_txd[5]_i_1__1/O
                         net (fo=1, routed)           0.000     6.447    u_eth_udp_loop/u_udp/u_udp_tx/gmii_txd[5]_i_1__1_n_0
    SLICE_X33Y72         FDCE                                         r  u_eth_udp_loop/u_udp/u_udp_tx/gmii_txd_reg[5]/D
  -------------------------------------------------------------------    -------------------

                         (clock eth_rxc rise edge)    0.000     0.000 r  
    K17                                               0.000     0.000 r  eth_rxc (IN)
                         net (fo=0)                   0.000     0.000    eth_rxc
    K17                  IBUF (Prop_ibuf_I_O)         1.492     1.492 r  eth_rxc_IBUF_inst/O
                         net (fo=2, routed)           2.076     3.568    u_eth_udp_loop/u_gmii_to_rgmii/u_rgmii_rx/eth_rxc
    BUFGCTRL_X0Y16       BUFG (Prop_bufg_I_O)         0.101     3.669 r  u_eth_udp_loop/u_gmii_to_rgmii/u_rgmii_rx/BUFG_inst/O
                         net (fo=1641, routed)        1.643     5.312    u_eth_udp_loop/u_udp/u_udp_tx/gmii_rx_clk
    SLICE_X33Y72         FDCE                                         r  u_eth_udp_loop/u_udp/u_udp_tx/gmii_txd_reg[5]/C
                         clock pessimism              0.000     5.312    
                         clock uncertainty            0.244     5.556    
    SLICE_X33Y72         FDCE (Hold_fdce_C_D)         0.270     5.826    u_eth_udp_loop/u_udp/u_udp_tx/gmii_txd_reg[5]
  -------------------------------------------------------------------
                         required time                         -5.826    
                         arrival time                           6.447    
  -------------------------------------------------------------------
                         slack                                  0.621    

Slack (MET) :             0.773ns  (arrival time - required time)
  Source:                 u_AD_convert/dout_reg[7]/C
                            (rising edge-triggered cell FDCE clocked by clk_out1_clk_wiz_0  {rise@0.000ns fall@2.500ns period=5.000ns})
  Destination:            u_eth_udp_loop/u_udp/u_udp_tx/gmii_txd_reg[7]/D
                            (rising edge-triggered cell FDCE clocked by eth_rxc  {rise@0.000ns fall@4.000ns period=8.000ns})
  Path Group:             eth_rxc
  Path Type:              Hold (Min at Slow Process Corner)
  Requirement:            0.000ns  (eth_rxc rise@0.000ns - clk_out1_clk_wiz_0 rise@0.000ns)
  Data Path Delay:        7.935ns  (logic 0.676ns (8.520%)  route 7.259ns (91.480%))
  Logic Levels:           2  (LUT5=1 LUT6=1)
  Clock Path Skew:        6.647ns (DCD - SCD - CPR)
    Destination Clock Delay (DCD):    5.315ns
    Source Clock Delay      (SCD):    -1.332ns
    Clock Pessimism Removal (CPR):    -0.000ns
  Clock Uncertainty:      0.244ns  ((TSJ^2 + DJ^2)^1/2) / 2 + PE
    Total System Jitter     (TSJ):    0.071ns
    Discrete Jitter          (DJ):    0.142ns
    Phase Error              (PE):    0.165ns
  Clock Domain Crossing:  Inter clock paths are considered valid unless explicitly excluded by timing constraints such as set_clock_groups or set_false_path.

    Location             Delay type                Incr(ns)  Path(ns)    Netlist Resource(s)
  -------------------------------------------------------------------    -------------------
                         (clock clk_out1_clk_wiz_0 rise edge)
                                                      0.000     0.000 r  
    U18                                               0.000     0.000 r  sys_clk (IN)
                         net (fo=0)                   0.000     0.000    u_clk_wiz_0/inst/clk_in1
    U18                  IBUF (Prop_ibuf_I_O)         1.459     1.459 r  u_clk_wiz_0/inst/clkin1_ibufg/O
                         net (fo=1, routed)           1.162     2.621    u_clk_wiz_0/inst/clk_in1_clk_wiz_0
    MMCME2_ADV_X0Y0      MMCME2_ADV (Prop_mmcme2_adv_CLKIN1_CLKOUT0)
                                                     -7.118    -4.498 r  u_clk_wiz_0/inst/mmcm_adv_inst/CLKOUT0
                         net (fo=1, routed)           1.599    -2.898    u_clk_wiz_0/inst/clk_out1_clk_wiz_0
    BUFGCTRL_X0Y2        BUFG (Prop_bufg_I_O)         0.091    -2.807 r  u_clk_wiz_0/inst/clkout1_buf/O
                         net (fo=43, routed)          1.476    -1.332    u_AD_convert/CLK
    SLICE_X35Y72         FDCE                                         r  u_AD_convert/dout_reg[7]/C
  -------------------------------------------------------------------    -------------------
    SLICE_X35Y72         FDCE (Prop_fdce_C_Q)         0.337    -0.995 r  u_AD_convert/dout_reg[7]/Q
                         net (fo=1, routed)           4.863     3.868    u_eth_udp_loop/u_udp/u_udp_tx/gmii_txd_reg[7]_1[7]
    SLICE_X35Y71         LUT5 (Prop_lut5_I4_O)        0.239     4.107 f  u_eth_udp_loop/u_udp/u_udp_tx/gmii_txd[7]_i_2__1/O
                         net (fo=1, routed)           2.396     6.503    u_eth_udp_loop/u_udp/u_udp_tx/gmii_txd[7]_i_2__1_n_0
    SLICE_X35Y71         LUT6 (Prop_lut6_I0_O)        0.100     6.603 r  u_eth_udp_loop/u_udp/u_udp_tx/gmii_txd[7]_i_1__0/O
                         net (fo=1, routed)           0.000     6.603    u_eth_udp_loop/u_udp/u_udp_tx/gmii_txd[7]_i_1__0_n_0
    SLICE_X35Y71         FDCE                                         r  u_eth_udp_loop/u_udp/u_udp_tx/gmii_txd_reg[7]/D
  -------------------------------------------------------------------    -------------------

                         (clock eth_rxc rise edge)    0.000     0.000 r  
    K17                                               0.000     0.000 r  eth_rxc (IN)
                         net (fo=0)                   0.000     0.000    eth_rxc
    K17                  IBUF (Prop_ibuf_I_O)         1.492     1.492 r  eth_rxc_IBUF_inst/O
                         net (fo=2, routed)           2.076     3.568    u_eth_udp_loop/u_gmii_to_rgmii/u_rgmii_rx/eth_rxc
    BUFGCTRL_X0Y16       BUFG (Prop_bufg_I_O)         0.101     3.669 r  u_eth_udp_loop/u_gmii_to_rgmii/u_rgmii_rx/BUFG_inst/O
                         net (fo=1641, routed)        1.646     5.315    u_eth_udp_loop/u_udp/u_udp_tx/gmii_rx_clk
    SLICE_X35Y71         FDCE                                         r  u_eth_udp_loop/u_udp/u_udp_tx/gmii_txd_reg[7]/C
                         clock pessimism              0.000     5.315    
                         clock uncertainty            0.244     5.559    
    SLICE_X35Y71         FDCE (Hold_fdce_C_D)         0.271     5.830    u_eth_udp_loop/u_udp/u_udp_tx/gmii_txd_reg[7]
  -------------------------------------------------------------------
                         required time                         -5.830    
                         arrival time                           6.603    
  -------------------------------------------------------------------
                         slack                                  0.773    

Slack (MET) :             1.079ns  (arrival time - required time)
  Source:                 u_AD_convert/dout_reg[1]/C
                            (rising edge-triggered cell FDCE clocked by clk_out1_clk_wiz_0  {rise@0.000ns fall@2.500ns period=5.000ns})
  Destination:            u_eth_udp_loop/u_udp/u_udp_tx/gmii_txd_reg[1]/D
                            (rising edge-triggered cell FDCE clocked by eth_rxc  {rise@0.000ns fall@4.000ns period=8.000ns})
  Path Group:             eth_rxc
  Path Type:              Hold (Min at Slow Process Corner)
  Requirement:            0.000ns  (eth_rxc rise@0.000ns - clk_out1_clk_wiz_0 rise@0.000ns)
  Data Path Delay:        8.234ns  (logic 0.678ns (8.234%)  route 7.556ns (91.766%))
  Logic Levels:           2  (LUT6=2)
  Clock Path Skew:        6.642ns (DCD - SCD - CPR)
    Destination Clock Delay (DCD):    5.309ns
    Source Clock Delay      (SCD):    -1.333ns
    Clock Pessimism Removal (CPR):    -0.000ns
  Clock Uncertainty:      0.244ns  ((TSJ^2 + DJ^2)^1/2) / 2 + PE
    Total System Jitter     (TSJ):    0.071ns
    Discrete Jitter          (DJ):    0.142ns
    Phase Error              (PE):    0.165ns
  Clock Domain Crossing:  Inter clock paths are considered valid unless explicitly excluded by timing constraints such as set_clock_groups or set_false_path.

    Location             Delay type                Incr(ns)  Path(ns)    Netlist Resource(s)
  -------------------------------------------------------------------    -------------------
                         (clock clk_out1_clk_wiz_0 rise edge)
                                                      0.000     0.000 r  
    U18                                               0.000     0.000 r  sys_clk (IN)
                         net (fo=0)                   0.000     0.000    u_clk_wiz_0/inst/clk_in1
    U18                  IBUF (Prop_ibuf_I_O)         1.459     1.459 r  u_clk_wiz_0/inst/clkin1_ibufg/O
                         net (fo=1, routed)           1.162     2.621    u_clk_wiz_0/inst/clk_in1_clk_wiz_0
    MMCME2_ADV_X0Y0      MMCME2_ADV (Prop_mmcme2_adv_CLKIN1_CLKOUT0)
                                                     -7.118    -4.498 r  u_clk_wiz_0/inst/mmcm_adv_inst/CLKOUT0
                         net (fo=1, routed)           1.599    -2.898    u_clk_wiz_0/inst/clk_out1_clk_wiz_0
    BUFGCTRL_X0Y2        BUFG (Prop_bufg_I_O)         0.091    -2.807 r  u_clk_wiz_0/inst/clkout1_buf/O
                         net (fo=43, routed)          1.475    -1.333    u_AD_convert/CLK
    SLICE_X33Y73         FDCE                                         r  u_AD_convert/dout_reg[1]/C
  -------------------------------------------------------------------    -------------------
    SLICE_X33Y73         FDCE (Prop_fdce_C_Q)         0.337    -0.996 r  u_AD_convert/dout_reg[1]/Q
                         net (fo=1, routed)           5.087     4.092    u_eth_udp_loop/u_udp/u_udp_tx/gmii_txd_reg[7]_1[1]
    SLICE_X33Y74         LUT6 (Prop_lut6_I4_O)        0.241     4.333 r  u_eth_udp_loop/u_udp/u_udp_tx/gmii_txd[1]_i_2__1/O
                         net (fo=1, routed)           2.469     6.801    u_eth_udp_loop/u_udp/u_udp_tx/gmii_txd[1]_i_2__1_n_0
    SLICE_X33Y74         LUT6 (Prop_lut6_I0_O)        0.100     6.901 r  u_eth_udp_loop/u_udp/u_udp_tx/gmii_txd[1]_i_1__1/O
                         net (fo=1, routed)           0.000     6.901    u_eth_udp_loop/u_udp/u_udp_tx/gmii_txd[1]_i_1__1_n_0
    SLICE_X33Y74         FDCE                                         r  u_eth_udp_loop/u_udp/u_udp_tx/gmii_txd_reg[1]/D
  -------------------------------------------------------------------    -------------------

                         (clock eth_rxc rise edge)    0.000     0.000 r  
    K17                                               0.000     0.000 r  eth_rxc (IN)
                         net (fo=0)                   0.000     0.000    eth_rxc
    K17                  IBUF (Prop_ibuf_I_O)         1.492     1.492 r  eth_rxc_IBUF_inst/O
                         net (fo=2, routed)           2.076     3.568    u_eth_udp_loop/u_gmii_to_rgmii/u_rgmii_rx/eth_rxc
    BUFGCTRL_X0Y16       BUFG (Prop_bufg_I_O)         0.101     3.669 r  u_eth_udp_loop/u_gmii_to_rgmii/u_rgmii_rx/BUFG_inst/O
                         net (fo=1641, routed)        1.640     5.309    u_eth_udp_loop/u_udp/u_udp_tx/gmii_rx_clk
    SLICE_X33Y74         FDCE                                         r  u_eth_udp_loop/u_udp/u_udp_tx/gmii_txd_reg[1]/C
                         clock pessimism              0.000     5.309    
                         clock uncertainty            0.244     5.553    
    SLICE_X33Y74         FDCE (Hold_fdce_C_D)         0.269     5.822    u_eth_udp_loop/u_udp/u_udp_tx/gmii_txd_reg[1]
  -------------------------------------------------------------------
                         required time                         -5.822    
                         arrival time                           6.901    
  -------------------------------------------------------------------
                         slack                                  1.079    

Slack (MET) :             1.096ns  (arrival time - required time)
  Source:                 u_AD_convert/dout_reg[4]/C
                            (rising edge-triggered cell FDCE clocked by clk_out1_clk_wiz_0  {rise@0.000ns fall@2.500ns period=5.000ns})
  Destination:            u_eth_udp_loop/u_udp/u_udp_tx/gmii_txd_reg[4]/D
                            (rising edge-triggered cell FDCE clocked by eth_rxc  {rise@0.000ns fall@4.000ns period=8.000ns})
  Path Group:             eth_rxc
  Path Type:              Hold (Min at Slow Process Corner)
  Requirement:            0.000ns  (eth_rxc rise@0.000ns - clk_out1_clk_wiz_0 rise@0.000ns)
  Data Path Delay:        8.254ns  (logic 0.567ns (6.869%)  route 7.687ns (93.131%))
  Logic Levels:           2  (LUT6=2)
  Clock Path Skew:        6.645ns (DCD - SCD - CPR)
    Destination Clock Delay (DCD):    5.312ns
    Source Clock Delay      (SCD):    -1.333ns
    Clock Pessimism Removal (CPR):    -0.000ns
  Clock Uncertainty:      0.244ns  ((TSJ^2 + DJ^2)^1/2) / 2 + PE
    Total System Jitter     (TSJ):    0.071ns
    Discrete Jitter          (DJ):    0.142ns
    Phase Error              (PE):    0.165ns
  Clock Domain Crossing:  Inter clock paths are considered valid unless explicitly excluded by timing constraints such as set_clock_groups or set_false_path.

    Location             Delay type                Incr(ns)  Path(ns)    Netlist Resource(s)
  -------------------------------------------------------------------    -------------------
                         (clock clk_out1_clk_wiz_0 rise edge)
                                                      0.000     0.000 r  
    U18                                               0.000     0.000 r  sys_clk (IN)
                         net (fo=0)                   0.000     0.000    u_clk_wiz_0/inst/clk_in1
    U18                  IBUF (Prop_ibuf_I_O)         1.459     1.459 r  u_clk_wiz_0/inst/clkin1_ibufg/O
                         net (fo=1, routed)           1.162     2.621    u_clk_wiz_0/inst/clk_in1_clk_wiz_0
    MMCME2_ADV_X0Y0      MMCME2_ADV (Prop_mmcme2_adv_CLKIN1_CLKOUT0)
                                                     -7.118    -4.498 r  u_clk_wiz_0/inst/mmcm_adv_inst/CLKOUT0
                         net (fo=1, routed)           1.599    -2.898    u_clk_wiz_0/inst/clk_out1_clk_wiz_0
    BUFGCTRL_X0Y2        BUFG (Prop_bufg_I_O)         0.091    -2.807 r  u_clk_wiz_0/inst/clkout1_buf/O
                         net (fo=43, routed)          1.475    -1.333    u_AD_convert/CLK
    SLICE_X33Y73         FDCE                                         r  u_AD_convert/dout_reg[4]/C
  -------------------------------------------------------------------    -------------------
    SLICE_X33Y73         FDCE (Prop_fdce_C_Q)         0.367    -0.966 r  u_AD_convert/dout_reg[4]/Q
                         net (fo=1, routed)           5.265     4.299    u_eth_udp_loop/u_udp/u_udp_tx/gmii_txd_reg[7]_1[4]
    SLICE_X32Y72         LUT6 (Prop_lut6_I1_O)        0.100     4.399 r  u_eth_udp_loop/u_udp/u_udp_tx/gmii_txd[4]_i_2__1/O
                         net (fo=1, routed)           2.422     6.821    u_eth_udp_loop/u_udp/u_udp_tx/gmii_txd[4]_i_2__1_n_0
    SLICE_X33Y72         LUT6 (Prop_lut6_I0_O)        0.100     6.921 r  u_eth_udp_loop/u_udp/u_udp_tx/gmii_txd[4]_i_1__1/O
                         net (fo=1, routed)           0.000     6.921    u_eth_udp_loop/u_udp/u_udp_tx/gmii_txd[4]_i_1__1_n_0
    SLICE_X33Y72         FDCE                                         r  u_eth_udp_loop/u_udp/u_udp_tx/gmii_txd_reg[4]/D
  -------------------------------------------------------------------    -------------------

                         (clock eth_rxc rise edge)    0.000     0.000 r  
    K17                                               0.000     0.000 r  eth_rxc (IN)
                         net (fo=0)                   0.000     0.000    eth_rxc
    K17                  IBUF (Prop_ibuf_I_O)         1.492     1.492 r  eth_rxc_IBUF_inst/O
                         net (fo=2, routed)           2.076     3.568    u_eth_udp_loop/u_gmii_to_rgmii/u_rgmii_rx/eth_rxc
    BUFGCTRL_X0Y16       BUFG (Prop_bufg_I_O)         0.101     3.669 r  u_eth_udp_loop/u_gmii_to_rgmii/u_rgmii_rx/BUFG_inst/O
                         net (fo=1641, routed)        1.643     5.312    u_eth_udp_loop/u_udp/u_udp_tx/gmii_rx_clk
    SLICE_X33Y72         FDCE                                         r  u_eth_udp_loop/u_udp/u_udp_tx/gmii_txd_reg[4]/C
                         clock pessimism              0.000     5.312    
                         clock uncertainty            0.244     5.556    
    SLICE_X33Y72         FDCE (Hold_fdce_C_D)         0.269     5.825    u_eth_udp_loop/u_udp/u_udp_tx/gmii_txd_reg[4]
  -------------------------------------------------------------------
                         required time                         -5.825    
                         arrival time                           6.921    
  -------------------------------------------------------------------
                         slack                                  1.096    

Slack (MET) :             1.129ns  (arrival time - required time)
  Source:                 u_AD_convert/dout_reg[0]/C
                            (rising edge-triggered cell FDCE clocked by clk_out1_clk_wiz_0  {rise@0.000ns fall@2.500ns period=5.000ns})
  Destination:            u_eth_udp_loop/u_udp/u_udp_tx/gmii_txd_reg[0]/D
                            (rising edge-triggered cell FDCE clocked by eth_rxc  {rise@0.000ns fall@4.000ns period=8.000ns})
  Path Group:             eth_rxc
  Path Type:              Hold (Min at Slow Process Corner)
  Requirement:            0.000ns  (eth_rxc rise@0.000ns - clk_out1_clk_wiz_0 rise@0.000ns)
  Data Path Delay:        8.288ns  (logic 0.567ns (6.841%)  route 7.721ns (93.159%))
  Logic Levels:           2  (LUT6=2)
  Clock Path Skew:        6.645ns (DCD - SCD - CPR)
    Destination Clock Delay (DCD):    5.312ns
    Source Clock Delay      (SCD):    -1.333ns
    Clock Pessimism Removal (CPR):    -0.000ns
  Clock Uncertainty:      0.244ns  ((TSJ^2 + DJ^2)^1/2) / 2 + PE
    Total System Jitter     (TSJ):    0.071ns
    Discrete Jitter          (DJ):    0.142ns
    Phase Error              (PE):    0.165ns
  Clock Domain Crossing:  Inter clock paths are considered valid unless explicitly excluded by timing constraints such as set_clock_groups or set_false_path.

    Location             Delay type                Incr(ns)  Path(ns)    Netlist Resource(s)
  -------------------------------------------------------------------    -------------------
                         (clock clk_out1_clk_wiz_0 rise edge)
                                                      0.000     0.000 r  
    U18                                               0.000     0.000 r  sys_clk (IN)
                         net (fo=0)                   0.000     0.000    u_clk_wiz_0/inst/clk_in1
    U18                  IBUF (Prop_ibuf_I_O)         1.459     1.459 r  u_clk_wiz_0/inst/clkin1_ibufg/O
                         net (fo=1, routed)           1.162     2.621    u_clk_wiz_0/inst/clk_in1_clk_wiz_0
    MMCME2_ADV_X0Y0      MMCME2_ADV (Prop_mmcme2_adv_CLKIN1_CLKOUT0)
                                                     -7.118    -4.498 r  u_clk_wiz_0/inst/mmcm_adv_inst/CLKOUT0
                         net (fo=1, routed)           1.599    -2.898    u_clk_wiz_0/inst/clk_out1_clk_wiz_0
    BUFGCTRL_X0Y2        BUFG (Prop_bufg_I_O)         0.091    -2.807 r  u_clk_wiz_0/inst/clkout1_buf/O
                         net (fo=43, routed)          1.475    -1.333    u_AD_convert/CLK
    SLICE_X33Y73         FDCE                                         r  u_AD_convert/dout_reg[0]/C
  -------------------------------------------------------------------    -------------------
    SLICE_X33Y73         FDCE (Prop_fdce_C_Q)         0.367    -0.966 r  u_AD_convert/dout_reg[0]/Q
                         net (fo=1, routed)           5.458     4.493    u_eth_udp_loop/u_udp/u_udp_tx/gmii_txd_reg[7]_1[0]
    SLICE_X33Y72         LUT6 (Prop_lut6_I5_O)        0.100     4.593 r  u_eth_udp_loop/u_udp/u_udp_tx/gmii_txd[0]_i_4__1/O
                         net (fo=1, routed)           2.263     6.855    u_eth_udp_loop/u_udp/u_udp_tx/gmii_txd[0]_i_4__1_n_0
    SLICE_X33Y72         LUT6 (Prop_lut6_I5_O)        0.100     6.955 r  u_eth_udp_loop/u_udp/u_udp_tx/gmii_txd[0]_i_1__1/O
                         net (fo=1, routed)           0.000     6.955    u_eth_udp_loop/u_udp/u_udp_tx/gmii_txd[0]_i_1__1_n_0
    SLICE_X33Y72         FDCE                                         r  u_eth_udp_loop/u_udp/u_udp_tx/gmii_txd_reg[0]/D
  -------------------------------------------------------------------    -------------------

                         (clock eth_rxc rise edge)    0.000     0.000 r  
    K17                                               0.000     0.000 r  eth_rxc (IN)
                         net (fo=0)                   0.000     0.000    eth_rxc
    K17                  IBUF (Prop_ibuf_I_O)         1.492     1.492 r  eth_rxc_IBUF_inst/O
                         net (fo=2, routed)           2.076     3.568    u_eth_udp_loop/u_gmii_to_rgmii/u_rgmii_rx/eth_rxc
    BUFGCTRL_X0Y16       BUFG (Prop_bufg_I_O)         0.101     3.669 r  u_eth_udp_loop/u_gmii_to_rgmii/u_rgmii_rx/BUFG_inst/O
                         net (fo=1641, routed)        1.643     5.312    u_eth_udp_loop/u_udp/u_udp_tx/gmii_rx_clk
    SLICE_X33Y72         FDCE                                         r  u_eth_udp_loop/u_udp/u_udp_tx/gmii_txd_reg[0]/C
                         clock pessimism              0.000     5.312    
                         clock uncertainty            0.244     5.556    
    SLICE_X33Y72         FDCE (Hold_fdce_C_D)         0.270     5.826    u_eth_udp_loop/u_udp/u_udp_tx/gmii_txd_reg[0]
  -------------------------------------------------------------------
                         required time                         -5.826    
                         arrival time                           6.955    
  -------------------------------------------------------------------
                         slack                                  1.129    

Slack (MET) :             1.329ns  (arrival time - required time)
  Source:                 u_AD_convert/dout_reg[2]/C
                            (rising edge-triggered cell FDCE clocked by clk_out1_clk_wiz_0  {rise@0.000ns fall@2.500ns period=5.000ns})
  Destination:            u_eth_udp_loop/u_udp/u_udp_tx/gmii_txd_reg[2]/D
                            (rising edge-triggered cell FDCE clocked by eth_rxc  {rise@0.000ns fall@4.000ns period=8.000ns})
  Path Group:             eth_rxc
  Path Type:              Hold (Min at Slow Process Corner)
  Requirement:            0.000ns  (eth_rxc rise@0.000ns - clk_out1_clk_wiz_0 rise@0.000ns)
  Data Path Delay:        8.547ns  (logic 0.567ns (6.634%)  route 7.980ns (93.366%))
  Logic Levels:           2  (LUT5=1 LUT6=1)
  Clock Path Skew:        6.643ns (DCD - SCD - CPR)
    Destination Clock Delay (DCD):    5.312ns
    Source Clock Delay      (SCD):    -1.332ns
    Clock Pessimism Removal (CPR):    -0.000ns
  Clock Uncertainty:      0.244ns  ((TSJ^2 + DJ^2)^1/2) / 2 + PE
    Total System Jitter     (TSJ):    0.071ns
    Discrete Jitter          (DJ):    0.142ns
    Phase Error              (PE):    0.165ns
  Clock Domain Crossing:  Inter clock paths are considered valid unless explicitly excluded by timing constraints such as set_clock_groups or set_false_path.

    Location             Delay type                Incr(ns)  Path(ns)    Netlist Resource(s)
  -------------------------------------------------------------------    -------------------
                         (clock clk_out1_clk_wiz_0 rise edge)
                                                      0.000     0.000 r  
    U18                                               0.000     0.000 r  sys_clk (IN)
                         net (fo=0)                   0.000     0.000    u_clk_wiz_0/inst/clk_in1
    U18                  IBUF (Prop_ibuf_I_O)         1.459     1.459 r  u_clk_wiz_0/inst/clkin1_ibufg/O
                         net (fo=1, routed)           1.162     2.621    u_clk_wiz_0/inst/clk_in1_clk_wiz_0
    MMCME2_ADV_X0Y0      MMCME2_ADV (Prop_mmcme2_adv_CLKIN1_CLKOUT0)
                                                     -7.118    -4.498 r  u_clk_wiz_0/inst/mmcm_adv_inst/CLKOUT0
                         net (fo=1, routed)           1.599    -2.898    u_clk_wiz_0/inst/clk_out1_clk_wiz_0
    BUFGCTRL_X0Y2        BUFG (Prop_bufg_I_O)         0.091    -2.807 r  u_clk_wiz_0/inst/clkout1_buf/O
                         net (fo=43, routed)          1.476    -1.332    u_AD_convert/CLK
    SLICE_X35Y72         FDCE                                         r  u_AD_convert/dout_reg[2]/C
  -------------------------------------------------------------------    -------------------
    SLICE_X35Y72         FDCE (Prop_fdce_C_Q)         0.367    -0.965 r  u_AD_convert/dout_reg[2]/Q
                         net (fo=1, routed)           5.876     4.912    u_eth_udp_loop/u_udp/u_udp_tx/gmii_txd_reg[7]_1[2]
    SLICE_X34Y72         LUT6 (Prop_lut6_I4_O)        0.100     5.012 r  u_eth_udp_loop/u_udp/u_udp_tx/gmii_txd[2]_i_2__1/O
                         net (fo=1, routed)           2.104     7.115    u_eth_udp_loop/u_udp/u_udp_tx/gmii_txd[2]_i_2__1_n_0
    SLICE_X34Y72         LUT5 (Prop_lut5_I0_O)        0.100     7.215 r  u_eth_udp_loop/u_udp/u_udp_tx/gmii_txd[2]_i_1__1/O
                         net (fo=1, routed)           0.000     7.215    u_eth_udp_loop/u_udp/u_udp_tx/gmii_txd[2]_i_1__1_n_0
    SLICE_X34Y72         FDCE                                         r  u_eth_udp_loop/u_udp/u_udp_tx/gmii_txd_reg[2]/D
  -------------------------------------------------------------------    -------------------

                         (clock eth_rxc rise edge)    0.000     0.000 r  
    K17                                               0.000     0.000 r  eth_rxc (IN)
                         net (fo=0)                   0.000     0.000    eth_rxc
    K17                  IBUF (Prop_ibuf_I_O)         1.492     1.492 r  eth_rxc_IBUF_inst/O
                         net (fo=2, routed)           2.076     3.568    u_eth_udp_loop/u_gmii_to_rgmii/u_rgmii_rx/eth_rxc
    BUFGCTRL_X0Y16       BUFG (Prop_bufg_I_O)         0.101     3.669 r  u_eth_udp_loop/u_gmii_to_rgmii/u_rgmii_rx/BUFG_inst/O
                         net (fo=1641, routed)        1.643     5.312    u_eth_udp_loop/u_udp/u_udp_tx/gmii_rx_clk
    SLICE_X34Y72         FDCE                                         r  u_eth_udp_loop/u_udp/u_udp_tx/gmii_txd_reg[2]/C
                         clock pessimism              0.000     5.312    
                         clock uncertainty            0.244     5.556    
    SLICE_X34Y72         FDCE (Hold_fdce_C_D)         0.330     5.886    u_eth_udp_loop/u_udp/u_udp_tx/gmii_txd_reg[2]
  -------------------------------------------------------------------
                         required time                         -5.886    
                         arrival time                           7.215    
  -------------------------------------------------------------------
                         slack                                  1.329    

Slack (MET) :             1.548ns  (arrival time - required time)
  Source:                 u_AD_convert/dout_reg[3]/C
                            (rising edge-triggered cell FDCE clocked by clk_out1_clk_wiz_0  {rise@0.000ns fall@2.500ns period=5.000ns})
  Destination:            u_eth_udp_loop/u_udp/u_udp_tx/gmii_txd_reg[3]/D
                            (rising edge-triggered cell FDCE clocked by eth_rxc  {rise@0.000ns fall@4.000ns period=8.000ns})
  Path Group:             eth_rxc
  Path Type:              Hold (Min at Slow Process Corner)
  Requirement:            0.000ns  (eth_rxc rise@0.000ns - clk_out1_clk_wiz_0 rise@0.000ns)
  Data Path Delay:        8.704ns  (logic 0.678ns (7.790%)  route 8.026ns (92.210%))
  Logic Levels:           2  (LUT6=2)
  Clock Path Skew:        6.642ns (DCD - SCD - CPR)
    Destination Clock Delay (DCD):    5.311ns
    Source Clock Delay      (SCD):    -1.332ns
    Clock Pessimism Removal (CPR):    -0.000ns
  Clock Uncertainty:      0.244ns  ((TSJ^2 + DJ^2)^1/2) / 2 + PE
    Total System Jitter     (TSJ):    0.071ns
    Discrete Jitter          (DJ):    0.142ns
    Phase Error              (PE):    0.165ns
  Clock Domain Crossing:  Inter clock paths are considered valid unless explicitly excluded by timing constraints such as set_clock_groups or set_false_path.

    Location             Delay type                Incr(ns)  Path(ns)    Netlist Resource(s)
  -------------------------------------------------------------------    -------------------
                         (clock clk_out1_clk_wiz_0 rise edge)
                                                      0.000     0.000 r  
    U18                                               0.000     0.000 r  sys_clk (IN)
                         net (fo=0)                   0.000     0.000    u_clk_wiz_0/inst/clk_in1
    U18                  IBUF (Prop_ibuf_I_O)         1.459     1.459 r  u_clk_wiz_0/inst/clkin1_ibufg/O
                         net (fo=1, routed)           1.162     2.621    u_clk_wiz_0/inst/clk_in1_clk_wiz_0
    MMCME2_ADV_X0Y0      MMCME2_ADV (Prop_mmcme2_adv_CLKIN1_CLKOUT0)
                                                     -7.118    -4.498 r  u_clk_wiz_0/inst/mmcm_adv_inst/CLKOUT0
                         net (fo=1, routed)           1.599    -2.898    u_clk_wiz_0/inst/clk_out1_clk_wiz_0
    BUFGCTRL_X0Y2        BUFG (Prop_bufg_I_O)         0.091    -2.807 r  u_clk_wiz_0/inst/clkout1_buf/O
                         net (fo=43, routed)          1.476    -1.332    u_AD_convert/CLK
    SLICE_X35Y72         FDCE                                         r  u_AD_convert/dout_reg[3]/C
  -------------------------------------------------------------------    -------------------
    SLICE_X35Y72         FDCE (Prop_fdce_C_Q)         0.337    -0.995 r  u_AD_convert/dout_reg[3]/Q
                         net (fo=1, routed)           5.594     4.599    u_eth_udp_loop/u_udp/u_udp_tx/gmii_txd_reg[7]_1[3]
    SLICE_X35Y73         LUT6 (Prop_lut6_I4_O)        0.241     4.840 r  u_eth_udp_loop/u_udp/u_udp_tx/gmii_txd[3]_i_2__1/O
                         net (fo=1, routed)           2.432     7.272    u_eth_udp_loop/u_udp/u_udp_tx/gmii_txd[3]_i_2__1_n_0
    SLICE_X35Y73         LUT6 (Prop_lut6_I0_O)        0.100     7.372 r  u_eth_udp_loop/u_udp/u_udp_tx/gmii_txd[3]_i_1__1/O
                         net (fo=1, routed)           0.000     7.372    u_eth_udp_loop/u_udp/u_udp_tx/gmii_txd[3]_i_1__1_n_0
    SLICE_X35Y73         FDCE                                         r  u_eth_udp_loop/u_udp/u_udp_tx/gmii_txd_reg[3]/D
  -------------------------------------------------------------------    -------------------

                         (clock eth_rxc rise edge)    0.000     0.000 r  
    K17                                               0.000     0.000 r  eth_rxc (IN)
                         net (fo=0)                   0.000     0.000    eth_rxc
    K17                  IBUF (Prop_ibuf_I_O)         1.492     1.492 r  eth_rxc_IBUF_inst/O
                         net (fo=2, routed)           2.076     3.568    u_eth_udp_loop/u_gmii_to_rgmii/u_rgmii_rx/eth_rxc
    BUFGCTRL_X0Y16       BUFG (Prop_bufg_I_O)         0.101     3.669 r  u_eth_udp_loop/u_gmii_to_rgmii/u_rgmii_rx/BUFG_inst/O
                         net (fo=1641, routed)        1.642     5.311    u_eth_udp_loop/u_udp/u_udp_tx/gmii_rx_clk
    SLICE_X35Y73         FDCE                                         r  u_eth_udp_loop/u_udp/u_udp_tx/gmii_txd_reg[3]/C
                         clock pessimism              0.000     5.311    
                         clock uncertainty            0.244     5.555    
    SLICE_X35Y73         FDCE (Hold_fdce_C_D)         0.269     5.824    u_eth_udp_loop/u_udp/u_udp_tx/gmii_txd_reg[3]
  -------------------------------------------------------------------
                         required time                         -5.824    
                         arrival time                           7.372    
  -------------------------------------------------------------------
                         slack                                  1.548    

Slack (MET) :             1.674ns  (arrival time - required time)
  Source:                 u_AD_convert/dout_reg[6]/C
                            (rising edge-triggered cell FDCE clocked by clk_out1_clk_wiz_0  {rise@0.000ns fall@2.500ns period=5.000ns})
  Destination:            u_eth_udp_loop/u_udp/u_udp_tx/gmii_txd_reg[6]/D
                            (rising edge-triggered cell FDCE clocked by eth_rxc  {rise@0.000ns fall@4.000ns period=8.000ns})
  Path Group:             eth_rxc
  Path Type:              Hold (Min at Slow Process Corner)
  Requirement:            0.000ns  (eth_rxc rise@0.000ns - clk_out1_clk_wiz_0 rise@0.000ns)
  Data Path Delay:        8.895ns  (logic 0.567ns (6.374%)  route 8.328ns (93.626%))
  Logic Levels:           2  (LUT4=1 LUT6=1)
  Clock Path Skew:        6.643ns (DCD - SCD - CPR)
    Destination Clock Delay (DCD):    5.312ns
    Source Clock Delay      (SCD):    -1.332ns
    Clock Pessimism Removal (CPR):    -0.000ns
  Clock Uncertainty:      0.244ns  ((TSJ^2 + DJ^2)^1/2) / 2 + PE
    Total System Jitter     (TSJ):    0.071ns
    Discrete Jitter          (DJ):    0.142ns
    Phase Error              (PE):    0.165ns
  Clock Domain Crossing:  Inter clock paths are considered valid unless explicitly excluded by timing constraints such as set_clock_groups or set_false_path.

    Location             Delay type                Incr(ns)  Path(ns)    Netlist Resource(s)
  -------------------------------------------------------------------    -------------------
                         (clock clk_out1_clk_wiz_0 rise edge)
                                                      0.000     0.000 r  
    U18                                               0.000     0.000 r  sys_clk (IN)
                         net (fo=0)                   0.000     0.000    u_clk_wiz_0/inst/clk_in1
    U18                  IBUF (Prop_ibuf_I_O)         1.459     1.459 r  u_clk_wiz_0/inst/clkin1_ibufg/O
                         net (fo=1, routed)           1.162     2.621    u_clk_wiz_0/inst/clk_in1_clk_wiz_0
    MMCME2_ADV_X0Y0      MMCME2_ADV (Prop_mmcme2_adv_CLKIN1_CLKOUT0)
                                                     -7.118    -4.498 r  u_clk_wiz_0/inst/mmcm_adv_inst/CLKOUT0
                         net (fo=1, routed)           1.599    -2.898    u_clk_wiz_0/inst/clk_out1_clk_wiz_0
    BUFGCTRL_X0Y2        BUFG (Prop_bufg_I_O)         0.091    -2.807 r  u_clk_wiz_0/inst/clkout1_buf/O
                         net (fo=43, routed)          1.476    -1.332    u_AD_convert/CLK
    SLICE_X35Y72         FDCE                                         r  u_AD_convert/dout_reg[6]/C
  -------------------------------------------------------------------    -------------------
    SLICE_X35Y72         FDCE (Prop_fdce_C_Q)         0.367    -0.965 r  u_AD_convert/dout_reg[6]/Q
                         net (fo=1, routed)           5.763     4.798    u_eth_udp_loop/u_udp/u_udp_tx/gmii_txd_reg[7]_1[6]
    SLICE_X34Y72         LUT6 (Prop_lut6_I4_O)        0.100     4.898 r  u_eth_udp_loop/u_udp/u_udp_tx/gmii_txd[6]_i_2__1/O
                         net (fo=1, routed)           2.566     7.464    u_eth_udp_loop/u_udp/u_udp_tx/gmii_txd[6]_i_2__1_n_0
    SLICE_X34Y72         LUT4 (Prop_lut4_I0_O)        0.100     7.564 r  u_eth_udp_loop/u_udp/u_udp_tx/gmii_txd[6]_i_1__1/O
                         net (fo=1, routed)           0.000     7.564    u_eth_udp_loop/u_udp/u_udp_tx/gmii_txd[6]_i_1__1_n_0
    SLICE_X34Y72         FDCE                                         r  u_eth_udp_loop/u_udp/u_udp_tx/gmii_txd_reg[6]/D
  -------------------------------------------------------------------    -------------------

                         (clock eth_rxc rise edge)    0.000     0.000 r  
    K17                                               0.000     0.000 r  eth_rxc (IN)
                         net (fo=0)                   0.000     0.000    eth_rxc
    K17                  IBUF (Prop_ibuf_I_O)         1.492     1.492 r  eth_rxc_IBUF_inst/O
                         net (fo=2, routed)           2.076     3.568    u_eth_udp_loop/u_gmii_to_rgmii/u_rgmii_rx/eth_rxc
    BUFGCTRL_X0Y16       BUFG (Prop_bufg_I_O)         0.101     3.669 r  u_eth_udp_loop/u_gmii_to_rgmii/u_rgmii_rx/BUFG_inst/O
                         net (fo=1641, routed)        1.643     5.312    u_eth_udp_loop/u_udp/u_udp_tx/gmii_rx_clk
    SLICE_X34Y72         FDCE                                         r  u_eth_udp_loop/u_udp/u_udp_tx/gmii_txd_reg[6]/C
                         clock pessimism              0.000     5.312    
                         clock uncertainty            0.244     5.556    
    SLICE_X34Y72         FDCE (Hold_fdce_C_D)         0.333     5.889    u_eth_udp_loop/u_udp/u_udp_tx/gmii_txd_reg[6]
  -------------------------------------------------------------------
                         required time                         -5.889    
                         arrival time                           7.564    
  -------------------------------------------------------------------
                         slack                                  1.674    





---------------------------------------------------------------------------------------------------
Path Group:  **async_default**
From Clock:  eth_rxc
  To Clock:  eth_rxc

Setup :            0  Failing Endpoints,  Worst Slack        4.856ns,  Total Violation        0.000ns
Hold  :            0  Failing Endpoints,  Worst Slack        0.390ns,  Total Violation        0.000ns
---------------------------------------------------------------------------------------------------


Max Delay Paths
--------------------------------------------------------------------------------------
Slack (MET) :             4.856ns  (required time - arrival time)
  Source:                 u_eth_udp_loop/u_async_fifo_2048x8b/U0/inst_fifo_gen/gconvfifo.rf/grf.rf/rstblk/ngwrdrst.grst.g7serrst.gnsckt_wrst.gic_rst.sckt_rd_rst_ic_reg/C
                            (rising edge-triggered cell FDPE clocked by eth_rxc  {rise@0.000ns fall@4.000ns period=8.000ns})
  Destination:            u_eth_udp_loop/u_async_fifo_2048x8b/U0/inst_fifo_gen/gconvfifo.rf/grf.rf/gntv_or_sync_fifo.gl0.rd/gras.rsts/ram_empty_fb_i_reg/PRE
                            (recovery check against rising-edge clock eth_rxc  {rise@0.000ns fall@4.000ns period=8.000ns})
  Path Group:             **async_default**
  Path Type:              Recovery (Max at Slow Process Corner)
  Requirement:            8.000ns  (eth_rxc rise@8.000ns - eth_rxc rise@0.000ns)
  Data Path Delay:        2.589ns  (logic 0.518ns (20.009%)  route 2.071ns (79.991%))
  Logic Levels:           0  
  Clock Path Skew:        -0.161ns (DCD - SCD + CPR)
    Destination Clock Delay (DCD):    4.878ns = ( 12.878 - 8.000 ) 
    Source Clock Delay      (SCD):    5.330ns
    Clock Pessimism Removal (CPR):    0.291ns
  Clock Uncertainty:      0.035ns  ((TSJ^2 + TIJ^2)^1/2 + DJ) / 2 + PE
    Total System Jitter     (TSJ):    0.071ns
    Total Input Jitter      (TIJ):    0.000ns
    Discrete Jitter          (DJ):    0.000ns
    Phase Error              (PE):    0.000ns

    Location             Delay type                Incr(ns)  Path(ns)    Netlist Resource(s)
  -------------------------------------------------------------------    -------------------
                         (clock eth_rxc rise edge)    0.000     0.000 r  
    K17                                               0.000     0.000 r  eth_rxc (IN)
                         net (fo=0)                   0.000     0.000    eth_rxc
    K17                  IBUF (Prop_ibuf_I_O)         1.492     1.492 r  eth_rxc_IBUF_inst/O
                         net (fo=2, routed)           2.076     3.568    u_eth_udp_loop/u_gmii_to_rgmii/u_rgmii_rx/eth_rxc
    BUFGCTRL_X0Y16       BUFG (Prop_bufg_I_O)         0.101     3.669 r  u_eth_udp_loop/u_gmii_to_rgmii/u_rgmii_rx/BUFG_inst/O
                         net (fo=1641, routed)        1.661     5.330    u_eth_udp_loop/u_async_fifo_2048x8b/U0/inst_fifo_gen/gconvfifo.rf/grf.rf/rstblk/rd_clk
    SLICE_X16Y51         FDPE                                         r  u_eth_udp_loop/u_async_fifo_2048x8b/U0/inst_fifo_gen/gconvfifo.rf/grf.rf/rstblk/ngwrdrst.grst.g7serrst.gnsckt_wrst.gic_rst.sckt_rd_rst_ic_reg/C
  -------------------------------------------------------------------    -------------------
    SLICE_X16Y51         FDPE (Prop_fdpe_C_Q)         0.518     5.848 f  u_eth_udp_loop/u_async_fifo_2048x8b/U0/inst_fifo_gen/gconvfifo.rf/grf.rf/rstblk/ngwrdrst.grst.g7serrst.gnsckt_wrst.gic_rst.sckt_rd_rst_ic_reg/Q
                         net (fo=28, routed)          2.071     7.919    u_eth_udp_loop/u_async_fifo_2048x8b/U0/inst_fifo_gen/gconvfifo.rf/grf.rf/gntv_or_sync_fifo.gl0.rd/gras.rsts/AR[0]
    SLICE_X26Y55         FDPE                                         f  u_eth_udp_loop/u_async_fifo_2048x8b/U0/inst_fifo_gen/gconvfifo.rf/grf.rf/gntv_or_sync_fifo.gl0.rd/gras.rsts/ram_empty_fb_i_reg/PRE
  -------------------------------------------------------------------    -------------------

                         (clock eth_rxc rise edge)    8.000     8.000 r  
    K17                                               0.000     8.000 r  eth_rxc (IN)
                         net (fo=0)                   0.000     8.000    eth_rxc
    K17                  IBUF (Prop_ibuf_I_O)         1.421     9.421 r  eth_rxc_IBUF_inst/O
                         net (fo=2, routed)           1.880    11.301    u_eth_udp_loop/u_gmii_to_rgmii/u_rgmii_rx/eth_rxc
    BUFGCTRL_X0Y16       BUFG (Prop_bufg_I_O)         0.091    11.392 r  u_eth_udp_loop/u_gmii_to_rgmii/u_rgmii_rx/BUFG_inst/O
                         net (fo=1641, routed)        1.486    12.878    u_eth_udp_loop/u_async_fifo_2048x8b/U0/inst_fifo_gen/gconvfifo.rf/grf.rf/gntv_or_sync_fifo.gl0.rd/gras.rsts/rd_clk
    SLICE_X26Y55         FDPE                                         r  u_eth_udp_loop/u_async_fifo_2048x8b/U0/inst_fifo_gen/gconvfifo.rf/grf.rf/gntv_or_sync_fifo.gl0.rd/gras.rsts/ram_empty_fb_i_reg/C
                         clock pessimism              0.291    13.168    
                         clock uncertainty           -0.035    13.133    
    SLICE_X26Y55         FDPE (Recov_fdpe_C_PRE)     -0.359    12.774    u_eth_udp_loop/u_async_fifo_2048x8b/U0/inst_fifo_gen/gconvfifo.rf/grf.rf/gntv_or_sync_fifo.gl0.rd/gras.rsts/ram_empty_fb_i_reg
  -------------------------------------------------------------------
                         required time                         12.774    
                         arrival time                          -7.919    
  -------------------------------------------------------------------
                         slack                                  4.856    

Slack (MET) :             4.856ns  (required time - arrival time)
  Source:                 u_eth_udp_loop/u_async_fifo_2048x8b/U0/inst_fifo_gen/gconvfifo.rf/grf.rf/rstblk/ngwrdrst.grst.g7serrst.gnsckt_wrst.gic_rst.sckt_rd_rst_ic_reg/C
                            (rising edge-triggered cell FDPE clocked by eth_rxc  {rise@0.000ns fall@4.000ns period=8.000ns})
  Destination:            u_eth_udp_loop/u_async_fifo_2048x8b/U0/inst_fifo_gen/gconvfifo.rf/grf.rf/gntv_or_sync_fifo.gl0.rd/gras.rsts/ram_empty_i_reg/PRE
                            (recovery check against rising-edge clock eth_rxc  {rise@0.000ns fall@4.000ns period=8.000ns})
  Path Group:             **async_default**
  Path Type:              Recovery (Max at Slow Process Corner)
  Requirement:            8.000ns  (eth_rxc rise@8.000ns - eth_rxc rise@0.000ns)
  Data Path Delay:        2.589ns  (logic 0.518ns (20.009%)  route 2.071ns (79.991%))
  Logic Levels:           0  
  Clock Path Skew:        -0.161ns (DCD - SCD + CPR)
    Destination Clock Delay (DCD):    4.878ns = ( 12.878 - 8.000 ) 
    Source Clock Delay      (SCD):    5.330ns
    Clock Pessimism Removal (CPR):    0.291ns
  Clock Uncertainty:      0.035ns  ((TSJ^2 + TIJ^2)^1/2 + DJ) / 2 + PE
    Total System Jitter     (TSJ):    0.071ns
    Total Input Jitter      (TIJ):    0.000ns
    Discrete Jitter          (DJ):    0.000ns
    Phase Error              (PE):    0.000ns

    Location             Delay type                Incr(ns)  Path(ns)    Netlist Resource(s)
  -------------------------------------------------------------------    -------------------
                         (clock eth_rxc rise edge)    0.000     0.000 r  
    K17                                               0.000     0.000 r  eth_rxc (IN)
                         net (fo=0)                   0.000     0.000    eth_rxc
    K17                  IBUF (Prop_ibuf_I_O)         1.492     1.492 r  eth_rxc_IBUF_inst/O
                         net (fo=2, routed)           2.076     3.568    u_eth_udp_loop/u_gmii_to_rgmii/u_rgmii_rx/eth_rxc
    BUFGCTRL_X0Y16       BUFG (Prop_bufg_I_O)         0.101     3.669 r  u_eth_udp_loop/u_gmii_to_rgmii/u_rgmii_rx/BUFG_inst/O
                         net (fo=1641, routed)        1.661     5.330    u_eth_udp_loop/u_async_fifo_2048x8b/U0/inst_fifo_gen/gconvfifo.rf/grf.rf/rstblk/rd_clk
    SLICE_X16Y51         FDPE                                         r  u_eth_udp_loop/u_async_fifo_2048x8b/U0/inst_fifo_gen/gconvfifo.rf/grf.rf/rstblk/ngwrdrst.grst.g7serrst.gnsckt_wrst.gic_rst.sckt_rd_rst_ic_reg/C
  -------------------------------------------------------------------    -------------------
    SLICE_X16Y51         FDPE (Prop_fdpe_C_Q)         0.518     5.848 f  u_eth_udp_loop/u_async_fifo_2048x8b/U0/inst_fifo_gen/gconvfifo.rf/grf.rf/rstblk/ngwrdrst.grst.g7serrst.gnsckt_wrst.gic_rst.sckt_rd_rst_ic_reg/Q
                         net (fo=28, routed)          2.071     7.919    u_eth_udp_loop/u_async_fifo_2048x8b/U0/inst_fifo_gen/gconvfifo.rf/grf.rf/gntv_or_sync_fifo.gl0.rd/gras.rsts/AR[0]
    SLICE_X26Y55         FDPE                                         f  u_eth_udp_loop/u_async_fifo_2048x8b/U0/inst_fifo_gen/gconvfifo.rf/grf.rf/gntv_or_sync_fifo.gl0.rd/gras.rsts/ram_empty_i_reg/PRE
  -------------------------------------------------------------------    -------------------

                         (clock eth_rxc rise edge)    8.000     8.000 r  
    K17                                               0.000     8.000 r  eth_rxc (IN)
                         net (fo=0)                   0.000     8.000    eth_rxc
    K17                  IBUF (Prop_ibuf_I_O)         1.421     9.421 r  eth_rxc_IBUF_inst/O
                         net (fo=2, routed)           1.880    11.301    u_eth_udp_loop/u_gmii_to_rgmii/u_rgmii_rx/eth_rxc
    BUFGCTRL_X0Y16       BUFG (Prop_bufg_I_O)         0.091    11.392 r  u_eth_udp_loop/u_gmii_to_rgmii/u_rgmii_rx/BUFG_inst/O
                         net (fo=1641, routed)        1.486    12.878    u_eth_udp_loop/u_async_fifo_2048x8b/U0/inst_fifo_gen/gconvfifo.rf/grf.rf/gntv_or_sync_fifo.gl0.rd/gras.rsts/rd_clk
    SLICE_X26Y55         FDPE                                         r  u_eth_udp_loop/u_async_fifo_2048x8b/U0/inst_fifo_gen/gconvfifo.rf/grf.rf/gntv_or_sync_fifo.gl0.rd/gras.rsts/ram_empty_i_reg/C
                         clock pessimism              0.291    13.168    
                         clock uncertainty           -0.035    13.133    
    SLICE_X26Y55         FDPE (Recov_fdpe_C_PRE)     -0.359    12.774    u_eth_udp_loop/u_async_fifo_2048x8b/U0/inst_fifo_gen/gconvfifo.rf/grf.rf/gntv_or_sync_fifo.gl0.rd/gras.rsts/ram_empty_i_reg
  -------------------------------------------------------------------
                         required time                         12.774    
                         arrival time                          -7.919    
  -------------------------------------------------------------------
                         slack                                  4.856    

Slack (MET) :             5.300ns  (required time - arrival time)
  Source:                 u_eth_udp_loop/u_async_fifo_2048x8b/U0/inst_fifo_gen/gconvfifo.rf/grf.rf/rstblk/ngwrdrst.grst.g7serrst.gnsckt_wrst.gic_rst.sckt_rd_rst_ic_reg/C
                            (rising edge-triggered cell FDPE clocked by eth_rxc  {rise@0.000ns fall@4.000ns period=8.000ns})
  Destination:            u_eth_udp_loop/u_async_fifo_2048x8b/U0/inst_fifo_gen/gconvfifo.rf/grf.rf/gntv_or_sync_fifo.gl0.rd/rpntr/gc0.count_reg[1]/CLR
                            (recovery check against rising-edge clock eth_rxc  {rise@0.000ns fall@4.000ns period=8.000ns})
  Path Group:             **async_default**
  Path Type:              Recovery (Max at Slow Process Corner)
  Requirement:            8.000ns  (eth_rxc rise@8.000ns - eth_rxc rise@0.000ns)
  Data Path Delay:        2.099ns  (logic 0.518ns (24.680%)  route 1.581ns (75.320%))
  Logic Levels:           0  
  Clock Path Skew:        -0.160ns (DCD - SCD + CPR)
    Destination Clock Delay (DCD):    4.879ns = ( 12.879 - 8.000 ) 
    Source Clock Delay      (SCD):    5.330ns
    Clock Pessimism Removal (CPR):    0.291ns
  Clock Uncertainty:      0.035ns  ((TSJ^2 + TIJ^2)^1/2 + DJ) / 2 + PE
    Total System Jitter     (TSJ):    0.071ns
    Total Input Jitter      (TIJ):    0.000ns
    Discrete Jitter          (DJ):    0.000ns
    Phase Error              (PE):    0.000ns

    Location             Delay type                Incr(ns)  Path(ns)    Netlist Resource(s)
  -------------------------------------------------------------------    -------------------
                         (clock eth_rxc rise edge)    0.000     0.000 r  
    K17                                               0.000     0.000 r  eth_rxc (IN)
                         net (fo=0)                   0.000     0.000    eth_rxc
    K17                  IBUF (Prop_ibuf_I_O)         1.492     1.492 r  eth_rxc_IBUF_inst/O
                         net (fo=2, routed)           2.076     3.568    u_eth_udp_loop/u_gmii_to_rgmii/u_rgmii_rx/eth_rxc
    BUFGCTRL_X0Y16       BUFG (Prop_bufg_I_O)         0.101     3.669 r  u_eth_udp_loop/u_gmii_to_rgmii/u_rgmii_rx/BUFG_inst/O
                         net (fo=1641, routed)        1.661     5.330    u_eth_udp_loop/u_async_fifo_2048x8b/U0/inst_fifo_gen/gconvfifo.rf/grf.rf/rstblk/rd_clk
    SLICE_X16Y51         FDPE                                         r  u_eth_udp_loop/u_async_fifo_2048x8b/U0/inst_fifo_gen/gconvfifo.rf/grf.rf/rstblk/ngwrdrst.grst.g7serrst.gnsckt_wrst.gic_rst.sckt_rd_rst_ic_reg/C
  -------------------------------------------------------------------    -------------------
    SLICE_X16Y51         FDPE (Prop_fdpe_C_Q)         0.518     5.848 f  u_eth_udp_loop/u_async_fifo_2048x8b/U0/inst_fifo_gen/gconvfifo.rf/grf.rf/rstblk/ngwrdrst.grst.g7serrst.gnsckt_wrst.gic_rst.sckt_rd_rst_ic_reg/Q
                         net (fo=28, routed)          1.581     7.429    u_eth_udp_loop/u_async_fifo_2048x8b/U0/inst_fifo_gen/gconvfifo.rf/grf.rf/gntv_or_sync_fifo.gl0.rd/rpntr/AR[0]
    SLICE_X26Y51         FDCE                                         f  u_eth_udp_loop/u_async_fifo_2048x8b/U0/inst_fifo_gen/gconvfifo.rf/grf.rf/gntv_or_sync_fifo.gl0.rd/rpntr/gc0.count_reg[1]/CLR
  -------------------------------------------------------------------    -------------------

                         (clock eth_rxc rise edge)    8.000     8.000 r  
    K17                                               0.000     8.000 r  eth_rxc (IN)
                         net (fo=0)                   0.000     8.000    eth_rxc
    K17                  IBUF (Prop_ibuf_I_O)         1.421     9.421 r  eth_rxc_IBUF_inst/O
                         net (fo=2, routed)           1.880    11.301    u_eth_udp_loop/u_gmii_to_rgmii/u_rgmii_rx/eth_rxc
    BUFGCTRL_X0Y16       BUFG (Prop_bufg_I_O)         0.091    11.392 r  u_eth_udp_loop/u_gmii_to_rgmii/u_rgmii_rx/BUFG_inst/O
                         net (fo=1641, routed)        1.487    12.879    u_eth_udp_loop/u_async_fifo_2048x8b/U0/inst_fifo_gen/gconvfifo.rf/grf.rf/gntv_or_sync_fifo.gl0.rd/rpntr/rd_clk
    SLICE_X26Y51         FDCE                                         r  u_eth_udp_loop/u_async_fifo_2048x8b/U0/inst_fifo_gen/gconvfifo.rf/grf.rf/gntv_or_sync_fifo.gl0.rd/rpntr/gc0.count_reg[1]/C
                         clock pessimism              0.291    13.169    
                         clock uncertainty           -0.035    13.134    
    SLICE_X26Y51         FDCE (Recov_fdce_C_CLR)     -0.405    12.729    u_eth_udp_loop/u_async_fifo_2048x8b/U0/inst_fifo_gen/gconvfifo.rf/grf.rf/gntv_or_sync_fifo.gl0.rd/rpntr/gc0.count_reg[1]
  -------------------------------------------------------------------
                         required time                         12.729    
                         arrival time                          -7.429    
  -------------------------------------------------------------------
                         slack                                  5.300    

Slack (MET) :             5.300ns  (required time - arrival time)
  Source:                 u_eth_udp_loop/u_async_fifo_2048x8b/U0/inst_fifo_gen/gconvfifo.rf/grf.rf/rstblk/ngwrdrst.grst.g7serrst.gnsckt_wrst.gic_rst.sckt_rd_rst_ic_reg/C
                            (rising edge-triggered cell FDPE clocked by eth_rxc  {rise@0.000ns fall@4.000ns period=8.000ns})
  Destination:            u_eth_udp_loop/u_async_fifo_2048x8b/U0/inst_fifo_gen/gconvfifo.rf/grf.rf/gntv_or_sync_fifo.gl0.rd/rpntr/gc0.count_reg[2]/CLR
                            (recovery check against rising-edge clock eth_rxc  {rise@0.000ns fall@4.000ns period=8.000ns})
  Path Group:             **async_default**
  Path Type:              Recovery (Max at Slow Process Corner)
  Requirement:            8.000ns  (eth_rxc rise@8.000ns - eth_rxc rise@0.000ns)
  Data Path Delay:        2.099ns  (logic 0.518ns (24.680%)  route 1.581ns (75.320%))
  Logic Levels:           0  
  Clock Path Skew:        -0.160ns (DCD - SCD + CPR)
    Destination Clock Delay (DCD):    4.879ns = ( 12.879 - 8.000 ) 
    Source Clock Delay      (SCD):    5.330ns
    Clock Pessimism Removal (CPR):    0.291ns
  Clock Uncertainty:      0.035ns  ((TSJ^2 + TIJ^2)^1/2 + DJ) / 2 + PE
    Total System Jitter     (TSJ):    0.071ns
    Total Input Jitter      (TIJ):    0.000ns
    Discrete Jitter          (DJ):    0.000ns
    Phase Error              (PE):    0.000ns

    Location             Delay type                Incr(ns)  Path(ns)    Netlist Resource(s)
  -------------------------------------------------------------------    -------------------
                         (clock eth_rxc rise edge)    0.000     0.000 r  
    K17                                               0.000     0.000 r  eth_rxc (IN)
                         net (fo=0)                   0.000     0.000    eth_rxc
    K17                  IBUF (Prop_ibuf_I_O)         1.492     1.492 r  eth_rxc_IBUF_inst/O
                         net (fo=2, routed)           2.076     3.568    u_eth_udp_loop/u_gmii_to_rgmii/u_rgmii_rx/eth_rxc
    BUFGCTRL_X0Y16       BUFG (Prop_bufg_I_O)         0.101     3.669 r  u_eth_udp_loop/u_gmii_to_rgmii/u_rgmii_rx/BUFG_inst/O
                         net (fo=1641, routed)        1.661     5.330    u_eth_udp_loop/u_async_fifo_2048x8b/U0/inst_fifo_gen/gconvfifo.rf/grf.rf/rstblk/rd_clk
    SLICE_X16Y51         FDPE                                         r  u_eth_udp_loop/u_async_fifo_2048x8b/U0/inst_fifo_gen/gconvfifo.rf/grf.rf/rstblk/ngwrdrst.grst.g7serrst.gnsckt_wrst.gic_rst.sckt_rd_rst_ic_reg/C
  -------------------------------------------------------------------    -------------------
    SLICE_X16Y51         FDPE (Prop_fdpe_C_Q)         0.518     5.848 f  u_eth_udp_loop/u_async_fifo_2048x8b/U0/inst_fifo_gen/gconvfifo.rf/grf.rf/rstblk/ngwrdrst.grst.g7serrst.gnsckt_wrst.gic_rst.sckt_rd_rst_ic_reg/Q
                         net (fo=28, routed)          1.581     7.429    u_eth_udp_loop/u_async_fifo_2048x8b/U0/inst_fifo_gen/gconvfifo.rf/grf.rf/gntv_or_sync_fifo.gl0.rd/rpntr/AR[0]
    SLICE_X26Y51         FDCE                                         f  u_eth_udp_loop/u_async_fifo_2048x8b/U0/inst_fifo_gen/gconvfifo.rf/grf.rf/gntv_or_sync_fifo.gl0.rd/rpntr/gc0.count_reg[2]/CLR
  -------------------------------------------------------------------    -------------------

                         (clock eth_rxc rise edge)    8.000     8.000 r  
    K17                                               0.000     8.000 r  eth_rxc (IN)
                         net (fo=0)                   0.000     8.000    eth_rxc
    K17                  IBUF (Prop_ibuf_I_O)         1.421     9.421 r  eth_rxc_IBUF_inst/O
                         net (fo=2, routed)           1.880    11.301    u_eth_udp_loop/u_gmii_to_rgmii/u_rgmii_rx/eth_rxc
    BUFGCTRL_X0Y16       BUFG (Prop_bufg_I_O)         0.091    11.392 r  u_eth_udp_loop/u_gmii_to_rgmii/u_rgmii_rx/BUFG_inst/O
                         net (fo=1641, routed)        1.487    12.879    u_eth_udp_loop/u_async_fifo_2048x8b/U0/inst_fifo_gen/gconvfifo.rf/grf.rf/gntv_or_sync_fifo.gl0.rd/rpntr/rd_clk
    SLICE_X26Y51         FDCE                                         r  u_eth_udp_loop/u_async_fifo_2048x8b/U0/inst_fifo_gen/gconvfifo.rf/grf.rf/gntv_or_sync_fifo.gl0.rd/rpntr/gc0.count_reg[2]/C
                         clock pessimism              0.291    13.169    
                         clock uncertainty           -0.035    13.134    
    SLICE_X26Y51         FDCE (Recov_fdce_C_CLR)     -0.405    12.729    u_eth_udp_loop/u_async_fifo_2048x8b/U0/inst_fifo_gen/gconvfifo.rf/grf.rf/gntv_or_sync_fifo.gl0.rd/rpntr/gc0.count_reg[2]
  -------------------------------------------------------------------
                         required time                         12.729    
                         arrival time                          -7.429    
  -------------------------------------------------------------------
                         slack                                  5.300    

Slack (MET) :             5.300ns  (required time - arrival time)
  Source:                 u_eth_udp_loop/u_async_fifo_2048x8b/U0/inst_fifo_gen/gconvfifo.rf/grf.rf/rstblk/ngwrdrst.grst.g7serrst.gnsckt_wrst.gic_rst.sckt_rd_rst_ic_reg/C
                            (rising edge-triggered cell FDPE clocked by eth_rxc  {rise@0.000ns fall@4.000ns period=8.000ns})
  Destination:            u_eth_udp_loop/u_async_fifo_2048x8b/U0/inst_fifo_gen/gconvfifo.rf/grf.rf/gntv_or_sync_fifo.gl0.rd/rpntr/gc0.count_reg[3]/CLR
                            (recovery check against rising-edge clock eth_rxc  {rise@0.000ns fall@4.000ns period=8.000ns})
  Path Group:             **async_default**
  Path Type:              Recovery (Max at Slow Process Corner)
  Requirement:            8.000ns  (eth_rxc rise@8.000ns - eth_rxc rise@0.000ns)
  Data Path Delay:        2.099ns  (logic 0.518ns (24.680%)  route 1.581ns (75.320%))
  Logic Levels:           0  
  Clock Path Skew:        -0.160ns (DCD - SCD + CPR)
    Destination Clock Delay (DCD):    4.879ns = ( 12.879 - 8.000 ) 
    Source Clock Delay      (SCD):    5.330ns
    Clock Pessimism Removal (CPR):    0.291ns
  Clock Uncertainty:      0.035ns  ((TSJ^2 + TIJ^2)^1/2 + DJ) / 2 + PE
    Total System Jitter     (TSJ):    0.071ns
    Total Input Jitter      (TIJ):    0.000ns
    Discrete Jitter          (DJ):    0.000ns
    Phase Error              (PE):    0.000ns

    Location             Delay type                Incr(ns)  Path(ns)    Netlist Resource(s)
  -------------------------------------------------------------------    -------------------
                         (clock eth_rxc rise edge)    0.000     0.000 r  
    K17                                               0.000     0.000 r  eth_rxc (IN)
                         net (fo=0)                   0.000     0.000    eth_rxc
    K17                  IBUF (Prop_ibuf_I_O)         1.492     1.492 r  eth_rxc_IBUF_inst/O
                         net (fo=2, routed)           2.076     3.568    u_eth_udp_loop/u_gmii_to_rgmii/u_rgmii_rx/eth_rxc
    BUFGCTRL_X0Y16       BUFG (Prop_bufg_I_O)         0.101     3.669 r  u_eth_udp_loop/u_gmii_to_rgmii/u_rgmii_rx/BUFG_inst/O
                         net (fo=1641, routed)        1.661     5.330    u_eth_udp_loop/u_async_fifo_2048x8b/U0/inst_fifo_gen/gconvfifo.rf/grf.rf/rstblk/rd_clk
    SLICE_X16Y51         FDPE                                         r  u_eth_udp_loop/u_async_fifo_2048x8b/U0/inst_fifo_gen/gconvfifo.rf/grf.rf/rstblk/ngwrdrst.grst.g7serrst.gnsckt_wrst.gic_rst.sckt_rd_rst_ic_reg/C
  -------------------------------------------------------------------    -------------------
    SLICE_X16Y51         FDPE (Prop_fdpe_C_Q)         0.518     5.848 f  u_eth_udp_loop/u_async_fifo_2048x8b/U0/inst_fifo_gen/gconvfifo.rf/grf.rf/rstblk/ngwrdrst.grst.g7serrst.gnsckt_wrst.gic_rst.sckt_rd_rst_ic_reg/Q
                         net (fo=28, routed)          1.581     7.429    u_eth_udp_loop/u_async_fifo_2048x8b/U0/inst_fifo_gen/gconvfifo.rf/grf.rf/gntv_or_sync_fifo.gl0.rd/rpntr/AR[0]
    SLICE_X26Y51         FDCE                                         f  u_eth_udp_loop/u_async_fifo_2048x8b/U0/inst_fifo_gen/gconvfifo.rf/grf.rf/gntv_or_sync_fifo.gl0.rd/rpntr/gc0.count_reg[3]/CLR
  -------------------------------------------------------------------    -------------------

                         (clock eth_rxc rise edge)    8.000     8.000 r  
    K17                                               0.000     8.000 r  eth_rxc (IN)
                         net (fo=0)                   0.000     8.000    eth_rxc
    K17                  IBUF (Prop_ibuf_I_O)         1.421     9.421 r  eth_rxc_IBUF_inst/O
                         net (fo=2, routed)           1.880    11.301    u_eth_udp_loop/u_gmii_to_rgmii/u_rgmii_rx/eth_rxc
    BUFGCTRL_X0Y16       BUFG (Prop_bufg_I_O)         0.091    11.392 r  u_eth_udp_loop/u_gmii_to_rgmii/u_rgmii_rx/BUFG_inst/O
                         net (fo=1641, routed)        1.487    12.879    u_eth_udp_loop/u_async_fifo_2048x8b/U0/inst_fifo_gen/gconvfifo.rf/grf.rf/gntv_or_sync_fifo.gl0.rd/rpntr/rd_clk
    SLICE_X26Y51         FDCE                                         r  u_eth_udp_loop/u_async_fifo_2048x8b/U0/inst_fifo_gen/gconvfifo.rf/grf.rf/gntv_or_sync_fifo.gl0.rd/rpntr/gc0.count_reg[3]/C
                         clock pessimism              0.291    13.169    
                         clock uncertainty           -0.035    13.134    
    SLICE_X26Y51         FDCE (Recov_fdce_C_CLR)     -0.405    12.729    u_eth_udp_loop/u_async_fifo_2048x8b/U0/inst_fifo_gen/gconvfifo.rf/grf.rf/gntv_or_sync_fifo.gl0.rd/rpntr/gc0.count_reg[3]
  -------------------------------------------------------------------
                         required time                         12.729    
                         arrival time                          -7.429    
  -------------------------------------------------------------------
                         slack                                  5.300    

Slack (MET) :             5.300ns  (required time - arrival time)
  Source:                 u_eth_udp_loop/u_async_fifo_2048x8b/U0/inst_fifo_gen/gconvfifo.rf/grf.rf/rstblk/ngwrdrst.grst.g7serrst.gnsckt_wrst.gic_rst.sckt_rd_rst_ic_reg/C
                            (rising edge-triggered cell FDPE clocked by eth_rxc  {rise@0.000ns fall@4.000ns period=8.000ns})
  Destination:            u_eth_udp_loop/u_async_fifo_2048x8b/U0/inst_fifo_gen/gconvfifo.rf/grf.rf/gntv_or_sync_fifo.gl0.rd/rpntr/gc0.count_reg[4]/CLR
                            (recovery check against rising-edge clock eth_rxc  {rise@0.000ns fall@4.000ns period=8.000ns})
  Path Group:             **async_default**
  Path Type:              Recovery (Max at Slow Process Corner)
  Requirement:            8.000ns  (eth_rxc rise@8.000ns - eth_rxc rise@0.000ns)
  Data Path Delay:        2.099ns  (logic 0.518ns (24.680%)  route 1.581ns (75.320%))
  Logic Levels:           0  
  Clock Path Skew:        -0.160ns (DCD - SCD + CPR)
    Destination Clock Delay (DCD):    4.879ns = ( 12.879 - 8.000 ) 
    Source Clock Delay      (SCD):    5.330ns
    Clock Pessimism Removal (CPR):    0.291ns
  Clock Uncertainty:      0.035ns  ((TSJ^2 + TIJ^2)^1/2 + DJ) / 2 + PE
    Total System Jitter     (TSJ):    0.071ns
    Total Input Jitter      (TIJ):    0.000ns
    Discrete Jitter          (DJ):    0.000ns
    Phase Error              (PE):    0.000ns

    Location             Delay type                Incr(ns)  Path(ns)    Netlist Resource(s)
  -------------------------------------------------------------------    -------------------
                         (clock eth_rxc rise edge)    0.000     0.000 r  
    K17                                               0.000     0.000 r  eth_rxc (IN)
                         net (fo=0)                   0.000     0.000    eth_rxc
    K17                  IBUF (Prop_ibuf_I_O)         1.492     1.492 r  eth_rxc_IBUF_inst/O
                         net (fo=2, routed)           2.076     3.568    u_eth_udp_loop/u_gmii_to_rgmii/u_rgmii_rx/eth_rxc
    BUFGCTRL_X0Y16       BUFG (Prop_bufg_I_O)         0.101     3.669 r  u_eth_udp_loop/u_gmii_to_rgmii/u_rgmii_rx/BUFG_inst/O
                         net (fo=1641, routed)        1.661     5.330    u_eth_udp_loop/u_async_fifo_2048x8b/U0/inst_fifo_gen/gconvfifo.rf/grf.rf/rstblk/rd_clk
    SLICE_X16Y51         FDPE                                         r  u_eth_udp_loop/u_async_fifo_2048x8b/U0/inst_fifo_gen/gconvfifo.rf/grf.rf/rstblk/ngwrdrst.grst.g7serrst.gnsckt_wrst.gic_rst.sckt_rd_rst_ic_reg/C
  -------------------------------------------------------------------    -------------------
    SLICE_X16Y51         FDPE (Prop_fdpe_C_Q)         0.518     5.848 f  u_eth_udp_loop/u_async_fifo_2048x8b/U0/inst_fifo_gen/gconvfifo.rf/grf.rf/rstblk/ngwrdrst.grst.g7serrst.gnsckt_wrst.gic_rst.sckt_rd_rst_ic_reg/Q
                         net (fo=28, routed)          1.581     7.429    u_eth_udp_loop/u_async_fifo_2048x8b/U0/inst_fifo_gen/gconvfifo.rf/grf.rf/gntv_or_sync_fifo.gl0.rd/rpntr/AR[0]
    SLICE_X26Y51         FDCE                                         f  u_eth_udp_loop/u_async_fifo_2048x8b/U0/inst_fifo_gen/gconvfifo.rf/grf.rf/gntv_or_sync_fifo.gl0.rd/rpntr/gc0.count_reg[4]/CLR
  -------------------------------------------------------------------    -------------------

                         (clock eth_rxc rise edge)    8.000     8.000 r  
    K17                                               0.000     8.000 r  eth_rxc (IN)
                         net (fo=0)                   0.000     8.000    eth_rxc
    K17                  IBUF (Prop_ibuf_I_O)         1.421     9.421 r  eth_rxc_IBUF_inst/O
                         net (fo=2, routed)           1.880    11.301    u_eth_udp_loop/u_gmii_to_rgmii/u_rgmii_rx/eth_rxc
    BUFGCTRL_X0Y16       BUFG (Prop_bufg_I_O)         0.091    11.392 r  u_eth_udp_loop/u_gmii_to_rgmii/u_rgmii_rx/BUFG_inst/O
                         net (fo=1641, routed)        1.487    12.879    u_eth_udp_loop/u_async_fifo_2048x8b/U0/inst_fifo_gen/gconvfifo.rf/grf.rf/gntv_or_sync_fifo.gl0.rd/rpntr/rd_clk
    SLICE_X26Y51         FDCE                                         r  u_eth_udp_loop/u_async_fifo_2048x8b/U0/inst_fifo_gen/gconvfifo.rf/grf.rf/gntv_or_sync_fifo.gl0.rd/rpntr/gc0.count_reg[4]/C
                         clock pessimism              0.291    13.169    
                         clock uncertainty           -0.035    13.134    
    SLICE_X26Y51         FDCE (Recov_fdce_C_CLR)     -0.405    12.729    u_eth_udp_loop/u_async_fifo_2048x8b/U0/inst_fifo_gen/gconvfifo.rf/grf.rf/gntv_or_sync_fifo.gl0.rd/rpntr/gc0.count_reg[4]
  -------------------------------------------------------------------
                         required time                         12.729    
                         arrival time                          -7.429    
  -------------------------------------------------------------------
                         slack                                  5.300    

Slack (MET) :             5.346ns  (required time - arrival time)
  Source:                 u_eth_udp_loop/u_async_fifo_2048x8b/U0/inst_fifo_gen/gconvfifo.rf/grf.rf/rstblk/ngwrdrst.grst.g7serrst.gnsckt_wrst.gic_rst.sckt_rd_rst_ic_reg/C
                            (rising edge-triggered cell FDPE clocked by eth_rxc  {rise@0.000ns fall@4.000ns period=8.000ns})
  Destination:            u_eth_udp_loop/u_async_fifo_2048x8b/U0/inst_fifo_gen/gconvfifo.rf/grf.rf/gntv_or_sync_fifo.gl0.rd/rpntr/gc0.count_reg[0]/PRE
                            (recovery check against rising-edge clock eth_rxc  {rise@0.000ns fall@4.000ns period=8.000ns})
  Path Group:             **async_default**
  Path Type:              Recovery (Max at Slow Process Corner)
  Requirement:            8.000ns  (eth_rxc rise@8.000ns - eth_rxc rise@0.000ns)
  Data Path Delay:        2.099ns  (logic 0.518ns (24.680%)  route 1.581ns (75.320%))
  Logic Levels:           0  
  Clock Path Skew:        -0.160ns (DCD - SCD + CPR)
    Destination Clock Delay (DCD):    4.879ns = ( 12.879 - 8.000 ) 
    Source Clock Delay      (SCD):    5.330ns
    Clock Pessimism Removal (CPR):    0.291ns
  Clock Uncertainty:      0.035ns  ((TSJ^2 + TIJ^2)^1/2 + DJ) / 2 + PE
    Total System Jitter     (TSJ):    0.071ns
    Total Input Jitter      (TIJ):    0.000ns
    Discrete Jitter          (DJ):    0.000ns
    Phase Error              (PE):    0.000ns

    Location             Delay type                Incr(ns)  Path(ns)    Netlist Resource(s)
  -------------------------------------------------------------------    -------------------
                         (clock eth_rxc rise edge)    0.000     0.000 r  
    K17                                               0.000     0.000 r  eth_rxc (IN)
                         net (fo=0)                   0.000     0.000    eth_rxc
    K17                  IBUF (Prop_ibuf_I_O)         1.492     1.492 r  eth_rxc_IBUF_inst/O
                         net (fo=2, routed)           2.076     3.568    u_eth_udp_loop/u_gmii_to_rgmii/u_rgmii_rx/eth_rxc
    BUFGCTRL_X0Y16       BUFG (Prop_bufg_I_O)         0.101     3.669 r  u_eth_udp_loop/u_gmii_to_rgmii/u_rgmii_rx/BUFG_inst/O
                         net (fo=1641, routed)        1.661     5.330    u_eth_udp_loop/u_async_fifo_2048x8b/U0/inst_fifo_gen/gconvfifo.rf/grf.rf/rstblk/rd_clk
    SLICE_X16Y51         FDPE                                         r  u_eth_udp_loop/u_async_fifo_2048x8b/U0/inst_fifo_gen/gconvfifo.rf/grf.rf/rstblk/ngwrdrst.grst.g7serrst.gnsckt_wrst.gic_rst.sckt_rd_rst_ic_reg/C
  -------------------------------------------------------------------    -------------------
    SLICE_X16Y51         FDPE (Prop_fdpe_C_Q)         0.518     5.848 f  u_eth_udp_loop/u_async_fifo_2048x8b/U0/inst_fifo_gen/gconvfifo.rf/grf.rf/rstblk/ngwrdrst.grst.g7serrst.gnsckt_wrst.gic_rst.sckt_rd_rst_ic_reg/Q
                         net (fo=28, routed)          1.581     7.429    u_eth_udp_loop/u_async_fifo_2048x8b/U0/inst_fifo_gen/gconvfifo.rf/grf.rf/gntv_or_sync_fifo.gl0.rd/rpntr/AR[0]
    SLICE_X26Y51         FDPE                                         f  u_eth_udp_loop/u_async_fifo_2048x8b/U0/inst_fifo_gen/gconvfifo.rf/grf.rf/gntv_or_sync_fifo.gl0.rd/rpntr/gc0.count_reg[0]/PRE
  -------------------------------------------------------------------    -------------------

                         (clock eth_rxc rise edge)    8.000     8.000 r  
    K17                                               0.000     8.000 r  eth_rxc (IN)
                         net (fo=0)                   0.000     8.000    eth_rxc
    K17                  IBUF (Prop_ibuf_I_O)         1.421     9.421 r  eth_rxc_IBUF_inst/O
                         net (fo=2, routed)           1.880    11.301    u_eth_udp_loop/u_gmii_to_rgmii/u_rgmii_rx/eth_rxc
    BUFGCTRL_X0Y16       BUFG (Prop_bufg_I_O)         0.091    11.392 r  u_eth_udp_loop/u_gmii_to_rgmii/u_rgmii_rx/BUFG_inst/O
                         net (fo=1641, routed)        1.487    12.879    u_eth_udp_loop/u_async_fifo_2048x8b/U0/inst_fifo_gen/gconvfifo.rf/grf.rf/gntv_or_sync_fifo.gl0.rd/rpntr/rd_clk
    SLICE_X26Y51         FDPE                                         r  u_eth_udp_loop/u_async_fifo_2048x8b/U0/inst_fifo_gen/gconvfifo.rf/grf.rf/gntv_or_sync_fifo.gl0.rd/rpntr/gc0.count_reg[0]/C
                         clock pessimism              0.291    13.169    
                         clock uncertainty           -0.035    13.134    
    SLICE_X26Y51         FDPE (Recov_fdpe_C_PRE)     -0.359    12.775    u_eth_udp_loop/u_async_fifo_2048x8b/U0/inst_fifo_gen/gconvfifo.rf/grf.rf/gntv_or_sync_fifo.gl0.rd/rpntr/gc0.count_reg[0]
  -------------------------------------------------------------------
                         required time                         12.775    
                         arrival time                          -7.429    
  -------------------------------------------------------------------
                         slack                                  5.346    

Slack (MET) :             5.431ns  (required time - arrival time)
  Source:                 u_eth_udp_loop/u_async_fifo_2048x8b/U0/inst_fifo_gen/gconvfifo.rf/grf.rf/rstblk/ngwrdrst.grst.g7serrst.gnsckt_wrst.gic_rst.sckt_rd_rst_ic_reg/C
                            (rising edge-triggered cell FDPE clocked by eth_rxc  {rise@0.000ns fall@4.000ns period=8.000ns})
  Destination:            u_eth_udp_loop/u_async_fifo_2048x8b/U0/inst_fifo_gen/gconvfifo.rf/grf.rf/gntv_or_sync_fifo.gl0.rd/rpntr/gc0.count_reg[10]/CLR
                            (recovery check against rising-edge clock eth_rxc  {rise@0.000ns fall@4.000ns period=8.000ns})
  Path Group:             **async_default**
  Path Type:              Recovery (Max at Slow Process Corner)
  Requirement:            8.000ns  (eth_rxc rise@8.000ns - eth_rxc rise@0.000ns)
  Data Path Delay:        1.968ns  (logic 0.518ns (26.323%)  route 1.450ns (73.677%))
  Logic Levels:           0  
  Clock Path Skew:        -0.160ns (DCD - SCD + CPR)
    Destination Clock Delay (DCD):    4.879ns = ( 12.879 - 8.000 ) 
    Source Clock Delay      (SCD):    5.330ns
    Clock Pessimism Removal (CPR):    0.291ns
  Clock Uncertainty:      0.035ns  ((TSJ^2 + TIJ^2)^1/2 + DJ) / 2 + PE
    Total System Jitter     (TSJ):    0.071ns
    Total Input Jitter      (TIJ):    0.000ns
    Discrete Jitter          (DJ):    0.000ns
    Phase Error              (PE):    0.000ns

    Location             Delay type                Incr(ns)  Path(ns)    Netlist Resource(s)
  -------------------------------------------------------------------    -------------------
                         (clock eth_rxc rise edge)    0.000     0.000 r  
    K17                                               0.000     0.000 r  eth_rxc (IN)
                         net (fo=0)                   0.000     0.000    eth_rxc
    K17                  IBUF (Prop_ibuf_I_O)         1.492     1.492 r  eth_rxc_IBUF_inst/O
                         net (fo=2, routed)           2.076     3.568    u_eth_udp_loop/u_gmii_to_rgmii/u_rgmii_rx/eth_rxc
    BUFGCTRL_X0Y16       BUFG (Prop_bufg_I_O)         0.101     3.669 r  u_eth_udp_loop/u_gmii_to_rgmii/u_rgmii_rx/BUFG_inst/O
                         net (fo=1641, routed)        1.661     5.330    u_eth_udp_loop/u_async_fifo_2048x8b/U0/inst_fifo_gen/gconvfifo.rf/grf.rf/rstblk/rd_clk
    SLICE_X16Y51         FDPE                                         r  u_eth_udp_loop/u_async_fifo_2048x8b/U0/inst_fifo_gen/gconvfifo.rf/grf.rf/rstblk/ngwrdrst.grst.g7serrst.gnsckt_wrst.gic_rst.sckt_rd_rst_ic_reg/C
  -------------------------------------------------------------------    -------------------
    SLICE_X16Y51         FDPE (Prop_fdpe_C_Q)         0.518     5.848 f  u_eth_udp_loop/u_async_fifo_2048x8b/U0/inst_fifo_gen/gconvfifo.rf/grf.rf/rstblk/ngwrdrst.grst.g7serrst.gnsckt_wrst.gic_rst.sckt_rd_rst_ic_reg/Q
                         net (fo=28, routed)          1.450     7.298    u_eth_udp_loop/u_async_fifo_2048x8b/U0/inst_fifo_gen/gconvfifo.rf/grf.rf/gntv_or_sync_fifo.gl0.rd/rpntr/AR[0]
    SLICE_X26Y52         FDCE                                         f  u_eth_udp_loop/u_async_fifo_2048x8b/U0/inst_fifo_gen/gconvfifo.rf/grf.rf/gntv_or_sync_fifo.gl0.rd/rpntr/gc0.count_reg[10]/CLR
  -------------------------------------------------------------------    -------------------

                         (clock eth_rxc rise edge)    8.000     8.000 r  
    K17                                               0.000     8.000 r  eth_rxc (IN)
                         net (fo=0)                   0.000     8.000    eth_rxc
    K17                  IBUF (Prop_ibuf_I_O)         1.421     9.421 r  eth_rxc_IBUF_inst/O
                         net (fo=2, routed)           1.880    11.301    u_eth_udp_loop/u_gmii_to_rgmii/u_rgmii_rx/eth_rxc
    BUFGCTRL_X0Y16       BUFG (Prop_bufg_I_O)         0.091    11.392 r  u_eth_udp_loop/u_gmii_to_rgmii/u_rgmii_rx/BUFG_inst/O
                         net (fo=1641, routed)        1.487    12.879    u_eth_udp_loop/u_async_fifo_2048x8b/U0/inst_fifo_gen/gconvfifo.rf/grf.rf/gntv_or_sync_fifo.gl0.rd/rpntr/rd_clk
    SLICE_X26Y52         FDCE                                         r  u_eth_udp_loop/u_async_fifo_2048x8b/U0/inst_fifo_gen/gconvfifo.rf/grf.rf/gntv_or_sync_fifo.gl0.rd/rpntr/gc0.count_reg[10]/C
                         clock pessimism              0.291    13.169    
                         clock uncertainty           -0.035    13.134    
    SLICE_X26Y52         FDCE (Recov_fdce_C_CLR)     -0.405    12.729    u_eth_udp_loop/u_async_fifo_2048x8b/U0/inst_fifo_gen/gconvfifo.rf/grf.rf/gntv_or_sync_fifo.gl0.rd/rpntr/gc0.count_reg[10]
  -------------------------------------------------------------------
                         required time                         12.729    
                         arrival time                          -7.298    
  -------------------------------------------------------------------
                         slack                                  5.431    

Slack (MET) :             5.431ns  (required time - arrival time)
  Source:                 u_eth_udp_loop/u_async_fifo_2048x8b/U0/inst_fifo_gen/gconvfifo.rf/grf.rf/rstblk/ngwrdrst.grst.g7serrst.gnsckt_wrst.gic_rst.sckt_rd_rst_ic_reg/C
                            (rising edge-triggered cell FDPE clocked by eth_rxc  {rise@0.000ns fall@4.000ns period=8.000ns})
  Destination:            u_eth_udp_loop/u_async_fifo_2048x8b/U0/inst_fifo_gen/gconvfifo.rf/grf.rf/gntv_or_sync_fifo.gl0.rd/rpntr/gc0.count_reg[5]/CLR
                            (recovery check against rising-edge clock eth_rxc  {rise@0.000ns fall@4.000ns period=8.000ns})
  Path Group:             **async_default**
  Path Type:              Recovery (Max at Slow Process Corner)
  Requirement:            8.000ns  (eth_rxc rise@8.000ns - eth_rxc rise@0.000ns)
  Data Path Delay:        1.968ns  (logic 0.518ns (26.323%)  route 1.450ns (73.677%))
  Logic Levels:           0  
  Clock Path Skew:        -0.160ns (DCD - SCD + CPR)
    Destination Clock Delay (DCD):    4.879ns = ( 12.879 - 8.000 ) 
    Source Clock Delay      (SCD):    5.330ns
    Clock Pessimism Removal (CPR):    0.291ns
  Clock Uncertainty:      0.035ns  ((TSJ^2 + TIJ^2)^1/2 + DJ) / 2 + PE
    Total System Jitter     (TSJ):    0.071ns
    Total Input Jitter      (TIJ):    0.000ns
    Discrete Jitter          (DJ):    0.000ns
    Phase Error              (PE):    0.000ns

    Location             Delay type                Incr(ns)  Path(ns)    Netlist Resource(s)
  -------------------------------------------------------------------    -------------------
                         (clock eth_rxc rise edge)    0.000     0.000 r  
    K17                                               0.000     0.000 r  eth_rxc (IN)
                         net (fo=0)                   0.000     0.000    eth_rxc
    K17                  IBUF (Prop_ibuf_I_O)         1.492     1.492 r  eth_rxc_IBUF_inst/O
                         net (fo=2, routed)           2.076     3.568    u_eth_udp_loop/u_gmii_to_rgmii/u_rgmii_rx/eth_rxc
    BUFGCTRL_X0Y16       BUFG (Prop_bufg_I_O)         0.101     3.669 r  u_eth_udp_loop/u_gmii_to_rgmii/u_rgmii_rx/BUFG_inst/O
                         net (fo=1641, routed)        1.661     5.330    u_eth_udp_loop/u_async_fifo_2048x8b/U0/inst_fifo_gen/gconvfifo.rf/grf.rf/rstblk/rd_clk
    SLICE_X16Y51         FDPE                                         r  u_eth_udp_loop/u_async_fifo_2048x8b/U0/inst_fifo_gen/gconvfifo.rf/grf.rf/rstblk/ngwrdrst.grst.g7serrst.gnsckt_wrst.gic_rst.sckt_rd_rst_ic_reg/C
  -------------------------------------------------------------------    -------------------
    SLICE_X16Y51         FDPE (Prop_fdpe_C_Q)         0.518     5.848 f  u_eth_udp_loop/u_async_fifo_2048x8b/U0/inst_fifo_gen/gconvfifo.rf/grf.rf/rstblk/ngwrdrst.grst.g7serrst.gnsckt_wrst.gic_rst.sckt_rd_rst_ic_reg/Q
                         net (fo=28, routed)          1.450     7.298    u_eth_udp_loop/u_async_fifo_2048x8b/U0/inst_fifo_gen/gconvfifo.rf/grf.rf/gntv_or_sync_fifo.gl0.rd/rpntr/AR[0]
    SLICE_X26Y52         FDCE                                         f  u_eth_udp_loop/u_async_fifo_2048x8b/U0/inst_fifo_gen/gconvfifo.rf/grf.rf/gntv_or_sync_fifo.gl0.rd/rpntr/gc0.count_reg[5]/CLR
  -------------------------------------------------------------------    -------------------

                         (clock eth_rxc rise edge)    8.000     8.000 r  
    K17                                               0.000     8.000 r  eth_rxc (IN)
                         net (fo=0)                   0.000     8.000    eth_rxc
    K17                  IBUF (Prop_ibuf_I_O)         1.421     9.421 r  eth_rxc_IBUF_inst/O
                         net (fo=2, routed)           1.880    11.301    u_eth_udp_loop/u_gmii_to_rgmii/u_rgmii_rx/eth_rxc
    BUFGCTRL_X0Y16       BUFG (Prop_bufg_I_O)         0.091    11.392 r  u_eth_udp_loop/u_gmii_to_rgmii/u_rgmii_rx/BUFG_inst/O
                         net (fo=1641, routed)        1.487    12.879    u_eth_udp_loop/u_async_fifo_2048x8b/U0/inst_fifo_gen/gconvfifo.rf/grf.rf/gntv_or_sync_fifo.gl0.rd/rpntr/rd_clk
    SLICE_X26Y52         FDCE                                         r  u_eth_udp_loop/u_async_fifo_2048x8b/U0/inst_fifo_gen/gconvfifo.rf/grf.rf/gntv_or_sync_fifo.gl0.rd/rpntr/gc0.count_reg[5]/C
                         clock pessimism              0.291    13.169    
                         clock uncertainty           -0.035    13.134    
    SLICE_X26Y52         FDCE (Recov_fdce_C_CLR)     -0.405    12.729    u_eth_udp_loop/u_async_fifo_2048x8b/U0/inst_fifo_gen/gconvfifo.rf/grf.rf/gntv_or_sync_fifo.gl0.rd/rpntr/gc0.count_reg[5]
  -------------------------------------------------------------------
                         required time                         12.729    
                         arrival time                          -7.298    
  -------------------------------------------------------------------
                         slack                                  5.431    

Slack (MET) :             5.431ns  (required time - arrival time)
  Source:                 u_eth_udp_loop/u_async_fifo_2048x8b/U0/inst_fifo_gen/gconvfifo.rf/grf.rf/rstblk/ngwrdrst.grst.g7serrst.gnsckt_wrst.gic_rst.sckt_rd_rst_ic_reg/C
                            (rising edge-triggered cell FDPE clocked by eth_rxc  {rise@0.000ns fall@4.000ns period=8.000ns})
  Destination:            u_eth_udp_loop/u_async_fifo_2048x8b/U0/inst_fifo_gen/gconvfifo.rf/grf.rf/gntv_or_sync_fifo.gl0.rd/rpntr/gc0.count_reg[6]/CLR
                            (recovery check against rising-edge clock eth_rxc  {rise@0.000ns fall@4.000ns period=8.000ns})
  Path Group:             **async_default**
  Path Type:              Recovery (Max at Slow Process Corner)
  Requirement:            8.000ns  (eth_rxc rise@8.000ns - eth_rxc rise@0.000ns)
  Data Path Delay:        1.968ns  (logic 0.518ns (26.323%)  route 1.450ns (73.677%))
  Logic Levels:           0  
  Clock Path Skew:        -0.160ns (DCD - SCD + CPR)
    Destination Clock Delay (DCD):    4.879ns = ( 12.879 - 8.000 ) 
    Source Clock Delay      (SCD):    5.330ns
    Clock Pessimism Removal (CPR):    0.291ns
  Clock Uncertainty:      0.035ns  ((TSJ^2 + TIJ^2)^1/2 + DJ) / 2 + PE
    Total System Jitter     (TSJ):    0.071ns
    Total Input Jitter      (TIJ):    0.000ns
    Discrete Jitter          (DJ):    0.000ns
    Phase Error              (PE):    0.000ns

    Location             Delay type                Incr(ns)  Path(ns)    Netlist Resource(s)
  -------------------------------------------------------------------    -------------------
                         (clock eth_rxc rise edge)    0.000     0.000 r  
    K17                                               0.000     0.000 r  eth_rxc (IN)
                         net (fo=0)                   0.000     0.000    eth_rxc
    K17                  IBUF (Prop_ibuf_I_O)         1.492     1.492 r  eth_rxc_IBUF_inst/O
                         net (fo=2, routed)           2.076     3.568    u_eth_udp_loop/u_gmii_to_rgmii/u_rgmii_rx/eth_rxc
    BUFGCTRL_X0Y16       BUFG (Prop_bufg_I_O)         0.101     3.669 r  u_eth_udp_loop/u_gmii_to_rgmii/u_rgmii_rx/BUFG_inst/O
                         net (fo=1641, routed)        1.661     5.330    u_eth_udp_loop/u_async_fifo_2048x8b/U0/inst_fifo_gen/gconvfifo.rf/grf.rf/rstblk/rd_clk
    SLICE_X16Y51         FDPE                                         r  u_eth_udp_loop/u_async_fifo_2048x8b/U0/inst_fifo_gen/gconvfifo.rf/grf.rf/rstblk/ngwrdrst.grst.g7serrst.gnsckt_wrst.gic_rst.sckt_rd_rst_ic_reg/C
  -------------------------------------------------------------------    -------------------
    SLICE_X16Y51         FDPE (Prop_fdpe_C_Q)         0.518     5.848 f  u_eth_udp_loop/u_async_fifo_2048x8b/U0/inst_fifo_gen/gconvfifo.rf/grf.rf/rstblk/ngwrdrst.grst.g7serrst.gnsckt_wrst.gic_rst.sckt_rd_rst_ic_reg/Q
                         net (fo=28, routed)          1.450     7.298    u_eth_udp_loop/u_async_fifo_2048x8b/U0/inst_fifo_gen/gconvfifo.rf/grf.rf/gntv_or_sync_fifo.gl0.rd/rpntr/AR[0]
    SLICE_X26Y52         FDCE                                         f  u_eth_udp_loop/u_async_fifo_2048x8b/U0/inst_fifo_gen/gconvfifo.rf/grf.rf/gntv_or_sync_fifo.gl0.rd/rpntr/gc0.count_reg[6]/CLR
  -------------------------------------------------------------------    -------------------

                         (clock eth_rxc rise edge)    8.000     8.000 r  
    K17                                               0.000     8.000 r  eth_rxc (IN)
                         net (fo=0)                   0.000     8.000    eth_rxc
    K17                  IBUF (Prop_ibuf_I_O)         1.421     9.421 r  eth_rxc_IBUF_inst/O
                         net (fo=2, routed)           1.880    11.301    u_eth_udp_loop/u_gmii_to_rgmii/u_rgmii_rx/eth_rxc
    BUFGCTRL_X0Y16       BUFG (Prop_bufg_I_O)         0.091    11.392 r  u_eth_udp_loop/u_gmii_to_rgmii/u_rgmii_rx/BUFG_inst/O
                         net (fo=1641, routed)        1.487    12.879    u_eth_udp_loop/u_async_fifo_2048x8b/U0/inst_fifo_gen/gconvfifo.rf/grf.rf/gntv_or_sync_fifo.gl0.rd/rpntr/rd_clk
    SLICE_X26Y52         FDCE                                         r  u_eth_udp_loop/u_async_fifo_2048x8b/U0/inst_fifo_gen/gconvfifo.rf/grf.rf/gntv_or_sync_fifo.gl0.rd/rpntr/gc0.count_reg[6]/C
                         clock pessimism              0.291    13.169    
                         clock uncertainty           -0.035    13.134    
    SLICE_X26Y52         FDCE (Recov_fdce_C_CLR)     -0.405    12.729    u_eth_udp_loop/u_async_fifo_2048x8b/U0/inst_fifo_gen/gconvfifo.rf/grf.rf/gntv_or_sync_fifo.gl0.rd/rpntr/gc0.count_reg[6]
  -------------------------------------------------------------------
                         required time                         12.729    
                         arrival time                          -7.298    
  -------------------------------------------------------------------
                         slack                                  5.431    





Min Delay Paths
--------------------------------------------------------------------------------------
Slack (MET) :             0.390ns  (arrival time - required time)
  Source:                 u_eth_udp_loop/u_async_fifo_2048x8b/U0/inst_fifo_gen/gconvfifo.rf/grf.rf/rstblk/ngwrdrst.grst.g7serrst.gnsckt_wrst.gic_rst.sckt_wr_rst_ic_reg/C
                            (rising edge-triggered cell FDPE clocked by eth_rxc  {rise@0.000ns fall@4.000ns period=8.000ns})
  Destination:            u_eth_udp_loop/u_async_fifo_2048x8b/U0/inst_fifo_gen/gconvfifo.rf/grf.rf/gntv_or_sync_fifo.gl0.wr/wpntr/gic0.gc0.count_d1_reg[6]/CLR
                            (removal check against rising-edge clock eth_rxc  {rise@0.000ns fall@4.000ns period=8.000ns})
  Path Group:             **async_default**
  Path Type:              Removal (Min at Fast Process Corner)
  Requirement:            0.000ns  (eth_rxc rise@0.000ns - eth_rxc rise@0.000ns)
  Data Path Delay:        0.314ns  (logic 0.164ns (52.260%)  route 0.150ns (47.740%))
  Logic Levels:           0  
  Clock Path Skew:        0.016ns (DCD - SCD - CPR)
    Destination Clock Delay (DCD):    1.987ns
    Source Clock Delay      (SCD):    1.471ns
    Clock Pessimism Removal (CPR):    0.500ns

    Location             Delay type                Incr(ns)  Path(ns)    Netlist Resource(s)
  -------------------------------------------------------------------    -------------------
                         (clock eth_rxc rise edge)    0.000     0.000 r  
    K17                                               0.000     0.000 r  eth_rxc (IN)
                         net (fo=0)                   0.000     0.000    eth_rxc
    K17                  IBUF (Prop_ibuf_I_O)         0.259     0.259 r  eth_rxc_IBUF_inst/O
                         net (fo=2, routed)           0.627     0.887    u_eth_udp_loop/u_gmii_to_rgmii/u_rgmii_rx/eth_rxc
    BUFGCTRL_X0Y16       BUFG (Prop_bufg_I_O)         0.026     0.913 r  u_eth_udp_loop/u_gmii_to_rgmii/u_rgmii_rx/BUFG_inst/O
                         net (fo=1641, routed)        0.559     1.471    u_eth_udp_loop/u_async_fifo_2048x8b/U0/inst_fifo_gen/gconvfifo.rf/grf.rf/rstblk/wr_clk
    SLICE_X16Y54         FDPE                                         r  u_eth_udp_loop/u_async_fifo_2048x8b/U0/inst_fifo_gen/gconvfifo.rf/grf.rf/rstblk/ngwrdrst.grst.g7serrst.gnsckt_wrst.gic_rst.sckt_wr_rst_ic_reg/C
  -------------------------------------------------------------------    -------------------
    SLICE_X16Y54         FDPE (Prop_fdpe_C_Q)         0.164     1.635 f  u_eth_udp_loop/u_async_fifo_2048x8b/U0/inst_fifo_gen/gconvfifo.rf/grf.rf/rstblk/ngwrdrst.grst.g7serrst.gnsckt_wrst.gic_rst.sckt_wr_rst_ic_reg/Q
                         net (fo=36, routed)          0.150     1.785    u_eth_udp_loop/u_async_fifo_2048x8b/U0/inst_fifo_gen/gconvfifo.rf/grf.rf/gntv_or_sync_fifo.gl0.wr/wpntr/AR[0]
    SLICE_X19Y54         FDCE                                         f  u_eth_udp_loop/u_async_fifo_2048x8b/U0/inst_fifo_gen/gconvfifo.rf/grf.rf/gntv_or_sync_fifo.gl0.wr/wpntr/gic0.gc0.count_d1_reg[6]/CLR
  -------------------------------------------------------------------    -------------------

                         (clock eth_rxc rise edge)    0.000     0.000 r  
    K17                                               0.000     0.000 r  eth_rxc (IN)
                         net (fo=0)                   0.000     0.000    eth_rxc
    K17                  IBUF (Prop_ibuf_I_O)         0.447     0.447 r  eth_rxc_IBUF_inst/O
                         net (fo=2, routed)           0.683     1.130    u_eth_udp_loop/u_gmii_to_rgmii/u_rgmii_rx/eth_rxc
    BUFGCTRL_X0Y16       BUFG (Prop_bufg_I_O)         0.029     1.159 r  u_eth_udp_loop/u_gmii_to_rgmii/u_rgmii_rx/BUFG_inst/O
                         net (fo=1641, routed)        0.828     1.987    u_eth_udp_loop/u_async_fifo_2048x8b/U0/inst_fifo_gen/gconvfifo.rf/grf.rf/gntv_or_sync_fifo.gl0.wr/wpntr/wr_clk
    SLICE_X19Y54         FDCE                                         r  u_eth_udp_loop/u_async_fifo_2048x8b/U0/inst_fifo_gen/gconvfifo.rf/grf.rf/gntv_or_sync_fifo.gl0.wr/wpntr/gic0.gc0.count_d1_reg[6]/C
                         clock pessimism             -0.500     1.487    
    SLICE_X19Y54         FDCE (Remov_fdce_C_CLR)     -0.092     1.395    u_eth_udp_loop/u_async_fifo_2048x8b/U0/inst_fifo_gen/gconvfifo.rf/grf.rf/gntv_or_sync_fifo.gl0.wr/wpntr/gic0.gc0.count_d1_reg[6]
  -------------------------------------------------------------------
                         required time                         -1.395    
                         arrival time                           1.785    
  -------------------------------------------------------------------
                         slack                                  0.390    

Slack (MET) :             0.390ns  (arrival time - required time)
  Source:                 u_eth_udp_loop/u_async_fifo_2048x8b/U0/inst_fifo_gen/gconvfifo.rf/grf.rf/rstblk/ngwrdrst.grst.g7serrst.gnsckt_wrst.gic_rst.sckt_wr_rst_ic_reg/C
                            (rising edge-triggered cell FDPE clocked by eth_rxc  {rise@0.000ns fall@4.000ns period=8.000ns})
  Destination:            u_eth_udp_loop/u_async_fifo_2048x8b/U0/inst_fifo_gen/gconvfifo.rf/grf.rf/gntv_or_sync_fifo.gl0.wr/wpntr/gic0.gc0.count_d1_reg[7]/CLR
                            (removal check against rising-edge clock eth_rxc  {rise@0.000ns fall@4.000ns period=8.000ns})
  Path Group:             **async_default**
  Path Type:              Removal (Min at Fast Process Corner)
  Requirement:            0.000ns  (eth_rxc rise@0.000ns - eth_rxc rise@0.000ns)
  Data Path Delay:        0.314ns  (logic 0.164ns (52.260%)  route 0.150ns (47.740%))
  Logic Levels:           0  
  Clock Path Skew:        0.016ns (DCD - SCD - CPR)
    Destination Clock Delay (DCD):    1.987ns
    Source Clock Delay      (SCD):    1.471ns
    Clock Pessimism Removal (CPR):    0.500ns

    Location             Delay type                Incr(ns)  Path(ns)    Netlist Resource(s)
  -------------------------------------------------------------------    -------------------
                         (clock eth_rxc rise edge)    0.000     0.000 r  
    K17                                               0.000     0.000 r  eth_rxc (IN)
                         net (fo=0)                   0.000     0.000    eth_rxc
    K17                  IBUF (Prop_ibuf_I_O)         0.259     0.259 r  eth_rxc_IBUF_inst/O
                         net (fo=2, routed)           0.627     0.887    u_eth_udp_loop/u_gmii_to_rgmii/u_rgmii_rx/eth_rxc
    BUFGCTRL_X0Y16       BUFG (Prop_bufg_I_O)         0.026     0.913 r  u_eth_udp_loop/u_gmii_to_rgmii/u_rgmii_rx/BUFG_inst/O
                         net (fo=1641, routed)        0.559     1.471    u_eth_udp_loop/u_async_fifo_2048x8b/U0/inst_fifo_gen/gconvfifo.rf/grf.rf/rstblk/wr_clk
    SLICE_X16Y54         FDPE                                         r  u_eth_udp_loop/u_async_fifo_2048x8b/U0/inst_fifo_gen/gconvfifo.rf/grf.rf/rstblk/ngwrdrst.grst.g7serrst.gnsckt_wrst.gic_rst.sckt_wr_rst_ic_reg/C
  -------------------------------------------------------------------    -------------------
    SLICE_X16Y54         FDPE (Prop_fdpe_C_Q)         0.164     1.635 f  u_eth_udp_loop/u_async_fifo_2048x8b/U0/inst_fifo_gen/gconvfifo.rf/grf.rf/rstblk/ngwrdrst.grst.g7serrst.gnsckt_wrst.gic_rst.sckt_wr_rst_ic_reg/Q
                         net (fo=36, routed)          0.150     1.785    u_eth_udp_loop/u_async_fifo_2048x8b/U0/inst_fifo_gen/gconvfifo.rf/grf.rf/gntv_or_sync_fifo.gl0.wr/wpntr/AR[0]
    SLICE_X19Y54         FDCE                                         f  u_eth_udp_loop/u_async_fifo_2048x8b/U0/inst_fifo_gen/gconvfifo.rf/grf.rf/gntv_or_sync_fifo.gl0.wr/wpntr/gic0.gc0.count_d1_reg[7]/CLR
  -------------------------------------------------------------------    -------------------

                         (clock eth_rxc rise edge)    0.000     0.000 r  
    K17                                               0.000     0.000 r  eth_rxc (IN)
                         net (fo=0)                   0.000     0.000    eth_rxc
    K17                  IBUF (Prop_ibuf_I_O)         0.447     0.447 r  eth_rxc_IBUF_inst/O
                         net (fo=2, routed)           0.683     1.130    u_eth_udp_loop/u_gmii_to_rgmii/u_rgmii_rx/eth_rxc
    BUFGCTRL_X0Y16       BUFG (Prop_bufg_I_O)         0.029     1.159 r  u_eth_udp_loop/u_gmii_to_rgmii/u_rgmii_rx/BUFG_inst/O
                         net (fo=1641, routed)        0.828     1.987    u_eth_udp_loop/u_async_fifo_2048x8b/U0/inst_fifo_gen/gconvfifo.rf/grf.rf/gntv_or_sync_fifo.gl0.wr/wpntr/wr_clk
    SLICE_X19Y54         FDCE                                         r  u_eth_udp_loop/u_async_fifo_2048x8b/U0/inst_fifo_gen/gconvfifo.rf/grf.rf/gntv_or_sync_fifo.gl0.wr/wpntr/gic0.gc0.count_d1_reg[7]/C
                         clock pessimism             -0.500     1.487    
    SLICE_X19Y54         FDCE (Remov_fdce_C_CLR)     -0.092     1.395    u_eth_udp_loop/u_async_fifo_2048x8b/U0/inst_fifo_gen/gconvfifo.rf/grf.rf/gntv_or_sync_fifo.gl0.wr/wpntr/gic0.gc0.count_d1_reg[7]
  -------------------------------------------------------------------
                         required time                         -1.395    
                         arrival time                           1.785    
  -------------------------------------------------------------------
                         slack                                  0.390    

Slack (MET) :             0.390ns  (arrival time - required time)
  Source:                 u_eth_udp_loop/u_async_fifo_2048x8b/U0/inst_fifo_gen/gconvfifo.rf/grf.rf/rstblk/ngwrdrst.grst.g7serrst.gnsckt_wrst.gic_rst.sckt_wr_rst_ic_reg/C
                            (rising edge-triggered cell FDPE clocked by eth_rxc  {rise@0.000ns fall@4.000ns period=8.000ns})
  Destination:            u_eth_udp_loop/u_async_fifo_2048x8b/U0/inst_fifo_gen/gconvfifo.rf/grf.rf/gntv_or_sync_fifo.gl0.wr/wpntr/gic0.gc0.count_reg[6]/CLR
                            (removal check against rising-edge clock eth_rxc  {rise@0.000ns fall@4.000ns period=8.000ns})
  Path Group:             **async_default**
  Path Type:              Removal (Min at Fast Process Corner)
  Requirement:            0.000ns  (eth_rxc rise@0.000ns - eth_rxc rise@0.000ns)
  Data Path Delay:        0.314ns  (logic 0.164ns (52.260%)  route 0.150ns (47.740%))
  Logic Levels:           0  
  Clock Path Skew:        0.016ns (DCD - SCD - CPR)
    Destination Clock Delay (DCD):    1.987ns
    Source Clock Delay      (SCD):    1.471ns
    Clock Pessimism Removal (CPR):    0.500ns

    Location             Delay type                Incr(ns)  Path(ns)    Netlist Resource(s)
  -------------------------------------------------------------------    -------------------
                         (clock eth_rxc rise edge)    0.000     0.000 r  
    K17                                               0.000     0.000 r  eth_rxc (IN)
                         net (fo=0)                   0.000     0.000    eth_rxc
    K17                  IBUF (Prop_ibuf_I_O)         0.259     0.259 r  eth_rxc_IBUF_inst/O
                         net (fo=2, routed)           0.627     0.887    u_eth_udp_loop/u_gmii_to_rgmii/u_rgmii_rx/eth_rxc
    BUFGCTRL_X0Y16       BUFG (Prop_bufg_I_O)         0.026     0.913 r  u_eth_udp_loop/u_gmii_to_rgmii/u_rgmii_rx/BUFG_inst/O
                         net (fo=1641, routed)        0.559     1.471    u_eth_udp_loop/u_async_fifo_2048x8b/U0/inst_fifo_gen/gconvfifo.rf/grf.rf/rstblk/wr_clk
    SLICE_X16Y54         FDPE                                         r  u_eth_udp_loop/u_async_fifo_2048x8b/U0/inst_fifo_gen/gconvfifo.rf/grf.rf/rstblk/ngwrdrst.grst.g7serrst.gnsckt_wrst.gic_rst.sckt_wr_rst_ic_reg/C
  -------------------------------------------------------------------    -------------------
    SLICE_X16Y54         FDPE (Prop_fdpe_C_Q)         0.164     1.635 f  u_eth_udp_loop/u_async_fifo_2048x8b/U0/inst_fifo_gen/gconvfifo.rf/grf.rf/rstblk/ngwrdrst.grst.g7serrst.gnsckt_wrst.gic_rst.sckt_wr_rst_ic_reg/Q
                         net (fo=36, routed)          0.150     1.785    u_eth_udp_loop/u_async_fifo_2048x8b/U0/inst_fifo_gen/gconvfifo.rf/grf.rf/gntv_or_sync_fifo.gl0.wr/wpntr/AR[0]
    SLICE_X19Y54         FDCE                                         f  u_eth_udp_loop/u_async_fifo_2048x8b/U0/inst_fifo_gen/gconvfifo.rf/grf.rf/gntv_or_sync_fifo.gl0.wr/wpntr/gic0.gc0.count_reg[6]/CLR
  -------------------------------------------------------------------    -------------------

                         (clock eth_rxc rise edge)    0.000     0.000 r  
    K17                                               0.000     0.000 r  eth_rxc (IN)
                         net (fo=0)                   0.000     0.000    eth_rxc
    K17                  IBUF (Prop_ibuf_I_O)         0.447     0.447 r  eth_rxc_IBUF_inst/O
                         net (fo=2, routed)           0.683     1.130    u_eth_udp_loop/u_gmii_to_rgmii/u_rgmii_rx/eth_rxc
    BUFGCTRL_X0Y16       BUFG (Prop_bufg_I_O)         0.029     1.159 r  u_eth_udp_loop/u_gmii_to_rgmii/u_rgmii_rx/BUFG_inst/O
                         net (fo=1641, routed)        0.828     1.987    u_eth_udp_loop/u_async_fifo_2048x8b/U0/inst_fifo_gen/gconvfifo.rf/grf.rf/gntv_or_sync_fifo.gl0.wr/wpntr/wr_clk
    SLICE_X19Y54         FDCE                                         r  u_eth_udp_loop/u_async_fifo_2048x8b/U0/inst_fifo_gen/gconvfifo.rf/grf.rf/gntv_or_sync_fifo.gl0.wr/wpntr/gic0.gc0.count_reg[6]/C
                         clock pessimism             -0.500     1.487    
    SLICE_X19Y54         FDCE (Remov_fdce_C_CLR)     -0.092     1.395    u_eth_udp_loop/u_async_fifo_2048x8b/U0/inst_fifo_gen/gconvfifo.rf/grf.rf/gntv_or_sync_fifo.gl0.wr/wpntr/gic0.gc0.count_reg[6]
  -------------------------------------------------------------------
                         required time                         -1.395    
                         arrival time                           1.785    
  -------------------------------------------------------------------
                         slack                                  0.390    

Slack (MET) :             0.390ns  (arrival time - required time)
  Source:                 u_eth_udp_loop/u_async_fifo_2048x8b/U0/inst_fifo_gen/gconvfifo.rf/grf.rf/rstblk/ngwrdrst.grst.g7serrst.gnsckt_wrst.gic_rst.sckt_wr_rst_ic_reg/C
                            (rising edge-triggered cell FDPE clocked by eth_rxc  {rise@0.000ns fall@4.000ns period=8.000ns})
  Destination:            u_eth_udp_loop/u_async_fifo_2048x8b/U0/inst_fifo_gen/gconvfifo.rf/grf.rf/gntv_or_sync_fifo.gl0.wr/wpntr/gic0.gc0.count_reg[7]/CLR
                            (removal check against rising-edge clock eth_rxc  {rise@0.000ns fall@4.000ns period=8.000ns})
  Path Group:             **async_default**
  Path Type:              Removal (Min at Fast Process Corner)
  Requirement:            0.000ns  (eth_rxc rise@0.000ns - eth_rxc rise@0.000ns)
  Data Path Delay:        0.314ns  (logic 0.164ns (52.260%)  route 0.150ns (47.740%))
  Logic Levels:           0  
  Clock Path Skew:        0.016ns (DCD - SCD - CPR)
    Destination Clock Delay (DCD):    1.987ns
    Source Clock Delay      (SCD):    1.471ns
    Clock Pessimism Removal (CPR):    0.500ns

    Location             Delay type                Incr(ns)  Path(ns)    Netlist Resource(s)
  -------------------------------------------------------------------    -------------------
                         (clock eth_rxc rise edge)    0.000     0.000 r  
    K17                                               0.000     0.000 r  eth_rxc (IN)
                         net (fo=0)                   0.000     0.000    eth_rxc
    K17                  IBUF (Prop_ibuf_I_O)         0.259     0.259 r  eth_rxc_IBUF_inst/O
                         net (fo=2, routed)           0.627     0.887    u_eth_udp_loop/u_gmii_to_rgmii/u_rgmii_rx/eth_rxc
    BUFGCTRL_X0Y16       BUFG (Prop_bufg_I_O)         0.026     0.913 r  u_eth_udp_loop/u_gmii_to_rgmii/u_rgmii_rx/BUFG_inst/O
                         net (fo=1641, routed)        0.559     1.471    u_eth_udp_loop/u_async_fifo_2048x8b/U0/inst_fifo_gen/gconvfifo.rf/grf.rf/rstblk/wr_clk
    SLICE_X16Y54         FDPE                                         r  u_eth_udp_loop/u_async_fifo_2048x8b/U0/inst_fifo_gen/gconvfifo.rf/grf.rf/rstblk/ngwrdrst.grst.g7serrst.gnsckt_wrst.gic_rst.sckt_wr_rst_ic_reg/C
  -------------------------------------------------------------------    -------------------
    SLICE_X16Y54         FDPE (Prop_fdpe_C_Q)         0.164     1.635 f  u_eth_udp_loop/u_async_fifo_2048x8b/U0/inst_fifo_gen/gconvfifo.rf/grf.rf/rstblk/ngwrdrst.grst.g7serrst.gnsckt_wrst.gic_rst.sckt_wr_rst_ic_reg/Q
                         net (fo=36, routed)          0.150     1.785    u_eth_udp_loop/u_async_fifo_2048x8b/U0/inst_fifo_gen/gconvfifo.rf/grf.rf/gntv_or_sync_fifo.gl0.wr/wpntr/AR[0]
    SLICE_X19Y54         FDCE                                         f  u_eth_udp_loop/u_async_fifo_2048x8b/U0/inst_fifo_gen/gconvfifo.rf/grf.rf/gntv_or_sync_fifo.gl0.wr/wpntr/gic0.gc0.count_reg[7]/CLR
  -------------------------------------------------------------------    -------------------

                         (clock eth_rxc rise edge)    0.000     0.000 r  
    K17                                               0.000     0.000 r  eth_rxc (IN)
                         net (fo=0)                   0.000     0.000    eth_rxc
    K17                  IBUF (Prop_ibuf_I_O)         0.447     0.447 r  eth_rxc_IBUF_inst/O
                         net (fo=2, routed)           0.683     1.130    u_eth_udp_loop/u_gmii_to_rgmii/u_rgmii_rx/eth_rxc
    BUFGCTRL_X0Y16       BUFG (Prop_bufg_I_O)         0.029     1.159 r  u_eth_udp_loop/u_gmii_to_rgmii/u_rgmii_rx/BUFG_inst/O
                         net (fo=1641, routed)        0.828     1.987    u_eth_udp_loop/u_async_fifo_2048x8b/U0/inst_fifo_gen/gconvfifo.rf/grf.rf/gntv_or_sync_fifo.gl0.wr/wpntr/wr_clk
    SLICE_X19Y54         FDCE                                         r  u_eth_udp_loop/u_async_fifo_2048x8b/U0/inst_fifo_gen/gconvfifo.rf/grf.rf/gntv_or_sync_fifo.gl0.wr/wpntr/gic0.gc0.count_reg[7]/C
                         clock pessimism             -0.500     1.487    
    SLICE_X19Y54         FDCE (Remov_fdce_C_CLR)     -0.092     1.395    u_eth_udp_loop/u_async_fifo_2048x8b/U0/inst_fifo_gen/gconvfifo.rf/grf.rf/gntv_or_sync_fifo.gl0.wr/wpntr/gic0.gc0.count_reg[7]
  -------------------------------------------------------------------
                         required time                         -1.395    
                         arrival time                           1.785    
  -------------------------------------------------------------------
                         slack                                  0.390    

Slack (MET) :             0.390ns  (arrival time - required time)
  Source:                 u_eth_udp_loop/u_async_fifo_2048x8b/U0/inst_fifo_gen/gconvfifo.rf/grf.rf/rstblk/ngwrdrst.grst.g7serrst.gnsckt_wrst.gic_rst.sckt_rd_rst_ic_reg/C
                            (rising edge-triggered cell FDPE clocked by eth_rxc  {rise@0.000ns fall@4.000ns period=8.000ns})
  Destination:            u_eth_udp_loop/u_async_fifo_2048x8b/U0/inst_fifo_gen/gconvfifo.rf/grf.rf/gntv_or_sync_fifo.gl0.rd/rpntr/gc0.count_d1_reg[10]/CLR
                            (removal check against rising-edge clock eth_rxc  {rise@0.000ns fall@4.000ns period=8.000ns})
  Path Group:             **async_default**
  Path Type:              Removal (Min at Fast Process Corner)
  Requirement:            0.000ns  (eth_rxc rise@0.000ns - eth_rxc rise@0.000ns)
  Data Path Delay:        0.584ns  (logic 0.164ns (28.066%)  route 0.420ns (71.934%))
  Logic Levels:           0  
  Clock Path Skew:        0.261ns (DCD - SCD - CPR)
    Destination Clock Delay (DCD):    1.985ns
    Source Clock Delay      (SCD):    1.472ns
    Clock Pessimism Removal (CPR):    0.252ns

    Location             Delay type                Incr(ns)  Path(ns)    Netlist Resource(s)
  -------------------------------------------------------------------    -------------------
                         (clock eth_rxc rise edge)    0.000     0.000 r  
    K17                                               0.000     0.000 r  eth_rxc (IN)
                         net (fo=0)                   0.000     0.000    eth_rxc
    K17                  IBUF (Prop_ibuf_I_O)         0.259     0.259 r  eth_rxc_IBUF_inst/O
                         net (fo=2, routed)           0.627     0.887    u_eth_udp_loop/u_gmii_to_rgmii/u_rgmii_rx/eth_rxc
    BUFGCTRL_X0Y16       BUFG (Prop_bufg_I_O)         0.026     0.913 r  u_eth_udp_loop/u_gmii_to_rgmii/u_rgmii_rx/BUFG_inst/O
                         net (fo=1641, routed)        0.560     1.472    u_eth_udp_loop/u_async_fifo_2048x8b/U0/inst_fifo_gen/gconvfifo.rf/grf.rf/rstblk/rd_clk
    SLICE_X16Y51         FDPE                                         r  u_eth_udp_loop/u_async_fifo_2048x8b/U0/inst_fifo_gen/gconvfifo.rf/grf.rf/rstblk/ngwrdrst.grst.g7serrst.gnsckt_wrst.gic_rst.sckt_rd_rst_ic_reg/C
  -------------------------------------------------------------------    -------------------
    SLICE_X16Y51         FDPE (Prop_fdpe_C_Q)         0.164     1.636 f  u_eth_udp_loop/u_async_fifo_2048x8b/U0/inst_fifo_gen/gconvfifo.rf/grf.rf/rstblk/ngwrdrst.grst.g7serrst.gnsckt_wrst.gic_rst.sckt_rd_rst_ic_reg/Q
                         net (fo=28, routed)          0.420     2.057    u_eth_udp_loop/u_async_fifo_2048x8b/U0/inst_fifo_gen/gconvfifo.rf/grf.rf/gntv_or_sync_fifo.gl0.rd/rpntr/AR[0]
    SLICE_X24Y52         FDCE                                         f  u_eth_udp_loop/u_async_fifo_2048x8b/U0/inst_fifo_gen/gconvfifo.rf/grf.rf/gntv_or_sync_fifo.gl0.rd/rpntr/gc0.count_d1_reg[10]/CLR
  -------------------------------------------------------------------    -------------------

                         (clock eth_rxc rise edge)    0.000     0.000 r  
    K17                                               0.000     0.000 r  eth_rxc (IN)
                         net (fo=0)                   0.000     0.000    eth_rxc
    K17                  IBUF (Prop_ibuf_I_O)         0.447     0.447 r  eth_rxc_IBUF_inst/O
                         net (fo=2, routed)           0.683     1.130    u_eth_udp_loop/u_gmii_to_rgmii/u_rgmii_rx/eth_rxc
    BUFGCTRL_X0Y16       BUFG (Prop_bufg_I_O)         0.029     1.159 r  u_eth_udp_loop/u_gmii_to_rgmii/u_rgmii_rx/BUFG_inst/O
                         net (fo=1641, routed)        0.826     1.985    u_eth_udp_loop/u_async_fifo_2048x8b/U0/inst_fifo_gen/gconvfifo.rf/grf.rf/gntv_or_sync_fifo.gl0.rd/rpntr/rd_clk
    SLICE_X24Y52         FDCE                                         r  u_eth_udp_loop/u_async_fifo_2048x8b/U0/inst_fifo_gen/gconvfifo.rf/grf.rf/gntv_or_sync_fifo.gl0.rd/rpntr/gc0.count_d1_reg[10]/C
                         clock pessimism             -0.252     1.734    
    SLICE_X24Y52         FDCE (Remov_fdce_C_CLR)     -0.067     1.667    u_eth_udp_loop/u_async_fifo_2048x8b/U0/inst_fifo_gen/gconvfifo.rf/grf.rf/gntv_or_sync_fifo.gl0.rd/rpntr/gc0.count_d1_reg[10]
  -------------------------------------------------------------------
                         required time                         -1.667    
                         arrival time                           2.057    
  -------------------------------------------------------------------
                         slack                                  0.390    

Slack (MET) :             0.390ns  (arrival time - required time)
  Source:                 u_eth_udp_loop/u_async_fifo_2048x8b/U0/inst_fifo_gen/gconvfifo.rf/grf.rf/rstblk/ngwrdrst.grst.g7serrst.gnsckt_wrst.gic_rst.sckt_rd_rst_ic_reg/C
                            (rising edge-triggered cell FDPE clocked by eth_rxc  {rise@0.000ns fall@4.000ns period=8.000ns})
  Destination:            u_eth_udp_loop/u_async_fifo_2048x8b/U0/inst_fifo_gen/gconvfifo.rf/grf.rf/gntv_or_sync_fifo.gl0.rd/rpntr/gc0.count_d1_reg[4]/CLR
                            (removal check against rising-edge clock eth_rxc  {rise@0.000ns fall@4.000ns period=8.000ns})
  Path Group:             **async_default**
  Path Type:              Removal (Min at Fast Process Corner)
  Requirement:            0.000ns  (eth_rxc rise@0.000ns - eth_rxc rise@0.000ns)
  Data Path Delay:        0.584ns  (logic 0.164ns (28.066%)  route 0.420ns (71.934%))
  Logic Levels:           0  
  Clock Path Skew:        0.261ns (DCD - SCD - CPR)
    Destination Clock Delay (DCD):    1.985ns
    Source Clock Delay      (SCD):    1.472ns
    Clock Pessimism Removal (CPR):    0.252ns

    Location             Delay type                Incr(ns)  Path(ns)    Netlist Resource(s)
  -------------------------------------------------------------------    -------------------
                         (clock eth_rxc rise edge)    0.000     0.000 r  
    K17                                               0.000     0.000 r  eth_rxc (IN)
                         net (fo=0)                   0.000     0.000    eth_rxc
    K17                  IBUF (Prop_ibuf_I_O)         0.259     0.259 r  eth_rxc_IBUF_inst/O
                         net (fo=2, routed)           0.627     0.887    u_eth_udp_loop/u_gmii_to_rgmii/u_rgmii_rx/eth_rxc
    BUFGCTRL_X0Y16       BUFG (Prop_bufg_I_O)         0.026     0.913 r  u_eth_udp_loop/u_gmii_to_rgmii/u_rgmii_rx/BUFG_inst/O
                         net (fo=1641, routed)        0.560     1.472    u_eth_udp_loop/u_async_fifo_2048x8b/U0/inst_fifo_gen/gconvfifo.rf/grf.rf/rstblk/rd_clk
    SLICE_X16Y51         FDPE                                         r  u_eth_udp_loop/u_async_fifo_2048x8b/U0/inst_fifo_gen/gconvfifo.rf/grf.rf/rstblk/ngwrdrst.grst.g7serrst.gnsckt_wrst.gic_rst.sckt_rd_rst_ic_reg/C
  -------------------------------------------------------------------    -------------------
    SLICE_X16Y51         FDPE (Prop_fdpe_C_Q)         0.164     1.636 f  u_eth_udp_loop/u_async_fifo_2048x8b/U0/inst_fifo_gen/gconvfifo.rf/grf.rf/rstblk/ngwrdrst.grst.g7serrst.gnsckt_wrst.gic_rst.sckt_rd_rst_ic_reg/Q
                         net (fo=28, routed)          0.420     2.057    u_eth_udp_loop/u_async_fifo_2048x8b/U0/inst_fifo_gen/gconvfifo.rf/grf.rf/gntv_or_sync_fifo.gl0.rd/rpntr/AR[0]
    SLICE_X24Y52         FDCE                                         f  u_eth_udp_loop/u_async_fifo_2048x8b/U0/inst_fifo_gen/gconvfifo.rf/grf.rf/gntv_or_sync_fifo.gl0.rd/rpntr/gc0.count_d1_reg[4]/CLR
  -------------------------------------------------------------------    -------------------

                         (clock eth_rxc rise edge)    0.000     0.000 r  
    K17                                               0.000     0.000 r  eth_rxc (IN)
                         net (fo=0)                   0.000     0.000    eth_rxc
    K17                  IBUF (Prop_ibuf_I_O)         0.447     0.447 r  eth_rxc_IBUF_inst/O
                         net (fo=2, routed)           0.683     1.130    u_eth_udp_loop/u_gmii_to_rgmii/u_rgmii_rx/eth_rxc
    BUFGCTRL_X0Y16       BUFG (Prop_bufg_I_O)         0.029     1.159 r  u_eth_udp_loop/u_gmii_to_rgmii/u_rgmii_rx/BUFG_inst/O
                         net (fo=1641, routed)        0.826     1.985    u_eth_udp_loop/u_async_fifo_2048x8b/U0/inst_fifo_gen/gconvfifo.rf/grf.rf/gntv_or_sync_fifo.gl0.rd/rpntr/rd_clk
    SLICE_X24Y52         FDCE                                         r  u_eth_udp_loop/u_async_fifo_2048x8b/U0/inst_fifo_gen/gconvfifo.rf/grf.rf/gntv_or_sync_fifo.gl0.rd/rpntr/gc0.count_d1_reg[4]/C
                         clock pessimism             -0.252     1.734    
    SLICE_X24Y52         FDCE (Remov_fdce_C_CLR)     -0.067     1.667    u_eth_udp_loop/u_async_fifo_2048x8b/U0/inst_fifo_gen/gconvfifo.rf/grf.rf/gntv_or_sync_fifo.gl0.rd/rpntr/gc0.count_d1_reg[4]
  -------------------------------------------------------------------
                         required time                         -1.667    
                         arrival time                           2.057    
  -------------------------------------------------------------------
                         slack                                  0.390    

Slack (MET) :             0.390ns  (arrival time - required time)
  Source:                 u_eth_udp_loop/u_async_fifo_2048x8b/U0/inst_fifo_gen/gconvfifo.rf/grf.rf/rstblk/ngwrdrst.grst.g7serrst.gnsckt_wrst.gic_rst.sckt_rd_rst_ic_reg/C
                            (rising edge-triggered cell FDPE clocked by eth_rxc  {rise@0.000ns fall@4.000ns period=8.000ns})
  Destination:            u_eth_udp_loop/u_async_fifo_2048x8b/U0/inst_fifo_gen/gconvfifo.rf/grf.rf/gntv_or_sync_fifo.gl0.rd/rpntr/gc0.count_d1_reg[6]/CLR
                            (removal check against rising-edge clock eth_rxc  {rise@0.000ns fall@4.000ns period=8.000ns})
  Path Group:             **async_default**
  Path Type:              Removal (Min at Fast Process Corner)
  Requirement:            0.000ns  (eth_rxc rise@0.000ns - eth_rxc rise@0.000ns)
  Data Path Delay:        0.584ns  (logic 0.164ns (28.066%)  route 0.420ns (71.934%))
  Logic Levels:           0  
  Clock Path Skew:        0.261ns (DCD - SCD - CPR)
    Destination Clock Delay (DCD):    1.985ns
    Source Clock Delay      (SCD):    1.472ns
    Clock Pessimism Removal (CPR):    0.252ns

    Location             Delay type                Incr(ns)  Path(ns)    Netlist Resource(s)
  -------------------------------------------------------------------    -------------------
                         (clock eth_rxc rise edge)    0.000     0.000 r  
    K17                                               0.000     0.000 r  eth_rxc (IN)
                         net (fo=0)                   0.000     0.000    eth_rxc
    K17                  IBUF (Prop_ibuf_I_O)         0.259     0.259 r  eth_rxc_IBUF_inst/O
                         net (fo=2, routed)           0.627     0.887    u_eth_udp_loop/u_gmii_to_rgmii/u_rgmii_rx/eth_rxc
    BUFGCTRL_X0Y16       BUFG (Prop_bufg_I_O)         0.026     0.913 r  u_eth_udp_loop/u_gmii_to_rgmii/u_rgmii_rx/BUFG_inst/O
                         net (fo=1641, routed)        0.560     1.472    u_eth_udp_loop/u_async_fifo_2048x8b/U0/inst_fifo_gen/gconvfifo.rf/grf.rf/rstblk/rd_clk
    SLICE_X16Y51         FDPE                                         r  u_eth_udp_loop/u_async_fifo_2048x8b/U0/inst_fifo_gen/gconvfifo.rf/grf.rf/rstblk/ngwrdrst.grst.g7serrst.gnsckt_wrst.gic_rst.sckt_rd_rst_ic_reg/C
  -------------------------------------------------------------------    -------------------
    SLICE_X16Y51         FDPE (Prop_fdpe_C_Q)         0.164     1.636 f  u_eth_udp_loop/u_async_fifo_2048x8b/U0/inst_fifo_gen/gconvfifo.rf/grf.rf/rstblk/ngwrdrst.grst.g7serrst.gnsckt_wrst.gic_rst.sckt_rd_rst_ic_reg/Q
                         net (fo=28, routed)          0.420     2.057    u_eth_udp_loop/u_async_fifo_2048x8b/U0/inst_fifo_gen/gconvfifo.rf/grf.rf/gntv_or_sync_fifo.gl0.rd/rpntr/AR[0]
    SLICE_X24Y52         FDCE                                         f  u_eth_udp_loop/u_async_fifo_2048x8b/U0/inst_fifo_gen/gconvfifo.rf/grf.rf/gntv_or_sync_fifo.gl0.rd/rpntr/gc0.count_d1_reg[6]/CLR
  -------------------------------------------------------------------    -------------------

                         (clock eth_rxc rise edge)    0.000     0.000 r  
    K17                                               0.000     0.000 r  eth_rxc (IN)
                         net (fo=0)                   0.000     0.000    eth_rxc
    K17                  IBUF (Prop_ibuf_I_O)         0.447     0.447 r  eth_rxc_IBUF_inst/O
                         net (fo=2, routed)           0.683     1.130    u_eth_udp_loop/u_gmii_to_rgmii/u_rgmii_rx/eth_rxc
    BUFGCTRL_X0Y16       BUFG (Prop_bufg_I_O)         0.029     1.159 r  u_eth_udp_loop/u_gmii_to_rgmii/u_rgmii_rx/BUFG_inst/O
                         net (fo=1641, routed)        0.826     1.985    u_eth_udp_loop/u_async_fifo_2048x8b/U0/inst_fifo_gen/gconvfifo.rf/grf.rf/gntv_or_sync_fifo.gl0.rd/rpntr/rd_clk
    SLICE_X24Y52         FDCE                                         r  u_eth_udp_loop/u_async_fifo_2048x8b/U0/inst_fifo_gen/gconvfifo.rf/grf.rf/gntv_or_sync_fifo.gl0.rd/rpntr/gc0.count_d1_reg[6]/C
                         clock pessimism             -0.252     1.734    
    SLICE_X24Y52         FDCE (Remov_fdce_C_CLR)     -0.067     1.667    u_eth_udp_loop/u_async_fifo_2048x8b/U0/inst_fifo_gen/gconvfifo.rf/grf.rf/gntv_or_sync_fifo.gl0.rd/rpntr/gc0.count_d1_reg[6]
  -------------------------------------------------------------------
                         required time                         -1.667    
                         arrival time                           2.057    
  -------------------------------------------------------------------
                         slack                                  0.390    

Slack (MET) :             0.406ns  (arrival time - required time)
  Source:                 u_eth_udp_loop/u_async_fifo_2048x8b/U0/inst_fifo_gen/gconvfifo.rf/grf.rf/rstblk/ngwrdrst.grst.g7serrst.gnsckt_wrst.gic_rst.rst_rd_reg2_inst/arststages_ff_reg[1]/C
                            (rising edge-triggered cell FDPE clocked by eth_rxc  {rise@0.000ns fall@4.000ns period=8.000ns})
  Destination:            u_eth_udp_loop/u_async_fifo_2048x8b/U0/inst_fifo_gen/gconvfifo.rf/grf.rf/rstblk/ngwrdrst.grst.g7serrst.gnsckt_wrst.gic_rst.sckt_rd_rst_ic_reg/PRE
                            (removal check against rising-edge clock eth_rxc  {rise@0.000ns fall@4.000ns period=8.000ns})
  Path Group:             **async_default**
  Path Type:              Removal (Min at Fast Process Corner)
  Requirement:            0.000ns  (eth_rxc rise@0.000ns - eth_rxc rise@0.000ns)
  Data Path Delay:        0.316ns  (logic 0.128ns (40.485%)  route 0.188ns (59.515%))
  Logic Levels:           0  
  Clock Path Skew:        0.035ns (DCD - SCD - CPR)
    Destination Clock Delay (DCD):    1.988ns
    Source Clock Delay      (SCD):    1.472ns
    Clock Pessimism Removal (CPR):    0.481ns

    Location             Delay type                Incr(ns)  Path(ns)    Netlist Resource(s)
  -------------------------------------------------------------------    -------------------
                         (clock eth_rxc rise edge)    0.000     0.000 r  
    K17                                               0.000     0.000 r  eth_rxc (IN)
                         net (fo=0)                   0.000     0.000    eth_rxc
    K17                  IBUF (Prop_ibuf_I_O)         0.259     0.259 r  eth_rxc_IBUF_inst/O
                         net (fo=2, routed)           0.627     0.887    u_eth_udp_loop/u_gmii_to_rgmii/u_rgmii_rx/eth_rxc
    BUFGCTRL_X0Y16       BUFG (Prop_bufg_I_O)         0.026     0.913 r  u_eth_udp_loop/u_gmii_to_rgmii/u_rgmii_rx/BUFG_inst/O
                         net (fo=1641, routed)        0.560     1.472    u_eth_udp_loop/u_async_fifo_2048x8b/U0/inst_fifo_gen/gconvfifo.rf/grf.rf/rstblk/ngwrdrst.grst.g7serrst.gnsckt_wrst.gic_rst.rst_rd_reg2_inst/dest_clk
    SLICE_X15Y51         FDPE                                         r  u_eth_udp_loop/u_async_fifo_2048x8b/U0/inst_fifo_gen/gconvfifo.rf/grf.rf/rstblk/ngwrdrst.grst.g7serrst.gnsckt_wrst.gic_rst.rst_rd_reg2_inst/arststages_ff_reg[1]/C
  -------------------------------------------------------------------    -------------------
    SLICE_X15Y51         FDPE (Prop_fdpe_C_Q)         0.128     1.600 f  u_eth_udp_loop/u_async_fifo_2048x8b/U0/inst_fifo_gen/gconvfifo.rf/grf.rf/rstblk/ngwrdrst.grst.g7serrst.gnsckt_wrst.gic_rst.rst_rd_reg2_inst/arststages_ff_reg[1]/Q
                         net (fo=3, routed)           0.188     1.788    u_eth_udp_loop/u_async_fifo_2048x8b/U0/inst_fifo_gen/gconvfifo.rf/grf.rf/rstblk/rst_rd_reg2
    SLICE_X16Y51         FDPE                                         f  u_eth_udp_loop/u_async_fifo_2048x8b/U0/inst_fifo_gen/gconvfifo.rf/grf.rf/rstblk/ngwrdrst.grst.g7serrst.gnsckt_wrst.gic_rst.sckt_rd_rst_ic_reg/PRE
  -------------------------------------------------------------------    -------------------

                         (clock eth_rxc rise edge)    0.000     0.000 r  
    K17                                               0.000     0.000 r  eth_rxc (IN)
                         net (fo=0)                   0.000     0.000    eth_rxc
    K17                  IBUF (Prop_ibuf_I_O)         0.447     0.447 r  eth_rxc_IBUF_inst/O
                         net (fo=2, routed)           0.683     1.130    u_eth_udp_loop/u_gmii_to_rgmii/u_rgmii_rx/eth_rxc
    BUFGCTRL_X0Y16       BUFG (Prop_bufg_I_O)         0.029     1.159 r  u_eth_udp_loop/u_gmii_to_rgmii/u_rgmii_rx/BUFG_inst/O
                         net (fo=1641, routed)        0.829     1.988    u_eth_udp_loop/u_async_fifo_2048x8b/U0/inst_fifo_gen/gconvfifo.rf/grf.rf/rstblk/rd_clk
    SLICE_X16Y51         FDPE                                         r  u_eth_udp_loop/u_async_fifo_2048x8b/U0/inst_fifo_gen/gconvfifo.rf/grf.rf/rstblk/ngwrdrst.grst.g7serrst.gnsckt_wrst.gic_rst.sckt_rd_rst_ic_reg/C
                         clock pessimism             -0.481     1.507    
    SLICE_X16Y51         FDPE (Remov_fdpe_C_PRE)     -0.125     1.382    u_eth_udp_loop/u_async_fifo_2048x8b/U0/inst_fifo_gen/gconvfifo.rf/grf.rf/rstblk/ngwrdrst.grst.g7serrst.gnsckt_wrst.gic_rst.sckt_rd_rst_ic_reg
  -------------------------------------------------------------------
                         required time                         -1.382    
                         arrival time                           1.788    
  -------------------------------------------------------------------
                         slack                                  0.406    

Slack (MET) :             0.415ns  (arrival time - required time)
  Source:                 u_eth_udp_loop/u_async_fifo_2048x8b/U0/inst_fifo_gen/gconvfifo.rf/grf.rf/rstblk/ngwrdrst.grst.g7serrst.gnsckt_wrst.gic_rst.sckt_rd_rst_ic_reg/C
                            (rising edge-triggered cell FDPE clocked by eth_rxc  {rise@0.000ns fall@4.000ns period=8.000ns})
  Destination:            u_eth_udp_loop/u_async_fifo_2048x8b/U0/inst_fifo_gen/gconvfifo.rf/grf.rf/gntv_or_sync_fifo.gl0.rd/rpntr/gc0.count_d1_reg[3]/CLR
                            (removal check against rising-edge clock eth_rxc  {rise@0.000ns fall@4.000ns period=8.000ns})
  Path Group:             **async_default**
  Path Type:              Removal (Min at Fast Process Corner)
  Requirement:            0.000ns  (eth_rxc rise@0.000ns - eth_rxc rise@0.000ns)
  Data Path Delay:        0.584ns  (logic 0.164ns (28.066%)  route 0.420ns (71.934%))
  Logic Levels:           0  
  Clock Path Skew:        0.261ns (DCD - SCD - CPR)
    Destination Clock Delay (DCD):    1.985ns
    Source Clock Delay      (SCD):    1.472ns
    Clock Pessimism Removal (CPR):    0.252ns

    Location             Delay type                Incr(ns)  Path(ns)    Netlist Resource(s)
  -------------------------------------------------------------------    -------------------
                         (clock eth_rxc rise edge)    0.000     0.000 r  
    K17                                               0.000     0.000 r  eth_rxc (IN)
                         net (fo=0)                   0.000     0.000    eth_rxc
    K17                  IBUF (Prop_ibuf_I_O)         0.259     0.259 r  eth_rxc_IBUF_inst/O
                         net (fo=2, routed)           0.627     0.887    u_eth_udp_loop/u_gmii_to_rgmii/u_rgmii_rx/eth_rxc
    BUFGCTRL_X0Y16       BUFG (Prop_bufg_I_O)         0.026     0.913 r  u_eth_udp_loop/u_gmii_to_rgmii/u_rgmii_rx/BUFG_inst/O
                         net (fo=1641, routed)        0.560     1.472    u_eth_udp_loop/u_async_fifo_2048x8b/U0/inst_fifo_gen/gconvfifo.rf/grf.rf/rstblk/rd_clk
    SLICE_X16Y51         FDPE                                         r  u_eth_udp_loop/u_async_fifo_2048x8b/U0/inst_fifo_gen/gconvfifo.rf/grf.rf/rstblk/ngwrdrst.grst.g7serrst.gnsckt_wrst.gic_rst.sckt_rd_rst_ic_reg/C
  -------------------------------------------------------------------    -------------------
    SLICE_X16Y51         FDPE (Prop_fdpe_C_Q)         0.164     1.636 f  u_eth_udp_loop/u_async_fifo_2048x8b/U0/inst_fifo_gen/gconvfifo.rf/grf.rf/rstblk/ngwrdrst.grst.g7serrst.gnsckt_wrst.gic_rst.sckt_rd_rst_ic_reg/Q
                         net (fo=28, routed)          0.420     2.057    u_eth_udp_loop/u_async_fifo_2048x8b/U0/inst_fifo_gen/gconvfifo.rf/grf.rf/gntv_or_sync_fifo.gl0.rd/rpntr/AR[0]
    SLICE_X25Y52         FDCE                                         f  u_eth_udp_loop/u_async_fifo_2048x8b/U0/inst_fifo_gen/gconvfifo.rf/grf.rf/gntv_or_sync_fifo.gl0.rd/rpntr/gc0.count_d1_reg[3]/CLR
  -------------------------------------------------------------------    -------------------

                         (clock eth_rxc rise edge)    0.000     0.000 r  
    K17                                               0.000     0.000 r  eth_rxc (IN)
                         net (fo=0)                   0.000     0.000    eth_rxc
    K17                  IBUF (Prop_ibuf_I_O)         0.447     0.447 r  eth_rxc_IBUF_inst/O
                         net (fo=2, routed)           0.683     1.130    u_eth_udp_loop/u_gmii_to_rgmii/u_rgmii_rx/eth_rxc
    BUFGCTRL_X0Y16       BUFG (Prop_bufg_I_O)         0.029     1.159 r  u_eth_udp_loop/u_gmii_to_rgmii/u_rgmii_rx/BUFG_inst/O
                         net (fo=1641, routed)        0.826     1.985    u_eth_udp_loop/u_async_fifo_2048x8b/U0/inst_fifo_gen/gconvfifo.rf/grf.rf/gntv_or_sync_fifo.gl0.rd/rpntr/rd_clk
    SLICE_X25Y52         FDCE                                         r  u_eth_udp_loop/u_async_fifo_2048x8b/U0/inst_fifo_gen/gconvfifo.rf/grf.rf/gntv_or_sync_fifo.gl0.rd/rpntr/gc0.count_d1_reg[3]/C
                         clock pessimism             -0.252     1.734    
    SLICE_X25Y52         FDCE (Remov_fdce_C_CLR)     -0.092     1.642    u_eth_udp_loop/u_async_fifo_2048x8b/U0/inst_fifo_gen/gconvfifo.rf/grf.rf/gntv_or_sync_fifo.gl0.rd/rpntr/gc0.count_d1_reg[3]
  -------------------------------------------------------------------
                         required time                         -1.642    
                         arrival time                           2.057    
  -------------------------------------------------------------------
                         slack                                  0.415    

Slack (MET) :             0.415ns  (arrival time - required time)
  Source:                 u_eth_udp_loop/u_async_fifo_2048x8b/U0/inst_fifo_gen/gconvfifo.rf/grf.rf/rstblk/ngwrdrst.grst.g7serrst.gnsckt_wrst.gic_rst.sckt_rd_rst_ic_reg/C
                            (rising edge-triggered cell FDPE clocked by eth_rxc  {rise@0.000ns fall@4.000ns period=8.000ns})
  Destination:            u_eth_udp_loop/u_async_fifo_2048x8b/U0/inst_fifo_gen/gconvfifo.rf/grf.rf/gntv_or_sync_fifo.gl0.rd/rpntr/gc0.count_d1_reg[5]/CLR
                            (removal check against rising-edge clock eth_rxc  {rise@0.000ns fall@4.000ns period=8.000ns})
  Path Group:             **async_default**
  Path Type:              Removal (Min at Fast Process Corner)
  Requirement:            0.000ns  (eth_rxc rise@0.000ns - eth_rxc rise@0.000ns)
  Data Path Delay:        0.584ns  (logic 0.164ns (28.066%)  route 0.420ns (71.934%))
  Logic Levels:           0  
  Clock Path Skew:        0.261ns (DCD - SCD - CPR)
    Destination Clock Delay (DCD):    1.985ns
    Source Clock Delay      (SCD):    1.472ns
    Clock Pessimism Removal (CPR):    0.252ns

    Location             Delay type                Incr(ns)  Path(ns)    Netlist Resource(s)
  -------------------------------------------------------------------    -------------------
                         (clock eth_rxc rise edge)    0.000     0.000 r  
    K17                                               0.000     0.000 r  eth_rxc (IN)
                         net (fo=0)                   0.000     0.000    eth_rxc
    K17                  IBUF (Prop_ibuf_I_O)         0.259     0.259 r  eth_rxc_IBUF_inst/O
                         net (fo=2, routed)           0.627     0.887    u_eth_udp_loop/u_gmii_to_rgmii/u_rgmii_rx/eth_rxc
    BUFGCTRL_X0Y16       BUFG (Prop_bufg_I_O)         0.026     0.913 r  u_eth_udp_loop/u_gmii_to_rgmii/u_rgmii_rx/BUFG_inst/O
                         net (fo=1641, routed)        0.560     1.472    u_eth_udp_loop/u_async_fifo_2048x8b/U0/inst_fifo_gen/gconvfifo.rf/grf.rf/rstblk/rd_clk
    SLICE_X16Y51         FDPE                                         r  u_eth_udp_loop/u_async_fifo_2048x8b/U0/inst_fifo_gen/gconvfifo.rf/grf.rf/rstblk/ngwrdrst.grst.g7serrst.gnsckt_wrst.gic_rst.sckt_rd_rst_ic_reg/C
  -------------------------------------------------------------------    -------------------
    SLICE_X16Y51         FDPE (Prop_fdpe_C_Q)         0.164     1.636 f  u_eth_udp_loop/u_async_fifo_2048x8b/U0/inst_fifo_gen/gconvfifo.rf/grf.rf/rstblk/ngwrdrst.grst.g7serrst.gnsckt_wrst.gic_rst.sckt_rd_rst_ic_reg/Q
                         net (fo=28, routed)          0.420     2.057    u_eth_udp_loop/u_async_fifo_2048x8b/U0/inst_fifo_gen/gconvfifo.rf/grf.rf/gntv_or_sync_fifo.gl0.rd/rpntr/AR[0]
    SLICE_X25Y52         FDCE                                         f  u_eth_udp_loop/u_async_fifo_2048x8b/U0/inst_fifo_gen/gconvfifo.rf/grf.rf/gntv_or_sync_fifo.gl0.rd/rpntr/gc0.count_d1_reg[5]/CLR
  -------------------------------------------------------------------    -------------------

                         (clock eth_rxc rise edge)    0.000     0.000 r  
    K17                                               0.000     0.000 r  eth_rxc (IN)
                         net (fo=0)                   0.000     0.000    eth_rxc
    K17                  IBUF (Prop_ibuf_I_O)         0.447     0.447 r  eth_rxc_IBUF_inst/O
                         net (fo=2, routed)           0.683     1.130    u_eth_udp_loop/u_gmii_to_rgmii/u_rgmii_rx/eth_rxc
    BUFGCTRL_X0Y16       BUFG (Prop_bufg_I_O)         0.029     1.159 r  u_eth_udp_loop/u_gmii_to_rgmii/u_rgmii_rx/BUFG_inst/O
                         net (fo=1641, routed)        0.826     1.985    u_eth_udp_loop/u_async_fifo_2048x8b/U0/inst_fifo_gen/gconvfifo.rf/grf.rf/gntv_or_sync_fifo.gl0.rd/rpntr/rd_clk
    SLICE_X25Y52         FDCE                                         r  u_eth_udp_loop/u_async_fifo_2048x8b/U0/inst_fifo_gen/gconvfifo.rf/grf.rf/gntv_or_sync_fifo.gl0.rd/rpntr/gc0.count_d1_reg[5]/C
                         clock pessimism             -0.252     1.734    
    SLICE_X25Y52         FDCE (Remov_fdce_C_CLR)     -0.092     1.642    u_eth_udp_loop/u_async_fifo_2048x8b/U0/inst_fifo_gen/gconvfifo.rf/grf.rf/gntv_or_sync_fifo.gl0.rd/rpntr/gc0.count_d1_reg[5]
  -------------------------------------------------------------------
                         required time                         -1.642    
                         arrival time                           2.057    
  -------------------------------------------------------------------
                         slack                                  0.415    





