Copyright 1986-2020 Xilinx, Inc. All Rights Reserved.
-----------------------------------------------------------------------------------------------------------------------------------------------------------------------------------------------------------
| Tool Version : Vivado v.2020.2 (win64) Build 3064766 Wed Nov 18 09:12:45 MST 2020
| Date         : Tue Nov 12 11:45:40 2024
| Host         : LEGION2020 running 64-bit major release  (build 9200)
| Command      : report_timing_summary -max_paths 10 -file eth_udp_loop_timing_summary_routed.rpt -pb eth_udp_loop_timing_summary_routed.pb -rpx eth_udp_loop_timing_summary_routed.rpx -warn_on_violation
| Design       : eth_udp_loop
| Device       : 7z010-clg400
| Speed File   : -1  PRODUCTION 1.12 2019-11-22
-----------------------------------------------------------------------------------------------------------------------------------------------------------------------------------------------------------

Timing Summary Report

------------------------------------------------------------------------------------------------
| Timer Settings
| --------------
------------------------------------------------------------------------------------------------

  Enable Multi Corner Analysis               :  Yes
  Enable Pessimism Removal                   :  Yes
  Pessimism Removal Resolution               :  Nearest Common Node
  Enable Input Delay Default Clock           :  No
  Enable Preset / Clear Arcs                 :  No
  Disable Flight Delays                      :  No
  Ignore I/O Paths                           :  No
  Timing Early Launch at Borrowing Latches   :  No
  Borrow Time for Max Delay Exceptions       :  Yes
  Merge Timing Exceptions                    :  Yes

  Corner  Analyze    Analyze    
  Name    Max Paths  Min Paths  
  ------  ---------  ---------  
  Slow    Yes        Yes        
  Fast    Yes        Yes        



check_timing report

Table of Contents
-----------------
1. checking no_clock (55)
2. checking constant_clock (0)
3. checking pulse_width_clock (0)
4. checking unconstrained_internal_endpoints (70)
5. checking no_input_delay (6)
6. checking no_output_delay (8)
7. checking multiple_clock (0)
8. checking generated_clocks (0)
9. checking loops (0)
10. checking partial_input_delay (0)
11. checking partial_output_delay (0)
12. checking latch_loops (0)

1. checking no_clock (55)
-------------------------
 There is 1 register/latch pin with no clock driven by root clock pin: DCO (HIGH)

 There are 4 register/latch pins with no clock driven by root clock pin: sys_rst_n (HIGH)

 There are 3 register/latch pins with no clock driven by root clock pin: u_ad9269/U_AD9269_SPI/DATA_CNT_reg[0]/Q (HIGH)

 There are 4 register/latch pins with no clock driven by root clock pin: u_ad9269/U_AD9269_SPI/DATA_CNT_reg[1]/Q (HIGH)

 There are 4 register/latch pins with no clock driven by root clock pin: u_ad9269/U_AD9269_SPI/SPI_CS_reg/Q (HIGH)

 There are 35 register/latch pins with no clock driven by root clock pin: u_ad9269/U_AD9269_SPI/SPI_SCLK_reg/Q (HIGH)

 There are 4 register/latch pins with no clock driven by root clock pin: u_ad9269/U_AD9269_SPI/cs_first_reg/Q (HIGH)


2. checking constant_clock (0)
------------------------------
 There are 0 register/latch pins with constant_clock.


3. checking pulse_width_clock (0)
---------------------------------
 There are 0 register/latch pins which need pulse_width check


4. checking unconstrained_internal_endpoints (70)
-------------------------------------------------
 There are 70 pins that are not constrained for maximum delay. (HIGH)

 There are 0 pins that are not constrained for maximum delay due to constant clock.


5. checking no_input_delay (6)
------------------------------
 There are 6 input ports with no input delay specified. (HIGH)

 There are 0 input ports with no input delay but user has a false path constraint.


6. checking no_output_delay (8)
-------------------------------
 There are 8 ports with no output delay specified. (HIGH)

 There are 0 ports with no output delay but user has a false path constraint

 There are 0 ports with no output delay but with a timing clock defined on it or propagating through it


7. checking multiple_clock (0)
------------------------------
 There are 0 register/latch pins with multiple clocks.


8. checking generated_clocks (0)
--------------------------------
 There are 0 generated clocks that are not connected to a clock source.


9. checking loops (0)
---------------------
 There are 0 combinational loops in the design.


10. checking partial_input_delay (0)
------------------------------------
 There are 0 input ports with partial input delay specified.


11. checking partial_output_delay (0)
-------------------------------------
 There are 0 ports with partial output delay specified.


12. checking latch_loops (0)
----------------------------
 There are 0 combinational latch loops in the design through latch input



------------------------------------------------------------------------------------------------
| Design Timing Summary
| ---------------------
------------------------------------------------------------------------------------------------

    WNS(ns)      TNS(ns)  TNS Failing Endpoints  TNS Total Endpoints      WHS(ns)      THS(ns)  THS Failing Endpoints  THS Total Endpoints     WPWS(ns)     TPWS(ns)  TPWS Failing Endpoints  TPWS Total Endpoints  
    -------      -------  ---------------------  -------------------      -------      -------  ---------------------  -------------------     --------     --------  ----------------------  --------------------  
      0.368        0.000                      0                 3479        0.041        0.000                      0                 3479        0.264        0.000                       0                  1771  


All user specified timing constraints are met.


------------------------------------------------------------------------------------------------
| Clock Summary
| -------------
------------------------------------------------------------------------------------------------

Clock                     Waveform(ns)         Period(ns)      Frequency(MHz)
-----                     ------------         ----------      --------------
eth_rxc                   {0.000 4.000}        8.000           125.000         
sys_clk                   {0.000 10.000}       20.000          50.000          
u_clk_wiz_0/inst/clk_in1  {0.000 10.000}       20.000          50.000          
  clk_out1_clk_wiz_0      {0.000 2.500}        5.000           200.000         
  clk_out2_clk_wiz_0      {0.000 25.000}       50.000          20.000          
  clkfbout_clk_wiz_0      {0.000 10.000}       20.000          50.000          


------------------------------------------------------------------------------------------------
| Intra Clock Table
| -----------------
------------------------------------------------------------------------------------------------

Clock                         WNS(ns)      TNS(ns)  TNS Failing Endpoints  TNS Total Endpoints      WHS(ns)      THS(ns)  THS Failing Endpoints  THS Total Endpoints     WPWS(ns)     TPWS(ns)  TPWS Failing Endpoints  TPWS Total Endpoints  
-----                         -------      -------  ---------------------  -------------------      -------      -------  ---------------------  -------------------     --------     --------  ----------------------  --------------------  
eth_rxc                         0.368        0.000                      0                 3345        0.041        0.000                      0                 3345        3.500        0.000                       0                  1723  
sys_clk                        18.835        0.000                      0                    3        0.290        0.000                      0                    3        9.500        0.000                       0                     4  
u_clk_wiz_0/inst/clk_in1                                                                                                                                                    7.000        0.000                       0                     1  
  clk_out1_clk_wiz_0                                                                                                                                                        0.264        0.000                       0                     3  
  clk_out2_clk_wiz_0           44.731        0.000                      0                   60        0.224        0.000                      0                   60       24.500        0.000                       0                    37  
  clkfbout_clk_wiz_0                                                                                                                                                       17.845        0.000                       0                     3  


------------------------------------------------------------------------------------------------
| Inter Clock Table
| -----------------
------------------------------------------------------------------------------------------------

From Clock    To Clock          WNS(ns)      TNS(ns)  TNS Failing Endpoints  TNS Total Endpoints      WHS(ns)      THS(ns)  THS Failing Endpoints  THS Total Endpoints  
----------    --------          -------      -------  ---------------------  -------------------      -------      -------  ---------------------  -------------------  
sys_clk       eth_rxc             1.560        0.000                      0                    5        0.074        0.000                      0                    5  


------------------------------------------------------------------------------------------------
| Other Path Groups Table
| -----------------------
------------------------------------------------------------------------------------------------

Path Group         From Clock         To Clock               WNS(ns)      TNS(ns)  TNS Failing Endpoints  TNS Total Endpoints      WHS(ns)      THS(ns)  THS Failing Endpoints  THS Total Endpoints  
----------         ----------         --------               -------      -------  ---------------------  -------------------      -------      -------  ---------------------  -------------------  
**async_default**  eth_rxc            eth_rxc                  5.350        0.000                      0                   71        0.324        0.000                      0                   71  


------------------------------------------------------------------------------------------------
| Timing Details
| --------------
------------------------------------------------------------------------------------------------


---------------------------------------------------------------------------------------------------
From Clock:  eth_rxc
  To Clock:  eth_rxc

Setup :            0  Failing Endpoints,  Worst Slack        0.368ns,  Total Violation        0.000ns
Hold  :            0  Failing Endpoints,  Worst Slack        0.041ns,  Total Violation        0.000ns
PW    :            0  Failing Endpoints,  Worst Slack        3.500ns,  Total Violation        0.000ns
---------------------------------------------------------------------------------------------------


Max Delay Paths
--------------------------------------------------------------------------------------
Slack (MET) :             0.368ns  (required time - arrival time)
  Source:                 u_icmp/u_icmp_tx/cur_state_reg[0]/C
                            (rising edge-triggered cell FDPE clocked by eth_rxc  {rise@0.000ns fall@4.000ns period=8.000ns})
  Destination:            u_icmp/u_icmp_tx/ip_head_reg[4][17]/R
                            (rising edge-triggered cell FDRE clocked by eth_rxc  {rise@0.000ns fall@4.000ns period=8.000ns})
  Path Group:             eth_rxc
  Path Type:              Setup (Max at Slow Process Corner)
  Requirement:            8.000ns  (eth_rxc rise@8.000ns - eth_rxc rise@0.000ns)
  Data Path Delay:        7.020ns  (logic 1.502ns (21.397%)  route 5.518ns (78.603%))
  Logic Levels:           5  (LUT3=1 LUT4=3 LUT6=1)
  Clock Path Skew:        -0.053ns (DCD - SCD + CPR)
    Destination Clock Delay (DCD):    4.864ns = ( 12.864 - 8.000 ) 
    Source Clock Delay      (SCD):    5.308ns
    Clock Pessimism Removal (CPR):    0.391ns
  Clock Uncertainty:      0.035ns  ((TSJ^2 + TIJ^2)^1/2 + DJ) / 2 + PE
    Total System Jitter     (TSJ):    0.071ns
    Total Input Jitter      (TIJ):    0.000ns
    Discrete Jitter          (DJ):    0.000ns
    Phase Error              (PE):    0.000ns

    Location             Delay type                Incr(ns)  Path(ns)    Netlist Resource(s)
  -------------------------------------------------------------------    -------------------
                         (clock eth_rxc rise edge)    0.000     0.000 r  
    K17                                               0.000     0.000 r  eth_rxc (IN)
                         net (fo=0)                   0.000     0.000    eth_rxc
    K17                  IBUF (Prop_ibuf_I_O)         1.492     1.492 r  eth_rxc_IBUF_inst/O
                         net (fo=2, routed)           2.076     3.568    u_gmii_to_rgmii/u_rgmii_rx/rgmii_rxc
    BUFGCTRL_X0Y16       BUFG (Prop_bufg_I_O)         0.101     3.669 r  u_gmii_to_rgmii/u_rgmii_rx/BUFG_inst/O
                         net (fo=1717, routed)        1.639     5.308    u_icmp/u_icmp_tx/rgmii_txc
    SLICE_X26Y75         FDPE                                         r  u_icmp/u_icmp_tx/cur_state_reg[0]/C
  -------------------------------------------------------------------    -------------------
    SLICE_X26Y75         FDPE (Prop_fdpe_C_Q)         0.456     5.764 r  u_icmp/u_icmp_tx/cur_state_reg[0]/Q
                         net (fo=13, routed)          0.960     6.724    u_icmp/u_icmp_tx/cur_state[0]
    SLICE_X26Y74         LUT4 (Prop_lut4_I0_O)        0.152     6.876 r  u_icmp/u_icmp_tx/cur_state[7]_i_4/O
                         net (fo=1, routed)           0.436     7.312    u_icmp/u_icmp_tx/cur_state[7]_i_4_n_0
    SLICE_X26Y74         LUT4 (Prop_lut4_I1_O)        0.326     7.638 f  u_icmp/u_icmp_tx/cur_state[7]_i_2/O
                         net (fo=31, routed)          0.965     8.603    u_icmp/u_icmp_tx/cur_state[7]_i_2_n_0
    SLICE_X25Y73         LUT4 (Prop_lut4_I3_O)        0.118     8.721 f  u_icmp/u_icmp_tx/cur_state[1]_i_1__2/O
                         net (fo=24, routed)          1.137     9.858    u_icmp/u_icmp_tx/cur_state[1]_i_1__2_n_0
    SLICE_X25Y73         LUT6 (Prop_lut6_I0_O)        0.326    10.184 r  u_icmp/u_icmp_tx/ip_head[1][31]_i_1__0/O
                         net (fo=19, routed)          1.174    11.358    u_icmp/u_icmp_tx/trig_tx_en_reg_0[0]
    SLICE_X33Y76         LUT3 (Prop_lut3_I0_O)        0.124    11.482 r  u_icmp/u_icmp_tx/ip_head[4][29]_i_1/O
                         net (fo=32, routed)          0.845    12.327    u_icmp/u_icmp_tx/ip_head[4][29]_i_1_n_0
    SLICE_X34Y73         FDRE                                         r  u_icmp/u_icmp_tx/ip_head_reg[4][17]/R
  -------------------------------------------------------------------    -------------------

                         (clock eth_rxc rise edge)    8.000     8.000 r  
    K17                                               0.000     8.000 r  eth_rxc (IN)
                         net (fo=0)                   0.000     8.000    eth_rxc
    K17                  IBUF (Prop_ibuf_I_O)         1.421     9.421 r  eth_rxc_IBUF_inst/O
                         net (fo=2, routed)           1.880    11.301    u_gmii_to_rgmii/u_rgmii_rx/rgmii_rxc
    BUFGCTRL_X0Y16       BUFG (Prop_bufg_I_O)         0.091    11.392 r  u_gmii_to_rgmii/u_rgmii_rx/BUFG_inst/O
                         net (fo=1717, routed)        1.472    12.864    u_icmp/u_icmp_tx/rgmii_txc
    SLICE_X34Y73         FDRE                                         r  u_icmp/u_icmp_tx/ip_head_reg[4][17]/C
                         clock pessimism              0.391    13.255    
                         clock uncertainty           -0.035    13.219    
    SLICE_X34Y73         FDRE (Setup_fdre_C_R)       -0.524    12.695    u_icmp/u_icmp_tx/ip_head_reg[4][17]
  -------------------------------------------------------------------
                         required time                         12.695    
                         arrival time                         -12.327    
  -------------------------------------------------------------------
                         slack                                  0.368    

Slack (MET) :             0.368ns  (required time - arrival time)
  Source:                 u_icmp/u_icmp_tx/cur_state_reg[0]/C
                            (rising edge-triggered cell FDPE clocked by eth_rxc  {rise@0.000ns fall@4.000ns period=8.000ns})
  Destination:            u_icmp/u_icmp_tx/ip_head_reg[4][2]/S
                            (rising edge-triggered cell FDSE clocked by eth_rxc  {rise@0.000ns fall@4.000ns period=8.000ns})
  Path Group:             eth_rxc
  Path Type:              Setup (Max at Slow Process Corner)
  Requirement:            8.000ns  (eth_rxc rise@8.000ns - eth_rxc rise@0.000ns)
  Data Path Delay:        7.020ns  (logic 1.502ns (21.397%)  route 5.518ns (78.603%))
  Logic Levels:           5  (LUT3=1 LUT4=3 LUT6=1)
  Clock Path Skew:        -0.053ns (DCD - SCD + CPR)
    Destination Clock Delay (DCD):    4.864ns = ( 12.864 - 8.000 ) 
    Source Clock Delay      (SCD):    5.308ns
    Clock Pessimism Removal (CPR):    0.391ns
  Clock Uncertainty:      0.035ns  ((TSJ^2 + TIJ^2)^1/2 + DJ) / 2 + PE
    Total System Jitter     (TSJ):    0.071ns
    Total Input Jitter      (TIJ):    0.000ns
    Discrete Jitter          (DJ):    0.000ns
    Phase Error              (PE):    0.000ns

    Location             Delay type                Incr(ns)  Path(ns)    Netlist Resource(s)
  -------------------------------------------------------------------    -------------------
                         (clock eth_rxc rise edge)    0.000     0.000 r  
    K17                                               0.000     0.000 r  eth_rxc (IN)
                         net (fo=0)                   0.000     0.000    eth_rxc
    K17                  IBUF (Prop_ibuf_I_O)         1.492     1.492 r  eth_rxc_IBUF_inst/O
                         net (fo=2, routed)           2.076     3.568    u_gmii_to_rgmii/u_rgmii_rx/rgmii_rxc
    BUFGCTRL_X0Y16       BUFG (Prop_bufg_I_O)         0.101     3.669 r  u_gmii_to_rgmii/u_rgmii_rx/BUFG_inst/O
                         net (fo=1717, routed)        1.639     5.308    u_icmp/u_icmp_tx/rgmii_txc
    SLICE_X26Y75         FDPE                                         r  u_icmp/u_icmp_tx/cur_state_reg[0]/C
  -------------------------------------------------------------------    -------------------
    SLICE_X26Y75         FDPE (Prop_fdpe_C_Q)         0.456     5.764 r  u_icmp/u_icmp_tx/cur_state_reg[0]/Q
                         net (fo=13, routed)          0.960     6.724    u_icmp/u_icmp_tx/cur_state[0]
    SLICE_X26Y74         LUT4 (Prop_lut4_I0_O)        0.152     6.876 r  u_icmp/u_icmp_tx/cur_state[7]_i_4/O
                         net (fo=1, routed)           0.436     7.312    u_icmp/u_icmp_tx/cur_state[7]_i_4_n_0
    SLICE_X26Y74         LUT4 (Prop_lut4_I1_O)        0.326     7.638 f  u_icmp/u_icmp_tx/cur_state[7]_i_2/O
                         net (fo=31, routed)          0.965     8.603    u_icmp/u_icmp_tx/cur_state[7]_i_2_n_0
    SLICE_X25Y73         LUT4 (Prop_lut4_I3_O)        0.118     8.721 f  u_icmp/u_icmp_tx/cur_state[1]_i_1__2/O
                         net (fo=24, routed)          1.137     9.858    u_icmp/u_icmp_tx/cur_state[1]_i_1__2_n_0
    SLICE_X25Y73         LUT6 (Prop_lut6_I0_O)        0.326    10.184 r  u_icmp/u_icmp_tx/ip_head[1][31]_i_1__0/O
                         net (fo=19, routed)          1.174    11.358    u_icmp/u_icmp_tx/trig_tx_en_reg_0[0]
    SLICE_X33Y76         LUT3 (Prop_lut3_I0_O)        0.124    11.482 r  u_icmp/u_icmp_tx/ip_head[4][29]_i_1/O
                         net (fo=32, routed)          0.845    12.327    u_icmp/u_icmp_tx/ip_head[4][29]_i_1_n_0
    SLICE_X34Y73         FDSE                                         r  u_icmp/u_icmp_tx/ip_head_reg[4][2]/S
  -------------------------------------------------------------------    -------------------

                         (clock eth_rxc rise edge)    8.000     8.000 r  
    K17                                               0.000     8.000 r  eth_rxc (IN)
                         net (fo=0)                   0.000     8.000    eth_rxc
    K17                  IBUF (Prop_ibuf_I_O)         1.421     9.421 r  eth_rxc_IBUF_inst/O
                         net (fo=2, routed)           1.880    11.301    u_gmii_to_rgmii/u_rgmii_rx/rgmii_rxc
    BUFGCTRL_X0Y16       BUFG (Prop_bufg_I_O)         0.091    11.392 r  u_gmii_to_rgmii/u_rgmii_rx/BUFG_inst/O
                         net (fo=1717, routed)        1.472    12.864    u_icmp/u_icmp_tx/rgmii_txc
    SLICE_X34Y73         FDSE                                         r  u_icmp/u_icmp_tx/ip_head_reg[4][2]/C
                         clock pessimism              0.391    13.255    
                         clock uncertainty           -0.035    13.219    
    SLICE_X34Y73         FDSE (Setup_fdse_C_S)       -0.524    12.695    u_icmp/u_icmp_tx/ip_head_reg[4][2]
  -------------------------------------------------------------------
                         required time                         12.695    
                         arrival time                         -12.327    
  -------------------------------------------------------------------
                         slack                                  0.368    

Slack (MET) :             0.377ns  (required time - arrival time)
  Source:                 u_icmp/u_icmp_tx/cur_state_reg[0]/C
                            (rising edge-triggered cell FDPE clocked by eth_rxc  {rise@0.000ns fall@4.000ns period=8.000ns})
  Destination:            u_icmp/u_icmp_tx/ip_head_reg[4][12]/R
                            (rising edge-triggered cell FDRE clocked by eth_rxc  {rise@0.000ns fall@4.000ns period=8.000ns})
  Path Group:             eth_rxc
  Path Type:              Setup (Max at Slow Process Corner)
  Requirement:            8.000ns  (eth_rxc rise@8.000ns - eth_rxc rise@0.000ns)
  Data Path Delay:        7.011ns  (logic 1.502ns (21.424%)  route 5.509ns (78.576%))
  Logic Levels:           5  (LUT3=1 LUT4=3 LUT6=1)
  Clock Path Skew:        -0.053ns (DCD - SCD + CPR)
    Destination Clock Delay (DCD):    4.864ns = ( 12.864 - 8.000 ) 
    Source Clock Delay      (SCD):    5.308ns
    Clock Pessimism Removal (CPR):    0.391ns
  Clock Uncertainty:      0.035ns  ((TSJ^2 + TIJ^2)^1/2 + DJ) / 2 + PE
    Total System Jitter     (TSJ):    0.071ns
    Total Input Jitter      (TIJ):    0.000ns
    Discrete Jitter          (DJ):    0.000ns
    Phase Error              (PE):    0.000ns

    Location             Delay type                Incr(ns)  Path(ns)    Netlist Resource(s)
  -------------------------------------------------------------------    -------------------
                         (clock eth_rxc rise edge)    0.000     0.000 r  
    K17                                               0.000     0.000 r  eth_rxc (IN)
                         net (fo=0)                   0.000     0.000    eth_rxc
    K17                  IBUF (Prop_ibuf_I_O)         1.492     1.492 r  eth_rxc_IBUF_inst/O
                         net (fo=2, routed)           2.076     3.568    u_gmii_to_rgmii/u_rgmii_rx/rgmii_rxc
    BUFGCTRL_X0Y16       BUFG (Prop_bufg_I_O)         0.101     3.669 r  u_gmii_to_rgmii/u_rgmii_rx/BUFG_inst/O
                         net (fo=1717, routed)        1.639     5.308    u_icmp/u_icmp_tx/rgmii_txc
    SLICE_X26Y75         FDPE                                         r  u_icmp/u_icmp_tx/cur_state_reg[0]/C
  -------------------------------------------------------------------    -------------------
    SLICE_X26Y75         FDPE (Prop_fdpe_C_Q)         0.456     5.764 r  u_icmp/u_icmp_tx/cur_state_reg[0]/Q
                         net (fo=13, routed)          0.960     6.724    u_icmp/u_icmp_tx/cur_state[0]
    SLICE_X26Y74         LUT4 (Prop_lut4_I0_O)        0.152     6.876 r  u_icmp/u_icmp_tx/cur_state[7]_i_4/O
                         net (fo=1, routed)           0.436     7.312    u_icmp/u_icmp_tx/cur_state[7]_i_4_n_0
    SLICE_X26Y74         LUT4 (Prop_lut4_I1_O)        0.326     7.638 f  u_icmp/u_icmp_tx/cur_state[7]_i_2/O
                         net (fo=31, routed)          0.965     8.603    u_icmp/u_icmp_tx/cur_state[7]_i_2_n_0
    SLICE_X25Y73         LUT4 (Prop_lut4_I3_O)        0.118     8.721 f  u_icmp/u_icmp_tx/cur_state[1]_i_1__2/O
                         net (fo=24, routed)          1.137     9.858    u_icmp/u_icmp_tx/cur_state[1]_i_1__2_n_0
    SLICE_X25Y73         LUT6 (Prop_lut6_I0_O)        0.326    10.184 r  u_icmp/u_icmp_tx/ip_head[1][31]_i_1__0/O
                         net (fo=19, routed)          1.174    11.358    u_icmp/u_icmp_tx/trig_tx_en_reg_0[0]
    SLICE_X33Y76         LUT3 (Prop_lut3_I0_O)        0.124    11.482 r  u_icmp/u_icmp_tx/ip_head[4][29]_i_1/O
                         net (fo=32, routed)          0.836    12.318    u_icmp/u_icmp_tx/ip_head[4][29]_i_1_n_0
    SLICE_X34Y76         FDRE                                         r  u_icmp/u_icmp_tx/ip_head_reg[4][12]/R
  -------------------------------------------------------------------    -------------------

                         (clock eth_rxc rise edge)    8.000     8.000 r  
    K17                                               0.000     8.000 r  eth_rxc (IN)
                         net (fo=0)                   0.000     8.000    eth_rxc
    K17                  IBUF (Prop_ibuf_I_O)         1.421     9.421 r  eth_rxc_IBUF_inst/O
                         net (fo=2, routed)           1.880    11.301    u_gmii_to_rgmii/u_rgmii_rx/rgmii_rxc
    BUFGCTRL_X0Y16       BUFG (Prop_bufg_I_O)         0.091    11.392 r  u_gmii_to_rgmii/u_rgmii_rx/BUFG_inst/O
                         net (fo=1717, routed)        1.472    12.864    u_icmp/u_icmp_tx/rgmii_txc
    SLICE_X34Y76         FDRE                                         r  u_icmp/u_icmp_tx/ip_head_reg[4][12]/C
                         clock pessimism              0.391    13.255    
                         clock uncertainty           -0.035    13.219    
    SLICE_X34Y76         FDRE (Setup_fdre_C_R)       -0.524    12.695    u_icmp/u_icmp_tx/ip_head_reg[4][12]
  -------------------------------------------------------------------
                         required time                         12.695    
                         arrival time                         -12.318    
  -------------------------------------------------------------------
                         slack                                  0.377    

Slack (MET) :             0.377ns  (required time - arrival time)
  Source:                 u_icmp/u_icmp_tx/cur_state_reg[0]/C
                            (rising edge-triggered cell FDPE clocked by eth_rxc  {rise@0.000ns fall@4.000ns period=8.000ns})
  Destination:            u_icmp/u_icmp_tx/ip_head_reg[4][13]/R
                            (rising edge-triggered cell FDRE clocked by eth_rxc  {rise@0.000ns fall@4.000ns period=8.000ns})
  Path Group:             eth_rxc
  Path Type:              Setup (Max at Slow Process Corner)
  Requirement:            8.000ns  (eth_rxc rise@8.000ns - eth_rxc rise@0.000ns)
  Data Path Delay:        7.011ns  (logic 1.502ns (21.424%)  route 5.509ns (78.576%))
  Logic Levels:           5  (LUT3=1 LUT4=3 LUT6=1)
  Clock Path Skew:        -0.053ns (DCD - SCD + CPR)
    Destination Clock Delay (DCD):    4.864ns = ( 12.864 - 8.000 ) 
    Source Clock Delay      (SCD):    5.308ns
    Clock Pessimism Removal (CPR):    0.391ns
  Clock Uncertainty:      0.035ns  ((TSJ^2 + TIJ^2)^1/2 + DJ) / 2 + PE
    Total System Jitter     (TSJ):    0.071ns
    Total Input Jitter      (TIJ):    0.000ns
    Discrete Jitter          (DJ):    0.000ns
    Phase Error              (PE):    0.000ns

    Location             Delay type                Incr(ns)  Path(ns)    Netlist Resource(s)
  -------------------------------------------------------------------    -------------------
                         (clock eth_rxc rise edge)    0.000     0.000 r  
    K17                                               0.000     0.000 r  eth_rxc (IN)
                         net (fo=0)                   0.000     0.000    eth_rxc
    K17                  IBUF (Prop_ibuf_I_O)         1.492     1.492 r  eth_rxc_IBUF_inst/O
                         net (fo=2, routed)           2.076     3.568    u_gmii_to_rgmii/u_rgmii_rx/rgmii_rxc
    BUFGCTRL_X0Y16       BUFG (Prop_bufg_I_O)         0.101     3.669 r  u_gmii_to_rgmii/u_rgmii_rx/BUFG_inst/O
                         net (fo=1717, routed)        1.639     5.308    u_icmp/u_icmp_tx/rgmii_txc
    SLICE_X26Y75         FDPE                                         r  u_icmp/u_icmp_tx/cur_state_reg[0]/C
  -------------------------------------------------------------------    -------------------
    SLICE_X26Y75         FDPE (Prop_fdpe_C_Q)         0.456     5.764 r  u_icmp/u_icmp_tx/cur_state_reg[0]/Q
                         net (fo=13, routed)          0.960     6.724    u_icmp/u_icmp_tx/cur_state[0]
    SLICE_X26Y74         LUT4 (Prop_lut4_I0_O)        0.152     6.876 r  u_icmp/u_icmp_tx/cur_state[7]_i_4/O
                         net (fo=1, routed)           0.436     7.312    u_icmp/u_icmp_tx/cur_state[7]_i_4_n_0
    SLICE_X26Y74         LUT4 (Prop_lut4_I1_O)        0.326     7.638 f  u_icmp/u_icmp_tx/cur_state[7]_i_2/O
                         net (fo=31, routed)          0.965     8.603    u_icmp/u_icmp_tx/cur_state[7]_i_2_n_0
    SLICE_X25Y73         LUT4 (Prop_lut4_I3_O)        0.118     8.721 f  u_icmp/u_icmp_tx/cur_state[1]_i_1__2/O
                         net (fo=24, routed)          1.137     9.858    u_icmp/u_icmp_tx/cur_state[1]_i_1__2_n_0
    SLICE_X25Y73         LUT6 (Prop_lut6_I0_O)        0.326    10.184 r  u_icmp/u_icmp_tx/ip_head[1][31]_i_1__0/O
                         net (fo=19, routed)          1.174    11.358    u_icmp/u_icmp_tx/trig_tx_en_reg_0[0]
    SLICE_X33Y76         LUT3 (Prop_lut3_I0_O)        0.124    11.482 r  u_icmp/u_icmp_tx/ip_head[4][29]_i_1/O
                         net (fo=32, routed)          0.836    12.318    u_icmp/u_icmp_tx/ip_head[4][29]_i_1_n_0
    SLICE_X34Y76         FDRE                                         r  u_icmp/u_icmp_tx/ip_head_reg[4][13]/R
  -------------------------------------------------------------------    -------------------

                         (clock eth_rxc rise edge)    8.000     8.000 r  
    K17                                               0.000     8.000 r  eth_rxc (IN)
                         net (fo=0)                   0.000     8.000    eth_rxc
    K17                  IBUF (Prop_ibuf_I_O)         1.421     9.421 r  eth_rxc_IBUF_inst/O
                         net (fo=2, routed)           1.880    11.301    u_gmii_to_rgmii/u_rgmii_rx/rgmii_rxc
    BUFGCTRL_X0Y16       BUFG (Prop_bufg_I_O)         0.091    11.392 r  u_gmii_to_rgmii/u_rgmii_rx/BUFG_inst/O
                         net (fo=1717, routed)        1.472    12.864    u_icmp/u_icmp_tx/rgmii_txc
    SLICE_X34Y76         FDRE                                         r  u_icmp/u_icmp_tx/ip_head_reg[4][13]/C
                         clock pessimism              0.391    13.255    
                         clock uncertainty           -0.035    13.219    
    SLICE_X34Y76         FDRE (Setup_fdre_C_R)       -0.524    12.695    u_icmp/u_icmp_tx/ip_head_reg[4][13]
  -------------------------------------------------------------------
                         required time                         12.695    
                         arrival time                         -12.318    
  -------------------------------------------------------------------
                         slack                                  0.377    

Slack (MET) :             0.377ns  (required time - arrival time)
  Source:                 u_icmp/u_icmp_tx/cur_state_reg[0]/C
                            (rising edge-triggered cell FDPE clocked by eth_rxc  {rise@0.000ns fall@4.000ns period=8.000ns})
  Destination:            u_icmp/u_icmp_tx/ip_head_reg[4][22]/R
                            (rising edge-triggered cell FDRE clocked by eth_rxc  {rise@0.000ns fall@4.000ns period=8.000ns})
  Path Group:             eth_rxc
  Path Type:              Setup (Max at Slow Process Corner)
  Requirement:            8.000ns  (eth_rxc rise@8.000ns - eth_rxc rise@0.000ns)
  Data Path Delay:        7.011ns  (logic 1.502ns (21.424%)  route 5.509ns (78.576%))
  Logic Levels:           5  (LUT3=1 LUT4=3 LUT6=1)
  Clock Path Skew:        -0.053ns (DCD - SCD + CPR)
    Destination Clock Delay (DCD):    4.864ns = ( 12.864 - 8.000 ) 
    Source Clock Delay      (SCD):    5.308ns
    Clock Pessimism Removal (CPR):    0.391ns
  Clock Uncertainty:      0.035ns  ((TSJ^2 + TIJ^2)^1/2 + DJ) / 2 + PE
    Total System Jitter     (TSJ):    0.071ns
    Total Input Jitter      (TIJ):    0.000ns
    Discrete Jitter          (DJ):    0.000ns
    Phase Error              (PE):    0.000ns

    Location             Delay type                Incr(ns)  Path(ns)    Netlist Resource(s)
  -------------------------------------------------------------------    -------------------
                         (clock eth_rxc rise edge)    0.000     0.000 r  
    K17                                               0.000     0.000 r  eth_rxc (IN)
                         net (fo=0)                   0.000     0.000    eth_rxc
    K17                  IBUF (Prop_ibuf_I_O)         1.492     1.492 r  eth_rxc_IBUF_inst/O
                         net (fo=2, routed)           2.076     3.568    u_gmii_to_rgmii/u_rgmii_rx/rgmii_rxc
    BUFGCTRL_X0Y16       BUFG (Prop_bufg_I_O)         0.101     3.669 r  u_gmii_to_rgmii/u_rgmii_rx/BUFG_inst/O
                         net (fo=1717, routed)        1.639     5.308    u_icmp/u_icmp_tx/rgmii_txc
    SLICE_X26Y75         FDPE                                         r  u_icmp/u_icmp_tx/cur_state_reg[0]/C
  -------------------------------------------------------------------    -------------------
    SLICE_X26Y75         FDPE (Prop_fdpe_C_Q)         0.456     5.764 r  u_icmp/u_icmp_tx/cur_state_reg[0]/Q
                         net (fo=13, routed)          0.960     6.724    u_icmp/u_icmp_tx/cur_state[0]
    SLICE_X26Y74         LUT4 (Prop_lut4_I0_O)        0.152     6.876 r  u_icmp/u_icmp_tx/cur_state[7]_i_4/O
                         net (fo=1, routed)           0.436     7.312    u_icmp/u_icmp_tx/cur_state[7]_i_4_n_0
    SLICE_X26Y74         LUT4 (Prop_lut4_I1_O)        0.326     7.638 f  u_icmp/u_icmp_tx/cur_state[7]_i_2/O
                         net (fo=31, routed)          0.965     8.603    u_icmp/u_icmp_tx/cur_state[7]_i_2_n_0
    SLICE_X25Y73         LUT4 (Prop_lut4_I3_O)        0.118     8.721 f  u_icmp/u_icmp_tx/cur_state[1]_i_1__2/O
                         net (fo=24, routed)          1.137     9.858    u_icmp/u_icmp_tx/cur_state[1]_i_1__2_n_0
    SLICE_X25Y73         LUT6 (Prop_lut6_I0_O)        0.326    10.184 r  u_icmp/u_icmp_tx/ip_head[1][31]_i_1__0/O
                         net (fo=19, routed)          1.174    11.358    u_icmp/u_icmp_tx/trig_tx_en_reg_0[0]
    SLICE_X33Y76         LUT3 (Prop_lut3_I0_O)        0.124    11.482 r  u_icmp/u_icmp_tx/ip_head[4][29]_i_1/O
                         net (fo=32, routed)          0.836    12.318    u_icmp/u_icmp_tx/ip_head[4][29]_i_1_n_0
    SLICE_X34Y76         FDRE                                         r  u_icmp/u_icmp_tx/ip_head_reg[4][22]/R
  -------------------------------------------------------------------    -------------------

                         (clock eth_rxc rise edge)    8.000     8.000 r  
    K17                                               0.000     8.000 r  eth_rxc (IN)
                         net (fo=0)                   0.000     8.000    eth_rxc
    K17                  IBUF (Prop_ibuf_I_O)         1.421     9.421 r  eth_rxc_IBUF_inst/O
                         net (fo=2, routed)           1.880    11.301    u_gmii_to_rgmii/u_rgmii_rx/rgmii_rxc
    BUFGCTRL_X0Y16       BUFG (Prop_bufg_I_O)         0.091    11.392 r  u_gmii_to_rgmii/u_rgmii_rx/BUFG_inst/O
                         net (fo=1717, routed)        1.472    12.864    u_icmp/u_icmp_tx/rgmii_txc
    SLICE_X34Y76         FDRE                                         r  u_icmp/u_icmp_tx/ip_head_reg[4][22]/C
                         clock pessimism              0.391    13.255    
                         clock uncertainty           -0.035    13.219    
    SLICE_X34Y76         FDRE (Setup_fdre_C_R)       -0.524    12.695    u_icmp/u_icmp_tx/ip_head_reg[4][22]
  -------------------------------------------------------------------
                         required time                         12.695    
                         arrival time                         -12.318    
  -------------------------------------------------------------------
                         slack                                  0.377    

Slack (MET) :             0.377ns  (required time - arrival time)
  Source:                 u_icmp/u_icmp_tx/cur_state_reg[0]/C
                            (rising edge-triggered cell FDPE clocked by eth_rxc  {rise@0.000ns fall@4.000ns period=8.000ns})
  Destination:            u_icmp/u_icmp_tx/ip_head_reg[4][29]/R
                            (rising edge-triggered cell FDRE clocked by eth_rxc  {rise@0.000ns fall@4.000ns period=8.000ns})
  Path Group:             eth_rxc
  Path Type:              Setup (Max at Slow Process Corner)
  Requirement:            8.000ns  (eth_rxc rise@8.000ns - eth_rxc rise@0.000ns)
  Data Path Delay:        7.011ns  (logic 1.502ns (21.424%)  route 5.509ns (78.576%))
  Logic Levels:           5  (LUT3=1 LUT4=3 LUT6=1)
  Clock Path Skew:        -0.053ns (DCD - SCD + CPR)
    Destination Clock Delay (DCD):    4.864ns = ( 12.864 - 8.000 ) 
    Source Clock Delay      (SCD):    5.308ns
    Clock Pessimism Removal (CPR):    0.391ns
  Clock Uncertainty:      0.035ns  ((TSJ^2 + TIJ^2)^1/2 + DJ) / 2 + PE
    Total System Jitter     (TSJ):    0.071ns
    Total Input Jitter      (TIJ):    0.000ns
    Discrete Jitter          (DJ):    0.000ns
    Phase Error              (PE):    0.000ns

    Location             Delay type                Incr(ns)  Path(ns)    Netlist Resource(s)
  -------------------------------------------------------------------    -------------------
                         (clock eth_rxc rise edge)    0.000     0.000 r  
    K17                                               0.000     0.000 r  eth_rxc (IN)
                         net (fo=0)                   0.000     0.000    eth_rxc
    K17                  IBUF (Prop_ibuf_I_O)         1.492     1.492 r  eth_rxc_IBUF_inst/O
                         net (fo=2, routed)           2.076     3.568    u_gmii_to_rgmii/u_rgmii_rx/rgmii_rxc
    BUFGCTRL_X0Y16       BUFG (Prop_bufg_I_O)         0.101     3.669 r  u_gmii_to_rgmii/u_rgmii_rx/BUFG_inst/O
                         net (fo=1717, routed)        1.639     5.308    u_icmp/u_icmp_tx/rgmii_txc
    SLICE_X26Y75         FDPE                                         r  u_icmp/u_icmp_tx/cur_state_reg[0]/C
  -------------------------------------------------------------------    -------------------
    SLICE_X26Y75         FDPE (Prop_fdpe_C_Q)         0.456     5.764 r  u_icmp/u_icmp_tx/cur_state_reg[0]/Q
                         net (fo=13, routed)          0.960     6.724    u_icmp/u_icmp_tx/cur_state[0]
    SLICE_X26Y74         LUT4 (Prop_lut4_I0_O)        0.152     6.876 r  u_icmp/u_icmp_tx/cur_state[7]_i_4/O
                         net (fo=1, routed)           0.436     7.312    u_icmp/u_icmp_tx/cur_state[7]_i_4_n_0
    SLICE_X26Y74         LUT4 (Prop_lut4_I1_O)        0.326     7.638 f  u_icmp/u_icmp_tx/cur_state[7]_i_2/O
                         net (fo=31, routed)          0.965     8.603    u_icmp/u_icmp_tx/cur_state[7]_i_2_n_0
    SLICE_X25Y73         LUT4 (Prop_lut4_I3_O)        0.118     8.721 f  u_icmp/u_icmp_tx/cur_state[1]_i_1__2/O
                         net (fo=24, routed)          1.137     9.858    u_icmp/u_icmp_tx/cur_state[1]_i_1__2_n_0
    SLICE_X25Y73         LUT6 (Prop_lut6_I0_O)        0.326    10.184 r  u_icmp/u_icmp_tx/ip_head[1][31]_i_1__0/O
                         net (fo=19, routed)          1.174    11.358    u_icmp/u_icmp_tx/trig_tx_en_reg_0[0]
    SLICE_X33Y76         LUT3 (Prop_lut3_I0_O)        0.124    11.482 r  u_icmp/u_icmp_tx/ip_head[4][29]_i_1/O
                         net (fo=32, routed)          0.836    12.318    u_icmp/u_icmp_tx/ip_head[4][29]_i_1_n_0
    SLICE_X34Y76         FDRE                                         r  u_icmp/u_icmp_tx/ip_head_reg[4][29]/R
  -------------------------------------------------------------------    -------------------

                         (clock eth_rxc rise edge)    8.000     8.000 r  
    K17                                               0.000     8.000 r  eth_rxc (IN)
                         net (fo=0)                   0.000     8.000    eth_rxc
    K17                  IBUF (Prop_ibuf_I_O)         1.421     9.421 r  eth_rxc_IBUF_inst/O
                         net (fo=2, routed)           1.880    11.301    u_gmii_to_rgmii/u_rgmii_rx/rgmii_rxc
    BUFGCTRL_X0Y16       BUFG (Prop_bufg_I_O)         0.091    11.392 r  u_gmii_to_rgmii/u_rgmii_rx/BUFG_inst/O
                         net (fo=1717, routed)        1.472    12.864    u_icmp/u_icmp_tx/rgmii_txc
    SLICE_X34Y76         FDRE                                         r  u_icmp/u_icmp_tx/ip_head_reg[4][29]/C
                         clock pessimism              0.391    13.255    
                         clock uncertainty           -0.035    13.219    
    SLICE_X34Y76         FDRE (Setup_fdre_C_R)       -0.524    12.695    u_icmp/u_icmp_tx/ip_head_reg[4][29]
  -------------------------------------------------------------------
                         required time                         12.695    
                         arrival time                         -12.318    
  -------------------------------------------------------------------
                         slack                                  0.377    

Slack (MET) :             0.449ns  (required time - arrival time)
  Source:                 u_icmp/u_icmp_tx/cur_state_reg[0]/C
                            (rising edge-triggered cell FDPE clocked by eth_rxc  {rise@0.000ns fall@4.000ns period=8.000ns})
  Destination:            u_icmp/u_icmp_tx/ip_head_reg[4][19]/S
                            (rising edge-triggered cell FDSE clocked by eth_rxc  {rise@0.000ns fall@4.000ns period=8.000ns})
  Path Group:             eth_rxc
  Path Type:              Setup (Max at Slow Process Corner)
  Requirement:            8.000ns  (eth_rxc rise@8.000ns - eth_rxc rise@0.000ns)
  Data Path Delay:        6.937ns  (logic 1.502ns (21.652%)  route 5.435ns (78.348%))
  Logic Levels:           5  (LUT3=1 LUT4=3 LUT6=1)
  Clock Path Skew:        -0.055ns (DCD - SCD + CPR)
    Destination Clock Delay (DCD):    4.862ns = ( 12.862 - 8.000 ) 
    Source Clock Delay      (SCD):    5.308ns
    Clock Pessimism Removal (CPR):    0.391ns
  Clock Uncertainty:      0.035ns  ((TSJ^2 + TIJ^2)^1/2 + DJ) / 2 + PE
    Total System Jitter     (TSJ):    0.071ns
    Total Input Jitter      (TIJ):    0.000ns
    Discrete Jitter          (DJ):    0.000ns
    Phase Error              (PE):    0.000ns

    Location             Delay type                Incr(ns)  Path(ns)    Netlist Resource(s)
  -------------------------------------------------------------------    -------------------
                         (clock eth_rxc rise edge)    0.000     0.000 r  
    K17                                               0.000     0.000 r  eth_rxc (IN)
                         net (fo=0)                   0.000     0.000    eth_rxc
    K17                  IBUF (Prop_ibuf_I_O)         1.492     1.492 r  eth_rxc_IBUF_inst/O
                         net (fo=2, routed)           2.076     3.568    u_gmii_to_rgmii/u_rgmii_rx/rgmii_rxc
    BUFGCTRL_X0Y16       BUFG (Prop_bufg_I_O)         0.101     3.669 r  u_gmii_to_rgmii/u_rgmii_rx/BUFG_inst/O
                         net (fo=1717, routed)        1.639     5.308    u_icmp/u_icmp_tx/rgmii_txc
    SLICE_X26Y75         FDPE                                         r  u_icmp/u_icmp_tx/cur_state_reg[0]/C
  -------------------------------------------------------------------    -------------------
    SLICE_X26Y75         FDPE (Prop_fdpe_C_Q)         0.456     5.764 r  u_icmp/u_icmp_tx/cur_state_reg[0]/Q
                         net (fo=13, routed)          0.960     6.724    u_icmp/u_icmp_tx/cur_state[0]
    SLICE_X26Y74         LUT4 (Prop_lut4_I0_O)        0.152     6.876 r  u_icmp/u_icmp_tx/cur_state[7]_i_4/O
                         net (fo=1, routed)           0.436     7.312    u_icmp/u_icmp_tx/cur_state[7]_i_4_n_0
    SLICE_X26Y74         LUT4 (Prop_lut4_I1_O)        0.326     7.638 f  u_icmp/u_icmp_tx/cur_state[7]_i_2/O
                         net (fo=31, routed)          0.965     8.603    u_icmp/u_icmp_tx/cur_state[7]_i_2_n_0
    SLICE_X25Y73         LUT4 (Prop_lut4_I3_O)        0.118     8.721 f  u_icmp/u_icmp_tx/cur_state[1]_i_1__2/O
                         net (fo=24, routed)          1.137     9.858    u_icmp/u_icmp_tx/cur_state[1]_i_1__2_n_0
    SLICE_X25Y73         LUT6 (Prop_lut6_I0_O)        0.326    10.184 r  u_icmp/u_icmp_tx/ip_head[1][31]_i_1__0/O
                         net (fo=19, routed)          1.174    11.358    u_icmp/u_icmp_tx/trig_tx_en_reg_0[0]
    SLICE_X33Y76         LUT3 (Prop_lut3_I0_O)        0.124    11.482 r  u_icmp/u_icmp_tx/ip_head[4][29]_i_1/O
                         net (fo=32, routed)          0.763    12.245    u_icmp/u_icmp_tx/ip_head[4][29]_i_1_n_0
    SLICE_X34Y74         FDSE                                         r  u_icmp/u_icmp_tx/ip_head_reg[4][19]/S
  -------------------------------------------------------------------    -------------------

                         (clock eth_rxc rise edge)    8.000     8.000 r  
    K17                                               0.000     8.000 r  eth_rxc (IN)
                         net (fo=0)                   0.000     8.000    eth_rxc
    K17                  IBUF (Prop_ibuf_I_O)         1.421     9.421 r  eth_rxc_IBUF_inst/O
                         net (fo=2, routed)           1.880    11.301    u_gmii_to_rgmii/u_rgmii_rx/rgmii_rxc
    BUFGCTRL_X0Y16       BUFG (Prop_bufg_I_O)         0.091    11.392 r  u_gmii_to_rgmii/u_rgmii_rx/BUFG_inst/O
                         net (fo=1717, routed)        1.470    12.862    u_icmp/u_icmp_tx/rgmii_txc
    SLICE_X34Y74         FDSE                                         r  u_icmp/u_icmp_tx/ip_head_reg[4][19]/C
                         clock pessimism              0.391    13.253    
                         clock uncertainty           -0.035    13.217    
    SLICE_X34Y74         FDSE (Setup_fdse_C_S)       -0.524    12.693    u_icmp/u_icmp_tx/ip_head_reg[4][19]
  -------------------------------------------------------------------
                         required time                         12.693    
                         arrival time                         -12.245    
  -------------------------------------------------------------------
                         slack                                  0.449    

Slack (MET) :             0.449ns  (required time - arrival time)
  Source:                 u_icmp/u_icmp_tx/cur_state_reg[0]/C
                            (rising edge-triggered cell FDPE clocked by eth_rxc  {rise@0.000ns fall@4.000ns period=8.000ns})
  Destination:            u_icmp/u_icmp_tx/ip_head_reg[4][6]/S
                            (rising edge-triggered cell FDSE clocked by eth_rxc  {rise@0.000ns fall@4.000ns period=8.000ns})
  Path Group:             eth_rxc
  Path Type:              Setup (Max at Slow Process Corner)
  Requirement:            8.000ns  (eth_rxc rise@8.000ns - eth_rxc rise@0.000ns)
  Data Path Delay:        6.937ns  (logic 1.502ns (21.652%)  route 5.435ns (78.348%))
  Logic Levels:           5  (LUT3=1 LUT4=3 LUT6=1)
  Clock Path Skew:        -0.055ns (DCD - SCD + CPR)
    Destination Clock Delay (DCD):    4.862ns = ( 12.862 - 8.000 ) 
    Source Clock Delay      (SCD):    5.308ns
    Clock Pessimism Removal (CPR):    0.391ns
  Clock Uncertainty:      0.035ns  ((TSJ^2 + TIJ^2)^1/2 + DJ) / 2 + PE
    Total System Jitter     (TSJ):    0.071ns
    Total Input Jitter      (TIJ):    0.000ns
    Discrete Jitter          (DJ):    0.000ns
    Phase Error              (PE):    0.000ns

    Location             Delay type                Incr(ns)  Path(ns)    Netlist Resource(s)
  -------------------------------------------------------------------    -------------------
                         (clock eth_rxc rise edge)    0.000     0.000 r  
    K17                                               0.000     0.000 r  eth_rxc (IN)
                         net (fo=0)                   0.000     0.000    eth_rxc
    K17                  IBUF (Prop_ibuf_I_O)         1.492     1.492 r  eth_rxc_IBUF_inst/O
                         net (fo=2, routed)           2.076     3.568    u_gmii_to_rgmii/u_rgmii_rx/rgmii_rxc
    BUFGCTRL_X0Y16       BUFG (Prop_bufg_I_O)         0.101     3.669 r  u_gmii_to_rgmii/u_rgmii_rx/BUFG_inst/O
                         net (fo=1717, routed)        1.639     5.308    u_icmp/u_icmp_tx/rgmii_txc
    SLICE_X26Y75         FDPE                                         r  u_icmp/u_icmp_tx/cur_state_reg[0]/C
  -------------------------------------------------------------------    -------------------
    SLICE_X26Y75         FDPE (Prop_fdpe_C_Q)         0.456     5.764 r  u_icmp/u_icmp_tx/cur_state_reg[0]/Q
                         net (fo=13, routed)          0.960     6.724    u_icmp/u_icmp_tx/cur_state[0]
    SLICE_X26Y74         LUT4 (Prop_lut4_I0_O)        0.152     6.876 r  u_icmp/u_icmp_tx/cur_state[7]_i_4/O
                         net (fo=1, routed)           0.436     7.312    u_icmp/u_icmp_tx/cur_state[7]_i_4_n_0
    SLICE_X26Y74         LUT4 (Prop_lut4_I1_O)        0.326     7.638 f  u_icmp/u_icmp_tx/cur_state[7]_i_2/O
                         net (fo=31, routed)          0.965     8.603    u_icmp/u_icmp_tx/cur_state[7]_i_2_n_0
    SLICE_X25Y73         LUT4 (Prop_lut4_I3_O)        0.118     8.721 f  u_icmp/u_icmp_tx/cur_state[1]_i_1__2/O
                         net (fo=24, routed)          1.137     9.858    u_icmp/u_icmp_tx/cur_state[1]_i_1__2_n_0
    SLICE_X25Y73         LUT6 (Prop_lut6_I0_O)        0.326    10.184 r  u_icmp/u_icmp_tx/ip_head[1][31]_i_1__0/O
                         net (fo=19, routed)          1.174    11.358    u_icmp/u_icmp_tx/trig_tx_en_reg_0[0]
    SLICE_X33Y76         LUT3 (Prop_lut3_I0_O)        0.124    11.482 r  u_icmp/u_icmp_tx/ip_head[4][29]_i_1/O
                         net (fo=32, routed)          0.763    12.245    u_icmp/u_icmp_tx/ip_head[4][29]_i_1_n_0
    SLICE_X34Y74         FDSE                                         r  u_icmp/u_icmp_tx/ip_head_reg[4][6]/S
  -------------------------------------------------------------------    -------------------

                         (clock eth_rxc rise edge)    8.000     8.000 r  
    K17                                               0.000     8.000 r  eth_rxc (IN)
                         net (fo=0)                   0.000     8.000    eth_rxc
    K17                  IBUF (Prop_ibuf_I_O)         1.421     9.421 r  eth_rxc_IBUF_inst/O
                         net (fo=2, routed)           1.880    11.301    u_gmii_to_rgmii/u_rgmii_rx/rgmii_rxc
    BUFGCTRL_X0Y16       BUFG (Prop_bufg_I_O)         0.091    11.392 r  u_gmii_to_rgmii/u_rgmii_rx/BUFG_inst/O
                         net (fo=1717, routed)        1.470    12.862    u_icmp/u_icmp_tx/rgmii_txc
    SLICE_X34Y74         FDSE                                         r  u_icmp/u_icmp_tx/ip_head_reg[4][6]/C
                         clock pessimism              0.391    13.253    
                         clock uncertainty           -0.035    13.217    
    SLICE_X34Y74         FDSE (Setup_fdse_C_S)       -0.524    12.693    u_icmp/u_icmp_tx/ip_head_reg[4][6]
  -------------------------------------------------------------------
                         required time                         12.693    
                         arrival time                         -12.245    
  -------------------------------------------------------------------
                         slack                                  0.449    

Slack (MET) :             0.472ns  (required time - arrival time)
  Source:                 u_icmp/u_icmp_tx/cur_state_reg[0]/C
                            (rising edge-triggered cell FDPE clocked by eth_rxc  {rise@0.000ns fall@4.000ns period=8.000ns})
  Destination:            u_icmp/u_icmp_tx/ip_head_reg[4][25]/R
                            (rising edge-triggered cell FDRE clocked by eth_rxc  {rise@0.000ns fall@4.000ns period=8.000ns})
  Path Group:             eth_rxc
  Path Type:              Setup (Max at Slow Process Corner)
  Requirement:            8.000ns  (eth_rxc rise@8.000ns - eth_rxc rise@0.000ns)
  Data Path Delay:        7.011ns  (logic 1.502ns (21.424%)  route 5.509ns (78.576%))
  Logic Levels:           5  (LUT3=1 LUT4=3 LUT6=1)
  Clock Path Skew:        -0.053ns (DCD - SCD + CPR)
    Destination Clock Delay (DCD):    4.864ns = ( 12.864 - 8.000 ) 
    Source Clock Delay      (SCD):    5.308ns
    Clock Pessimism Removal (CPR):    0.391ns
  Clock Uncertainty:      0.035ns  ((TSJ^2 + TIJ^2)^1/2 + DJ) / 2 + PE
    Total System Jitter     (TSJ):    0.071ns
    Total Input Jitter      (TIJ):    0.000ns
    Discrete Jitter          (DJ):    0.000ns
    Phase Error              (PE):    0.000ns

    Location             Delay type                Incr(ns)  Path(ns)    Netlist Resource(s)
  -------------------------------------------------------------------    -------------------
                         (clock eth_rxc rise edge)    0.000     0.000 r  
    K17                                               0.000     0.000 r  eth_rxc (IN)
                         net (fo=0)                   0.000     0.000    eth_rxc
    K17                  IBUF (Prop_ibuf_I_O)         1.492     1.492 r  eth_rxc_IBUF_inst/O
                         net (fo=2, routed)           2.076     3.568    u_gmii_to_rgmii/u_rgmii_rx/rgmii_rxc
    BUFGCTRL_X0Y16       BUFG (Prop_bufg_I_O)         0.101     3.669 r  u_gmii_to_rgmii/u_rgmii_rx/BUFG_inst/O
                         net (fo=1717, routed)        1.639     5.308    u_icmp/u_icmp_tx/rgmii_txc
    SLICE_X26Y75         FDPE                                         r  u_icmp/u_icmp_tx/cur_state_reg[0]/C
  -------------------------------------------------------------------    -------------------
    SLICE_X26Y75         FDPE (Prop_fdpe_C_Q)         0.456     5.764 r  u_icmp/u_icmp_tx/cur_state_reg[0]/Q
                         net (fo=13, routed)          0.960     6.724    u_icmp/u_icmp_tx/cur_state[0]
    SLICE_X26Y74         LUT4 (Prop_lut4_I0_O)        0.152     6.876 r  u_icmp/u_icmp_tx/cur_state[7]_i_4/O
                         net (fo=1, routed)           0.436     7.312    u_icmp/u_icmp_tx/cur_state[7]_i_4_n_0
    SLICE_X26Y74         LUT4 (Prop_lut4_I1_O)        0.326     7.638 f  u_icmp/u_icmp_tx/cur_state[7]_i_2/O
                         net (fo=31, routed)          0.965     8.603    u_icmp/u_icmp_tx/cur_state[7]_i_2_n_0
    SLICE_X25Y73         LUT4 (Prop_lut4_I3_O)        0.118     8.721 f  u_icmp/u_icmp_tx/cur_state[1]_i_1__2/O
                         net (fo=24, routed)          1.137     9.858    u_icmp/u_icmp_tx/cur_state[1]_i_1__2_n_0
    SLICE_X25Y73         LUT6 (Prop_lut6_I0_O)        0.326    10.184 r  u_icmp/u_icmp_tx/ip_head[1][31]_i_1__0/O
                         net (fo=19, routed)          1.174    11.358    u_icmp/u_icmp_tx/trig_tx_en_reg_0[0]
    SLICE_X33Y76         LUT3 (Prop_lut3_I0_O)        0.124    11.482 r  u_icmp/u_icmp_tx/ip_head[4][29]_i_1/O
                         net (fo=32, routed)          0.836    12.318    u_icmp/u_icmp_tx/ip_head[4][29]_i_1_n_0
    SLICE_X35Y76         FDRE                                         r  u_icmp/u_icmp_tx/ip_head_reg[4][25]/R
  -------------------------------------------------------------------    -------------------

                         (clock eth_rxc rise edge)    8.000     8.000 r  
    K17                                               0.000     8.000 r  eth_rxc (IN)
                         net (fo=0)                   0.000     8.000    eth_rxc
    K17                  IBUF (Prop_ibuf_I_O)         1.421     9.421 r  eth_rxc_IBUF_inst/O
                         net (fo=2, routed)           1.880    11.301    u_gmii_to_rgmii/u_rgmii_rx/rgmii_rxc
    BUFGCTRL_X0Y16       BUFG (Prop_bufg_I_O)         0.091    11.392 r  u_gmii_to_rgmii/u_rgmii_rx/BUFG_inst/O
                         net (fo=1717, routed)        1.472    12.864    u_icmp/u_icmp_tx/rgmii_txc
    SLICE_X35Y76         FDRE                                         r  u_icmp/u_icmp_tx/ip_head_reg[4][25]/C
                         clock pessimism              0.391    13.255    
                         clock uncertainty           -0.035    13.219    
    SLICE_X35Y76         FDRE (Setup_fdre_C_R)       -0.429    12.790    u_icmp/u_icmp_tx/ip_head_reg[4][25]
  -------------------------------------------------------------------
                         required time                         12.790    
                         arrival time                         -12.318    
  -------------------------------------------------------------------
                         slack                                  0.472    

Slack (MET) :             0.472ns  (required time - arrival time)
  Source:                 u_icmp/u_icmp_tx/cur_state_reg[0]/C
                            (rising edge-triggered cell FDPE clocked by eth_rxc  {rise@0.000ns fall@4.000ns period=8.000ns})
  Destination:            u_icmp/u_icmp_tx/ip_head_reg[4][27]/R
                            (rising edge-triggered cell FDRE clocked by eth_rxc  {rise@0.000ns fall@4.000ns period=8.000ns})
  Path Group:             eth_rxc
  Path Type:              Setup (Max at Slow Process Corner)
  Requirement:            8.000ns  (eth_rxc rise@8.000ns - eth_rxc rise@0.000ns)
  Data Path Delay:        7.011ns  (logic 1.502ns (21.424%)  route 5.509ns (78.576%))
  Logic Levels:           5  (LUT3=1 LUT4=3 LUT6=1)
  Clock Path Skew:        -0.053ns (DCD - SCD + CPR)
    Destination Clock Delay (DCD):    4.864ns = ( 12.864 - 8.000 ) 
    Source Clock Delay      (SCD):    5.308ns
    Clock Pessimism Removal (CPR):    0.391ns
  Clock Uncertainty:      0.035ns  ((TSJ^2 + TIJ^2)^1/2 + DJ) / 2 + PE
    Total System Jitter     (TSJ):    0.071ns
    Total Input Jitter      (TIJ):    0.000ns
    Discrete Jitter          (DJ):    0.000ns
    Phase Error              (PE):    0.000ns

    Location             Delay type                Incr(ns)  Path(ns)    Netlist Resource(s)
  -------------------------------------------------------------------    -------------------
                         (clock eth_rxc rise edge)    0.000     0.000 r  
    K17                                               0.000     0.000 r  eth_rxc (IN)
                         net (fo=0)                   0.000     0.000    eth_rxc
    K17                  IBUF (Prop_ibuf_I_O)         1.492     1.492 r  eth_rxc_IBUF_inst/O
                         net (fo=2, routed)           2.076     3.568    u_gmii_to_rgmii/u_rgmii_rx/rgmii_rxc
    BUFGCTRL_X0Y16       BUFG (Prop_bufg_I_O)         0.101     3.669 r  u_gmii_to_rgmii/u_rgmii_rx/BUFG_inst/O
                         net (fo=1717, routed)        1.639     5.308    u_icmp/u_icmp_tx/rgmii_txc
    SLICE_X26Y75         FDPE                                         r  u_icmp/u_icmp_tx/cur_state_reg[0]/C
  -------------------------------------------------------------------    -------------------
    SLICE_X26Y75         FDPE (Prop_fdpe_C_Q)         0.456     5.764 r  u_icmp/u_icmp_tx/cur_state_reg[0]/Q
                         net (fo=13, routed)          0.960     6.724    u_icmp/u_icmp_tx/cur_state[0]
    SLICE_X26Y74         LUT4 (Prop_lut4_I0_O)        0.152     6.876 r  u_icmp/u_icmp_tx/cur_state[7]_i_4/O
                         net (fo=1, routed)           0.436     7.312    u_icmp/u_icmp_tx/cur_state[7]_i_4_n_0
    SLICE_X26Y74         LUT4 (Prop_lut4_I1_O)        0.326     7.638 f  u_icmp/u_icmp_tx/cur_state[7]_i_2/O
                         net (fo=31, routed)          0.965     8.603    u_icmp/u_icmp_tx/cur_state[7]_i_2_n_0
    SLICE_X25Y73         LUT4 (Prop_lut4_I3_O)        0.118     8.721 f  u_icmp/u_icmp_tx/cur_state[1]_i_1__2/O
                         net (fo=24, routed)          1.137     9.858    u_icmp/u_icmp_tx/cur_state[1]_i_1__2_n_0
    SLICE_X25Y73         LUT6 (Prop_lut6_I0_O)        0.326    10.184 r  u_icmp/u_icmp_tx/ip_head[1][31]_i_1__0/O
                         net (fo=19, routed)          1.174    11.358    u_icmp/u_icmp_tx/trig_tx_en_reg_0[0]
    SLICE_X33Y76         LUT3 (Prop_lut3_I0_O)        0.124    11.482 r  u_icmp/u_icmp_tx/ip_head[4][29]_i_1/O
                         net (fo=32, routed)          0.836    12.318    u_icmp/u_icmp_tx/ip_head[4][29]_i_1_n_0
    SLICE_X35Y76         FDRE                                         r  u_icmp/u_icmp_tx/ip_head_reg[4][27]/R
  -------------------------------------------------------------------    -------------------

                         (clock eth_rxc rise edge)    8.000     8.000 r  
    K17                                               0.000     8.000 r  eth_rxc (IN)
                         net (fo=0)                   0.000     8.000    eth_rxc
    K17                  IBUF (Prop_ibuf_I_O)         1.421     9.421 r  eth_rxc_IBUF_inst/O
                         net (fo=2, routed)           1.880    11.301    u_gmii_to_rgmii/u_rgmii_rx/rgmii_rxc
    BUFGCTRL_X0Y16       BUFG (Prop_bufg_I_O)         0.091    11.392 r  u_gmii_to_rgmii/u_rgmii_rx/BUFG_inst/O
                         net (fo=1717, routed)        1.472    12.864    u_icmp/u_icmp_tx/rgmii_txc
    SLICE_X35Y76         FDRE                                         r  u_icmp/u_icmp_tx/ip_head_reg[4][27]/C
                         clock pessimism              0.391    13.255    
                         clock uncertainty           -0.035    13.219    
    SLICE_X35Y76         FDRE (Setup_fdre_C_R)       -0.429    12.790    u_icmp/u_icmp_tx/ip_head_reg[4][27]
  -------------------------------------------------------------------
                         required time                         12.790    
                         arrival time                         -12.318    
  -------------------------------------------------------------------
                         slack                                  0.472    





Min Delay Paths
--------------------------------------------------------------------------------------
Slack (MET) :             0.041ns  (arrival time - required time)
  Source:                 u_async_fifo_2048x8b/U0/inst_fifo_gen/gconvfifo.rf/grf.rf/gntv_or_sync_fifo.gcx.clkx/rd_pntr_cdc_inst/dest_graysync_ff_reg[1][1]/C
                            (rising edge-triggered cell FDRE clocked by eth_rxc  {rise@0.000ns fall@4.000ns period=8.000ns})
  Destination:            u_async_fifo_2048x8b/U0/inst_fifo_gen/gconvfifo.rf/grf.rf/gntv_or_sync_fifo.gcx.clkx/rd_pntr_cdc_inst/dest_out_bin_ff_reg[1]/D
                            (rising edge-triggered cell FDRE clocked by eth_rxc  {rise@0.000ns fall@4.000ns period=8.000ns})
  Path Group:             eth_rxc
  Path Type:              Hold (Min at Fast Process Corner)
  Requirement:            0.000ns  (eth_rxc rise@0.000ns - eth_rxc rise@0.000ns)
  Data Path Delay:        0.398ns  (logic 0.226ns (56.769%)  route 0.172ns (43.231%))
  Logic Levels:           1  (LUT5=1)
  Clock Path Skew:        0.266ns (DCD - SCD - CPR)
    Destination Clock Delay (DCD):    1.982ns
    Source Clock Delay      (SCD):    1.464ns
    Clock Pessimism Removal (CPR):    0.252ns

    Location             Delay type                Incr(ns)  Path(ns)    Netlist Resource(s)
  -------------------------------------------------------------------    -------------------
                         (clock eth_rxc rise edge)    0.000     0.000 r  
    K17                                               0.000     0.000 r  eth_rxc (IN)
                         net (fo=0)                   0.000     0.000    eth_rxc
    K17                  IBUF (Prop_ibuf_I_O)         0.259     0.259 r  eth_rxc_IBUF_inst/O
                         net (fo=2, routed)           0.627     0.887    u_gmii_to_rgmii/u_rgmii_rx/rgmii_rxc
    BUFGCTRL_X0Y16       BUFG (Prop_bufg_I_O)         0.026     0.913 r  u_gmii_to_rgmii/u_rgmii_rx/BUFG_inst/O
                         net (fo=1717, routed)        0.552     1.464    u_async_fifo_2048x8b/U0/inst_fifo_gen/gconvfifo.rf/grf.rf/gntv_or_sync_fifo.gcx.clkx/rd_pntr_cdc_inst/dest_clk
    SLICE_X22Y63         FDRE                                         r  u_async_fifo_2048x8b/U0/inst_fifo_gen/gconvfifo.rf/grf.rf/gntv_or_sync_fifo.gcx.clkx/rd_pntr_cdc_inst/dest_graysync_ff_reg[1][1]/C
  -------------------------------------------------------------------    -------------------
    SLICE_X22Y63         FDRE (Prop_fdre_C_Q)         0.128     1.592 r  u_async_fifo_2048x8b/U0/inst_fifo_gen/gconvfifo.rf/grf.rf/gntv_or_sync_fifo.gcx.clkx/rd_pntr_cdc_inst/dest_graysync_ff_reg[1][1]/Q
                         net (fo=2, routed)           0.172     1.764    u_async_fifo_2048x8b/U0/inst_fifo_gen/gconvfifo.rf/grf.rf/gntv_or_sync_fifo.gcx.clkx/rd_pntr_cdc_inst/dest_graysync_ff[1][1]
    SLICE_X21Y62         LUT5 (Prop_lut5_I0_O)        0.098     1.862 r  u_async_fifo_2048x8b/U0/inst_fifo_gen/gconvfifo.rf/grf.rf/gntv_or_sync_fifo.gcx.clkx/rd_pntr_cdc_inst/dest_out_bin_ff[1]_i_1/O
                         net (fo=1, routed)           0.000     1.862    u_async_fifo_2048x8b/U0/inst_fifo_gen/gconvfifo.rf/grf.rf/gntv_or_sync_fifo.gcx.clkx/rd_pntr_cdc_inst/binval[1]
    SLICE_X21Y62         FDRE                                         r  u_async_fifo_2048x8b/U0/inst_fifo_gen/gconvfifo.rf/grf.rf/gntv_or_sync_fifo.gcx.clkx/rd_pntr_cdc_inst/dest_out_bin_ff_reg[1]/D
  -------------------------------------------------------------------    -------------------

                         (clock eth_rxc rise edge)    0.000     0.000 r  
    K17                                               0.000     0.000 r  eth_rxc (IN)
                         net (fo=0)                   0.000     0.000    eth_rxc
    K17                  IBUF (Prop_ibuf_I_O)         0.447     0.447 r  eth_rxc_IBUF_inst/O
                         net (fo=2, routed)           0.683     1.130    u_gmii_to_rgmii/u_rgmii_rx/rgmii_rxc
    BUFGCTRL_X0Y16       BUFG (Prop_bufg_I_O)         0.029     1.159 r  u_gmii_to_rgmii/u_rgmii_rx/BUFG_inst/O
                         net (fo=1717, routed)        0.823     1.982    u_async_fifo_2048x8b/U0/inst_fifo_gen/gconvfifo.rf/grf.rf/gntv_or_sync_fifo.gcx.clkx/rd_pntr_cdc_inst/dest_clk
    SLICE_X21Y62         FDRE                                         r  u_async_fifo_2048x8b/U0/inst_fifo_gen/gconvfifo.rf/grf.rf/gntv_or_sync_fifo.gcx.clkx/rd_pntr_cdc_inst/dest_out_bin_ff_reg[1]/C
                         clock pessimism             -0.252     1.731    
    SLICE_X21Y62         FDRE (Hold_fdre_C_D)         0.091     1.822    u_async_fifo_2048x8b/U0/inst_fifo_gen/gconvfifo.rf/grf.rf/gntv_or_sync_fifo.gcx.clkx/rd_pntr_cdc_inst/dest_out_bin_ff_reg[1]
  -------------------------------------------------------------------
                         required time                         -1.822    
                         arrival time                           1.862    
  -------------------------------------------------------------------
                         slack                                  0.041    

Slack (MET) :             0.043ns  (arrival time - required time)
  Source:                 u_async_fifo_2048x8b/U0/inst_fifo_gen/gconvfifo.rf/grf.rf/gntv_or_sync_fifo.gcx.clkx/rd_pntr_cdc_inst/dest_graysync_ff_reg[1][6]/C
                            (rising edge-triggered cell FDRE clocked by eth_rxc  {rise@0.000ns fall@4.000ns period=8.000ns})
  Destination:            u_async_fifo_2048x8b/U0/inst_fifo_gen/gconvfifo.rf/grf.rf/gntv_or_sync_fifo.gcx.clkx/rd_pntr_cdc_inst/dest_out_bin_ff_reg[6]/D
                            (rising edge-triggered cell FDRE clocked by eth_rxc  {rise@0.000ns fall@4.000ns period=8.000ns})
  Path Group:             eth_rxc
  Path Type:              Hold (Min at Fast Process Corner)
  Requirement:            0.000ns  (eth_rxc rise@0.000ns - eth_rxc rise@0.000ns)
  Data Path Delay:        0.398ns  (logic 0.226ns (56.753%)  route 0.172ns (43.247%))
  Logic Levels:           1  (LUT5=1)
  Clock Path Skew:        0.264ns (DCD - SCD - CPR)
    Destination Clock Delay (DCD):    1.980ns
    Source Clock Delay      (SCD):    1.464ns
    Clock Pessimism Removal (CPR):    0.252ns

    Location             Delay type                Incr(ns)  Path(ns)    Netlist Resource(s)
  -------------------------------------------------------------------    -------------------
                         (clock eth_rxc rise edge)    0.000     0.000 r  
    K17                                               0.000     0.000 r  eth_rxc (IN)
                         net (fo=0)                   0.000     0.000    eth_rxc
    K17                  IBUF (Prop_ibuf_I_O)         0.259     0.259 r  eth_rxc_IBUF_inst/O
                         net (fo=2, routed)           0.627     0.887    u_gmii_to_rgmii/u_rgmii_rx/rgmii_rxc
    BUFGCTRL_X0Y16       BUFG (Prop_bufg_I_O)         0.026     0.913 r  u_gmii_to_rgmii/u_rgmii_rx/BUFG_inst/O
                         net (fo=1717, routed)        0.552     1.464    u_async_fifo_2048x8b/U0/inst_fifo_gen/gconvfifo.rf/grf.rf/gntv_or_sync_fifo.gcx.clkx/rd_pntr_cdc_inst/dest_clk
    SLICE_X22Y65         FDRE                                         r  u_async_fifo_2048x8b/U0/inst_fifo_gen/gconvfifo.rf/grf.rf/gntv_or_sync_fifo.gcx.clkx/rd_pntr_cdc_inst/dest_graysync_ff_reg[1][6]/C
  -------------------------------------------------------------------    -------------------
    SLICE_X22Y65         FDRE (Prop_fdre_C_Q)         0.128     1.592 r  u_async_fifo_2048x8b/U0/inst_fifo_gen/gconvfifo.rf/grf.rf/gntv_or_sync_fifo.gcx.clkx/rd_pntr_cdc_inst/dest_graysync_ff_reg[1][6]/Q
                         net (fo=2, routed)           0.172     1.765    u_async_fifo_2048x8b/U0/inst_fifo_gen/gconvfifo.rf/grf.rf/gntv_or_sync_fifo.gcx.clkx/rd_pntr_cdc_inst/dest_graysync_ff[1][6]
    SLICE_X21Y65         LUT5 (Prop_lut5_I0_O)        0.098     1.863 r  u_async_fifo_2048x8b/U0/inst_fifo_gen/gconvfifo.rf/grf.rf/gntv_or_sync_fifo.gcx.clkx/rd_pntr_cdc_inst/dest_out_bin_ff[6]_i_1/O
                         net (fo=1, routed)           0.000     1.863    u_async_fifo_2048x8b/U0/inst_fifo_gen/gconvfifo.rf/grf.rf/gntv_or_sync_fifo.gcx.clkx/rd_pntr_cdc_inst/binval[6]
    SLICE_X21Y65         FDRE                                         r  u_async_fifo_2048x8b/U0/inst_fifo_gen/gconvfifo.rf/grf.rf/gntv_or_sync_fifo.gcx.clkx/rd_pntr_cdc_inst/dest_out_bin_ff_reg[6]/D
  -------------------------------------------------------------------    -------------------

                         (clock eth_rxc rise edge)    0.000     0.000 r  
    K17                                               0.000     0.000 r  eth_rxc (IN)
                         net (fo=0)                   0.000     0.000    eth_rxc
    K17                  IBUF (Prop_ibuf_I_O)         0.447     0.447 r  eth_rxc_IBUF_inst/O
                         net (fo=2, routed)           0.683     1.130    u_gmii_to_rgmii/u_rgmii_rx/rgmii_rxc
    BUFGCTRL_X0Y16       BUFG (Prop_bufg_I_O)         0.029     1.159 r  u_gmii_to_rgmii/u_rgmii_rx/BUFG_inst/O
                         net (fo=1717, routed)        0.821     1.980    u_async_fifo_2048x8b/U0/inst_fifo_gen/gconvfifo.rf/grf.rf/gntv_or_sync_fifo.gcx.clkx/rd_pntr_cdc_inst/dest_clk
    SLICE_X21Y65         FDRE                                         r  u_async_fifo_2048x8b/U0/inst_fifo_gen/gconvfifo.rf/grf.rf/gntv_or_sync_fifo.gcx.clkx/rd_pntr_cdc_inst/dest_out_bin_ff_reg[6]/C
                         clock pessimism             -0.252     1.729    
    SLICE_X21Y65         FDRE (Hold_fdre_C_D)         0.091     1.820    u_async_fifo_2048x8b/U0/inst_fifo_gen/gconvfifo.rf/grf.rf/gntv_or_sync_fifo.gcx.clkx/rd_pntr_cdc_inst/dest_out_bin_ff_reg[6]
  -------------------------------------------------------------------
                         required time                         -1.820    
                         arrival time                           1.863    
  -------------------------------------------------------------------
                         slack                                  0.043    

Slack (MET) :             0.048ns  (arrival time - required time)
  Source:                 u_async_fifo_2048x8b/U0/inst_fifo_gen/gconvfifo.rf/grf.rf/gntv_or_sync_fifo.gl0.wr/wpntr/gic0.gc0.count_d1_reg[1]/C
                            (rising edge-triggered cell FDCE clocked by eth_rxc  {rise@0.000ns fall@4.000ns period=8.000ns})
  Destination:            u_async_fifo_2048x8b/U0/inst_fifo_gen/gconvfifo.rf/grf.rf/gntv_or_sync_fifo.gl0.wr/wpntr/gic0.gc0.count_d2_reg[1]/D
                            (rising edge-triggered cell FDCE clocked by eth_rxc  {rise@0.000ns fall@4.000ns period=8.000ns})
  Path Group:             eth_rxc
  Path Type:              Hold (Min at Fast Process Corner)
  Requirement:            0.000ns  (eth_rxc rise@0.000ns - eth_rxc rise@0.000ns)
  Data Path Delay:        0.369ns  (logic 0.141ns (38.172%)  route 0.228ns (61.828%))
  Logic Levels:           0  
  Clock Path Skew:        0.262ns (DCD - SCD - CPR)
    Destination Clock Delay (DCD):    1.978ns
    Source Clock Delay      (SCD):    1.464ns
    Clock Pessimism Removal (CPR):    0.252ns

    Location             Delay type                Incr(ns)  Path(ns)    Netlist Resource(s)
  -------------------------------------------------------------------    -------------------
                         (clock eth_rxc rise edge)    0.000     0.000 r  
    K17                                               0.000     0.000 r  eth_rxc (IN)
                         net (fo=0)                   0.000     0.000    eth_rxc
    K17                  IBUF (Prop_ibuf_I_O)         0.259     0.259 r  eth_rxc_IBUF_inst/O
                         net (fo=2, routed)           0.627     0.887    u_gmii_to_rgmii/u_rgmii_rx/rgmii_rxc
    BUFGCTRL_X0Y16       BUFG (Prop_bufg_I_O)         0.026     0.913 r  u_gmii_to_rgmii/u_rgmii_rx/BUFG_inst/O
                         net (fo=1717, routed)        0.552     1.464    u_async_fifo_2048x8b/U0/inst_fifo_gen/gconvfifo.rf/grf.rf/gntv_or_sync_fifo.gl0.wr/wpntr/wr_clk
    SLICE_X21Y63         FDCE                                         r  u_async_fifo_2048x8b/U0/inst_fifo_gen/gconvfifo.rf/grf.rf/gntv_or_sync_fifo.gl0.wr/wpntr/gic0.gc0.count_d1_reg[1]/C
  -------------------------------------------------------------------    -------------------
    SLICE_X21Y63         FDCE (Prop_fdce_C_Q)         0.141     1.605 r  u_async_fifo_2048x8b/U0/inst_fifo_gen/gconvfifo.rf/grf.rf/gntv_or_sync_fifo.gl0.wr/wpntr/gic0.gc0.count_d1_reg[1]/Q
                         net (fo=2, routed)           0.228     1.834    u_async_fifo_2048x8b/U0/inst_fifo_gen/gconvfifo.rf/grf.rf/gntv_or_sync_fifo.gl0.wr/wpntr/gic0.gc0.count_d1_reg[9]_0[1]
    SLICE_X24Y65         FDCE                                         r  u_async_fifo_2048x8b/U0/inst_fifo_gen/gconvfifo.rf/grf.rf/gntv_or_sync_fifo.gl0.wr/wpntr/gic0.gc0.count_d2_reg[1]/D
  -------------------------------------------------------------------    -------------------

                         (clock eth_rxc rise edge)    0.000     0.000 r  
    K17                                               0.000     0.000 r  eth_rxc (IN)
                         net (fo=0)                   0.000     0.000    eth_rxc
    K17                  IBUF (Prop_ibuf_I_O)         0.447     0.447 r  eth_rxc_IBUF_inst/O
                         net (fo=2, routed)           0.683     1.130    u_gmii_to_rgmii/u_rgmii_rx/rgmii_rxc
    BUFGCTRL_X0Y16       BUFG (Prop_bufg_I_O)         0.029     1.159 r  u_gmii_to_rgmii/u_rgmii_rx/BUFG_inst/O
                         net (fo=1717, routed)        0.819     1.978    u_async_fifo_2048x8b/U0/inst_fifo_gen/gconvfifo.rf/grf.rf/gntv_or_sync_fifo.gl0.wr/wpntr/wr_clk
    SLICE_X24Y65         FDCE                                         r  u_async_fifo_2048x8b/U0/inst_fifo_gen/gconvfifo.rf/grf.rf/gntv_or_sync_fifo.gl0.wr/wpntr/gic0.gc0.count_d2_reg[1]/C
                         clock pessimism             -0.252     1.727    
    SLICE_X24Y65         FDCE (Hold_fdce_C_D)         0.059     1.786    u_async_fifo_2048x8b/U0/inst_fifo_gen/gconvfifo.rf/grf.rf/gntv_or_sync_fifo.gl0.wr/wpntr/gic0.gc0.count_d2_reg[1]
  -------------------------------------------------------------------
                         required time                         -1.786    
                         arrival time                           1.834    
  -------------------------------------------------------------------
                         slack                                  0.048    

Slack (MET) :             0.070ns  (arrival time - required time)
  Source:                 u_udp/u_udp_rx/data_byte_num_reg[7]/C
                            (rising edge-triggered cell FDCE clocked by eth_rxc  {rise@0.000ns fall@4.000ns period=8.000ns})
  Destination:            u_udp/u_udp_rx/rec_byte_num_reg[7]/D
                            (rising edge-triggered cell FDCE clocked by eth_rxc  {rise@0.000ns fall@4.000ns period=8.000ns})
  Path Group:             eth_rxc
  Path Type:              Hold (Min at Fast Process Corner)
  Requirement:            0.000ns  (eth_rxc rise@0.000ns - eth_rxc rise@0.000ns)
  Data Path Delay:        0.397ns  (logic 0.141ns (35.543%)  route 0.256ns (64.457%))
  Logic Levels:           0  
  Clock Path Skew:        0.263ns (DCD - SCD - CPR)
    Destination Clock Delay (DCD):    1.971ns
    Source Clock Delay      (SCD):    1.456ns
    Clock Pessimism Removal (CPR):    0.252ns

    Location             Delay type                Incr(ns)  Path(ns)    Netlist Resource(s)
  -------------------------------------------------------------------    -------------------
                         (clock eth_rxc rise edge)    0.000     0.000 r  
    K17                                               0.000     0.000 r  eth_rxc (IN)
                         net (fo=0)                   0.000     0.000    eth_rxc
    K17                  IBUF (Prop_ibuf_I_O)         0.259     0.259 r  eth_rxc_IBUF_inst/O
                         net (fo=2, routed)           0.627     0.887    u_gmii_to_rgmii/u_rgmii_rx/rgmii_rxc
    BUFGCTRL_X0Y16       BUFG (Prop_bufg_I_O)         0.026     0.913 r  u_gmii_to_rgmii/u_rgmii_rx/BUFG_inst/O
                         net (fo=1717, routed)        0.544     1.456    u_udp/u_udp_rx/rgmii_txc
    SLICE_X22Y73         FDCE                                         r  u_udp/u_udp_rx/data_byte_num_reg[7]/C
  -------------------------------------------------------------------    -------------------
    SLICE_X22Y73         FDCE (Prop_fdce_C_Q)         0.141     1.597 r  u_udp/u_udp_rx/data_byte_num_reg[7]/Q
                         net (fo=3, routed)           0.256     1.853    u_udp/u_udp_rx/data_byte_num[7]
    SLICE_X20Y73         FDCE                                         r  u_udp/u_udp_rx/rec_byte_num_reg[7]/D
  -------------------------------------------------------------------    -------------------

                         (clock eth_rxc rise edge)    0.000     0.000 r  
    K17                                               0.000     0.000 r  eth_rxc (IN)
                         net (fo=0)                   0.000     0.000    eth_rxc
    K17                  IBUF (Prop_ibuf_I_O)         0.447     0.447 r  eth_rxc_IBUF_inst/O
                         net (fo=2, routed)           0.683     1.130    u_gmii_to_rgmii/u_rgmii_rx/rgmii_rxc
    BUFGCTRL_X0Y16       BUFG (Prop_bufg_I_O)         0.029     1.159 r  u_gmii_to_rgmii/u_rgmii_rx/BUFG_inst/O
                         net (fo=1717, routed)        0.812     1.971    u_udp/u_udp_rx/rgmii_txc
    SLICE_X20Y73         FDCE                                         r  u_udp/u_udp_rx/rec_byte_num_reg[7]/C
                         clock pessimism             -0.252     1.720    
    SLICE_X20Y73         FDCE (Hold_fdce_C_D)         0.063     1.783    u_udp/u_udp_rx/rec_byte_num_reg[7]
  -------------------------------------------------------------------
                         required time                         -1.783    
                         arrival time                           1.853    
  -------------------------------------------------------------------
                         slack                                  0.070    

Slack (MET) :             0.080ns  (arrival time - required time)
  Source:                 u_async_fifo_2048x8b/U0/inst_fifo_gen/gconvfifo.rf/grf.rf/gntv_or_sync_fifo.gl0.wr/wpntr/gic0.gc0.count_d1_reg[8]/C
                            (rising edge-triggered cell FDCE clocked by eth_rxc  {rise@0.000ns fall@4.000ns period=8.000ns})
  Destination:            u_async_fifo_2048x8b/U0/inst_fifo_gen/gconvfifo.rf/grf.rf/gntv_or_sync_fifo.gl0.wr/wpntr/gic0.gc0.count_d2_reg[8]/D
                            (rising edge-triggered cell FDCE clocked by eth_rxc  {rise@0.000ns fall@4.000ns period=8.000ns})
  Path Group:             eth_rxc
  Path Type:              Hold (Min at Fast Process Corner)
  Requirement:            0.000ns  (eth_rxc rise@0.000ns - eth_rxc rise@0.000ns)
  Data Path Delay:        0.394ns  (logic 0.164ns (41.633%)  route 0.230ns (58.367%))
  Logic Levels:           0  
  Clock Path Skew:        0.262ns (DCD - SCD - CPR)
    Destination Clock Delay (DCD):    1.978ns
    Source Clock Delay      (SCD):    1.464ns
    Clock Pessimism Removal (CPR):    0.252ns

    Location             Delay type                Incr(ns)  Path(ns)    Netlist Resource(s)
  -------------------------------------------------------------------    -------------------
                         (clock eth_rxc rise edge)    0.000     0.000 r  
    K17                                               0.000     0.000 r  eth_rxc (IN)
                         net (fo=0)                   0.000     0.000    eth_rxc
    K17                  IBUF (Prop_ibuf_I_O)         0.259     0.259 r  eth_rxc_IBUF_inst/O
                         net (fo=2, routed)           0.627     0.887    u_gmii_to_rgmii/u_rgmii_rx/rgmii_rxc
    BUFGCTRL_X0Y16       BUFG (Prop_bufg_I_O)         0.026     0.913 r  u_gmii_to_rgmii/u_rgmii_rx/BUFG_inst/O
                         net (fo=1717, routed)        0.552     1.464    u_async_fifo_2048x8b/U0/inst_fifo_gen/gconvfifo.rf/grf.rf/gntv_or_sync_fifo.gl0.wr/wpntr/wr_clk
    SLICE_X20Y64         FDCE                                         r  u_async_fifo_2048x8b/U0/inst_fifo_gen/gconvfifo.rf/grf.rf/gntv_or_sync_fifo.gl0.wr/wpntr/gic0.gc0.count_d1_reg[8]/C
  -------------------------------------------------------------------    -------------------
    SLICE_X20Y64         FDCE (Prop_fdce_C_Q)         0.164     1.628 r  u_async_fifo_2048x8b/U0/inst_fifo_gen/gconvfifo.rf/grf.rf/gntv_or_sync_fifo.gl0.wr/wpntr/gic0.gc0.count_d1_reg[8]/Q
                         net (fo=2, routed)           0.230     1.858    u_async_fifo_2048x8b/U0/inst_fifo_gen/gconvfifo.rf/grf.rf/gntv_or_sync_fifo.gl0.wr/wpntr/gic0.gc0.count_d1_reg[9]_0[8]
    SLICE_X24Y65         FDCE                                         r  u_async_fifo_2048x8b/U0/inst_fifo_gen/gconvfifo.rf/grf.rf/gntv_or_sync_fifo.gl0.wr/wpntr/gic0.gc0.count_d2_reg[8]/D
  -------------------------------------------------------------------    -------------------

                         (clock eth_rxc rise edge)    0.000     0.000 r  
    K17                                               0.000     0.000 r  eth_rxc (IN)
                         net (fo=0)                   0.000     0.000    eth_rxc
    K17                  IBUF (Prop_ibuf_I_O)         0.447     0.447 r  eth_rxc_IBUF_inst/O
                         net (fo=2, routed)           0.683     1.130    u_gmii_to_rgmii/u_rgmii_rx/rgmii_rxc
    BUFGCTRL_X0Y16       BUFG (Prop_bufg_I_O)         0.029     1.159 r  u_gmii_to_rgmii/u_rgmii_rx/BUFG_inst/O
                         net (fo=1717, routed)        0.819     1.978    u_async_fifo_2048x8b/U0/inst_fifo_gen/gconvfifo.rf/grf.rf/gntv_or_sync_fifo.gl0.wr/wpntr/wr_clk
    SLICE_X24Y65         FDCE                                         r  u_async_fifo_2048x8b/U0/inst_fifo_gen/gconvfifo.rf/grf.rf/gntv_or_sync_fifo.gl0.wr/wpntr/gic0.gc0.count_d2_reg[8]/C
                         clock pessimism             -0.252     1.727    
    SLICE_X24Y65         FDCE (Hold_fdce_C_D)         0.052     1.779    u_async_fifo_2048x8b/U0/inst_fifo_gen/gconvfifo.rf/grf.rf/gntv_or_sync_fifo.gl0.wr/wpntr/gic0.gc0.count_d2_reg[8]
  -------------------------------------------------------------------
                         required time                         -1.779    
                         arrival time                           1.858    
  -------------------------------------------------------------------
                         slack                                  0.080    

Slack (MET) :             0.082ns  (arrival time - required time)
  Source:                 u_udp/u_udp_rx/data_byte_num_reg[6]/C
                            (rising edge-triggered cell FDCE clocked by eth_rxc  {rise@0.000ns fall@4.000ns period=8.000ns})
  Destination:            u_udp/u_udp_rx/rec_byte_num_reg[6]/D
                            (rising edge-triggered cell FDCE clocked by eth_rxc  {rise@0.000ns fall@4.000ns period=8.000ns})
  Path Group:             eth_rxc
  Path Type:              Hold (Min at Fast Process Corner)
  Requirement:            0.000ns  (eth_rxc rise@0.000ns - eth_rxc rise@0.000ns)
  Data Path Delay:        0.397ns  (logic 0.141ns (35.497%)  route 0.256ns (64.503%))
  Logic Levels:           0  
  Clock Path Skew:        0.263ns (DCD - SCD - CPR)
    Destination Clock Delay (DCD):    1.971ns
    Source Clock Delay      (SCD):    1.456ns
    Clock Pessimism Removal (CPR):    0.252ns

    Location             Delay type                Incr(ns)  Path(ns)    Netlist Resource(s)
  -------------------------------------------------------------------    -------------------
                         (clock eth_rxc rise edge)    0.000     0.000 r  
    K17                                               0.000     0.000 r  eth_rxc (IN)
                         net (fo=0)                   0.000     0.000    eth_rxc
    K17                  IBUF (Prop_ibuf_I_O)         0.259     0.259 r  eth_rxc_IBUF_inst/O
                         net (fo=2, routed)           0.627     0.887    u_gmii_to_rgmii/u_rgmii_rx/rgmii_rxc
    BUFGCTRL_X0Y16       BUFG (Prop_bufg_I_O)         0.026     0.913 r  u_gmii_to_rgmii/u_rgmii_rx/BUFG_inst/O
                         net (fo=1717, routed)        0.544     1.456    u_udp/u_udp_rx/rgmii_txc
    SLICE_X22Y73         FDCE                                         r  u_udp/u_udp_rx/data_byte_num_reg[6]/C
  -------------------------------------------------------------------    -------------------
    SLICE_X22Y73         FDCE (Prop_fdce_C_Q)         0.141     1.597 r  u_udp/u_udp_rx/data_byte_num_reg[6]/Q
                         net (fo=3, routed)           0.256     1.854    u_udp/u_udp_rx/data_byte_num[6]
    SLICE_X20Y73         FDCE                                         r  u_udp/u_udp_rx/rec_byte_num_reg[6]/D
  -------------------------------------------------------------------    -------------------

                         (clock eth_rxc rise edge)    0.000     0.000 r  
    K17                                               0.000     0.000 r  eth_rxc (IN)
                         net (fo=0)                   0.000     0.000    eth_rxc
    K17                  IBUF (Prop_ibuf_I_O)         0.447     0.447 r  eth_rxc_IBUF_inst/O
                         net (fo=2, routed)           0.683     1.130    u_gmii_to_rgmii/u_rgmii_rx/rgmii_rxc
    BUFGCTRL_X0Y16       BUFG (Prop_bufg_I_O)         0.029     1.159 r  u_gmii_to_rgmii/u_rgmii_rx/BUFG_inst/O
                         net (fo=1717, routed)        0.812     1.971    u_udp/u_udp_rx/rgmii_txc
    SLICE_X20Y73         FDCE                                         r  u_udp/u_udp_rx/rec_byte_num_reg[6]/C
                         clock pessimism             -0.252     1.720    
    SLICE_X20Y73         FDCE (Hold_fdce_C_D)         0.052     1.772    u_udp/u_udp_rx/rec_byte_num_reg[6]
  -------------------------------------------------------------------
                         required time                         -1.772    
                         arrival time                           1.854    
  -------------------------------------------------------------------
                         slack                                  0.082    

Slack (MET) :             0.090ns  (arrival time - required time)
  Source:                 u_arp/u_arp_rx/src_mac_reg[43]/C
                            (rising edge-triggered cell FDCE clocked by eth_rxc  {rise@0.000ns fall@4.000ns period=8.000ns})
  Destination:            u_icmp/u_icmp_tx/eth_head_reg[0][3]/D
                            (rising edge-triggered cell FDPE clocked by eth_rxc  {rise@0.000ns fall@4.000ns period=8.000ns})
  Path Group:             eth_rxc
  Path Type:              Hold (Min at Fast Process Corner)
  Requirement:            0.000ns  (eth_rxc rise@0.000ns - eth_rxc rise@0.000ns)
  Data Path Delay:        0.420ns  (logic 0.164ns (39.085%)  route 0.256ns (60.915%))
  Logic Levels:           0  
  Clock Path Skew:        0.263ns (DCD - SCD - CPR)
    Destination Clock Delay (DCD):    1.982ns
    Source Clock Delay      (SCD):    1.467ns
    Clock Pessimism Removal (CPR):    0.252ns

    Location             Delay type                Incr(ns)  Path(ns)    Netlist Resource(s)
  -------------------------------------------------------------------    -------------------
                         (clock eth_rxc rise edge)    0.000     0.000 r  
    K17                                               0.000     0.000 r  eth_rxc (IN)
                         net (fo=0)                   0.000     0.000    eth_rxc
    K17                  IBUF (Prop_ibuf_I_O)         0.259     0.259 r  eth_rxc_IBUF_inst/O
                         net (fo=2, routed)           0.627     0.887    u_gmii_to_rgmii/u_rgmii_rx/rgmii_rxc
    BUFGCTRL_X0Y16       BUFG (Prop_bufg_I_O)         0.026     0.913 r  u_gmii_to_rgmii/u_rgmii_rx/BUFG_inst/O
                         net (fo=1717, routed)        0.555     1.467    u_arp/u_arp_rx/gmii_rx_clk
    SLICE_X20Y90         FDCE                                         r  u_arp/u_arp_rx/src_mac_reg[43]/C
  -------------------------------------------------------------------    -------------------
    SLICE_X20Y90         FDCE (Prop_fdce_C_Q)         0.164     1.631 r  u_arp/u_arp_rx/src_mac_reg[43]/Q
                         net (fo=6, routed)           0.256     1.887    u_icmp/u_icmp_tx/eth_head_reg[0][7]_0[43]
    SLICE_X25Y88         FDPE                                         r  u_icmp/u_icmp_tx/eth_head_reg[0][3]/D
  -------------------------------------------------------------------    -------------------

                         (clock eth_rxc rise edge)    0.000     0.000 r  
    K17                                               0.000     0.000 r  eth_rxc (IN)
                         net (fo=0)                   0.000     0.000    eth_rxc
    K17                  IBUF (Prop_ibuf_I_O)         0.447     0.447 r  eth_rxc_IBUF_inst/O
                         net (fo=2, routed)           0.683     1.130    u_gmii_to_rgmii/u_rgmii_rx/rgmii_rxc
    BUFGCTRL_X0Y16       BUFG (Prop_bufg_I_O)         0.029     1.159 r  u_gmii_to_rgmii/u_rgmii_rx/BUFG_inst/O
                         net (fo=1717, routed)        0.823     1.982    u_icmp/u_icmp_tx/rgmii_txc
    SLICE_X25Y88         FDPE                                         r  u_icmp/u_icmp_tx/eth_head_reg[0][3]/C
                         clock pessimism             -0.252     1.731    
    SLICE_X25Y88         FDPE (Hold_fdpe_C_D)         0.066     1.797    u_icmp/u_icmp_tx/eth_head_reg[0][3]
  -------------------------------------------------------------------
                         required time                         -1.797    
                         arrival time                           1.887    
  -------------------------------------------------------------------
                         slack                                  0.090    

Slack (MET) :             0.090ns  (arrival time - required time)
  Source:                 u_udp/u_udp_tx/tx_bit_sel_reg[0]/C
                            (rising edge-triggered cell FDCE clocked by eth_rxc  {rise@0.000ns fall@4.000ns period=8.000ns})
  Destination:            u_udp/u_udp_tx/tx_done_t_reg/D
                            (rising edge-triggered cell FDCE clocked by eth_rxc  {rise@0.000ns fall@4.000ns period=8.000ns})
  Path Group:             eth_rxc
  Path Type:              Hold (Min at Fast Process Corner)
  Requirement:            0.000ns  (eth_rxc rise@0.000ns - eth_rxc rise@0.000ns)
  Data Path Delay:        0.446ns  (logic 0.209ns (46.895%)  route 0.237ns (53.105%))
  Logic Levels:           1  (LUT4=1)
  Clock Path Skew:        0.263ns (DCD - SCD - CPR)
    Destination Clock Delay (DCD):    1.977ns
    Source Clock Delay      (SCD):    1.462ns
    Clock Pessimism Removal (CPR):    0.252ns

    Location             Delay type                Incr(ns)  Path(ns)    Netlist Resource(s)
  -------------------------------------------------------------------    -------------------
                         (clock eth_rxc rise edge)    0.000     0.000 r  
    K17                                               0.000     0.000 r  eth_rxc (IN)
                         net (fo=0)                   0.000     0.000    eth_rxc
    K17                  IBUF (Prop_ibuf_I_O)         0.259     0.259 r  eth_rxc_IBUF_inst/O
                         net (fo=2, routed)           0.627     0.887    u_gmii_to_rgmii/u_rgmii_rx/rgmii_rxc
    BUFGCTRL_X0Y16       BUFG (Prop_bufg_I_O)         0.026     0.913 r  u_gmii_to_rgmii/u_rgmii_rx/BUFG_inst/O
                         net (fo=1717, routed)        0.550     1.462    u_udp/u_udp_tx/rgmii_txc
    SLICE_X20Y82         FDCE                                         r  u_udp/u_udp_tx/tx_bit_sel_reg[0]/C
  -------------------------------------------------------------------    -------------------
    SLICE_X20Y82         FDCE (Prop_fdce_C_Q)         0.164     1.626 r  u_udp/u_udp_tx/tx_bit_sel_reg[0]/Q
                         net (fo=38, routed)          0.237     1.863    u_udp/u_udp_tx/tx_bit_sel[0]
    SLICE_X25Y83         LUT4 (Prop_lut4_I3_O)        0.045     1.908 r  u_udp/u_udp_tx/tx_done_t_i_1__1/O
                         net (fo=1, routed)           0.000     1.908    u_udp/u_udp_tx/tx_done_t_i_1__1_n_0
    SLICE_X25Y83         FDCE                                         r  u_udp/u_udp_tx/tx_done_t_reg/D
  -------------------------------------------------------------------    -------------------

                         (clock eth_rxc rise edge)    0.000     0.000 r  
    K17                                               0.000     0.000 r  eth_rxc (IN)
                         net (fo=0)                   0.000     0.000    eth_rxc
    K17                  IBUF (Prop_ibuf_I_O)         0.447     0.447 r  eth_rxc_IBUF_inst/O
                         net (fo=2, routed)           0.683     1.130    u_gmii_to_rgmii/u_rgmii_rx/rgmii_rxc
    BUFGCTRL_X0Y16       BUFG (Prop_bufg_I_O)         0.029     1.159 r  u_gmii_to_rgmii/u_rgmii_rx/BUFG_inst/O
                         net (fo=1717, routed)        0.818     1.977    u_udp/u_udp_tx/rgmii_txc
    SLICE_X25Y83         FDCE                                         r  u_udp/u_udp_tx/tx_done_t_reg/C
                         clock pessimism             -0.252     1.726    
    SLICE_X25Y83         FDCE (Hold_fdce_C_D)         0.092     1.818    u_udp/u_udp_tx/tx_done_t_reg
  -------------------------------------------------------------------
                         required time                         -1.818    
                         arrival time                           1.908    
  -------------------------------------------------------------------
                         slack                                  0.090    

Slack (MET) :             0.100ns  (arrival time - required time)
  Source:                 u_udp/u_udp_rx/rec_byte_num_reg[15]/C
                            (rising edge-triggered cell FDCE clocked by eth_rxc  {rise@0.000ns fall@4.000ns period=8.000ns})
  Destination:            u_udp/u_udp_tx/udp_num_reg[15]/D
                            (rising edge-triggered cell FDCE clocked by eth_rxc  {rise@0.000ns fall@4.000ns period=8.000ns})
  Path Group:             eth_rxc
  Path Type:              Hold (Min at Fast Process Corner)
  Requirement:            0.000ns  (eth_rxc rise@0.000ns - eth_rxc rise@0.000ns)
  Data Path Delay:        0.468ns  (logic 0.274ns (58.551%)  route 0.194ns (41.449%))
  Logic Levels:           1  (CARRY4=1)
  Clock Path Skew:        0.263ns (DCD - SCD - CPR)
    Destination Clock Delay (DCD):    1.973ns
    Source Clock Delay      (SCD):    1.458ns
    Clock Pessimism Removal (CPR):    0.252ns

    Location             Delay type                Incr(ns)  Path(ns)    Netlist Resource(s)
  -------------------------------------------------------------------    -------------------
                         (clock eth_rxc rise edge)    0.000     0.000 r  
    K17                                               0.000     0.000 r  eth_rxc (IN)
                         net (fo=0)                   0.000     0.000    eth_rxc
    K17                  IBUF (Prop_ibuf_I_O)         0.259     0.259 r  eth_rxc_IBUF_inst/O
                         net (fo=2, routed)           0.627     0.887    u_gmii_to_rgmii/u_rgmii_rx/rgmii_rxc
    BUFGCTRL_X0Y16       BUFG (Prop_bufg_I_O)         0.026     0.913 r  u_gmii_to_rgmii/u_rgmii_rx/BUFG_inst/O
                         net (fo=1717, routed)        0.546     1.458    u_udp/u_udp_rx/rgmii_txc
    SLICE_X20Y77         FDCE                                         r  u_udp/u_udp_rx/rec_byte_num_reg[15]/C
  -------------------------------------------------------------------    -------------------
    SLICE_X20Y77         FDCE (Prop_fdce_C_Q)         0.164     1.622 r  u_udp/u_udp_rx/rec_byte_num_reg[15]/Q
                         net (fo=3, routed)           0.194     1.816    u_udp/u_udp_rx/Q[15]
    SLICE_X23Y79         CARRY4 (Prop_carry4_S[1]_O[1])
                                                      0.110     1.926 r  u_udp/u_udp_rx/udp_num_reg[15]_i_1/O[1]
                         net (fo=1, routed)           0.000     1.926    u_udp/u_udp_tx/udp_num_reg[15]_0[13]
    SLICE_X23Y79         FDCE                                         r  u_udp/u_udp_tx/udp_num_reg[15]/D
  -------------------------------------------------------------------    -------------------

                         (clock eth_rxc rise edge)    0.000     0.000 r  
    K17                                               0.000     0.000 r  eth_rxc (IN)
                         net (fo=0)                   0.000     0.000    eth_rxc
    K17                  IBUF (Prop_ibuf_I_O)         0.447     0.447 r  eth_rxc_IBUF_inst/O
                         net (fo=2, routed)           0.683     1.130    u_gmii_to_rgmii/u_rgmii_rx/rgmii_rxc
    BUFGCTRL_X0Y16       BUFG (Prop_bufg_I_O)         0.029     1.159 r  u_gmii_to_rgmii/u_rgmii_rx/BUFG_inst/O
                         net (fo=1717, routed)        0.814     1.973    u_udp/u_udp_tx/rgmii_txc
    SLICE_X23Y79         FDCE                                         r  u_udp/u_udp_tx/udp_num_reg[15]/C
                         clock pessimism             -0.252     1.722    
    SLICE_X23Y79         FDCE (Hold_fdce_C_D)         0.105     1.827    u_udp/u_udp_tx/udp_num_reg[15]
  -------------------------------------------------------------------
                         required time                         -1.827    
                         arrival time                           1.926    
  -------------------------------------------------------------------
                         slack                                  0.100    

Slack (MET) :             0.109ns  (arrival time - required time)
  Source:                 u_udp/u_udp_rx/rec_byte_num_reg[15]/C
                            (rising edge-triggered cell FDCE clocked by eth_rxc  {rise@0.000ns fall@4.000ns period=8.000ns})
  Destination:            u_udp/u_udp_tx/total_num_reg[15]/D
                            (rising edge-triggered cell FDCE clocked by eth_rxc  {rise@0.000ns fall@4.000ns period=8.000ns})
  Path Group:             eth_rxc
  Path Type:              Hold (Min at Fast Process Corner)
  Requirement:            0.000ns  (eth_rxc rise@0.000ns - eth_rxc rise@0.000ns)
  Data Path Delay:        0.477ns  (logic 0.275ns (57.629%)  route 0.202ns (42.371%))
  Logic Levels:           1  (CARRY4=1)
  Clock Path Skew:        0.263ns (DCD - SCD - CPR)
    Destination Clock Delay (DCD):    1.973ns
    Source Clock Delay      (SCD):    1.458ns
    Clock Pessimism Removal (CPR):    0.252ns

    Location             Delay type                Incr(ns)  Path(ns)    Netlist Resource(s)
  -------------------------------------------------------------------    -------------------
                         (clock eth_rxc rise edge)    0.000     0.000 r  
    K17                                               0.000     0.000 r  eth_rxc (IN)
                         net (fo=0)                   0.000     0.000    eth_rxc
    K17                  IBUF (Prop_ibuf_I_O)         0.259     0.259 r  eth_rxc_IBUF_inst/O
                         net (fo=2, routed)           0.627     0.887    u_gmii_to_rgmii/u_rgmii_rx/rgmii_rxc
    BUFGCTRL_X0Y16       BUFG (Prop_bufg_I_O)         0.026     0.913 r  u_gmii_to_rgmii/u_rgmii_rx/BUFG_inst/O
                         net (fo=1717, routed)        0.546     1.458    u_udp/u_udp_rx/rgmii_txc
    SLICE_X20Y77         FDCE                                         r  u_udp/u_udp_rx/rec_byte_num_reg[15]/C
  -------------------------------------------------------------------    -------------------
    SLICE_X20Y77         FDCE (Prop_fdce_C_Q)         0.164     1.622 r  u_udp/u_udp_rx/rec_byte_num_reg[15]/Q
                         net (fo=3, routed)           0.202     1.824    u_udp/u_udp_tx/Q[15]
    SLICE_X22Y79         CARRY4 (Prop_carry4_S[2]_O[2])
                                                      0.111     1.935 r  u_udp/u_udp_tx/total_num0_carry__2/O[2]
                         net (fo=1, routed)           0.000     1.935    u_udp/u_udp_tx/total_num0_carry__2_n_5
    SLICE_X22Y79         FDCE                                         r  u_udp/u_udp_tx/total_num_reg[15]/D
  -------------------------------------------------------------------    -------------------

                         (clock eth_rxc rise edge)    0.000     0.000 r  
    K17                                               0.000     0.000 r  eth_rxc (IN)
                         net (fo=0)                   0.000     0.000    eth_rxc
    K17                  IBUF (Prop_ibuf_I_O)         0.447     0.447 r  eth_rxc_IBUF_inst/O
                         net (fo=2, routed)           0.683     1.130    u_gmii_to_rgmii/u_rgmii_rx/rgmii_rxc
    BUFGCTRL_X0Y16       BUFG (Prop_bufg_I_O)         0.029     1.159 r  u_gmii_to_rgmii/u_rgmii_rx/BUFG_inst/O
                         net (fo=1717, routed)        0.814     1.973    u_udp/u_udp_tx/rgmii_txc
    SLICE_X22Y79         FDCE                                         r  u_udp/u_udp_tx/total_num_reg[15]/C
                         clock pessimism             -0.252     1.722    
    SLICE_X22Y79         FDCE (Hold_fdce_C_D)         0.105     1.827    u_udp/u_udp_tx/total_num_reg[15]
  -------------------------------------------------------------------
                         required time                         -1.827    
                         arrival time                           1.935    
  -------------------------------------------------------------------
                         slack                                  0.109    





Pulse Width Checks
--------------------------------------------------------------------------------------
Clock Name:         eth_rxc
Waveform(ns):       { 0.000 4.000 }
Period(ns):         8.000
Sources:            { eth_rxc }

Check Type        Corner  Lib Pin             Reference Pin  Required(ns)  Actual(ns)  Slack(ns)  Location        Pin
Min Period        n/a     RAMB18E1/CLKARDCLK  n/a            2.576         8.000       5.424      RAMB18_X1Y26    u_async_fifo_2048x8b/U0/inst_fifo_gen/gconvfifo.rf/grf.rf/gntv_or_sync_fifo.mem/gbm.gbmg.gbmga.ngecc.bmg/inst_blk_mem_gen/gnbram.gnativebmg.native_blk_mem_gen/valid.cstr/ramloop[0].ram.r/prim_noinit.ram/DEVICE_7SERIES.NO_BMM_INFO.SDP.SIMPLE_PRIM18.ram/CLKARDCLK
Min Period        n/a     RAMB18E1/CLKBWRCLK  n/a            2.576         8.000       5.424      RAMB18_X1Y26    u_async_fifo_2048x8b/U0/inst_fifo_gen/gconvfifo.rf/grf.rf/gntv_or_sync_fifo.mem/gbm.gbmg.gbmga.ngecc.bmg/inst_blk_mem_gen/gnbram.gnativebmg.native_blk_mem_gen/valid.cstr/ramloop[0].ram.r/prim_noinit.ram/DEVICE_7SERIES.NO_BMM_INFO.SDP.SIMPLE_PRIM18.ram/CLKBWRCLK
Min Period        n/a     BUFG/I              n/a            2.155         8.000       5.845      BUFGCTRL_X0Y16  u_gmii_to_rgmii/u_rgmii_rx/BUFG_inst/I
Min Period        n/a     BUFIO/I             n/a            1.666         8.000       6.334      BUFIO_X0Y6      u_gmii_to_rgmii/u_rgmii_rx/BUFIO_inst/I
Min Period        n/a     IDDR/C              n/a            1.474         8.000       6.526      ILOGIC_X0Y96    u_gmii_to_rgmii/u_rgmii_rx/rxdata_bus[0].u_iddr_rxd/C
Min Period        n/a     IDDR/C              n/a            1.474         8.000       6.526      ILOGIC_X0Y95    u_gmii_to_rgmii/u_rgmii_rx/rxdata_bus[1].u_iddr_rxd/C
Min Period        n/a     IDDR/C              n/a            1.474         8.000       6.526      ILOGIC_X0Y73    u_gmii_to_rgmii/u_rgmii_rx/rxdata_bus[2].u_iddr_rxd/C
Min Period        n/a     IDDR/C              n/a            1.474         8.000       6.526      ILOGIC_X0Y74    u_gmii_to_rgmii/u_rgmii_rx/rxdata_bus[3].u_iddr_rxd/C
Min Period        n/a     IDDR/C              n/a            1.474         8.000       6.526      ILOGIC_X0Y94    u_gmii_to_rgmii/u_rgmii_rx/u_iddr_rx_ctl/C
Min Period        n/a     ODDR/C              n/a            1.474         8.000       6.526      OLOGIC_X0Y75    u_gmii_to_rgmii/u_rgmii_tx/ODDR_inst/C
Low Pulse Width   Fast    FDCE/C              n/a            0.500         4.000       3.500      SLICE_X39Y83    u_arp/u_arp_rx/des_mac_t_reg[43]/C
Low Pulse Width   Fast    FDCE/C              n/a            0.500         4.000       3.500      SLICE_X43Y82    u_arp/u_arp_rx/des_mac_t_reg[4]/C
Low Pulse Width   Fast    FDCE/C              n/a            0.500         4.000       3.500      SLICE_X43Y82    u_arp/u_arp_rx/des_mac_t_reg[5]/C
Low Pulse Width   Fast    FDCE/C              n/a            0.500         4.000       3.500      SLICE_X42Y82    u_arp/u_arp_rx/des_mac_t_reg[6]/C
Low Pulse Width   Fast    FDCE/C              n/a            0.500         4.000       3.500      SLICE_X42Y82    u_arp/u_arp_rx/des_mac_t_reg[7]/C
Low Pulse Width   Fast    FDCE/C              n/a            0.500         4.000       3.500      SLICE_X41Y82    u_arp/u_arp_rx/des_mac_t_reg[8]/C
Low Pulse Width   Fast    FDCE/C              n/a            0.500         4.000       3.500      SLICE_X41Y82    u_arp/u_arp_rx/des_mac_t_reg[9]/C
Low Pulse Width   Slow    FDCE/C              n/a            0.500         4.000       3.500      SLICE_X22Y86    u_arp/u_arp_rx/src_mac_t_reg[3]/C
Low Pulse Width   Fast    FDCE/C              n/a            0.500         4.000       3.500      SLICE_X22Y86    u_arp/u_arp_rx/src_mac_t_reg[3]/C
Low Pulse Width   Slow    FDCE/C              n/a            0.500         4.000       3.500      SLICE_X22Y86    u_arp/u_arp_rx/src_mac_t_reg[7]/C
High Pulse Width  Fast    FDCE/C              n/a            0.500         4.000       3.500      SLICE_X38Y82    u_arp/u_arp_rx/des_mac_t_reg[44]/C
High Pulse Width  Fast    FDCE/C              n/a            0.500         4.000       3.500      SLICE_X38Y82    u_arp/u_arp_rx/des_mac_t_reg[45]/C
High Pulse Width  Fast    FDCE/C              n/a            0.500         4.000       3.500      SLICE_X38Y82    u_arp/u_arp_rx/des_mac_t_reg[46]/C
High Pulse Width  Fast    FDCE/C              n/a            0.500         4.000       3.500      SLICE_X38Y82    u_arp/u_arp_rx/des_mac_t_reg[47]/C
High Pulse Width  Slow    FDCE/C              n/a            0.500         4.000       3.500      SLICE_X22Y92    u_arp/u_arp_rx/src_mac_t_reg[34]/C
High Pulse Width  Slow    FDCE/C              n/a            0.500         4.000       3.500      SLICE_X21Y90    u_arp/u_arp_rx/src_mac_t_reg[35]/C
High Pulse Width  Slow    FDCE/C              n/a            0.500         4.000       3.500      SLICE_X27Y92    u_arp/u_arp_rx/src_mac_t_reg[36]/C
High Pulse Width  Fast    FDCE/C              n/a            0.500         4.000       3.500      SLICE_X27Y92    u_arp/u_arp_rx/src_mac_t_reg[36]/C
High Pulse Width  Slow    FDCE/C              n/a            0.500         4.000       3.500      SLICE_X23Y92    u_arp/u_arp_rx/src_mac_t_reg[37]/C
High Pulse Width  Slow    FDCE/C              n/a            0.500         4.000       3.500      SLICE_X24Y90    u_arp/u_arp_rx/src_mac_t_reg[38]/C



---------------------------------------------------------------------------------------------------
From Clock:  sys_clk
  To Clock:  sys_clk

Setup :            0  Failing Endpoints,  Worst Slack       18.835ns,  Total Violation        0.000ns
Hold  :            0  Failing Endpoints,  Worst Slack        0.290ns,  Total Violation        0.000ns
PW    :            0  Failing Endpoints,  Worst Slack        9.500ns,  Total Violation        0.000ns
---------------------------------------------------------------------------------------------------


Max Delay Paths
--------------------------------------------------------------------------------------
Slack (MET) :             18.835ns  (required time - arrival time)
  Source:                 u_ad_convert/state_reg/C
                            (rising edge-triggered cell FDCE clocked by sys_clk  {rise@0.000ns fall@10.000ns period=20.000ns})
  Destination:            u_ad_convert/dout_reg[5]/D
                            (rising edge-triggered cell FDCE clocked by sys_clk  {rise@0.000ns fall@10.000ns period=20.000ns})
  Path Group:             sys_clk
  Path Type:              Setup (Max at Slow Process Corner)
  Requirement:            20.000ns  (sys_clk rise@20.000ns - sys_clk rise@0.000ns)
  Data Path Delay:        1.161ns  (logic 0.718ns (61.865%)  route 0.443ns (38.135%))
  Logic Levels:           1  (LUT2=1)
  Clock Path Skew:        0.000ns (DCD - SCD + CPR)
    Destination Clock Delay (DCD):    3.712ns = ( 23.712 - 20.000 ) 
    Source Clock Delay      (SCD):    4.171ns
    Clock Pessimism Removal (CPR):    0.459ns
  Clock Uncertainty:      0.035ns  ((TSJ^2 + TIJ^2)^1/2 + DJ) / 2 + PE
    Total System Jitter     (TSJ):    0.071ns
    Total Input Jitter      (TIJ):    0.000ns
    Discrete Jitter          (DJ):    0.000ns
    Phase Error              (PE):    0.000ns

    Location             Delay type                Incr(ns)  Path(ns)    Netlist Resource(s)
  -------------------------------------------------------------------    -------------------
                         (clock sys_clk rise edge)    0.000     0.000 r  
    U18                                               0.000     0.000 r  sys_clk (IN)
                         net (fo=0)                   0.000     0.000    sys_clk
    U18                  IBUF (Prop_ibuf_I_O)         1.530     1.530 r  sys_clk_IBUF_inst/O
                         net (fo=5, routed)           2.641     4.171    u_ad_convert/sys_clk
    SLICE_X22Y85         FDCE                                         r  u_ad_convert/state_reg/C
  -------------------------------------------------------------------    -------------------
    SLICE_X22Y85         FDCE (Prop_fdce_C_Q)         0.419     4.590 f  u_ad_convert/state_reg/Q
                         net (fo=3, routed)           0.443     5.033    u_ad9269/state
    SLICE_X22Y85         LUT2 (Prop_lut2_I1_O)        0.299     5.332 r  u_ad9269/dout[5]_i_1/O
                         net (fo=1, routed)           0.000     5.332    u_ad_convert/D[1]
    SLICE_X22Y85         FDCE                                         r  u_ad_convert/dout_reg[5]/D
  -------------------------------------------------------------------    -------------------

                         (clock sys_clk rise edge)   20.000    20.000 r  
    U18                                               0.000    20.000 r  sys_clk (IN)
                         net (fo=0)                   0.000    20.000    sys_clk
    U18                  IBUF (Prop_ibuf_I_O)         1.459    21.459 r  sys_clk_IBUF_inst/O
                         net (fo=5, routed)           2.253    23.712    u_ad_convert/sys_clk
    SLICE_X22Y85         FDCE                                         r  u_ad_convert/dout_reg[5]/C
                         clock pessimism              0.459    24.171    
                         clock uncertainty           -0.035    24.136    
    SLICE_X22Y85         FDCE (Setup_fdce_C_D)        0.031    24.167    u_ad_convert/dout_reg[5]
  -------------------------------------------------------------------
                         required time                         24.167    
                         arrival time                          -5.332    
  -------------------------------------------------------------------
                         slack                                 18.835    

Slack (MET) :             18.837ns  (required time - arrival time)
  Source:                 u_ad_convert/state_reg/C
                            (rising edge-triggered cell FDCE clocked by sys_clk  {rise@0.000ns fall@10.000ns period=20.000ns})
  Destination:            u_ad_convert/dout_reg[6]/D
                            (rising edge-triggered cell FDCE clocked by sys_clk  {rise@0.000ns fall@10.000ns period=20.000ns})
  Path Group:             sys_clk
  Path Type:              Setup (Max at Slow Process Corner)
  Requirement:            20.000ns  (sys_clk rise@20.000ns - sys_clk rise@0.000ns)
  Data Path Delay:        1.157ns  (logic 0.718ns (62.079%)  route 0.439ns (37.921%))
  Logic Levels:           1  (LUT2=1)
  Clock Path Skew:        0.000ns (DCD - SCD + CPR)
    Destination Clock Delay (DCD):    3.712ns = ( 23.712 - 20.000 ) 
    Source Clock Delay      (SCD):    4.171ns
    Clock Pessimism Removal (CPR):    0.459ns
  Clock Uncertainty:      0.035ns  ((TSJ^2 + TIJ^2)^1/2 + DJ) / 2 + PE
    Total System Jitter     (TSJ):    0.071ns
    Total Input Jitter      (TIJ):    0.000ns
    Discrete Jitter          (DJ):    0.000ns
    Phase Error              (PE):    0.000ns

    Location             Delay type                Incr(ns)  Path(ns)    Netlist Resource(s)
  -------------------------------------------------------------------    -------------------
                         (clock sys_clk rise edge)    0.000     0.000 r  
    U18                                               0.000     0.000 r  sys_clk (IN)
                         net (fo=0)                   0.000     0.000    sys_clk
    U18                  IBUF (Prop_ibuf_I_O)         1.530     1.530 r  sys_clk_IBUF_inst/O
                         net (fo=5, routed)           2.641     4.171    u_ad_convert/sys_clk
    SLICE_X22Y85         FDCE                                         r  u_ad_convert/state_reg/C
  -------------------------------------------------------------------    -------------------
    SLICE_X22Y85         FDCE (Prop_fdce_C_Q)         0.419     4.590 r  u_ad_convert/state_reg/Q
                         net (fo=3, routed)           0.439     5.029    u_ad_convert/state
    SLICE_X22Y85         LUT2 (Prop_lut2_I0_O)        0.299     5.328 r  u_ad_convert/dout[6]_i_1/O
                         net (fo=1, routed)           0.000     5.328    u_ad_convert/dout[6]_i_1_n_0
    SLICE_X22Y85         FDCE                                         r  u_ad_convert/dout_reg[6]/D
  -------------------------------------------------------------------    -------------------

                         (clock sys_clk rise edge)   20.000    20.000 r  
    U18                                               0.000    20.000 r  sys_clk (IN)
                         net (fo=0)                   0.000    20.000    sys_clk
    U18                  IBUF (Prop_ibuf_I_O)         1.459    21.459 r  sys_clk_IBUF_inst/O
                         net (fo=5, routed)           2.253    23.712    u_ad_convert/sys_clk
    SLICE_X22Y85         FDCE                                         r  u_ad_convert/dout_reg[6]/C
                         clock pessimism              0.459    24.171    
                         clock uncertainty           -0.035    24.136    
    SLICE_X22Y85         FDCE (Setup_fdce_C_D)        0.029    24.165    u_ad_convert/dout_reg[6]
  -------------------------------------------------------------------
                         required time                         24.165    
                         arrival time                          -5.328    
  -------------------------------------------------------------------
                         slack                                 18.837    

Slack (MET) :             18.889ns  (required time - arrival time)
  Source:                 u_ad_convert/state_reg/C
                            (rising edge-triggered cell FDCE clocked by sys_clk  {rise@0.000ns fall@10.000ns period=20.000ns})
  Destination:            u_ad_convert/state_reg/D
                            (rising edge-triggered cell FDCE clocked by sys_clk  {rise@0.000ns fall@10.000ns period=20.000ns})
  Path Group:             sys_clk
  Path Type:              Setup (Max at Slow Process Corner)
  Requirement:            20.000ns  (sys_clk rise@20.000ns - sys_clk rise@0.000ns)
  Data Path Delay:        1.151ns  (logic 0.712ns (61.882%)  route 0.439ns (38.118%))
  Logic Levels:           1  (LUT1=1)
  Clock Path Skew:        0.000ns (DCD - SCD + CPR)
    Destination Clock Delay (DCD):    3.712ns = ( 23.712 - 20.000 ) 
    Source Clock Delay      (SCD):    4.171ns
    Clock Pessimism Removal (CPR):    0.459ns
  Clock Uncertainty:      0.035ns  ((TSJ^2 + TIJ^2)^1/2 + DJ) / 2 + PE
    Total System Jitter     (TSJ):    0.071ns
    Total Input Jitter      (TIJ):    0.000ns
    Discrete Jitter          (DJ):    0.000ns
    Phase Error              (PE):    0.000ns

    Location             Delay type                Incr(ns)  Path(ns)    Netlist Resource(s)
  -------------------------------------------------------------------    -------------------
                         (clock sys_clk rise edge)    0.000     0.000 r  
    U18                                               0.000     0.000 r  sys_clk (IN)
                         net (fo=0)                   0.000     0.000    sys_clk
    U18                  IBUF (Prop_ibuf_I_O)         1.530     1.530 r  sys_clk_IBUF_inst/O
                         net (fo=5, routed)           2.641     4.171    u_ad_convert/sys_clk
    SLICE_X22Y85         FDCE                                         r  u_ad_convert/state_reg/C
  -------------------------------------------------------------------    -------------------
    SLICE_X22Y85         FDCE (Prop_fdce_C_Q)         0.419     4.590 f  u_ad_convert/state_reg/Q
                         net (fo=3, routed)           0.439     5.029    u_ad_convert/state
    SLICE_X22Y85         LUT1 (Prop_lut1_I0_O)        0.293     5.322 r  u_ad_convert/state_i_1/O
                         net (fo=1, routed)           0.000     5.322    u_ad_convert/p_0_in
    SLICE_X22Y85         FDCE                                         r  u_ad_convert/state_reg/D
  -------------------------------------------------------------------    -------------------

                         (clock sys_clk rise edge)   20.000    20.000 r  
    U18                                               0.000    20.000 r  sys_clk (IN)
                         net (fo=0)                   0.000    20.000    sys_clk
    U18                  IBUF (Prop_ibuf_I_O)         1.459    21.459 r  sys_clk_IBUF_inst/O
                         net (fo=5, routed)           2.253    23.712    u_ad_convert/sys_clk
    SLICE_X22Y85         FDCE                                         r  u_ad_convert/state_reg/C
                         clock pessimism              0.459    24.171    
                         clock uncertainty           -0.035    24.136    
    SLICE_X22Y85         FDCE (Setup_fdce_C_D)        0.075    24.211    u_ad_convert/state_reg
  -------------------------------------------------------------------
                         required time                         24.211    
                         arrival time                          -5.322    
  -------------------------------------------------------------------
                         slack                                 18.889    





Min Delay Paths
--------------------------------------------------------------------------------------
Slack (MET) :             0.290ns  (arrival time - required time)
  Source:                 u_ad_convert/state_reg/C
                            (rising edge-triggered cell FDCE clocked by sys_clk  {rise@0.000ns fall@10.000ns period=20.000ns})
  Destination:            u_ad_convert/state_reg/D
                            (rising edge-triggered cell FDCE clocked by sys_clk  {rise@0.000ns fall@10.000ns period=20.000ns})
  Path Group:             sys_clk
  Path Type:              Hold (Min at Fast Process Corner)
  Requirement:            0.000ns  (sys_clk rise@0.000ns - sys_clk rise@0.000ns)
  Data Path Delay:        0.397ns  (logic 0.230ns (57.995%)  route 0.167ns (42.005%))
  Logic Levels:           1  (LUT1=1)
  Clock Path Skew:        0.000ns (DCD - SCD - CPR)
    Destination Clock Delay (DCD):    1.788ns
    Source Clock Delay      (SCD):    1.416ns
    Clock Pessimism Removal (CPR):    0.371ns

    Location             Delay type                Incr(ns)  Path(ns)    Netlist Resource(s)
  -------------------------------------------------------------------    -------------------
                         (clock sys_clk rise edge)    0.000     0.000 r  
    U18                                               0.000     0.000 r  sys_clk (IN)
                         net (fo=0)                   0.000     0.000    sys_clk
    U18                  IBUF (Prop_ibuf_I_O)         0.297     0.297 r  sys_clk_IBUF_inst/O
                         net (fo=5, routed)           1.119     1.416    u_ad_convert/sys_clk
    SLICE_X22Y85         FDCE                                         r  u_ad_convert/state_reg/C
  -------------------------------------------------------------------    -------------------
    SLICE_X22Y85         FDCE (Prop_fdce_C_Q)         0.128     1.544 f  u_ad_convert/state_reg/Q
                         net (fo=3, routed)           0.167     1.711    u_ad_convert/state
    SLICE_X22Y85         LUT1 (Prop_lut1_I0_O)        0.102     1.813 r  u_ad_convert/state_i_1/O
                         net (fo=1, routed)           0.000     1.813    u_ad_convert/p_0_in
    SLICE_X22Y85         FDCE                                         r  u_ad_convert/state_reg/D
  -------------------------------------------------------------------    -------------------

                         (clock sys_clk rise edge)    0.000     0.000 r  
    U18                                               0.000     0.000 r  sys_clk (IN)
                         net (fo=0)                   0.000     0.000    sys_clk
    U18                  IBUF (Prop_ibuf_I_O)         0.486     0.486 r  sys_clk_IBUF_inst/O
                         net (fo=5, routed)           1.302     1.788    u_ad_convert/sys_clk
    SLICE_X22Y85         FDCE                                         r  u_ad_convert/state_reg/C
                         clock pessimism             -0.371     1.416    
    SLICE_X22Y85         FDCE (Hold_fdce_C_D)         0.107     1.523    u_ad_convert/state_reg
  -------------------------------------------------------------------
                         required time                         -1.523    
                         arrival time                           1.813    
  -------------------------------------------------------------------
                         slack                                  0.290    

Slack (MET) :             0.303ns  (arrival time - required time)
  Source:                 u_ad_convert/state_reg/C
                            (rising edge-triggered cell FDCE clocked by sys_clk  {rise@0.000ns fall@10.000ns period=20.000ns})
  Destination:            u_ad_convert/dout_reg[5]/D
                            (rising edge-triggered cell FDCE clocked by sys_clk  {rise@0.000ns fall@10.000ns period=20.000ns})
  Path Group:             sys_clk
  Path Type:              Hold (Min at Fast Process Corner)
  Requirement:            0.000ns  (sys_clk rise@0.000ns - sys_clk rise@0.000ns)
  Data Path Delay:        0.395ns  (logic 0.227ns (57.529%)  route 0.168ns (42.471%))
  Logic Levels:           1  (LUT2=1)
  Clock Path Skew:        0.000ns (DCD - SCD - CPR)
    Destination Clock Delay (DCD):    1.788ns
    Source Clock Delay      (SCD):    1.416ns
    Clock Pessimism Removal (CPR):    0.371ns

    Location             Delay type                Incr(ns)  Path(ns)    Netlist Resource(s)
  -------------------------------------------------------------------    -------------------
                         (clock sys_clk rise edge)    0.000     0.000 r  
    U18                                               0.000     0.000 r  sys_clk (IN)
                         net (fo=0)                   0.000     0.000    sys_clk
    U18                  IBUF (Prop_ibuf_I_O)         0.297     0.297 r  sys_clk_IBUF_inst/O
                         net (fo=5, routed)           1.119     1.416    u_ad_convert/sys_clk
    SLICE_X22Y85         FDCE                                         r  u_ad_convert/state_reg/C
  -------------------------------------------------------------------    -------------------
    SLICE_X22Y85         FDCE (Prop_fdce_C_Q)         0.128     1.544 f  u_ad_convert/state_reg/Q
                         net (fo=3, routed)           0.168     1.712    u_ad9269/state
    SLICE_X22Y85         LUT2 (Prop_lut2_I1_O)        0.099     1.811 r  u_ad9269/dout[5]_i_1/O
                         net (fo=1, routed)           0.000     1.811    u_ad_convert/D[1]
    SLICE_X22Y85         FDCE                                         r  u_ad_convert/dout_reg[5]/D
  -------------------------------------------------------------------    -------------------

                         (clock sys_clk rise edge)    0.000     0.000 r  
    U18                                               0.000     0.000 r  sys_clk (IN)
                         net (fo=0)                   0.000     0.000    sys_clk
    U18                  IBUF (Prop_ibuf_I_O)         0.486     0.486 r  sys_clk_IBUF_inst/O
                         net (fo=5, routed)           1.302     1.788    u_ad_convert/sys_clk
    SLICE_X22Y85         FDCE                                         r  u_ad_convert/dout_reg[5]/C
                         clock pessimism             -0.371     1.416    
    SLICE_X22Y85         FDCE (Hold_fdce_C_D)         0.092     1.508    u_ad_convert/dout_reg[5]
  -------------------------------------------------------------------
                         required time                         -1.508    
                         arrival time                           1.811    
  -------------------------------------------------------------------
                         slack                                  0.303    

Slack (MET) :             0.303ns  (arrival time - required time)
  Source:                 u_ad_convert/state_reg/C
                            (rising edge-triggered cell FDCE clocked by sys_clk  {rise@0.000ns fall@10.000ns period=20.000ns})
  Destination:            u_ad_convert/dout_reg[6]/D
                            (rising edge-triggered cell FDCE clocked by sys_clk  {rise@0.000ns fall@10.000ns period=20.000ns})
  Path Group:             sys_clk
  Path Type:              Hold (Min at Fast Process Corner)
  Requirement:            0.000ns  (sys_clk rise@0.000ns - sys_clk rise@0.000ns)
  Data Path Delay:        0.394ns  (logic 0.227ns (57.675%)  route 0.167ns (42.325%))
  Logic Levels:           1  (LUT2=1)
  Clock Path Skew:        0.000ns (DCD - SCD - CPR)
    Destination Clock Delay (DCD):    1.788ns
    Source Clock Delay      (SCD):    1.416ns
    Clock Pessimism Removal (CPR):    0.371ns

    Location             Delay type                Incr(ns)  Path(ns)    Netlist Resource(s)
  -------------------------------------------------------------------    -------------------
                         (clock sys_clk rise edge)    0.000     0.000 r  
    U18                                               0.000     0.000 r  sys_clk (IN)
                         net (fo=0)                   0.000     0.000    sys_clk
    U18                  IBUF (Prop_ibuf_I_O)         0.297     0.297 r  sys_clk_IBUF_inst/O
                         net (fo=5, routed)           1.119     1.416    u_ad_convert/sys_clk
    SLICE_X22Y85         FDCE                                         r  u_ad_convert/state_reg/C
  -------------------------------------------------------------------    -------------------
    SLICE_X22Y85         FDCE (Prop_fdce_C_Q)         0.128     1.544 r  u_ad_convert/state_reg/Q
                         net (fo=3, routed)           0.167     1.711    u_ad_convert/state
    SLICE_X22Y85         LUT2 (Prop_lut2_I0_O)        0.099     1.810 r  u_ad_convert/dout[6]_i_1/O
                         net (fo=1, routed)           0.000     1.810    u_ad_convert/dout[6]_i_1_n_0
    SLICE_X22Y85         FDCE                                         r  u_ad_convert/dout_reg[6]/D
  -------------------------------------------------------------------    -------------------

                         (clock sys_clk rise edge)    0.000     0.000 r  
    U18                                               0.000     0.000 r  sys_clk (IN)
                         net (fo=0)                   0.000     0.000    sys_clk
    U18                  IBUF (Prop_ibuf_I_O)         0.486     0.486 r  sys_clk_IBUF_inst/O
                         net (fo=5, routed)           1.302     1.788    u_ad_convert/sys_clk
    SLICE_X22Y85         FDCE                                         r  u_ad_convert/dout_reg[6]/C
                         clock pessimism             -0.371     1.416    
    SLICE_X22Y85         FDCE (Hold_fdce_C_D)         0.091     1.507    u_ad_convert/dout_reg[6]
  -------------------------------------------------------------------
                         required time                         -1.507    
                         arrival time                           1.810    
  -------------------------------------------------------------------
                         slack                                  0.303    





Pulse Width Checks
--------------------------------------------------------------------------------------
Clock Name:         sys_clk
Waveform(ns):       { 0.000 10.000 }
Period(ns):         20.000
Sources:            { sys_clk }

Check Type        Corner  Lib Pin  Reference Pin  Required(ns)  Actual(ns)  Slack(ns)  Location      Pin
Min Period        n/a     FDCE/C   n/a            1.000         20.000      19.000     SLICE_X22Y85  u_ad_convert/dout_reg[2]/C
Min Period        n/a     FDCE/C   n/a            1.000         20.000      19.000     SLICE_X22Y85  u_ad_convert/dout_reg[5]/C
Min Period        n/a     FDCE/C   n/a            1.000         20.000      19.000     SLICE_X22Y85  u_ad_convert/dout_reg[6]/C
Min Period        n/a     FDCE/C   n/a            1.000         20.000      19.000     SLICE_X22Y85  u_ad_convert/state_reg/C
Low Pulse Width   Slow    FDCE/C   n/a            0.500         10.000      9.500      SLICE_X22Y85  u_ad_convert/dout_reg[2]/C
Low Pulse Width   Slow    FDCE/C   n/a            0.500         10.000      9.500      SLICE_X22Y85  u_ad_convert/dout_reg[5]/C
Low Pulse Width   Slow    FDCE/C   n/a            0.500         10.000      9.500      SLICE_X22Y85  u_ad_convert/dout_reg[6]/C
Low Pulse Width   Slow    FDCE/C   n/a            0.500         10.000      9.500      SLICE_X22Y85  u_ad_convert/state_reg/C
Low Pulse Width   Fast    FDCE/C   n/a            0.500         10.000      9.500      SLICE_X22Y85  u_ad_convert/dout_reg[2]/C
Low Pulse Width   Fast    FDCE/C   n/a            0.500         10.000      9.500      SLICE_X22Y85  u_ad_convert/dout_reg[5]/C
Low Pulse Width   Fast    FDCE/C   n/a            0.500         10.000      9.500      SLICE_X22Y85  u_ad_convert/dout_reg[6]/C
Low Pulse Width   Fast    FDCE/C   n/a            0.500         10.000      9.500      SLICE_X22Y85  u_ad_convert/state_reg/C
High Pulse Width  Slow    FDCE/C   n/a            0.500         10.000      9.500      SLICE_X22Y85  u_ad_convert/dout_reg[2]/C
High Pulse Width  Slow    FDCE/C   n/a            0.500         10.000      9.500      SLICE_X22Y85  u_ad_convert/dout_reg[5]/C
High Pulse Width  Slow    FDCE/C   n/a            0.500         10.000      9.500      SLICE_X22Y85  u_ad_convert/dout_reg[6]/C
High Pulse Width  Slow    FDCE/C   n/a            0.500         10.000      9.500      SLICE_X22Y85  u_ad_convert/state_reg/C
High Pulse Width  Fast    FDCE/C   n/a            0.500         10.000      9.500      SLICE_X22Y85  u_ad_convert/dout_reg[2]/C
High Pulse Width  Fast    FDCE/C   n/a            0.500         10.000      9.500      SLICE_X22Y85  u_ad_convert/dout_reg[5]/C
High Pulse Width  Fast    FDCE/C   n/a            0.500         10.000      9.500      SLICE_X22Y85  u_ad_convert/dout_reg[6]/C
High Pulse Width  Fast    FDCE/C   n/a            0.500         10.000      9.500      SLICE_X22Y85  u_ad_convert/state_reg/C



---------------------------------------------------------------------------------------------------
From Clock:  u_clk_wiz_0/inst/clk_in1
  To Clock:  u_clk_wiz_0/inst/clk_in1

Setup :           NA  Failing Endpoints,  Worst Slack           NA  ,  Total Violation           NA
Hold  :           NA  Failing Endpoints,  Worst Slack           NA  ,  Total Violation           NA
PW    :            0  Failing Endpoints,  Worst Slack        7.000ns,  Total Violation        0.000ns
---------------------------------------------------------------------------------------------------


Pulse Width Checks
--------------------------------------------------------------------------------------
Clock Name:         u_clk_wiz_0/inst/clk_in1
Waveform(ns):       { 0.000 10.000 }
Period(ns):         20.000
Sources:            { u_clk_wiz_0/inst/clk_in1 }

Check Type        Corner  Lib Pin            Reference Pin  Required(ns)  Actual(ns)  Slack(ns)  Location         Pin
Min Period        n/a     MMCME2_ADV/CLKIN1  n/a            1.249         20.000      18.751     MMCME2_ADV_X0Y0  u_clk_wiz_0/inst/mmcm_adv_inst/CLKIN1
Max Period        n/a     MMCME2_ADV/CLKIN1  n/a            100.000       20.000      80.000     MMCME2_ADV_X0Y0  u_clk_wiz_0/inst/mmcm_adv_inst/CLKIN1
Low Pulse Width   Slow    MMCME2_ADV/CLKIN1  n/a            3.000         10.000      7.000      MMCME2_ADV_X0Y0  u_clk_wiz_0/inst/mmcm_adv_inst/CLKIN1
Low Pulse Width   Fast    MMCME2_ADV/CLKIN1  n/a            3.000         10.000      7.000      MMCME2_ADV_X0Y0  u_clk_wiz_0/inst/mmcm_adv_inst/CLKIN1
High Pulse Width  Slow    MMCME2_ADV/CLKIN1  n/a            3.000         10.000      7.000      MMCME2_ADV_X0Y0  u_clk_wiz_0/inst/mmcm_adv_inst/CLKIN1
High Pulse Width  Fast    MMCME2_ADV/CLKIN1  n/a            3.000         10.000      7.000      MMCME2_ADV_X0Y0  u_clk_wiz_0/inst/mmcm_adv_inst/CLKIN1



---------------------------------------------------------------------------------------------------
From Clock:  clk_out1_clk_wiz_0
  To Clock:  clk_out1_clk_wiz_0

Setup :           NA  Failing Endpoints,  Worst Slack           NA  ,  Total Violation           NA
Hold  :           NA  Failing Endpoints,  Worst Slack           NA  ,  Total Violation           NA
PW    :            0  Failing Endpoints,  Worst Slack        0.264ns,  Total Violation        0.000ns
---------------------------------------------------------------------------------------------------


Pulse Width Checks
--------------------------------------------------------------------------------------
Clock Name:         clk_out1_clk_wiz_0
Waveform(ns):       { 0.000 2.500 }
Period(ns):         5.000
Sources:            { u_clk_wiz_0/inst/mmcm_adv_inst/CLKOUT0 }

Check Type  Corner  Lib Pin             Reference Pin  Required(ns)  Actual(ns)  Slack(ns)  Location         Pin
Min Period  n/a     IDELAYCTRL/REFCLK   n/a            3.225         5.000       1.775      IDELAYCTRL_X0Y1  u_gmii_to_rgmii/u_rgmii_rx/IDELAYCTRL_inst/REFCLK
Min Period  n/a     BUFG/I              n/a            2.155         5.000       2.845      BUFGCTRL_X0Y2    u_clk_wiz_0/inst/clkout1_buf/I
Min Period  n/a     MMCME2_ADV/CLKOUT0  n/a            1.249         5.000       3.751      MMCME2_ADV_X0Y0  u_clk_wiz_0/inst/mmcm_adv_inst/CLKOUT0
Max Period  n/a     IDELAYCTRL/REFCLK   n/a            5.264         5.000       0.264      IDELAYCTRL_X0Y1  u_gmii_to_rgmii/u_rgmii_rx/IDELAYCTRL_inst/REFCLK
Max Period  n/a     MMCME2_ADV/CLKOUT0  n/a            213.360       5.000       208.360    MMCME2_ADV_X0Y0  u_clk_wiz_0/inst/mmcm_adv_inst/CLKOUT0



---------------------------------------------------------------------------------------------------
From Clock:  clk_out2_clk_wiz_0
  To Clock:  clk_out2_clk_wiz_0

Setup :            0  Failing Endpoints,  Worst Slack       44.731ns,  Total Violation        0.000ns
Hold  :            0  Failing Endpoints,  Worst Slack        0.224ns,  Total Violation        0.000ns
PW    :            0  Failing Endpoints,  Worst Slack       24.500ns,  Total Violation        0.000ns
---------------------------------------------------------------------------------------------------


Max Delay Paths
--------------------------------------------------------------------------------------
Slack (MET) :             44.731ns  (required time - arrival time)
  Source:                 u_ad9269/U_AD9269_SPI/DELAY_CNT_reg[11]/C
                            (rising edge-triggered cell FDCE clocked by clk_out2_clk_wiz_0  {rise@0.000ns fall@25.000ns period=50.000ns})
  Destination:            u_ad9269/U_AD9269_SPI/DELAY_CNT_reg[19]/D
                            (rising edge-triggered cell FDCE clocked by clk_out2_clk_wiz_0  {rise@0.000ns fall@25.000ns period=50.000ns})
  Path Group:             clk_out2_clk_wiz_0
  Path Type:              Setup (Max at Slow Process Corner)
  Requirement:            50.000ns  (clk_out2_clk_wiz_0 rise@50.000ns - clk_out2_clk_wiz_0 rise@0.000ns)
  Data Path Delay:        4.915ns  (logic 1.958ns (39.837%)  route 2.957ns (60.163%))
  Logic Levels:           9  (CARRY4=5 LUT2=1 LUT4=1 LUT5=1 LUT6=1)
  Clock Path Skew:        -0.026ns (DCD - SCD + CPR)
    Destination Clock Delay (DCD):    -2.705ns = ( 47.295 - 50.000 ) 
    Source Clock Delay      (SCD):    -2.125ns
    Clock Pessimism Removal (CPR):    0.554ns
  Clock Uncertainty:      0.130ns  ((TSJ^2 + DJ^2)^1/2) / 2 + PE
    Total System Jitter     (TSJ):    0.071ns
    Discrete Jitter          (DJ):    0.249ns
    Phase Error              (PE):    0.000ns

    Location             Delay type                Incr(ns)  Path(ns)    Netlist Resource(s)
  -------------------------------------------------------------------    -------------------
                         (clock clk_out2_clk_wiz_0 rise edge)
                                                      0.000     0.000 r  
    U18                  IBUF                         0.000     0.000 r  sys_clk_IBUF_inst/O
                         net (fo=5, routed)           1.285     1.285    u_clk_wiz_0/inst/clk_in1
    MMCME2_ADV_X0Y0      MMCME2_ADV (Prop_mmcme2_adv_CLKIN1_CLKOUT1)
                                                     -7.010    -5.725 r  u_clk_wiz_0/inst/mmcm_adv_inst/CLKOUT1
                         net (fo=1, routed)           1.760    -3.965    u_clk_wiz_0/inst/clk_out2_clk_wiz_0
    BUFGCTRL_X0Y1        BUFG (Prop_bufg_I_O)         0.101    -3.864 r  u_clk_wiz_0/inst/clkout2_buf/O
                         net (fo=36, routed)          1.739    -2.125    u_ad9269/U_AD9269_SPI/clk_out2
    SLICE_X37Y59         FDCE                                         r  u_ad9269/U_AD9269_SPI/DELAY_CNT_reg[11]/C
  -------------------------------------------------------------------    -------------------
    SLICE_X37Y59         FDCE (Prop_fdce_C_Q)         0.456    -1.669 f  u_ad9269/U_AD9269_SPI/DELAY_CNT_reg[11]/Q
                         net (fo=2, routed)           0.685    -0.984    u_ad9269/U_AD9269_SPI/DELAY_CNT_reg[11]
    SLICE_X36Y59         LUT4 (Prop_lut4_I2_O)        0.124    -0.860 f  u_ad9269/U_AD9269_SPI/FSM_sequential_STATE[0]_i_6/O
                         net (fo=1, routed)           0.646    -0.213    u_ad9269/U_AD9269_SPI/FSM_sequential_STATE[0]_i_6_n_0
    SLICE_X36Y58         LUT6 (Prop_lut6_I5_O)        0.124    -0.089 r  u_ad9269/U_AD9269_SPI/FSM_sequential_STATE[0]_i_3/O
                         net (fo=1, routed)           0.640     0.550    u_ad9269/U_AD9269_SPI/FSM_sequential_STATE[0]_i_3_n_0
    SLICE_X36Y60         LUT5 (Prop_lut5_I2_O)        0.124     0.674 f  u_ad9269/U_AD9269_SPI/FSM_sequential_STATE[0]_i_2/O
                         net (fo=21, routed)          0.986     1.660    u_ad9269/U_AD9269_SPI/FSM_sequential_STATE[0]_i_2_n_0
    SLICE_X37Y57         LUT2 (Prop_lut2_I1_O)        0.124     1.784 r  u_ad9269/U_AD9269_SPI/DELAY_CNT[0]_i_6/O
                         net (fo=1, routed)           0.000     1.784    u_ad9269/U_AD9269_SPI/DELAY_CNT[0]_i_6_n_0
    SLICE_X37Y57         CARRY4 (Prop_carry4_S[1]_CO[3])
                                                      0.550     2.334 r  u_ad9269/U_AD9269_SPI/DELAY_CNT_reg[0]_i_2/CO[3]
                         net (fo=1, routed)           0.000     2.334    u_ad9269/U_AD9269_SPI/DELAY_CNT_reg[0]_i_2_n_0
    SLICE_X37Y58         CARRY4 (Prop_carry4_CI_CO[3])
                                                      0.114     2.448 r  u_ad9269/U_AD9269_SPI/DELAY_CNT_reg[4]_i_1/CO[3]
                         net (fo=1, routed)           0.000     2.448    u_ad9269/U_AD9269_SPI/DELAY_CNT_reg[4]_i_1_n_0
    SLICE_X37Y59         CARRY4 (Prop_carry4_CI_CO[3])
                                                      0.114     2.562 r  u_ad9269/U_AD9269_SPI/DELAY_CNT_reg[8]_i_1/CO[3]
                         net (fo=1, routed)           0.000     2.562    u_ad9269/U_AD9269_SPI/DELAY_CNT_reg[8]_i_1_n_0
    SLICE_X37Y60         CARRY4 (Prop_carry4_CI_CO[3])
                                                      0.114     2.676 r  u_ad9269/U_AD9269_SPI/DELAY_CNT_reg[12]_i_1/CO[3]
                         net (fo=1, routed)           0.000     2.676    u_ad9269/U_AD9269_SPI/DELAY_CNT_reg[12]_i_1_n_0
    SLICE_X37Y61         CARRY4 (Prop_carry4_CI_CO[3])
                                                      0.114     2.790 r  u_ad9269/U_AD9269_SPI/DELAY_CNT_reg[16]_i_1/CO[3]
                         net (fo=1, routed)           0.000     2.790    u_ad9269/U_AD9269_SPI/DELAY_CNT_reg[16]_i_1_n_0
    SLICE_X37Y61         FDCE                                         r  u_ad9269/U_AD9269_SPI/DELAY_CNT_reg[19]/D
  -------------------------------------------------------------------    -------------------

                         (clock clk_out2_clk_wiz_0 rise edge)
                                                     50.000    50.000 r  
    U18                  IBUF                         0.000    50.000 r  sys_clk_IBUF_inst/O
                         net (fo=5, routed)           1.162    51.162    u_clk_wiz_0/inst/clk_in1
    MMCME2_ADV_X0Y0      MMCME2_ADV (Prop_mmcme2_adv_CLKIN1_CLKOUT1)
                                                     -7.118    44.043 r  u_clk_wiz_0/inst/mmcm_adv_inst/CLKOUT1
                         net (fo=1, routed)           1.599    45.643    u_clk_wiz_0/inst/clk_out2_clk_wiz_0
    BUFGCTRL_X0Y1        BUFG (Prop_bufg_I_O)         0.091    45.734 r  u_clk_wiz_0/inst/clkout2_buf/O
                         net (fo=36, routed)          1.562    47.295    u_ad9269/U_AD9269_SPI/clk_out2
    SLICE_X37Y61         FDCE                                         r  u_ad9269/U_AD9269_SPI/DELAY_CNT_reg[19]/C
                         clock pessimism              0.554    47.849    
                         clock uncertainty           -0.130    47.719    
    SLICE_X37Y61         FDCE (Setup_fdce_C_D)       -0.198    47.521    u_ad9269/U_AD9269_SPI/DELAY_CNT_reg[19]
  -------------------------------------------------------------------
                         required time                         47.521    
                         arrival time                          -2.790    
  -------------------------------------------------------------------
                         slack                                 44.731    

Slack (MET) :             44.771ns  (required time - arrival time)
  Source:                 u_ad9269/U_AD9269_SPI/DELAY_CNT_reg[11]/C
                            (rising edge-triggered cell FDCE clocked by clk_out2_clk_wiz_0  {rise@0.000ns fall@25.000ns period=50.000ns})
  Destination:            u_ad9269/U_AD9269_SPI/DELAY_CNT_reg[17]/D
                            (rising edge-triggered cell FDCE clocked by clk_out2_clk_wiz_0  {rise@0.000ns fall@25.000ns period=50.000ns})
  Path Group:             clk_out2_clk_wiz_0
  Path Type:              Setup (Max at Slow Process Corner)
  Requirement:            50.000ns  (clk_out2_clk_wiz_0 rise@50.000ns - clk_out2_clk_wiz_0 rise@0.000ns)
  Data Path Delay:        5.135ns  (logic 2.178ns (42.414%)  route 2.957ns (57.586%))
  Logic Levels:           9  (CARRY4=5 LUT2=1 LUT4=1 LUT5=1 LUT6=1)
  Clock Path Skew:        -0.026ns (DCD - SCD + CPR)
    Destination Clock Delay (DCD):    -2.705ns = ( 47.295 - 50.000 ) 
    Source Clock Delay      (SCD):    -2.125ns
    Clock Pessimism Removal (CPR):    0.554ns
  Clock Uncertainty:      0.130ns  ((TSJ^2 + DJ^2)^1/2) / 2 + PE
    Total System Jitter     (TSJ):    0.071ns
    Discrete Jitter          (DJ):    0.249ns
    Phase Error              (PE):    0.000ns

    Location             Delay type                Incr(ns)  Path(ns)    Netlist Resource(s)
  -------------------------------------------------------------------    -------------------
                         (clock clk_out2_clk_wiz_0 rise edge)
                                                      0.000     0.000 r  
    U18                  IBUF                         0.000     0.000 r  sys_clk_IBUF_inst/O
                         net (fo=5, routed)           1.285     1.285    u_clk_wiz_0/inst/clk_in1
    MMCME2_ADV_X0Y0      MMCME2_ADV (Prop_mmcme2_adv_CLKIN1_CLKOUT1)
                                                     -7.010    -5.725 r  u_clk_wiz_0/inst/mmcm_adv_inst/CLKOUT1
                         net (fo=1, routed)           1.760    -3.965    u_clk_wiz_0/inst/clk_out2_clk_wiz_0
    BUFGCTRL_X0Y1        BUFG (Prop_bufg_I_O)         0.101    -3.864 r  u_clk_wiz_0/inst/clkout2_buf/O
                         net (fo=36, routed)          1.739    -2.125    u_ad9269/U_AD9269_SPI/clk_out2
    SLICE_X37Y59         FDCE                                         r  u_ad9269/U_AD9269_SPI/DELAY_CNT_reg[11]/C
  -------------------------------------------------------------------    -------------------
    SLICE_X37Y59         FDCE (Prop_fdce_C_Q)         0.456    -1.669 f  u_ad9269/U_AD9269_SPI/DELAY_CNT_reg[11]/Q
                         net (fo=2, routed)           0.685    -0.984    u_ad9269/U_AD9269_SPI/DELAY_CNT_reg[11]
    SLICE_X36Y59         LUT4 (Prop_lut4_I2_O)        0.124    -0.860 f  u_ad9269/U_AD9269_SPI/FSM_sequential_STATE[0]_i_6/O
                         net (fo=1, routed)           0.646    -0.213    u_ad9269/U_AD9269_SPI/FSM_sequential_STATE[0]_i_6_n_0
    SLICE_X36Y58         LUT6 (Prop_lut6_I5_O)        0.124    -0.089 r  u_ad9269/U_AD9269_SPI/FSM_sequential_STATE[0]_i_3/O
                         net (fo=1, routed)           0.640     0.550    u_ad9269/U_AD9269_SPI/FSM_sequential_STATE[0]_i_3_n_0
    SLICE_X36Y60         LUT5 (Prop_lut5_I2_O)        0.124     0.674 f  u_ad9269/U_AD9269_SPI/FSM_sequential_STATE[0]_i_2/O
                         net (fo=21, routed)          0.986     1.660    u_ad9269/U_AD9269_SPI/FSM_sequential_STATE[0]_i_2_n_0
    SLICE_X37Y57         LUT2 (Prop_lut2_I1_O)        0.124     1.784 r  u_ad9269/U_AD9269_SPI/DELAY_CNT[0]_i_6/O
                         net (fo=1, routed)           0.000     1.784    u_ad9269/U_AD9269_SPI/DELAY_CNT[0]_i_6_n_0
    SLICE_X37Y57         CARRY4 (Prop_carry4_S[1]_CO[3])
                                                      0.550     2.334 r  u_ad9269/U_AD9269_SPI/DELAY_CNT_reg[0]_i_2/CO[3]
                         net (fo=1, routed)           0.000     2.334    u_ad9269/U_AD9269_SPI/DELAY_CNT_reg[0]_i_2_n_0
    SLICE_X37Y58         CARRY4 (Prop_carry4_CI_CO[3])
                                                      0.114     2.448 r  u_ad9269/U_AD9269_SPI/DELAY_CNT_reg[4]_i_1/CO[3]
                         net (fo=1, routed)           0.000     2.448    u_ad9269/U_AD9269_SPI/DELAY_CNT_reg[4]_i_1_n_0
    SLICE_X37Y59         CARRY4 (Prop_carry4_CI_CO[3])
                                                      0.114     2.562 r  u_ad9269/U_AD9269_SPI/DELAY_CNT_reg[8]_i_1/CO[3]
                         net (fo=1, routed)           0.000     2.562    u_ad9269/U_AD9269_SPI/DELAY_CNT_reg[8]_i_1_n_0
    SLICE_X37Y60         CARRY4 (Prop_carry4_CI_CO[3])
                                                      0.114     2.676 r  u_ad9269/U_AD9269_SPI/DELAY_CNT_reg[12]_i_1/CO[3]
                         net (fo=1, routed)           0.000     2.676    u_ad9269/U_AD9269_SPI/DELAY_CNT_reg[12]_i_1_n_0
    SLICE_X37Y61         CARRY4 (Prop_carry4_CI_O[1])
                                                      0.334     3.010 r  u_ad9269/U_AD9269_SPI/DELAY_CNT_reg[16]_i_1/O[1]
                         net (fo=1, routed)           0.000     3.010    u_ad9269/U_AD9269_SPI/DELAY_CNT_reg[16]_i_1_n_6
    SLICE_X37Y61         FDCE                                         r  u_ad9269/U_AD9269_SPI/DELAY_CNT_reg[17]/D
  -------------------------------------------------------------------    -------------------

                         (clock clk_out2_clk_wiz_0 rise edge)
                                                     50.000    50.000 r  
    U18                  IBUF                         0.000    50.000 r  sys_clk_IBUF_inst/O
                         net (fo=5, routed)           1.162    51.162    u_clk_wiz_0/inst/clk_in1
    MMCME2_ADV_X0Y0      MMCME2_ADV (Prop_mmcme2_adv_CLKIN1_CLKOUT1)
                                                     -7.118    44.043 r  u_clk_wiz_0/inst/mmcm_adv_inst/CLKOUT1
                         net (fo=1, routed)           1.599    45.643    u_clk_wiz_0/inst/clk_out2_clk_wiz_0
    BUFGCTRL_X0Y1        BUFG (Prop_bufg_I_O)         0.091    45.734 r  u_clk_wiz_0/inst/clkout2_buf/O
                         net (fo=36, routed)          1.562    47.295    u_ad9269/U_AD9269_SPI/clk_out2
    SLICE_X37Y61         FDCE                                         r  u_ad9269/U_AD9269_SPI/DELAY_CNT_reg[17]/C
                         clock pessimism              0.554    47.849    
                         clock uncertainty           -0.130    47.719    
    SLICE_X37Y61         FDCE (Setup_fdce_C_D)        0.062    47.781    u_ad9269/U_AD9269_SPI/DELAY_CNT_reg[17]
  -------------------------------------------------------------------
                         required time                         47.781    
                         arrival time                          -3.010    
  -------------------------------------------------------------------
                         slack                                 44.771    

Slack (MET) :             44.866ns  (required time - arrival time)
  Source:                 u_ad9269/U_AD9269_SPI/DELAY_CNT_reg[11]/C
                            (rising edge-triggered cell FDCE clocked by clk_out2_clk_wiz_0  {rise@0.000ns fall@25.000ns period=50.000ns})
  Destination:            u_ad9269/U_AD9269_SPI/DELAY_CNT_reg[18]/D
                            (rising edge-triggered cell FDCE clocked by clk_out2_clk_wiz_0  {rise@0.000ns fall@25.000ns period=50.000ns})
  Path Group:             clk_out2_clk_wiz_0
  Path Type:              Setup (Max at Slow Process Corner)
  Requirement:            50.000ns  (clk_out2_clk_wiz_0 rise@50.000ns - clk_out2_clk_wiz_0 rise@0.000ns)
  Data Path Delay:        5.040ns  (logic 2.083ns (41.329%)  route 2.957ns (58.671%))
  Logic Levels:           9  (CARRY4=5 LUT2=1 LUT4=1 LUT5=1 LUT6=1)
  Clock Path Skew:        -0.026ns (DCD - SCD + CPR)
    Destination Clock Delay (DCD):    -2.705ns = ( 47.295 - 50.000 ) 
    Source Clock Delay      (SCD):    -2.125ns
    Clock Pessimism Removal (CPR):    0.554ns
  Clock Uncertainty:      0.130ns  ((TSJ^2 + DJ^2)^1/2) / 2 + PE
    Total System Jitter     (TSJ):    0.071ns
    Discrete Jitter          (DJ):    0.249ns
    Phase Error              (PE):    0.000ns

    Location             Delay type                Incr(ns)  Path(ns)    Netlist Resource(s)
  -------------------------------------------------------------------    -------------------
                         (clock clk_out2_clk_wiz_0 rise edge)
                                                      0.000     0.000 r  
    U18                  IBUF                         0.000     0.000 r  sys_clk_IBUF_inst/O
                         net (fo=5, routed)           1.285     1.285    u_clk_wiz_0/inst/clk_in1
    MMCME2_ADV_X0Y0      MMCME2_ADV (Prop_mmcme2_adv_CLKIN1_CLKOUT1)
                                                     -7.010    -5.725 r  u_clk_wiz_0/inst/mmcm_adv_inst/CLKOUT1
                         net (fo=1, routed)           1.760    -3.965    u_clk_wiz_0/inst/clk_out2_clk_wiz_0
    BUFGCTRL_X0Y1        BUFG (Prop_bufg_I_O)         0.101    -3.864 r  u_clk_wiz_0/inst/clkout2_buf/O
                         net (fo=36, routed)          1.739    -2.125    u_ad9269/U_AD9269_SPI/clk_out2
    SLICE_X37Y59         FDCE                                         r  u_ad9269/U_AD9269_SPI/DELAY_CNT_reg[11]/C
  -------------------------------------------------------------------    -------------------
    SLICE_X37Y59         FDCE (Prop_fdce_C_Q)         0.456    -1.669 f  u_ad9269/U_AD9269_SPI/DELAY_CNT_reg[11]/Q
                         net (fo=2, routed)           0.685    -0.984    u_ad9269/U_AD9269_SPI/DELAY_CNT_reg[11]
    SLICE_X36Y59         LUT4 (Prop_lut4_I2_O)        0.124    -0.860 f  u_ad9269/U_AD9269_SPI/FSM_sequential_STATE[0]_i_6/O
                         net (fo=1, routed)           0.646    -0.213    u_ad9269/U_AD9269_SPI/FSM_sequential_STATE[0]_i_6_n_0
    SLICE_X36Y58         LUT6 (Prop_lut6_I5_O)        0.124    -0.089 r  u_ad9269/U_AD9269_SPI/FSM_sequential_STATE[0]_i_3/O
                         net (fo=1, routed)           0.640     0.550    u_ad9269/U_AD9269_SPI/FSM_sequential_STATE[0]_i_3_n_0
    SLICE_X36Y60         LUT5 (Prop_lut5_I2_O)        0.124     0.674 f  u_ad9269/U_AD9269_SPI/FSM_sequential_STATE[0]_i_2/O
                         net (fo=21, routed)          0.986     1.660    u_ad9269/U_AD9269_SPI/FSM_sequential_STATE[0]_i_2_n_0
    SLICE_X37Y57         LUT2 (Prop_lut2_I1_O)        0.124     1.784 r  u_ad9269/U_AD9269_SPI/DELAY_CNT[0]_i_6/O
                         net (fo=1, routed)           0.000     1.784    u_ad9269/U_AD9269_SPI/DELAY_CNT[0]_i_6_n_0
    SLICE_X37Y57         CARRY4 (Prop_carry4_S[1]_CO[3])
                                                      0.550     2.334 r  u_ad9269/U_AD9269_SPI/DELAY_CNT_reg[0]_i_2/CO[3]
                         net (fo=1, routed)           0.000     2.334    u_ad9269/U_AD9269_SPI/DELAY_CNT_reg[0]_i_2_n_0
    SLICE_X37Y58         CARRY4 (Prop_carry4_CI_CO[3])
                                                      0.114     2.448 r  u_ad9269/U_AD9269_SPI/DELAY_CNT_reg[4]_i_1/CO[3]
                         net (fo=1, routed)           0.000     2.448    u_ad9269/U_AD9269_SPI/DELAY_CNT_reg[4]_i_1_n_0
    SLICE_X37Y59         CARRY4 (Prop_carry4_CI_CO[3])
                                                      0.114     2.562 r  u_ad9269/U_AD9269_SPI/DELAY_CNT_reg[8]_i_1/CO[3]
                         net (fo=1, routed)           0.000     2.562    u_ad9269/U_AD9269_SPI/DELAY_CNT_reg[8]_i_1_n_0
    SLICE_X37Y60         CARRY4 (Prop_carry4_CI_CO[3])
                                                      0.114     2.676 r  u_ad9269/U_AD9269_SPI/DELAY_CNT_reg[12]_i_1/CO[3]
                         net (fo=1, routed)           0.000     2.676    u_ad9269/U_AD9269_SPI/DELAY_CNT_reg[12]_i_1_n_0
    SLICE_X37Y61         CARRY4 (Prop_carry4_CI_O[2])
                                                      0.239     2.915 r  u_ad9269/U_AD9269_SPI/DELAY_CNT_reg[16]_i_1/O[2]
                         net (fo=1, routed)           0.000     2.915    u_ad9269/U_AD9269_SPI/DELAY_CNT_reg[16]_i_1_n_5
    SLICE_X37Y61         FDCE                                         r  u_ad9269/U_AD9269_SPI/DELAY_CNT_reg[18]/D
  -------------------------------------------------------------------    -------------------

                         (clock clk_out2_clk_wiz_0 rise edge)
                                                     50.000    50.000 r  
    U18                  IBUF                         0.000    50.000 r  sys_clk_IBUF_inst/O
                         net (fo=5, routed)           1.162    51.162    u_clk_wiz_0/inst/clk_in1
    MMCME2_ADV_X0Y0      MMCME2_ADV (Prop_mmcme2_adv_CLKIN1_CLKOUT1)
                                                     -7.118    44.043 r  u_clk_wiz_0/inst/mmcm_adv_inst/CLKOUT1
                         net (fo=1, routed)           1.599    45.643    u_clk_wiz_0/inst/clk_out2_clk_wiz_0
    BUFGCTRL_X0Y1        BUFG (Prop_bufg_I_O)         0.091    45.734 r  u_clk_wiz_0/inst/clkout2_buf/O
                         net (fo=36, routed)          1.562    47.295    u_ad9269/U_AD9269_SPI/clk_out2
    SLICE_X37Y61         FDCE                                         r  u_ad9269/U_AD9269_SPI/DELAY_CNT_reg[18]/C
                         clock pessimism              0.554    47.849    
                         clock uncertainty           -0.130    47.719    
    SLICE_X37Y61         FDCE (Setup_fdce_C_D)        0.062    47.781    u_ad9269/U_AD9269_SPI/DELAY_CNT_reg[18]
  -------------------------------------------------------------------
                         required time                         47.781    
                         arrival time                          -2.915    
  -------------------------------------------------------------------
                         slack                                 44.866    

Slack (MET) :             44.882ns  (required time - arrival time)
  Source:                 u_ad9269/U_AD9269_SPI/DELAY_CNT_reg[11]/C
                            (rising edge-triggered cell FDCE clocked by clk_out2_clk_wiz_0  {rise@0.000ns fall@25.000ns period=50.000ns})
  Destination:            u_ad9269/U_AD9269_SPI/DELAY_CNT_reg[16]/D
                            (rising edge-triggered cell FDCE clocked by clk_out2_clk_wiz_0  {rise@0.000ns fall@25.000ns period=50.000ns})
  Path Group:             clk_out2_clk_wiz_0
  Path Type:              Setup (Max at Slow Process Corner)
  Requirement:            50.000ns  (clk_out2_clk_wiz_0 rise@50.000ns - clk_out2_clk_wiz_0 rise@0.000ns)
  Data Path Delay:        5.024ns  (logic 2.067ns (41.142%)  route 2.957ns (58.858%))
  Logic Levels:           9  (CARRY4=5 LUT2=1 LUT4=1 LUT5=1 LUT6=1)
  Clock Path Skew:        -0.026ns (DCD - SCD + CPR)
    Destination Clock Delay (DCD):    -2.705ns = ( 47.295 - 50.000 ) 
    Source Clock Delay      (SCD):    -2.125ns
    Clock Pessimism Removal (CPR):    0.554ns
  Clock Uncertainty:      0.130ns  ((TSJ^2 + DJ^2)^1/2) / 2 + PE
    Total System Jitter     (TSJ):    0.071ns
    Discrete Jitter          (DJ):    0.249ns
    Phase Error              (PE):    0.000ns

    Location             Delay type                Incr(ns)  Path(ns)    Netlist Resource(s)
  -------------------------------------------------------------------    -------------------
                         (clock clk_out2_clk_wiz_0 rise edge)
                                                      0.000     0.000 r  
    U18                  IBUF                         0.000     0.000 r  sys_clk_IBUF_inst/O
                         net (fo=5, routed)           1.285     1.285    u_clk_wiz_0/inst/clk_in1
    MMCME2_ADV_X0Y0      MMCME2_ADV (Prop_mmcme2_adv_CLKIN1_CLKOUT1)
                                                     -7.010    -5.725 r  u_clk_wiz_0/inst/mmcm_adv_inst/CLKOUT1
                         net (fo=1, routed)           1.760    -3.965    u_clk_wiz_0/inst/clk_out2_clk_wiz_0
    BUFGCTRL_X0Y1        BUFG (Prop_bufg_I_O)         0.101    -3.864 r  u_clk_wiz_0/inst/clkout2_buf/O
                         net (fo=36, routed)          1.739    -2.125    u_ad9269/U_AD9269_SPI/clk_out2
    SLICE_X37Y59         FDCE                                         r  u_ad9269/U_AD9269_SPI/DELAY_CNT_reg[11]/C
  -------------------------------------------------------------------    -------------------
    SLICE_X37Y59         FDCE (Prop_fdce_C_Q)         0.456    -1.669 f  u_ad9269/U_AD9269_SPI/DELAY_CNT_reg[11]/Q
                         net (fo=2, routed)           0.685    -0.984    u_ad9269/U_AD9269_SPI/DELAY_CNT_reg[11]
    SLICE_X36Y59         LUT4 (Prop_lut4_I2_O)        0.124    -0.860 f  u_ad9269/U_AD9269_SPI/FSM_sequential_STATE[0]_i_6/O
                         net (fo=1, routed)           0.646    -0.213    u_ad9269/U_AD9269_SPI/FSM_sequential_STATE[0]_i_6_n_0
    SLICE_X36Y58         LUT6 (Prop_lut6_I5_O)        0.124    -0.089 r  u_ad9269/U_AD9269_SPI/FSM_sequential_STATE[0]_i_3/O
                         net (fo=1, routed)           0.640     0.550    u_ad9269/U_AD9269_SPI/FSM_sequential_STATE[0]_i_3_n_0
    SLICE_X36Y60         LUT5 (Prop_lut5_I2_O)        0.124     0.674 f  u_ad9269/U_AD9269_SPI/FSM_sequential_STATE[0]_i_2/O
                         net (fo=21, routed)          0.986     1.660    u_ad9269/U_AD9269_SPI/FSM_sequential_STATE[0]_i_2_n_0
    SLICE_X37Y57         LUT2 (Prop_lut2_I1_O)        0.124     1.784 r  u_ad9269/U_AD9269_SPI/DELAY_CNT[0]_i_6/O
                         net (fo=1, routed)           0.000     1.784    u_ad9269/U_AD9269_SPI/DELAY_CNT[0]_i_6_n_0
    SLICE_X37Y57         CARRY4 (Prop_carry4_S[1]_CO[3])
                                                      0.550     2.334 r  u_ad9269/U_AD9269_SPI/DELAY_CNT_reg[0]_i_2/CO[3]
                         net (fo=1, routed)           0.000     2.334    u_ad9269/U_AD9269_SPI/DELAY_CNT_reg[0]_i_2_n_0
    SLICE_X37Y58         CARRY4 (Prop_carry4_CI_CO[3])
                                                      0.114     2.448 r  u_ad9269/U_AD9269_SPI/DELAY_CNT_reg[4]_i_1/CO[3]
                         net (fo=1, routed)           0.000     2.448    u_ad9269/U_AD9269_SPI/DELAY_CNT_reg[4]_i_1_n_0
    SLICE_X37Y59         CARRY4 (Prop_carry4_CI_CO[3])
                                                      0.114     2.562 r  u_ad9269/U_AD9269_SPI/DELAY_CNT_reg[8]_i_1/CO[3]
                         net (fo=1, routed)           0.000     2.562    u_ad9269/U_AD9269_SPI/DELAY_CNT_reg[8]_i_1_n_0
    SLICE_X37Y60         CARRY4 (Prop_carry4_CI_CO[3])
                                                      0.114     2.676 r  u_ad9269/U_AD9269_SPI/DELAY_CNT_reg[12]_i_1/CO[3]
                         net (fo=1, routed)           0.000     2.676    u_ad9269/U_AD9269_SPI/DELAY_CNT_reg[12]_i_1_n_0
    SLICE_X37Y61         CARRY4 (Prop_carry4_CI_O[0])
                                                      0.223     2.899 r  u_ad9269/U_AD9269_SPI/DELAY_CNT_reg[16]_i_1/O[0]
                         net (fo=1, routed)           0.000     2.899    u_ad9269/U_AD9269_SPI/DELAY_CNT_reg[16]_i_1_n_7
    SLICE_X37Y61         FDCE                                         r  u_ad9269/U_AD9269_SPI/DELAY_CNT_reg[16]/D
  -------------------------------------------------------------------    -------------------

                         (clock clk_out2_clk_wiz_0 rise edge)
                                                     50.000    50.000 r  
    U18                  IBUF                         0.000    50.000 r  sys_clk_IBUF_inst/O
                         net (fo=5, routed)           1.162    51.162    u_clk_wiz_0/inst/clk_in1
    MMCME2_ADV_X0Y0      MMCME2_ADV (Prop_mmcme2_adv_CLKIN1_CLKOUT1)
                                                     -7.118    44.043 r  u_clk_wiz_0/inst/mmcm_adv_inst/CLKOUT1
                         net (fo=1, routed)           1.599    45.643    u_clk_wiz_0/inst/clk_out2_clk_wiz_0
    BUFGCTRL_X0Y1        BUFG (Prop_bufg_I_O)         0.091    45.734 r  u_clk_wiz_0/inst/clkout2_buf/O
                         net (fo=36, routed)          1.562    47.295    u_ad9269/U_AD9269_SPI/clk_out2
    SLICE_X37Y61         FDCE                                         r  u_ad9269/U_AD9269_SPI/DELAY_CNT_reg[16]/C
                         clock pessimism              0.554    47.849    
                         clock uncertainty           -0.130    47.719    
    SLICE_X37Y61         FDCE (Setup_fdce_C_D)        0.062    47.781    u_ad9269/U_AD9269_SPI/DELAY_CNT_reg[16]
  -------------------------------------------------------------------
                         required time                         47.781    
                         arrival time                          -2.899    
  -------------------------------------------------------------------
                         slack                                 44.882    

Slack (MET) :             44.886ns  (required time - arrival time)
  Source:                 u_ad9269/U_AD9269_SPI/DELAY_CNT_reg[11]/C
                            (rising edge-triggered cell FDCE clocked by clk_out2_clk_wiz_0  {rise@0.000ns fall@25.000ns period=50.000ns})
  Destination:            u_ad9269/U_AD9269_SPI/DELAY_CNT_reg[13]/D
                            (rising edge-triggered cell FDCE clocked by clk_out2_clk_wiz_0  {rise@0.000ns fall@25.000ns period=50.000ns})
  Path Group:             clk_out2_clk_wiz_0
  Path Type:              Setup (Max at Slow Process Corner)
  Requirement:            50.000ns  (clk_out2_clk_wiz_0 rise@50.000ns - clk_out2_clk_wiz_0 rise@0.000ns)
  Data Path Delay:        5.021ns  (logic 2.064ns (41.107%)  route 2.957ns (58.893%))
  Logic Levels:           8  (CARRY4=4 LUT2=1 LUT4=1 LUT5=1 LUT6=1)
  Clock Path Skew:        -0.025ns (DCD - SCD + CPR)
    Destination Clock Delay (DCD):    -2.704ns = ( 47.296 - 50.000 ) 
    Source Clock Delay      (SCD):    -2.125ns
    Clock Pessimism Removal (CPR):    0.554ns
  Clock Uncertainty:      0.130ns  ((TSJ^2 + DJ^2)^1/2) / 2 + PE
    Total System Jitter     (TSJ):    0.071ns
    Discrete Jitter          (DJ):    0.249ns
    Phase Error              (PE):    0.000ns

    Location             Delay type                Incr(ns)  Path(ns)    Netlist Resource(s)
  -------------------------------------------------------------------    -------------------
                         (clock clk_out2_clk_wiz_0 rise edge)
                                                      0.000     0.000 r  
    U18                  IBUF                         0.000     0.000 r  sys_clk_IBUF_inst/O
                         net (fo=5, routed)           1.285     1.285    u_clk_wiz_0/inst/clk_in1
    MMCME2_ADV_X0Y0      MMCME2_ADV (Prop_mmcme2_adv_CLKIN1_CLKOUT1)
                                                     -7.010    -5.725 r  u_clk_wiz_0/inst/mmcm_adv_inst/CLKOUT1
                         net (fo=1, routed)           1.760    -3.965    u_clk_wiz_0/inst/clk_out2_clk_wiz_0
    BUFGCTRL_X0Y1        BUFG (Prop_bufg_I_O)         0.101    -3.864 r  u_clk_wiz_0/inst/clkout2_buf/O
                         net (fo=36, routed)          1.739    -2.125    u_ad9269/U_AD9269_SPI/clk_out2
    SLICE_X37Y59         FDCE                                         r  u_ad9269/U_AD9269_SPI/DELAY_CNT_reg[11]/C
  -------------------------------------------------------------------    -------------------
    SLICE_X37Y59         FDCE (Prop_fdce_C_Q)         0.456    -1.669 f  u_ad9269/U_AD9269_SPI/DELAY_CNT_reg[11]/Q
                         net (fo=2, routed)           0.685    -0.984    u_ad9269/U_AD9269_SPI/DELAY_CNT_reg[11]
    SLICE_X36Y59         LUT4 (Prop_lut4_I2_O)        0.124    -0.860 f  u_ad9269/U_AD9269_SPI/FSM_sequential_STATE[0]_i_6/O
                         net (fo=1, routed)           0.646    -0.213    u_ad9269/U_AD9269_SPI/FSM_sequential_STATE[0]_i_6_n_0
    SLICE_X36Y58         LUT6 (Prop_lut6_I5_O)        0.124    -0.089 r  u_ad9269/U_AD9269_SPI/FSM_sequential_STATE[0]_i_3/O
                         net (fo=1, routed)           0.640     0.550    u_ad9269/U_AD9269_SPI/FSM_sequential_STATE[0]_i_3_n_0
    SLICE_X36Y60         LUT5 (Prop_lut5_I2_O)        0.124     0.674 f  u_ad9269/U_AD9269_SPI/FSM_sequential_STATE[0]_i_2/O
                         net (fo=21, routed)          0.986     1.660    u_ad9269/U_AD9269_SPI/FSM_sequential_STATE[0]_i_2_n_0
    SLICE_X37Y57         LUT2 (Prop_lut2_I1_O)        0.124     1.784 r  u_ad9269/U_AD9269_SPI/DELAY_CNT[0]_i_6/O
                         net (fo=1, routed)           0.000     1.784    u_ad9269/U_AD9269_SPI/DELAY_CNT[0]_i_6_n_0
    SLICE_X37Y57         CARRY4 (Prop_carry4_S[1]_CO[3])
                                                      0.550     2.334 r  u_ad9269/U_AD9269_SPI/DELAY_CNT_reg[0]_i_2/CO[3]
                         net (fo=1, routed)           0.000     2.334    u_ad9269/U_AD9269_SPI/DELAY_CNT_reg[0]_i_2_n_0
    SLICE_X37Y58         CARRY4 (Prop_carry4_CI_CO[3])
                                                      0.114     2.448 r  u_ad9269/U_AD9269_SPI/DELAY_CNT_reg[4]_i_1/CO[3]
                         net (fo=1, routed)           0.000     2.448    u_ad9269/U_AD9269_SPI/DELAY_CNT_reg[4]_i_1_n_0
    SLICE_X37Y59         CARRY4 (Prop_carry4_CI_CO[3])
                                                      0.114     2.562 r  u_ad9269/U_AD9269_SPI/DELAY_CNT_reg[8]_i_1/CO[3]
                         net (fo=1, routed)           0.000     2.562    u_ad9269/U_AD9269_SPI/DELAY_CNT_reg[8]_i_1_n_0
    SLICE_X37Y60         CARRY4 (Prop_carry4_CI_O[1])
                                                      0.334     2.896 r  u_ad9269/U_AD9269_SPI/DELAY_CNT_reg[12]_i_1/O[1]
                         net (fo=1, routed)           0.000     2.896    u_ad9269/U_AD9269_SPI/DELAY_CNT_reg[12]_i_1_n_6
    SLICE_X37Y60         FDCE                                         r  u_ad9269/U_AD9269_SPI/DELAY_CNT_reg[13]/D
  -------------------------------------------------------------------    -------------------

                         (clock clk_out2_clk_wiz_0 rise edge)
                                                     50.000    50.000 r  
    U18                  IBUF                         0.000    50.000 r  sys_clk_IBUF_inst/O
                         net (fo=5, routed)           1.162    51.162    u_clk_wiz_0/inst/clk_in1
    MMCME2_ADV_X0Y0      MMCME2_ADV (Prop_mmcme2_adv_CLKIN1_CLKOUT1)
                                                     -7.118    44.043 r  u_clk_wiz_0/inst/mmcm_adv_inst/CLKOUT1
                         net (fo=1, routed)           1.599    45.643    u_clk_wiz_0/inst/clk_out2_clk_wiz_0
    BUFGCTRL_X0Y1        BUFG (Prop_bufg_I_O)         0.091    45.734 r  u_clk_wiz_0/inst/clkout2_buf/O
                         net (fo=36, routed)          1.563    47.296    u_ad9269/U_AD9269_SPI/clk_out2
    SLICE_X37Y60         FDCE                                         r  u_ad9269/U_AD9269_SPI/DELAY_CNT_reg[13]/C
                         clock pessimism              0.554    47.850    
                         clock uncertainty           -0.130    47.720    
    SLICE_X37Y60         FDCE (Setup_fdce_C_D)        0.062    47.782    u_ad9269/U_AD9269_SPI/DELAY_CNT_reg[13]
  -------------------------------------------------------------------
                         required time                         47.782    
                         arrival time                          -2.896    
  -------------------------------------------------------------------
                         slack                                 44.886    

Slack (MET) :             44.907ns  (required time - arrival time)
  Source:                 u_ad9269/U_AD9269_SPI/DELAY_CNT_reg[11]/C
                            (rising edge-triggered cell FDCE clocked by clk_out2_clk_wiz_0  {rise@0.000ns fall@25.000ns period=50.000ns})
  Destination:            u_ad9269/U_AD9269_SPI/DELAY_CNT_reg[15]/D
                            (rising edge-triggered cell FDCE clocked by clk_out2_clk_wiz_0  {rise@0.000ns fall@25.000ns period=50.000ns})
  Path Group:             clk_out2_clk_wiz_0
  Path Type:              Setup (Max at Slow Process Corner)
  Requirement:            50.000ns  (clk_out2_clk_wiz_0 rise@50.000ns - clk_out2_clk_wiz_0 rise@0.000ns)
  Data Path Delay:        5.000ns  (logic 2.043ns (40.859%)  route 2.957ns (59.141%))
  Logic Levels:           8  (CARRY4=4 LUT2=1 LUT4=1 LUT5=1 LUT6=1)
  Clock Path Skew:        -0.025ns (DCD - SCD + CPR)
    Destination Clock Delay (DCD):    -2.704ns = ( 47.296 - 50.000 ) 
    Source Clock Delay      (SCD):    -2.125ns
    Clock Pessimism Removal (CPR):    0.554ns
  Clock Uncertainty:      0.130ns  ((TSJ^2 + DJ^2)^1/2) / 2 + PE
    Total System Jitter     (TSJ):    0.071ns
    Discrete Jitter          (DJ):    0.249ns
    Phase Error              (PE):    0.000ns

    Location             Delay type                Incr(ns)  Path(ns)    Netlist Resource(s)
  -------------------------------------------------------------------    -------------------
                         (clock clk_out2_clk_wiz_0 rise edge)
                                                      0.000     0.000 r  
    U18                  IBUF                         0.000     0.000 r  sys_clk_IBUF_inst/O
                         net (fo=5, routed)           1.285     1.285    u_clk_wiz_0/inst/clk_in1
    MMCME2_ADV_X0Y0      MMCME2_ADV (Prop_mmcme2_adv_CLKIN1_CLKOUT1)
                                                     -7.010    -5.725 r  u_clk_wiz_0/inst/mmcm_adv_inst/CLKOUT1
                         net (fo=1, routed)           1.760    -3.965    u_clk_wiz_0/inst/clk_out2_clk_wiz_0
    BUFGCTRL_X0Y1        BUFG (Prop_bufg_I_O)         0.101    -3.864 r  u_clk_wiz_0/inst/clkout2_buf/O
                         net (fo=36, routed)          1.739    -2.125    u_ad9269/U_AD9269_SPI/clk_out2
    SLICE_X37Y59         FDCE                                         r  u_ad9269/U_AD9269_SPI/DELAY_CNT_reg[11]/C
  -------------------------------------------------------------------    -------------------
    SLICE_X37Y59         FDCE (Prop_fdce_C_Q)         0.456    -1.669 f  u_ad9269/U_AD9269_SPI/DELAY_CNT_reg[11]/Q
                         net (fo=2, routed)           0.685    -0.984    u_ad9269/U_AD9269_SPI/DELAY_CNT_reg[11]
    SLICE_X36Y59         LUT4 (Prop_lut4_I2_O)        0.124    -0.860 f  u_ad9269/U_AD9269_SPI/FSM_sequential_STATE[0]_i_6/O
                         net (fo=1, routed)           0.646    -0.213    u_ad9269/U_AD9269_SPI/FSM_sequential_STATE[0]_i_6_n_0
    SLICE_X36Y58         LUT6 (Prop_lut6_I5_O)        0.124    -0.089 r  u_ad9269/U_AD9269_SPI/FSM_sequential_STATE[0]_i_3/O
                         net (fo=1, routed)           0.640     0.550    u_ad9269/U_AD9269_SPI/FSM_sequential_STATE[0]_i_3_n_0
    SLICE_X36Y60         LUT5 (Prop_lut5_I2_O)        0.124     0.674 f  u_ad9269/U_AD9269_SPI/FSM_sequential_STATE[0]_i_2/O
                         net (fo=21, routed)          0.986     1.660    u_ad9269/U_AD9269_SPI/FSM_sequential_STATE[0]_i_2_n_0
    SLICE_X37Y57         LUT2 (Prop_lut2_I1_O)        0.124     1.784 r  u_ad9269/U_AD9269_SPI/DELAY_CNT[0]_i_6/O
                         net (fo=1, routed)           0.000     1.784    u_ad9269/U_AD9269_SPI/DELAY_CNT[0]_i_6_n_0
    SLICE_X37Y57         CARRY4 (Prop_carry4_S[1]_CO[3])
                                                      0.550     2.334 r  u_ad9269/U_AD9269_SPI/DELAY_CNT_reg[0]_i_2/CO[3]
                         net (fo=1, routed)           0.000     2.334    u_ad9269/U_AD9269_SPI/DELAY_CNT_reg[0]_i_2_n_0
    SLICE_X37Y58         CARRY4 (Prop_carry4_CI_CO[3])
                                                      0.114     2.448 r  u_ad9269/U_AD9269_SPI/DELAY_CNT_reg[4]_i_1/CO[3]
                         net (fo=1, routed)           0.000     2.448    u_ad9269/U_AD9269_SPI/DELAY_CNT_reg[4]_i_1_n_0
    SLICE_X37Y59         CARRY4 (Prop_carry4_CI_CO[3])
                                                      0.114     2.562 r  u_ad9269/U_AD9269_SPI/DELAY_CNT_reg[8]_i_1/CO[3]
                         net (fo=1, routed)           0.000     2.562    u_ad9269/U_AD9269_SPI/DELAY_CNT_reg[8]_i_1_n_0
    SLICE_X37Y60         CARRY4 (Prop_carry4_CI_O[3])
                                                      0.313     2.875 r  u_ad9269/U_AD9269_SPI/DELAY_CNT_reg[12]_i_1/O[3]
                         net (fo=1, routed)           0.000     2.875    u_ad9269/U_AD9269_SPI/DELAY_CNT_reg[12]_i_1_n_4
    SLICE_X37Y60         FDCE                                         r  u_ad9269/U_AD9269_SPI/DELAY_CNT_reg[15]/D
  -------------------------------------------------------------------    -------------------

                         (clock clk_out2_clk_wiz_0 rise edge)
                                                     50.000    50.000 r  
    U18                  IBUF                         0.000    50.000 r  sys_clk_IBUF_inst/O
                         net (fo=5, routed)           1.162    51.162    u_clk_wiz_0/inst/clk_in1
    MMCME2_ADV_X0Y0      MMCME2_ADV (Prop_mmcme2_adv_CLKIN1_CLKOUT1)
                                                     -7.118    44.043 r  u_clk_wiz_0/inst/mmcm_adv_inst/CLKOUT1
                         net (fo=1, routed)           1.599    45.643    u_clk_wiz_0/inst/clk_out2_clk_wiz_0
    BUFGCTRL_X0Y1        BUFG (Prop_bufg_I_O)         0.091    45.734 r  u_clk_wiz_0/inst/clkout2_buf/O
                         net (fo=36, routed)          1.563    47.296    u_ad9269/U_AD9269_SPI/clk_out2
    SLICE_X37Y60         FDCE                                         r  u_ad9269/U_AD9269_SPI/DELAY_CNT_reg[15]/C
                         clock pessimism              0.554    47.850    
                         clock uncertainty           -0.130    47.720    
    SLICE_X37Y60         FDCE (Setup_fdce_C_D)        0.062    47.782    u_ad9269/U_AD9269_SPI/DELAY_CNT_reg[15]
  -------------------------------------------------------------------
                         required time                         47.782    
                         arrival time                          -2.875    
  -------------------------------------------------------------------
                         slack                                 44.907    

Slack (MET) :             44.981ns  (required time - arrival time)
  Source:                 u_ad9269/U_AD9269_SPI/DELAY_CNT_reg[11]/C
                            (rising edge-triggered cell FDCE clocked by clk_out2_clk_wiz_0  {rise@0.000ns fall@25.000ns period=50.000ns})
  Destination:            u_ad9269/U_AD9269_SPI/DELAY_CNT_reg[14]/D
                            (rising edge-triggered cell FDCE clocked by clk_out2_clk_wiz_0  {rise@0.000ns fall@25.000ns period=50.000ns})
  Path Group:             clk_out2_clk_wiz_0
  Path Type:              Setup (Max at Slow Process Corner)
  Requirement:            50.000ns  (clk_out2_clk_wiz_0 rise@50.000ns - clk_out2_clk_wiz_0 rise@0.000ns)
  Data Path Delay:        4.926ns  (logic 1.969ns (39.971%)  route 2.957ns (60.029%))
  Logic Levels:           8  (CARRY4=4 LUT2=1 LUT4=1 LUT5=1 LUT6=1)
  Clock Path Skew:        -0.025ns (DCD - SCD + CPR)
    Destination Clock Delay (DCD):    -2.704ns = ( 47.296 - 50.000 ) 
    Source Clock Delay      (SCD):    -2.125ns
    Clock Pessimism Removal (CPR):    0.554ns
  Clock Uncertainty:      0.130ns  ((TSJ^2 + DJ^2)^1/2) / 2 + PE
    Total System Jitter     (TSJ):    0.071ns
    Discrete Jitter          (DJ):    0.249ns
    Phase Error              (PE):    0.000ns

    Location             Delay type                Incr(ns)  Path(ns)    Netlist Resource(s)
  -------------------------------------------------------------------    -------------------
                         (clock clk_out2_clk_wiz_0 rise edge)
                                                      0.000     0.000 r  
    U18                  IBUF                         0.000     0.000 r  sys_clk_IBUF_inst/O
                         net (fo=5, routed)           1.285     1.285    u_clk_wiz_0/inst/clk_in1
    MMCME2_ADV_X0Y0      MMCME2_ADV (Prop_mmcme2_adv_CLKIN1_CLKOUT1)
                                                     -7.010    -5.725 r  u_clk_wiz_0/inst/mmcm_adv_inst/CLKOUT1
                         net (fo=1, routed)           1.760    -3.965    u_clk_wiz_0/inst/clk_out2_clk_wiz_0
    BUFGCTRL_X0Y1        BUFG (Prop_bufg_I_O)         0.101    -3.864 r  u_clk_wiz_0/inst/clkout2_buf/O
                         net (fo=36, routed)          1.739    -2.125    u_ad9269/U_AD9269_SPI/clk_out2
    SLICE_X37Y59         FDCE                                         r  u_ad9269/U_AD9269_SPI/DELAY_CNT_reg[11]/C
  -------------------------------------------------------------------    -------------------
    SLICE_X37Y59         FDCE (Prop_fdce_C_Q)         0.456    -1.669 f  u_ad9269/U_AD9269_SPI/DELAY_CNT_reg[11]/Q
                         net (fo=2, routed)           0.685    -0.984    u_ad9269/U_AD9269_SPI/DELAY_CNT_reg[11]
    SLICE_X36Y59         LUT4 (Prop_lut4_I2_O)        0.124    -0.860 f  u_ad9269/U_AD9269_SPI/FSM_sequential_STATE[0]_i_6/O
                         net (fo=1, routed)           0.646    -0.213    u_ad9269/U_AD9269_SPI/FSM_sequential_STATE[0]_i_6_n_0
    SLICE_X36Y58         LUT6 (Prop_lut6_I5_O)        0.124    -0.089 r  u_ad9269/U_AD9269_SPI/FSM_sequential_STATE[0]_i_3/O
                         net (fo=1, routed)           0.640     0.550    u_ad9269/U_AD9269_SPI/FSM_sequential_STATE[0]_i_3_n_0
    SLICE_X36Y60         LUT5 (Prop_lut5_I2_O)        0.124     0.674 f  u_ad9269/U_AD9269_SPI/FSM_sequential_STATE[0]_i_2/O
                         net (fo=21, routed)          0.986     1.660    u_ad9269/U_AD9269_SPI/FSM_sequential_STATE[0]_i_2_n_0
    SLICE_X37Y57         LUT2 (Prop_lut2_I1_O)        0.124     1.784 r  u_ad9269/U_AD9269_SPI/DELAY_CNT[0]_i_6/O
                         net (fo=1, routed)           0.000     1.784    u_ad9269/U_AD9269_SPI/DELAY_CNT[0]_i_6_n_0
    SLICE_X37Y57         CARRY4 (Prop_carry4_S[1]_CO[3])
                                                      0.550     2.334 r  u_ad9269/U_AD9269_SPI/DELAY_CNT_reg[0]_i_2/CO[3]
                         net (fo=1, routed)           0.000     2.334    u_ad9269/U_AD9269_SPI/DELAY_CNT_reg[0]_i_2_n_0
    SLICE_X37Y58         CARRY4 (Prop_carry4_CI_CO[3])
                                                      0.114     2.448 r  u_ad9269/U_AD9269_SPI/DELAY_CNT_reg[4]_i_1/CO[3]
                         net (fo=1, routed)           0.000     2.448    u_ad9269/U_AD9269_SPI/DELAY_CNT_reg[4]_i_1_n_0
    SLICE_X37Y59         CARRY4 (Prop_carry4_CI_CO[3])
                                                      0.114     2.562 r  u_ad9269/U_AD9269_SPI/DELAY_CNT_reg[8]_i_1/CO[3]
                         net (fo=1, routed)           0.000     2.562    u_ad9269/U_AD9269_SPI/DELAY_CNT_reg[8]_i_1_n_0
    SLICE_X37Y60         CARRY4 (Prop_carry4_CI_O[2])
                                                      0.239     2.801 r  u_ad9269/U_AD9269_SPI/DELAY_CNT_reg[12]_i_1/O[2]
                         net (fo=1, routed)           0.000     2.801    u_ad9269/U_AD9269_SPI/DELAY_CNT_reg[12]_i_1_n_5
    SLICE_X37Y60         FDCE                                         r  u_ad9269/U_AD9269_SPI/DELAY_CNT_reg[14]/D
  -------------------------------------------------------------------    -------------------

                         (clock clk_out2_clk_wiz_0 rise edge)
                                                     50.000    50.000 r  
    U18                  IBUF                         0.000    50.000 r  sys_clk_IBUF_inst/O
                         net (fo=5, routed)           1.162    51.162    u_clk_wiz_0/inst/clk_in1
    MMCME2_ADV_X0Y0      MMCME2_ADV (Prop_mmcme2_adv_CLKIN1_CLKOUT1)
                                                     -7.118    44.043 r  u_clk_wiz_0/inst/mmcm_adv_inst/CLKOUT1
                         net (fo=1, routed)           1.599    45.643    u_clk_wiz_0/inst/clk_out2_clk_wiz_0
    BUFGCTRL_X0Y1        BUFG (Prop_bufg_I_O)         0.091    45.734 r  u_clk_wiz_0/inst/clkout2_buf/O
                         net (fo=36, routed)          1.563    47.296    u_ad9269/U_AD9269_SPI/clk_out2
    SLICE_X37Y60         FDCE                                         r  u_ad9269/U_AD9269_SPI/DELAY_CNT_reg[14]/C
                         clock pessimism              0.554    47.850    
                         clock uncertainty           -0.130    47.720    
    SLICE_X37Y60         FDCE (Setup_fdce_C_D)        0.062    47.782    u_ad9269/U_AD9269_SPI/DELAY_CNT_reg[14]
  -------------------------------------------------------------------
                         required time                         47.782    
                         arrival time                          -2.801    
  -------------------------------------------------------------------
                         slack                                 44.981    

Slack (MET) :             44.997ns  (required time - arrival time)
  Source:                 u_ad9269/U_AD9269_SPI/DELAY_CNT_reg[11]/C
                            (rising edge-triggered cell FDCE clocked by clk_out2_clk_wiz_0  {rise@0.000ns fall@25.000ns period=50.000ns})
  Destination:            u_ad9269/U_AD9269_SPI/DELAY_CNT_reg[12]/D
                            (rising edge-triggered cell FDCE clocked by clk_out2_clk_wiz_0  {rise@0.000ns fall@25.000ns period=50.000ns})
  Path Group:             clk_out2_clk_wiz_0
  Path Type:              Setup (Max at Slow Process Corner)
  Requirement:            50.000ns  (clk_out2_clk_wiz_0 rise@50.000ns - clk_out2_clk_wiz_0 rise@0.000ns)
  Data Path Delay:        4.910ns  (logic 1.953ns (39.775%)  route 2.957ns (60.225%))
  Logic Levels:           8  (CARRY4=4 LUT2=1 LUT4=1 LUT5=1 LUT6=1)
  Clock Path Skew:        -0.025ns (DCD - SCD + CPR)
    Destination Clock Delay (DCD):    -2.704ns = ( 47.296 - 50.000 ) 
    Source Clock Delay      (SCD):    -2.125ns
    Clock Pessimism Removal (CPR):    0.554ns
  Clock Uncertainty:      0.130ns  ((TSJ^2 + DJ^2)^1/2) / 2 + PE
    Total System Jitter     (TSJ):    0.071ns
    Discrete Jitter          (DJ):    0.249ns
    Phase Error              (PE):    0.000ns

    Location             Delay type                Incr(ns)  Path(ns)    Netlist Resource(s)
  -------------------------------------------------------------------    -------------------
                         (clock clk_out2_clk_wiz_0 rise edge)
                                                      0.000     0.000 r  
    U18                  IBUF                         0.000     0.000 r  sys_clk_IBUF_inst/O
                         net (fo=5, routed)           1.285     1.285    u_clk_wiz_0/inst/clk_in1
    MMCME2_ADV_X0Y0      MMCME2_ADV (Prop_mmcme2_adv_CLKIN1_CLKOUT1)
                                                     -7.010    -5.725 r  u_clk_wiz_0/inst/mmcm_adv_inst/CLKOUT1
                         net (fo=1, routed)           1.760    -3.965    u_clk_wiz_0/inst/clk_out2_clk_wiz_0
    BUFGCTRL_X0Y1        BUFG (Prop_bufg_I_O)         0.101    -3.864 r  u_clk_wiz_0/inst/clkout2_buf/O
                         net (fo=36, routed)          1.739    -2.125    u_ad9269/U_AD9269_SPI/clk_out2
    SLICE_X37Y59         FDCE                                         r  u_ad9269/U_AD9269_SPI/DELAY_CNT_reg[11]/C
  -------------------------------------------------------------------    -------------------
    SLICE_X37Y59         FDCE (Prop_fdce_C_Q)         0.456    -1.669 f  u_ad9269/U_AD9269_SPI/DELAY_CNT_reg[11]/Q
                         net (fo=2, routed)           0.685    -0.984    u_ad9269/U_AD9269_SPI/DELAY_CNT_reg[11]
    SLICE_X36Y59         LUT4 (Prop_lut4_I2_O)        0.124    -0.860 f  u_ad9269/U_AD9269_SPI/FSM_sequential_STATE[0]_i_6/O
                         net (fo=1, routed)           0.646    -0.213    u_ad9269/U_AD9269_SPI/FSM_sequential_STATE[0]_i_6_n_0
    SLICE_X36Y58         LUT6 (Prop_lut6_I5_O)        0.124    -0.089 r  u_ad9269/U_AD9269_SPI/FSM_sequential_STATE[0]_i_3/O
                         net (fo=1, routed)           0.640     0.550    u_ad9269/U_AD9269_SPI/FSM_sequential_STATE[0]_i_3_n_0
    SLICE_X36Y60         LUT5 (Prop_lut5_I2_O)        0.124     0.674 f  u_ad9269/U_AD9269_SPI/FSM_sequential_STATE[0]_i_2/O
                         net (fo=21, routed)          0.986     1.660    u_ad9269/U_AD9269_SPI/FSM_sequential_STATE[0]_i_2_n_0
    SLICE_X37Y57         LUT2 (Prop_lut2_I1_O)        0.124     1.784 r  u_ad9269/U_AD9269_SPI/DELAY_CNT[0]_i_6/O
                         net (fo=1, routed)           0.000     1.784    u_ad9269/U_AD9269_SPI/DELAY_CNT[0]_i_6_n_0
    SLICE_X37Y57         CARRY4 (Prop_carry4_S[1]_CO[3])
                                                      0.550     2.334 r  u_ad9269/U_AD9269_SPI/DELAY_CNT_reg[0]_i_2/CO[3]
                         net (fo=1, routed)           0.000     2.334    u_ad9269/U_AD9269_SPI/DELAY_CNT_reg[0]_i_2_n_0
    SLICE_X37Y58         CARRY4 (Prop_carry4_CI_CO[3])
                                                      0.114     2.448 r  u_ad9269/U_AD9269_SPI/DELAY_CNT_reg[4]_i_1/CO[3]
                         net (fo=1, routed)           0.000     2.448    u_ad9269/U_AD9269_SPI/DELAY_CNT_reg[4]_i_1_n_0
    SLICE_X37Y59         CARRY4 (Prop_carry4_CI_CO[3])
                                                      0.114     2.562 r  u_ad9269/U_AD9269_SPI/DELAY_CNT_reg[8]_i_1/CO[3]
                         net (fo=1, routed)           0.000     2.562    u_ad9269/U_AD9269_SPI/DELAY_CNT_reg[8]_i_1_n_0
    SLICE_X37Y60         CARRY4 (Prop_carry4_CI_O[0])
                                                      0.223     2.785 r  u_ad9269/U_AD9269_SPI/DELAY_CNT_reg[12]_i_1/O[0]
                         net (fo=1, routed)           0.000     2.785    u_ad9269/U_AD9269_SPI/DELAY_CNT_reg[12]_i_1_n_7
    SLICE_X37Y60         FDCE                                         r  u_ad9269/U_AD9269_SPI/DELAY_CNT_reg[12]/D
  -------------------------------------------------------------------    -------------------

                         (clock clk_out2_clk_wiz_0 rise edge)
                                                     50.000    50.000 r  
    U18                  IBUF                         0.000    50.000 r  sys_clk_IBUF_inst/O
                         net (fo=5, routed)           1.162    51.162    u_clk_wiz_0/inst/clk_in1
    MMCME2_ADV_X0Y0      MMCME2_ADV (Prop_mmcme2_adv_CLKIN1_CLKOUT1)
                                                     -7.118    44.043 r  u_clk_wiz_0/inst/mmcm_adv_inst/CLKOUT1
                         net (fo=1, routed)           1.599    45.643    u_clk_wiz_0/inst/clk_out2_clk_wiz_0
    BUFGCTRL_X0Y1        BUFG (Prop_bufg_I_O)         0.091    45.734 r  u_clk_wiz_0/inst/clkout2_buf/O
                         net (fo=36, routed)          1.563    47.296    u_ad9269/U_AD9269_SPI/clk_out2
    SLICE_X37Y60         FDCE                                         r  u_ad9269/U_AD9269_SPI/DELAY_CNT_reg[12]/C
                         clock pessimism              0.554    47.850    
                         clock uncertainty           -0.130    47.720    
    SLICE_X37Y60         FDCE (Setup_fdce_C_D)        0.062    47.782    u_ad9269/U_AD9269_SPI/DELAY_CNT_reg[12]
  -------------------------------------------------------------------
                         required time                         47.782    
                         arrival time                          -2.785    
  -------------------------------------------------------------------
                         slack                                 44.997    

Slack (MET) :             45.025ns  (required time - arrival time)
  Source:                 u_ad9269/U_AD9269_SPI/DELAY_CNT_reg[11]/C
                            (rising edge-triggered cell FDCE clocked by clk_out2_clk_wiz_0  {rise@0.000ns fall@25.000ns period=50.000ns})
  Destination:            u_ad9269/U_AD9269_SPI/DELAY_CNT_reg[9]/D
                            (rising edge-triggered cell FDCE clocked by clk_out2_clk_wiz_0  {rise@0.000ns fall@25.000ns period=50.000ns})
  Path Group:             clk_out2_clk_wiz_0
  Path Type:              Setup (Max at Slow Process Corner)
  Requirement:            50.000ns  (clk_out2_clk_wiz_0 rise@50.000ns - clk_out2_clk_wiz_0 rise@0.000ns)
  Data Path Delay:        4.907ns  (logic 1.950ns (39.739%)  route 2.957ns (60.261%))
  Logic Levels:           7  (CARRY4=3 LUT2=1 LUT4=1 LUT5=1 LUT6=1)
  Clock Path Skew:        0.000ns (DCD - SCD + CPR)
    Destination Clock Delay (DCD):    -2.704ns = ( 47.296 - 50.000 ) 
    Source Clock Delay      (SCD):    -2.125ns
    Clock Pessimism Removal (CPR):    0.579ns
  Clock Uncertainty:      0.130ns  ((TSJ^2 + DJ^2)^1/2) / 2 + PE
    Total System Jitter     (TSJ):    0.071ns
    Discrete Jitter          (DJ):    0.249ns
    Phase Error              (PE):    0.000ns

    Location             Delay type                Incr(ns)  Path(ns)    Netlist Resource(s)
  -------------------------------------------------------------------    -------------------
                         (clock clk_out2_clk_wiz_0 rise edge)
                                                      0.000     0.000 r  
    U18                  IBUF                         0.000     0.000 r  sys_clk_IBUF_inst/O
                         net (fo=5, routed)           1.285     1.285    u_clk_wiz_0/inst/clk_in1
    MMCME2_ADV_X0Y0      MMCME2_ADV (Prop_mmcme2_adv_CLKIN1_CLKOUT1)
                                                     -7.010    -5.725 r  u_clk_wiz_0/inst/mmcm_adv_inst/CLKOUT1
                         net (fo=1, routed)           1.760    -3.965    u_clk_wiz_0/inst/clk_out2_clk_wiz_0
    BUFGCTRL_X0Y1        BUFG (Prop_bufg_I_O)         0.101    -3.864 r  u_clk_wiz_0/inst/clkout2_buf/O
                         net (fo=36, routed)          1.739    -2.125    u_ad9269/U_AD9269_SPI/clk_out2
    SLICE_X37Y59         FDCE                                         r  u_ad9269/U_AD9269_SPI/DELAY_CNT_reg[11]/C
  -------------------------------------------------------------------    -------------------
    SLICE_X37Y59         FDCE (Prop_fdce_C_Q)         0.456    -1.669 f  u_ad9269/U_AD9269_SPI/DELAY_CNT_reg[11]/Q
                         net (fo=2, routed)           0.685    -0.984    u_ad9269/U_AD9269_SPI/DELAY_CNT_reg[11]
    SLICE_X36Y59         LUT4 (Prop_lut4_I2_O)        0.124    -0.860 f  u_ad9269/U_AD9269_SPI/FSM_sequential_STATE[0]_i_6/O
                         net (fo=1, routed)           0.646    -0.213    u_ad9269/U_AD9269_SPI/FSM_sequential_STATE[0]_i_6_n_0
    SLICE_X36Y58         LUT6 (Prop_lut6_I5_O)        0.124    -0.089 r  u_ad9269/U_AD9269_SPI/FSM_sequential_STATE[0]_i_3/O
                         net (fo=1, routed)           0.640     0.550    u_ad9269/U_AD9269_SPI/FSM_sequential_STATE[0]_i_3_n_0
    SLICE_X36Y60         LUT5 (Prop_lut5_I2_O)        0.124     0.674 f  u_ad9269/U_AD9269_SPI/FSM_sequential_STATE[0]_i_2/O
                         net (fo=21, routed)          0.986     1.660    u_ad9269/U_AD9269_SPI/FSM_sequential_STATE[0]_i_2_n_0
    SLICE_X37Y57         LUT2 (Prop_lut2_I1_O)        0.124     1.784 r  u_ad9269/U_AD9269_SPI/DELAY_CNT[0]_i_6/O
                         net (fo=1, routed)           0.000     1.784    u_ad9269/U_AD9269_SPI/DELAY_CNT[0]_i_6_n_0
    SLICE_X37Y57         CARRY4 (Prop_carry4_S[1]_CO[3])
                                                      0.550     2.334 r  u_ad9269/U_AD9269_SPI/DELAY_CNT_reg[0]_i_2/CO[3]
                         net (fo=1, routed)           0.000     2.334    u_ad9269/U_AD9269_SPI/DELAY_CNT_reg[0]_i_2_n_0
    SLICE_X37Y58         CARRY4 (Prop_carry4_CI_CO[3])
                                                      0.114     2.448 r  u_ad9269/U_AD9269_SPI/DELAY_CNT_reg[4]_i_1/CO[3]
                         net (fo=1, routed)           0.000     2.448    u_ad9269/U_AD9269_SPI/DELAY_CNT_reg[4]_i_1_n_0
    SLICE_X37Y59         CARRY4 (Prop_carry4_CI_O[1])
                                                      0.334     2.782 r  u_ad9269/U_AD9269_SPI/DELAY_CNT_reg[8]_i_1/O[1]
                         net (fo=1, routed)           0.000     2.782    u_ad9269/U_AD9269_SPI/DELAY_CNT_reg[8]_i_1_n_6
    SLICE_X37Y59         FDCE                                         r  u_ad9269/U_AD9269_SPI/DELAY_CNT_reg[9]/D
  -------------------------------------------------------------------    -------------------

                         (clock clk_out2_clk_wiz_0 rise edge)
                                                     50.000    50.000 r  
    U18                  IBUF                         0.000    50.000 r  sys_clk_IBUF_inst/O
                         net (fo=5, routed)           1.162    51.162    u_clk_wiz_0/inst/clk_in1
    MMCME2_ADV_X0Y0      MMCME2_ADV (Prop_mmcme2_adv_CLKIN1_CLKOUT1)
                                                     -7.118    44.043 r  u_clk_wiz_0/inst/mmcm_adv_inst/CLKOUT1
                         net (fo=1, routed)           1.599    45.643    u_clk_wiz_0/inst/clk_out2_clk_wiz_0
    BUFGCTRL_X0Y1        BUFG (Prop_bufg_I_O)         0.091    45.734 r  u_clk_wiz_0/inst/clkout2_buf/O
                         net (fo=36, routed)          1.563    47.296    u_ad9269/U_AD9269_SPI/clk_out2
    SLICE_X37Y59         FDCE                                         r  u_ad9269/U_AD9269_SPI/DELAY_CNT_reg[9]/C
                         clock pessimism              0.579    47.875    
                         clock uncertainty           -0.130    47.745    
    SLICE_X37Y59         FDCE (Setup_fdce_C_D)        0.062    47.807    u_ad9269/U_AD9269_SPI/DELAY_CNT_reg[9]
  -------------------------------------------------------------------
                         required time                         47.807    
                         arrival time                          -2.782    
  -------------------------------------------------------------------
                         slack                                 45.025    

Slack (MET) :             45.046ns  (required time - arrival time)
  Source:                 u_ad9269/U_AD9269_SPI/DELAY_CNT_reg[11]/C
                            (rising edge-triggered cell FDCE clocked by clk_out2_clk_wiz_0  {rise@0.000ns fall@25.000ns period=50.000ns})
  Destination:            u_ad9269/U_AD9269_SPI/DELAY_CNT_reg[11]/D
                            (rising edge-triggered cell FDCE clocked by clk_out2_clk_wiz_0  {rise@0.000ns fall@25.000ns period=50.000ns})
  Path Group:             clk_out2_clk_wiz_0
  Path Type:              Setup (Max at Slow Process Corner)
  Requirement:            50.000ns  (clk_out2_clk_wiz_0 rise@50.000ns - clk_out2_clk_wiz_0 rise@0.000ns)
  Data Path Delay:        4.886ns  (logic 1.929ns (39.480%)  route 2.957ns (60.520%))
  Logic Levels:           7  (CARRY4=3 LUT2=1 LUT4=1 LUT5=1 LUT6=1)
  Clock Path Skew:        0.000ns (DCD - SCD + CPR)
    Destination Clock Delay (DCD):    -2.704ns = ( 47.296 - 50.000 ) 
    Source Clock Delay      (SCD):    -2.125ns
    Clock Pessimism Removal (CPR):    0.579ns
  Clock Uncertainty:      0.130ns  ((TSJ^2 + DJ^2)^1/2) / 2 + PE
    Total System Jitter     (TSJ):    0.071ns
    Discrete Jitter          (DJ):    0.249ns
    Phase Error              (PE):    0.000ns

    Location             Delay type                Incr(ns)  Path(ns)    Netlist Resource(s)
  -------------------------------------------------------------------    -------------------
                         (clock clk_out2_clk_wiz_0 rise edge)
                                                      0.000     0.000 r  
    U18                  IBUF                         0.000     0.000 r  sys_clk_IBUF_inst/O
                         net (fo=5, routed)           1.285     1.285    u_clk_wiz_0/inst/clk_in1
    MMCME2_ADV_X0Y0      MMCME2_ADV (Prop_mmcme2_adv_CLKIN1_CLKOUT1)
                                                     -7.010    -5.725 r  u_clk_wiz_0/inst/mmcm_adv_inst/CLKOUT1
                         net (fo=1, routed)           1.760    -3.965    u_clk_wiz_0/inst/clk_out2_clk_wiz_0
    BUFGCTRL_X0Y1        BUFG (Prop_bufg_I_O)         0.101    -3.864 r  u_clk_wiz_0/inst/clkout2_buf/O
                         net (fo=36, routed)          1.739    -2.125    u_ad9269/U_AD9269_SPI/clk_out2
    SLICE_X37Y59         FDCE                                         r  u_ad9269/U_AD9269_SPI/DELAY_CNT_reg[11]/C
  -------------------------------------------------------------------    -------------------
    SLICE_X37Y59         FDCE (Prop_fdce_C_Q)         0.456    -1.669 f  u_ad9269/U_AD9269_SPI/DELAY_CNT_reg[11]/Q
                         net (fo=2, routed)           0.685    -0.984    u_ad9269/U_AD9269_SPI/DELAY_CNT_reg[11]
    SLICE_X36Y59         LUT4 (Prop_lut4_I2_O)        0.124    -0.860 f  u_ad9269/U_AD9269_SPI/FSM_sequential_STATE[0]_i_6/O
                         net (fo=1, routed)           0.646    -0.213    u_ad9269/U_AD9269_SPI/FSM_sequential_STATE[0]_i_6_n_0
    SLICE_X36Y58         LUT6 (Prop_lut6_I5_O)        0.124    -0.089 r  u_ad9269/U_AD9269_SPI/FSM_sequential_STATE[0]_i_3/O
                         net (fo=1, routed)           0.640     0.550    u_ad9269/U_AD9269_SPI/FSM_sequential_STATE[0]_i_3_n_0
    SLICE_X36Y60         LUT5 (Prop_lut5_I2_O)        0.124     0.674 f  u_ad9269/U_AD9269_SPI/FSM_sequential_STATE[0]_i_2/O
                         net (fo=21, routed)          0.986     1.660    u_ad9269/U_AD9269_SPI/FSM_sequential_STATE[0]_i_2_n_0
    SLICE_X37Y57         LUT2 (Prop_lut2_I1_O)        0.124     1.784 r  u_ad9269/U_AD9269_SPI/DELAY_CNT[0]_i_6/O
                         net (fo=1, routed)           0.000     1.784    u_ad9269/U_AD9269_SPI/DELAY_CNT[0]_i_6_n_0
    SLICE_X37Y57         CARRY4 (Prop_carry4_S[1]_CO[3])
                                                      0.550     2.334 r  u_ad9269/U_AD9269_SPI/DELAY_CNT_reg[0]_i_2/CO[3]
                         net (fo=1, routed)           0.000     2.334    u_ad9269/U_AD9269_SPI/DELAY_CNT_reg[0]_i_2_n_0
    SLICE_X37Y58         CARRY4 (Prop_carry4_CI_CO[3])
                                                      0.114     2.448 r  u_ad9269/U_AD9269_SPI/DELAY_CNT_reg[4]_i_1/CO[3]
                         net (fo=1, routed)           0.000     2.448    u_ad9269/U_AD9269_SPI/DELAY_CNT_reg[4]_i_1_n_0
    SLICE_X37Y59         CARRY4 (Prop_carry4_CI_O[3])
                                                      0.313     2.761 r  u_ad9269/U_AD9269_SPI/DELAY_CNT_reg[8]_i_1/O[3]
                         net (fo=1, routed)           0.000     2.761    u_ad9269/U_AD9269_SPI/DELAY_CNT_reg[8]_i_1_n_4
    SLICE_X37Y59         FDCE                                         r  u_ad9269/U_AD9269_SPI/DELAY_CNT_reg[11]/D
  -------------------------------------------------------------------    -------------------

                         (clock clk_out2_clk_wiz_0 rise edge)
                                                     50.000    50.000 r  
    U18                  IBUF                         0.000    50.000 r  sys_clk_IBUF_inst/O
                         net (fo=5, routed)           1.162    51.162    u_clk_wiz_0/inst/clk_in1
    MMCME2_ADV_X0Y0      MMCME2_ADV (Prop_mmcme2_adv_CLKIN1_CLKOUT1)
                                                     -7.118    44.043 r  u_clk_wiz_0/inst/mmcm_adv_inst/CLKOUT1
                         net (fo=1, routed)           1.599    45.643    u_clk_wiz_0/inst/clk_out2_clk_wiz_0
    BUFGCTRL_X0Y1        BUFG (Prop_bufg_I_O)         0.091    45.734 r  u_clk_wiz_0/inst/clkout2_buf/O
                         net (fo=36, routed)          1.563    47.296    u_ad9269/U_AD9269_SPI/clk_out2
    SLICE_X37Y59         FDCE                                         r  u_ad9269/U_AD9269_SPI/DELAY_CNT_reg[11]/C
                         clock pessimism              0.579    47.875    
                         clock uncertainty           -0.130    47.745    
    SLICE_X37Y59         FDCE (Setup_fdce_C_D)        0.062    47.807    u_ad9269/U_AD9269_SPI/DELAY_CNT_reg[11]
  -------------------------------------------------------------------
                         required time                         47.807    
                         arrival time                          -2.761    
  -------------------------------------------------------------------
                         slack                                 45.046    





Min Delay Paths
--------------------------------------------------------------------------------------
Slack (MET) :             0.224ns  (arrival time - required time)
  Source:                 u_ad9269/U_AD9269_SPI/SPI_CS_reg/C
                            (rising edge-triggered cell FDPE clocked by clk_out2_clk_wiz_0  {rise@0.000ns fall@25.000ns period=50.000ns})
  Destination:            u_ad9269/U_AD9269_SPI/cs_first_reg/D
                            (rising edge-triggered cell FDRE clocked by clk_out2_clk_wiz_0  {rise@0.000ns fall@25.000ns period=50.000ns})
  Path Group:             clk_out2_clk_wiz_0
  Path Type:              Hold (Min at Fast Process Corner)
  Requirement:            0.000ns  (clk_out2_clk_wiz_0 rise@0.000ns - clk_out2_clk_wiz_0 rise@0.000ns)
  Data Path Delay:        0.310ns  (logic 0.141ns (45.446%)  route 0.169ns (54.554%))
  Logic Levels:           0  
  Clock Path Skew:        0.016ns (DCD - SCD - CPR)
    Destination Clock Delay (DCD):    -1.153ns
    Source Clock Delay      (SCD):    -0.734ns
    Clock Pessimism Removal (CPR):    -0.435ns

    Location             Delay type                Incr(ns)  Path(ns)    Netlist Resource(s)
  -------------------------------------------------------------------    -------------------
                         (clock clk_out2_clk_wiz_0 rise edge)
                                                      0.000     0.000 r  
    U18                  IBUF                         0.000     0.000 r  sys_clk_IBUF_inst/O
                         net (fo=5, routed)           0.440     0.440    u_clk_wiz_0/inst/clk_in1
    MMCME2_ADV_X0Y0      MMCME2_ADV (Prop_mmcme2_adv_CLKIN1_CLKOUT1)
                                                     -2.271    -1.831 r  u_clk_wiz_0/inst/mmcm_adv_inst/CLKOUT1
                         net (fo=1, routed)           0.482    -1.349    u_clk_wiz_0/inst/clk_out2_clk_wiz_0
    BUFGCTRL_X0Y1        BUFG (Prop_bufg_I_O)         0.026    -1.323 r  u_clk_wiz_0/inst/clkout2_buf/O
                         net (fo=36, routed)          0.590    -0.734    u_ad9269/U_AD9269_SPI/clk_out2
    SLICE_X40Y55         FDPE                                         r  u_ad9269/U_AD9269_SPI/SPI_CS_reg/C
  -------------------------------------------------------------------    -------------------
    SLICE_X40Y55         FDPE (Prop_fdpe_C_Q)         0.141    -0.593 r  u_ad9269/U_AD9269_SPI/SPI_CS_reg/Q
                         net (fo=12, routed)          0.169    -0.423    u_ad9269/U_AD9269_SPI/SPI_CS_reg_0
    SLICE_X41Y56         FDRE                                         r  u_ad9269/U_AD9269_SPI/cs_first_reg/D
  -------------------------------------------------------------------    -------------------

                         (clock clk_out2_clk_wiz_0 rise edge)
                                                      0.000     0.000 r  
    U18                  IBUF                         0.000     0.000 r  sys_clk_IBUF_inst/O
                         net (fo=5, routed)           0.480     0.480    u_clk_wiz_0/inst/clk_in1
    MMCME2_ADV_X0Y0      MMCME2_ADV (Prop_mmcme2_adv_CLKIN1_CLKOUT1)
                                                     -3.050    -2.570 r  u_clk_wiz_0/inst/mmcm_adv_inst/CLKOUT1
                         net (fo=1, routed)           0.528    -2.042    u_clk_wiz_0/inst/clk_out2_clk_wiz_0
    BUFGCTRL_X0Y1        BUFG (Prop_bufg_I_O)         0.029    -2.013 r  u_clk_wiz_0/inst/clkout2_buf/O
                         net (fo=36, routed)          0.860    -1.153    u_ad9269/U_AD9269_SPI/clk_out2
    SLICE_X41Y56         FDRE                                         r  u_ad9269/U_AD9269_SPI/cs_first_reg/C
                         clock pessimism              0.435    -0.718    
    SLICE_X41Y56         FDRE (Hold_fdre_C_D)         0.070    -0.648    u_ad9269/U_AD9269_SPI/cs_first_reg
  -------------------------------------------------------------------
                         required time                          0.648    
                         arrival time                          -0.423    
  -------------------------------------------------------------------
                         slack                                  0.224    

Slack (MET) :             0.231ns  (arrival time - required time)
  Source:                 u_ad9269/U_AD9269_SPI/SCLK_CNT_reg[0]/C
                            (rising edge-triggered cell FDCE clocked by clk_out2_clk_wiz_0  {rise@0.000ns fall@25.000ns period=50.000ns})
  Destination:            u_ad9269/U_AD9269_SPI/SCLK_CNT_reg[2]/D
                            (rising edge-triggered cell FDCE clocked by clk_out2_clk_wiz_0  {rise@0.000ns fall@25.000ns period=50.000ns})
  Path Group:             clk_out2_clk_wiz_0
  Path Type:              Hold (Min at Fast Process Corner)
  Requirement:            0.000ns  (clk_out2_clk_wiz_0 rise@0.000ns - clk_out2_clk_wiz_0 rise@0.000ns)
  Data Path Delay:        0.354ns  (logic 0.189ns (53.362%)  route 0.165ns (46.638%))
  Logic Levels:           1  (LUT5=1)
  Clock Path Skew:        0.016ns (DCD - SCD - CPR)
    Destination Clock Delay (DCD):    -1.155ns
    Source Clock Delay      (SCD):    -0.736ns
    Clock Pessimism Removal (CPR):    -0.435ns

    Location             Delay type                Incr(ns)  Path(ns)    Netlist Resource(s)
  -------------------------------------------------------------------    -------------------
                         (clock clk_out2_clk_wiz_0 rise edge)
                                                      0.000     0.000 r  
    U18                  IBUF                         0.000     0.000 r  sys_clk_IBUF_inst/O
                         net (fo=5, routed)           0.440     0.440    u_clk_wiz_0/inst/clk_in1
    MMCME2_ADV_X0Y0      MMCME2_ADV (Prop_mmcme2_adv_CLKIN1_CLKOUT1)
                                                     -2.271    -1.831 r  u_clk_wiz_0/inst/mmcm_adv_inst/CLKOUT1
                         net (fo=1, routed)           0.482    -1.349    u_clk_wiz_0/inst/clk_out2_clk_wiz_0
    BUFGCTRL_X0Y1        BUFG (Prop_bufg_I_O)         0.026    -1.323 r  u_clk_wiz_0/inst/clkout2_buf/O
                         net (fo=36, routed)          0.588    -0.736    u_ad9269/U_AD9269_SPI/clk_out2
    SLICE_X39Y56         FDCE                                         r  u_ad9269/U_AD9269_SPI/SCLK_CNT_reg[0]/C
  -------------------------------------------------------------------    -------------------
    SLICE_X39Y56         FDCE (Prop_fdce_C_Q)         0.141    -0.595 r  u_ad9269/U_AD9269_SPI/SCLK_CNT_reg[0]/Q
                         net (fo=6, routed)           0.165    -0.430    u_ad9269/U_AD9269_SPI/SCLK_CNT[0]
    SLICE_X39Y55         LUT5 (Prop_lut5_I2_O)        0.048    -0.382 r  u_ad9269/U_AD9269_SPI/SCLK_CNT[2]_i_1/O
                         net (fo=1, routed)           0.000    -0.382    u_ad9269/U_AD9269_SPI/SCLK_CNT[2]_i_1_n_0
    SLICE_X39Y55         FDCE                                         r  u_ad9269/U_AD9269_SPI/SCLK_CNT_reg[2]/D
  -------------------------------------------------------------------    -------------------

                         (clock clk_out2_clk_wiz_0 rise edge)
                                                      0.000     0.000 r  
    U18                  IBUF                         0.000     0.000 r  sys_clk_IBUF_inst/O
                         net (fo=5, routed)           0.480     0.480    u_clk_wiz_0/inst/clk_in1
    MMCME2_ADV_X0Y0      MMCME2_ADV (Prop_mmcme2_adv_CLKIN1_CLKOUT1)
                                                     -3.050    -2.570 r  u_clk_wiz_0/inst/mmcm_adv_inst/CLKOUT1
                         net (fo=1, routed)           0.528    -2.042    u_clk_wiz_0/inst/clk_out2_clk_wiz_0
    BUFGCTRL_X0Y1        BUFG (Prop_bufg_I_O)         0.029    -2.013 r  u_clk_wiz_0/inst/clkout2_buf/O
                         net (fo=36, routed)          0.858    -1.155    u_ad9269/U_AD9269_SPI/clk_out2
    SLICE_X39Y55         FDCE                                         r  u_ad9269/U_AD9269_SPI/SCLK_CNT_reg[2]/C
                         clock pessimism              0.435    -0.720    
    SLICE_X39Y55         FDCE (Hold_fdce_C_D)         0.107    -0.613    u_ad9269/U_AD9269_SPI/SCLK_CNT_reg[2]
  -------------------------------------------------------------------
                         required time                          0.613    
                         arrival time                          -0.382    
  -------------------------------------------------------------------
                         slack                                  0.231    

Slack (MET) :             0.244ns  (arrival time - required time)
  Source:                 u_ad9269/U_AD9269_SPI/SCLK_CNT_reg[0]/C
                            (rising edge-triggered cell FDCE clocked by clk_out2_clk_wiz_0  {rise@0.000ns fall@25.000ns period=50.000ns})
  Destination:            u_ad9269/U_AD9269_SPI/SCLK_CNT_reg[1]/D
                            (rising edge-triggered cell FDCE clocked by clk_out2_clk_wiz_0  {rise@0.000ns fall@25.000ns period=50.000ns})
  Path Group:             clk_out2_clk_wiz_0
  Path Type:              Hold (Min at Fast Process Corner)
  Requirement:            0.000ns  (clk_out2_clk_wiz_0 rise@0.000ns - clk_out2_clk_wiz_0 rise@0.000ns)
  Data Path Delay:        0.351ns  (logic 0.186ns (52.964%)  route 0.165ns (47.036%))
  Logic Levels:           1  (LUT4=1)
  Clock Path Skew:        0.016ns (DCD - SCD - CPR)
    Destination Clock Delay (DCD):    -1.155ns
    Source Clock Delay      (SCD):    -0.736ns
    Clock Pessimism Removal (CPR):    -0.435ns

    Location             Delay type                Incr(ns)  Path(ns)    Netlist Resource(s)
  -------------------------------------------------------------------    -------------------
                         (clock clk_out2_clk_wiz_0 rise edge)
                                                      0.000     0.000 r  
    U18                  IBUF                         0.000     0.000 r  sys_clk_IBUF_inst/O
                         net (fo=5, routed)           0.440     0.440    u_clk_wiz_0/inst/clk_in1
    MMCME2_ADV_X0Y0      MMCME2_ADV (Prop_mmcme2_adv_CLKIN1_CLKOUT1)
                                                     -2.271    -1.831 r  u_clk_wiz_0/inst/mmcm_adv_inst/CLKOUT1
                         net (fo=1, routed)           0.482    -1.349    u_clk_wiz_0/inst/clk_out2_clk_wiz_0
    BUFGCTRL_X0Y1        BUFG (Prop_bufg_I_O)         0.026    -1.323 r  u_clk_wiz_0/inst/clkout2_buf/O
                         net (fo=36, routed)          0.588    -0.736    u_ad9269/U_AD9269_SPI/clk_out2
    SLICE_X39Y56         FDCE                                         r  u_ad9269/U_AD9269_SPI/SCLK_CNT_reg[0]/C
  -------------------------------------------------------------------    -------------------
    SLICE_X39Y56         FDCE (Prop_fdce_C_Q)         0.141    -0.595 r  u_ad9269/U_AD9269_SPI/SCLK_CNT_reg[0]/Q
                         net (fo=6, routed)           0.165    -0.430    u_ad9269/U_AD9269_SPI/SCLK_CNT[0]
    SLICE_X39Y55         LUT4 (Prop_lut4_I3_O)        0.045    -0.385 r  u_ad9269/U_AD9269_SPI/SCLK_CNT[1]_i_1/O
                         net (fo=1, routed)           0.000    -0.385    u_ad9269/U_AD9269_SPI/SCLK_CNT[1]_i_1_n_0
    SLICE_X39Y55         FDCE                                         r  u_ad9269/U_AD9269_SPI/SCLK_CNT_reg[1]/D
  -------------------------------------------------------------------    -------------------

                         (clock clk_out2_clk_wiz_0 rise edge)
                                                      0.000     0.000 r  
    U18                  IBUF                         0.000     0.000 r  sys_clk_IBUF_inst/O
                         net (fo=5, routed)           0.480     0.480    u_clk_wiz_0/inst/clk_in1
    MMCME2_ADV_X0Y0      MMCME2_ADV (Prop_mmcme2_adv_CLKIN1_CLKOUT1)
                                                     -3.050    -2.570 r  u_clk_wiz_0/inst/mmcm_adv_inst/CLKOUT1
                         net (fo=1, routed)           0.528    -2.042    u_clk_wiz_0/inst/clk_out2_clk_wiz_0
    BUFGCTRL_X0Y1        BUFG (Prop_bufg_I_O)         0.029    -2.013 r  u_clk_wiz_0/inst/clkout2_buf/O
                         net (fo=36, routed)          0.858    -1.155    u_ad9269/U_AD9269_SPI/clk_out2
    SLICE_X39Y55         FDCE                                         r  u_ad9269/U_AD9269_SPI/SCLK_CNT_reg[1]/C
                         clock pessimism              0.435    -0.720    
    SLICE_X39Y55         FDCE (Hold_fdce_C_D)         0.091    -0.629    u_ad9269/U_AD9269_SPI/SCLK_CNT_reg[1]
  -------------------------------------------------------------------
                         required time                          0.629    
                         arrival time                          -0.385    
  -------------------------------------------------------------------
                         slack                                  0.244    

Slack (MET) :             0.263ns  (arrival time - required time)
  Source:                 u_ad9269/U_AD9269_SPI/SCLK_CNT_reg[0]/C
                            (rising edge-triggered cell FDCE clocked by clk_out2_clk_wiz_0  {rise@0.000ns fall@25.000ns period=50.000ns})
  Destination:            u_ad9269/U_AD9269_SPI/SCLK_CNT_reg[0]/D
                            (rising edge-triggered cell FDCE clocked by clk_out2_clk_wiz_0  {rise@0.000ns fall@25.000ns period=50.000ns})
  Path Group:             clk_out2_clk_wiz_0
  Path Type:              Hold (Min at Fast Process Corner)
  Requirement:            0.000ns  (clk_out2_clk_wiz_0 rise@0.000ns - clk_out2_clk_wiz_0 rise@0.000ns)
  Data Path Delay:        0.354ns  (logic 0.186ns (52.507%)  route 0.168ns (47.493%))
  Logic Levels:           1  (LUT3=1)
  Clock Path Skew:        0.000ns (DCD - SCD - CPR)
    Destination Clock Delay (DCD):    -1.155ns
    Source Clock Delay      (SCD):    -0.736ns
    Clock Pessimism Removal (CPR):    -0.419ns

    Location             Delay type                Incr(ns)  Path(ns)    Netlist Resource(s)
  -------------------------------------------------------------------    -------------------
                         (clock clk_out2_clk_wiz_0 rise edge)
                                                      0.000     0.000 r  
    U18                  IBUF                         0.000     0.000 r  sys_clk_IBUF_inst/O
                         net (fo=5, routed)           0.440     0.440    u_clk_wiz_0/inst/clk_in1
    MMCME2_ADV_X0Y0      MMCME2_ADV (Prop_mmcme2_adv_CLKIN1_CLKOUT1)
                                                     -2.271    -1.831 r  u_clk_wiz_0/inst/mmcm_adv_inst/CLKOUT1
                         net (fo=1, routed)           0.482    -1.349    u_clk_wiz_0/inst/clk_out2_clk_wiz_0
    BUFGCTRL_X0Y1        BUFG (Prop_bufg_I_O)         0.026    -1.323 r  u_clk_wiz_0/inst/clkout2_buf/O
                         net (fo=36, routed)          0.588    -0.736    u_ad9269/U_AD9269_SPI/clk_out2
    SLICE_X39Y56         FDCE                                         r  u_ad9269/U_AD9269_SPI/SCLK_CNT_reg[0]/C
  -------------------------------------------------------------------    -------------------
    SLICE_X39Y56         FDCE (Prop_fdce_C_Q)         0.141    -0.595 f  u_ad9269/U_AD9269_SPI/SCLK_CNT_reg[0]/Q
                         net (fo=6, routed)           0.168    -0.426    u_ad9269/U_AD9269_SPI/SCLK_CNT[0]
    SLICE_X39Y56         LUT3 (Prop_lut3_I2_O)        0.045    -0.381 r  u_ad9269/U_AD9269_SPI/SCLK_CNT[0]_i_1/O
                         net (fo=1, routed)           0.000    -0.381    u_ad9269/U_AD9269_SPI/SCLK_CNT[0]_i_1_n_0
    SLICE_X39Y56         FDCE                                         r  u_ad9269/U_AD9269_SPI/SCLK_CNT_reg[0]/D
  -------------------------------------------------------------------    -------------------

                         (clock clk_out2_clk_wiz_0 rise edge)
                                                      0.000     0.000 r  
    U18                  IBUF                         0.000     0.000 r  sys_clk_IBUF_inst/O
                         net (fo=5, routed)           0.480     0.480    u_clk_wiz_0/inst/clk_in1
    MMCME2_ADV_X0Y0      MMCME2_ADV (Prop_mmcme2_adv_CLKIN1_CLKOUT1)
                                                     -3.050    -2.570 r  u_clk_wiz_0/inst/mmcm_adv_inst/CLKOUT1
                         net (fo=1, routed)           0.528    -2.042    u_clk_wiz_0/inst/clk_out2_clk_wiz_0
    BUFGCTRL_X0Y1        BUFG (Prop_bufg_I_O)         0.029    -2.013 r  u_clk_wiz_0/inst/clkout2_buf/O
                         net (fo=36, routed)          0.858    -1.155    u_ad9269/U_AD9269_SPI/clk_out2
    SLICE_X39Y56         FDCE                                         r  u_ad9269/U_AD9269_SPI/SCLK_CNT_reg[0]/C
                         clock pessimism              0.419    -0.736    
    SLICE_X39Y56         FDCE (Hold_fdce_C_D)         0.091    -0.645    u_ad9269/U_AD9269_SPI/SCLK_CNT_reg[0]
  -------------------------------------------------------------------
                         required time                          0.645    
                         arrival time                          -0.381    
  -------------------------------------------------------------------
                         slack                                  0.263    

Slack (MET) :             0.282ns  (arrival time - required time)
  Source:                 u_ad9269/U_AD9269_SPI/SCLK_CNT_reg[0]/C
                            (rising edge-triggered cell FDCE clocked by clk_out2_clk_wiz_0  {rise@0.000ns fall@25.000ns period=50.000ns})
  Destination:            u_ad9269/U_AD9269_SPI/SCLK_CNT_reg[3]/D
                            (rising edge-triggered cell FDCE clocked by clk_out2_clk_wiz_0  {rise@0.000ns fall@25.000ns period=50.000ns})
  Path Group:             clk_out2_clk_wiz_0
  Path Type:              Hold (Min at Fast Process Corner)
  Requirement:            0.000ns  (clk_out2_clk_wiz_0 rise@0.000ns - clk_out2_clk_wiz_0 rise@0.000ns)
  Data Path Delay:        0.390ns  (logic 0.186ns (47.674%)  route 0.204ns (52.326%))
  Logic Levels:           1  (LUT6=1)
  Clock Path Skew:        0.016ns (DCD - SCD - CPR)
    Destination Clock Delay (DCD):    -1.155ns
    Source Clock Delay      (SCD):    -0.736ns
    Clock Pessimism Removal (CPR):    -0.435ns

    Location             Delay type                Incr(ns)  Path(ns)    Netlist Resource(s)
  -------------------------------------------------------------------    -------------------
                         (clock clk_out2_clk_wiz_0 rise edge)
                                                      0.000     0.000 r  
    U18                  IBUF                         0.000     0.000 r  sys_clk_IBUF_inst/O
                         net (fo=5, routed)           0.440     0.440    u_clk_wiz_0/inst/clk_in1
    MMCME2_ADV_X0Y0      MMCME2_ADV (Prop_mmcme2_adv_CLKIN1_CLKOUT1)
                                                     -2.271    -1.831 r  u_clk_wiz_0/inst/mmcm_adv_inst/CLKOUT1
                         net (fo=1, routed)           0.482    -1.349    u_clk_wiz_0/inst/clk_out2_clk_wiz_0
    BUFGCTRL_X0Y1        BUFG (Prop_bufg_I_O)         0.026    -1.323 r  u_clk_wiz_0/inst/clkout2_buf/O
                         net (fo=36, routed)          0.588    -0.736    u_ad9269/U_AD9269_SPI/clk_out2
    SLICE_X39Y56         FDCE                                         r  u_ad9269/U_AD9269_SPI/SCLK_CNT_reg[0]/C
  -------------------------------------------------------------------    -------------------
    SLICE_X39Y56         FDCE (Prop_fdce_C_Q)         0.141    -0.595 r  u_ad9269/U_AD9269_SPI/SCLK_CNT_reg[0]/Q
                         net (fo=6, routed)           0.204    -0.391    u_ad9269/U_AD9269_SPI/SCLK_CNT[0]
    SLICE_X39Y55         LUT6 (Prop_lut6_I3_O)        0.045    -0.346 r  u_ad9269/U_AD9269_SPI/SCLK_CNT[3]_i_1/O
                         net (fo=1, routed)           0.000    -0.346    u_ad9269/U_AD9269_SPI/SCLK_CNT[3]_i_1_n_0
    SLICE_X39Y55         FDCE                                         r  u_ad9269/U_AD9269_SPI/SCLK_CNT_reg[3]/D
  -------------------------------------------------------------------    -------------------

                         (clock clk_out2_clk_wiz_0 rise edge)
                                                      0.000     0.000 r  
    U18                  IBUF                         0.000     0.000 r  sys_clk_IBUF_inst/O
                         net (fo=5, routed)           0.480     0.480    u_clk_wiz_0/inst/clk_in1
    MMCME2_ADV_X0Y0      MMCME2_ADV (Prop_mmcme2_adv_CLKIN1_CLKOUT1)
                                                     -3.050    -2.570 r  u_clk_wiz_0/inst/mmcm_adv_inst/CLKOUT1
                         net (fo=1, routed)           0.528    -2.042    u_clk_wiz_0/inst/clk_out2_clk_wiz_0
    BUFGCTRL_X0Y1        BUFG (Prop_bufg_I_O)         0.029    -2.013 r  u_clk_wiz_0/inst/clkout2_buf/O
                         net (fo=36, routed)          0.858    -1.155    u_ad9269/U_AD9269_SPI/clk_out2
    SLICE_X39Y55         FDCE                                         r  u_ad9269/U_AD9269_SPI/SCLK_CNT_reg[3]/C
                         clock pessimism              0.435    -0.720    
    SLICE_X39Y55         FDCE (Hold_fdce_C_D)         0.092    -0.628    u_ad9269/U_AD9269_SPI/SCLK_CNT_reg[3]
  -------------------------------------------------------------------
                         required time                          0.628    
                         arrival time                          -0.346    
  -------------------------------------------------------------------
                         slack                                  0.282    

Slack (MET) :             0.300ns  (arrival time - required time)
  Source:                 u_ad9269/U_AD9269_SPI/FSM_sequential_STATE_reg[2]/C
                            (rising edge-triggered cell FDCE clocked by clk_out2_clk_wiz_0  {rise@0.000ns fall@25.000ns period=50.000ns})
  Destination:            u_ad9269/U_AD9269_SPI/FSM_sequential_STATE_reg[0]/D
                            (rising edge-triggered cell FDCE clocked by clk_out2_clk_wiz_0  {rise@0.000ns fall@25.000ns period=50.000ns})
  Path Group:             clk_out2_clk_wiz_0
  Path Type:              Hold (Min at Fast Process Corner)
  Requirement:            0.000ns  (clk_out2_clk_wiz_0 rise@0.000ns - clk_out2_clk_wiz_0 rise@0.000ns)
  Data Path Delay:        0.392ns  (logic 0.226ns (57.624%)  route 0.166ns (42.376%))
  Logic Levels:           1  (LUT5=1)
  Clock Path Skew:        0.000ns (DCD - SCD - CPR)
    Destination Clock Delay (DCD):    -1.153ns
    Source Clock Delay      (SCD):    -0.734ns
    Clock Pessimism Removal (CPR):    -0.419ns

    Location             Delay type                Incr(ns)  Path(ns)    Netlist Resource(s)
  -------------------------------------------------------------------    -------------------
                         (clock clk_out2_clk_wiz_0 rise edge)
                                                      0.000     0.000 r  
    U18                  IBUF                         0.000     0.000 r  sys_clk_IBUF_inst/O
                         net (fo=5, routed)           0.440     0.440    u_clk_wiz_0/inst/clk_in1
    MMCME2_ADV_X0Y0      MMCME2_ADV (Prop_mmcme2_adv_CLKIN1_CLKOUT1)
                                                     -2.271    -1.831 r  u_clk_wiz_0/inst/mmcm_adv_inst/CLKOUT1
                         net (fo=1, routed)           0.482    -1.349    u_clk_wiz_0/inst/clk_out2_clk_wiz_0
    BUFGCTRL_X0Y1        BUFG (Prop_bufg_I_O)         0.026    -1.323 r  u_clk_wiz_0/inst/clkout2_buf/O
                         net (fo=36, routed)          0.590    -0.734    u_ad9269/U_AD9269_SPI/clk_out2
    SLICE_X40Y56         FDCE                                         r  u_ad9269/U_AD9269_SPI/FSM_sequential_STATE_reg[2]/C
  -------------------------------------------------------------------    -------------------
    SLICE_X40Y56         FDCE (Prop_fdce_C_Q)         0.128    -0.606 r  u_ad9269/U_AD9269_SPI/FSM_sequential_STATE_reg[2]/Q
                         net (fo=9, routed)           0.166    -0.440    u_ad9269/U_AD9269_SPI/STATE[2]
    SLICE_X40Y56         LUT5 (Prop_lut5_I3_O)        0.098    -0.342 r  u_ad9269/U_AD9269_SPI/FSM_sequential_STATE[0]_i_1/O
                         net (fo=1, routed)           0.000    -0.342    u_ad9269/U_AD9269_SPI/STATE__0[0]
    SLICE_X40Y56         FDCE                                         r  u_ad9269/U_AD9269_SPI/FSM_sequential_STATE_reg[0]/D
  -------------------------------------------------------------------    -------------------

                         (clock clk_out2_clk_wiz_0 rise edge)
                                                      0.000     0.000 r  
    U18                  IBUF                         0.000     0.000 r  sys_clk_IBUF_inst/O
                         net (fo=5, routed)           0.480     0.480    u_clk_wiz_0/inst/clk_in1
    MMCME2_ADV_X0Y0      MMCME2_ADV (Prop_mmcme2_adv_CLKIN1_CLKOUT1)
                                                     -3.050    -2.570 r  u_clk_wiz_0/inst/mmcm_adv_inst/CLKOUT1
                         net (fo=1, routed)           0.528    -2.042    u_clk_wiz_0/inst/clk_out2_clk_wiz_0
    BUFGCTRL_X0Y1        BUFG (Prop_bufg_I_O)         0.029    -2.013 r  u_clk_wiz_0/inst/clkout2_buf/O
                         net (fo=36, routed)          0.860    -1.153    u_ad9269/U_AD9269_SPI/clk_out2
    SLICE_X40Y56         FDCE                                         r  u_ad9269/U_AD9269_SPI/FSM_sequential_STATE_reg[0]/C
                         clock pessimism              0.419    -0.734    
    SLICE_X40Y56         FDCE (Hold_fdce_C_D)         0.092    -0.642    u_ad9269/U_AD9269_SPI/FSM_sequential_STATE_reg[0]
  -------------------------------------------------------------------
                         required time                          0.642    
                         arrival time                          -0.342    
  -------------------------------------------------------------------
                         slack                                  0.300    

Slack (MET) :             0.307ns  (arrival time - required time)
  Source:                 u_ad9269/U_AD9269_SPI/SCLK_CNT_reg[4]/C
                            (rising edge-triggered cell FDCE clocked by clk_out2_clk_wiz_0  {rise@0.000ns fall@25.000ns period=50.000ns})
  Destination:            u_ad9269/U_AD9269_SPI/SCLK_CNT_reg[5]/D
                            (rising edge-triggered cell FDCE clocked by clk_out2_clk_wiz_0  {rise@0.000ns fall@25.000ns period=50.000ns})
  Path Group:             clk_out2_clk_wiz_0
  Path Type:              Hold (Min at Fast Process Corner)
  Requirement:            0.000ns  (clk_out2_clk_wiz_0 rise@0.000ns - clk_out2_clk_wiz_0 rise@0.000ns)
  Data Path Delay:        0.414ns  (logic 0.184ns (44.444%)  route 0.230ns (55.556%))
  Logic Levels:           1  (LUT4=1)
  Clock Path Skew:        0.000ns (DCD - SCD - CPR)
    Destination Clock Delay (DCD):    -1.155ns
    Source Clock Delay      (SCD):    -0.736ns
    Clock Pessimism Removal (CPR):    -0.419ns

    Location             Delay type                Incr(ns)  Path(ns)    Netlist Resource(s)
  -------------------------------------------------------------------    -------------------
                         (clock clk_out2_clk_wiz_0 rise edge)
                                                      0.000     0.000 r  
    U18                  IBUF                         0.000     0.000 r  sys_clk_IBUF_inst/O
                         net (fo=5, routed)           0.440     0.440    u_clk_wiz_0/inst/clk_in1
    MMCME2_ADV_X0Y0      MMCME2_ADV (Prop_mmcme2_adv_CLKIN1_CLKOUT1)
                                                     -2.271    -1.831 r  u_clk_wiz_0/inst/mmcm_adv_inst/CLKOUT1
                         net (fo=1, routed)           0.482    -1.349    u_clk_wiz_0/inst/clk_out2_clk_wiz_0
    BUFGCTRL_X0Y1        BUFG (Prop_bufg_I_O)         0.026    -1.323 r  u_clk_wiz_0/inst/clkout2_buf/O
                         net (fo=36, routed)          0.588    -0.736    u_ad9269/U_AD9269_SPI/clk_out2
    SLICE_X39Y55         FDCE                                         r  u_ad9269/U_AD9269_SPI/SCLK_CNT_reg[4]/C
  -------------------------------------------------------------------    -------------------
    SLICE_X39Y55         FDCE (Prop_fdce_C_Q)         0.141    -0.595 r  u_ad9269/U_AD9269_SPI/SCLK_CNT_reg[4]/Q
                         net (fo=3, routed)           0.230    -0.365    u_ad9269/U_AD9269_SPI/SCLK_CNT[4]
    SLICE_X39Y55         LUT4 (Prop_lut4_I2_O)        0.043    -0.322 r  u_ad9269/U_AD9269_SPI/SCLK_CNT[5]_i_2/O
                         net (fo=1, routed)           0.000    -0.322    u_ad9269/U_AD9269_SPI/SCLK_CNT[5]_i_2_n_0
    SLICE_X39Y55         FDCE                                         r  u_ad9269/U_AD9269_SPI/SCLK_CNT_reg[5]/D
  -------------------------------------------------------------------    -------------------

                         (clock clk_out2_clk_wiz_0 rise edge)
                                                      0.000     0.000 r  
    U18                  IBUF                         0.000     0.000 r  sys_clk_IBUF_inst/O
                         net (fo=5, routed)           0.480     0.480    u_clk_wiz_0/inst/clk_in1
    MMCME2_ADV_X0Y0      MMCME2_ADV (Prop_mmcme2_adv_CLKIN1_CLKOUT1)
                                                     -3.050    -2.570 r  u_clk_wiz_0/inst/mmcm_adv_inst/CLKOUT1
                         net (fo=1, routed)           0.528    -2.042    u_clk_wiz_0/inst/clk_out2_clk_wiz_0
    BUFGCTRL_X0Y1        BUFG (Prop_bufg_I_O)         0.029    -2.013 r  u_clk_wiz_0/inst/clkout2_buf/O
                         net (fo=36, routed)          0.858    -1.155    u_ad9269/U_AD9269_SPI/clk_out2
    SLICE_X39Y55         FDCE                                         r  u_ad9269/U_AD9269_SPI/SCLK_CNT_reg[5]/C
                         clock pessimism              0.419    -0.736    
    SLICE_X39Y55         FDCE (Hold_fdce_C_D)         0.107    -0.629    u_ad9269/U_AD9269_SPI/SCLK_CNT_reg[5]
  -------------------------------------------------------------------
                         required time                          0.629    
                         arrival time                          -0.322    
  -------------------------------------------------------------------
                         slack                                  0.307    

Slack (MET) :             0.313ns  (arrival time - required time)
  Source:                 u_ad9269/U_AD9269_SPI/DELAY_CNT_reg[11]/C
                            (rising edge-triggered cell FDCE clocked by clk_out2_clk_wiz_0  {rise@0.000ns fall@25.000ns period=50.000ns})
  Destination:            u_ad9269/U_AD9269_SPI/DELAY_CNT_reg[11]/D
                            (rising edge-triggered cell FDCE clocked by clk_out2_clk_wiz_0  {rise@0.000ns fall@25.000ns period=50.000ns})
  Path Group:             clk_out2_clk_wiz_0
  Path Type:              Hold (Min at Fast Process Corner)
  Requirement:            0.000ns  (clk_out2_clk_wiz_0 rise@0.000ns - clk_out2_clk_wiz_0 rise@0.000ns)
  Data Path Delay:        0.418ns  (logic 0.249ns (59.540%)  route 0.169ns (40.460%))
  Logic Levels:           2  (CARRY4=1 LUT2=1)
  Clock Path Skew:        0.000ns (DCD - SCD - CPR)
    Destination Clock Delay (DCD):    -1.156ns
    Source Clock Delay      (SCD):    -0.737ns
    Clock Pessimism Removal (CPR):    -0.419ns

    Location             Delay type                Incr(ns)  Path(ns)    Netlist Resource(s)
  -------------------------------------------------------------------    -------------------
                         (clock clk_out2_clk_wiz_0 rise edge)
                                                      0.000     0.000 r  
    U18                  IBUF                         0.000     0.000 r  sys_clk_IBUF_inst/O
                         net (fo=5, routed)           0.440     0.440    u_clk_wiz_0/inst/clk_in1
    MMCME2_ADV_X0Y0      MMCME2_ADV (Prop_mmcme2_adv_CLKIN1_CLKOUT1)
                                                     -2.271    -1.831 r  u_clk_wiz_0/inst/mmcm_adv_inst/CLKOUT1
                         net (fo=1, routed)           0.482    -1.349    u_clk_wiz_0/inst/clk_out2_clk_wiz_0
    BUFGCTRL_X0Y1        BUFG (Prop_bufg_I_O)         0.026    -1.323 r  u_clk_wiz_0/inst/clkout2_buf/O
                         net (fo=36, routed)          0.587    -0.737    u_ad9269/U_AD9269_SPI/clk_out2
    SLICE_X37Y59         FDCE                                         r  u_ad9269/U_AD9269_SPI/DELAY_CNT_reg[11]/C
  -------------------------------------------------------------------    -------------------
    SLICE_X37Y59         FDCE (Prop_fdce_C_Q)         0.141    -0.596 r  u_ad9269/U_AD9269_SPI/DELAY_CNT_reg[11]/Q
                         net (fo=2, routed)           0.169    -0.426    u_ad9269/U_AD9269_SPI/DELAY_CNT_reg[11]
    SLICE_X37Y59         LUT2 (Prop_lut2_I0_O)        0.045    -0.381 r  u_ad9269/U_AD9269_SPI/DELAY_CNT[8]_i_2/O
                         net (fo=1, routed)           0.000    -0.381    u_ad9269/U_AD9269_SPI/DELAY_CNT[8]_i_2_n_0
    SLICE_X37Y59         CARRY4 (Prop_carry4_S[3]_O[3])
                                                      0.063    -0.318 r  u_ad9269/U_AD9269_SPI/DELAY_CNT_reg[8]_i_1/O[3]
                         net (fo=1, routed)           0.000    -0.318    u_ad9269/U_AD9269_SPI/DELAY_CNT_reg[8]_i_1_n_4
    SLICE_X37Y59         FDCE                                         r  u_ad9269/U_AD9269_SPI/DELAY_CNT_reg[11]/D
  -------------------------------------------------------------------    -------------------

                         (clock clk_out2_clk_wiz_0 rise edge)
                                                      0.000     0.000 r  
    U18                  IBUF                         0.000     0.000 r  sys_clk_IBUF_inst/O
                         net (fo=5, routed)           0.480     0.480    u_clk_wiz_0/inst/clk_in1
    MMCME2_ADV_X0Y0      MMCME2_ADV (Prop_mmcme2_adv_CLKIN1_CLKOUT1)
                                                     -3.050    -2.570 r  u_clk_wiz_0/inst/mmcm_adv_inst/CLKOUT1
                         net (fo=1, routed)           0.528    -2.042    u_clk_wiz_0/inst/clk_out2_clk_wiz_0
    BUFGCTRL_X0Y1        BUFG (Prop_bufg_I_O)         0.029    -2.013 r  u_clk_wiz_0/inst/clkout2_buf/O
                         net (fo=36, routed)          0.857    -1.156    u_ad9269/U_AD9269_SPI/clk_out2
    SLICE_X37Y59         FDCE                                         r  u_ad9269/U_AD9269_SPI/DELAY_CNT_reg[11]/C
                         clock pessimism              0.419    -0.737    
    SLICE_X37Y59         FDCE (Hold_fdce_C_D)         0.105    -0.632    u_ad9269/U_AD9269_SPI/DELAY_CNT_reg[11]
  -------------------------------------------------------------------
                         required time                          0.632    
                         arrival time                          -0.318    
  -------------------------------------------------------------------
                         slack                                  0.313    

Slack (MET) :             0.313ns  (arrival time - required time)
  Source:                 u_ad9269/U_AD9269_SPI/DELAY_CNT_reg[15]/C
                            (rising edge-triggered cell FDCE clocked by clk_out2_clk_wiz_0  {rise@0.000ns fall@25.000ns period=50.000ns})
  Destination:            u_ad9269/U_AD9269_SPI/DELAY_CNT_reg[15]/D
                            (rising edge-triggered cell FDCE clocked by clk_out2_clk_wiz_0  {rise@0.000ns fall@25.000ns period=50.000ns})
  Path Group:             clk_out2_clk_wiz_0
  Path Type:              Hold (Min at Fast Process Corner)
  Requirement:            0.000ns  (clk_out2_clk_wiz_0 rise@0.000ns - clk_out2_clk_wiz_0 rise@0.000ns)
  Data Path Delay:        0.418ns  (logic 0.249ns (59.540%)  route 0.169ns (40.460%))
  Logic Levels:           2  (CARRY4=1 LUT2=1)
  Clock Path Skew:        0.000ns (DCD - SCD - CPR)
    Destination Clock Delay (DCD):    -1.157ns
    Source Clock Delay      (SCD):    -0.738ns
    Clock Pessimism Removal (CPR):    -0.419ns

    Location             Delay type                Incr(ns)  Path(ns)    Netlist Resource(s)
  -------------------------------------------------------------------    -------------------
                         (clock clk_out2_clk_wiz_0 rise edge)
                                                      0.000     0.000 r  
    U18                  IBUF                         0.000     0.000 r  sys_clk_IBUF_inst/O
                         net (fo=5, routed)           0.440     0.440    u_clk_wiz_0/inst/clk_in1
    MMCME2_ADV_X0Y0      MMCME2_ADV (Prop_mmcme2_adv_CLKIN1_CLKOUT1)
                                                     -2.271    -1.831 r  u_clk_wiz_0/inst/mmcm_adv_inst/CLKOUT1
                         net (fo=1, routed)           0.482    -1.349    u_clk_wiz_0/inst/clk_out2_clk_wiz_0
    BUFGCTRL_X0Y1        BUFG (Prop_bufg_I_O)         0.026    -1.323 r  u_clk_wiz_0/inst/clkout2_buf/O
                         net (fo=36, routed)          0.586    -0.738    u_ad9269/U_AD9269_SPI/clk_out2
    SLICE_X37Y60         FDCE                                         r  u_ad9269/U_AD9269_SPI/DELAY_CNT_reg[15]/C
  -------------------------------------------------------------------    -------------------
    SLICE_X37Y60         FDCE (Prop_fdce_C_Q)         0.141    -0.597 r  u_ad9269/U_AD9269_SPI/DELAY_CNT_reg[15]/Q
                         net (fo=2, routed)           0.169    -0.427    u_ad9269/U_AD9269_SPI/DELAY_CNT_reg[15]
    SLICE_X37Y60         LUT2 (Prop_lut2_I0_O)        0.045    -0.382 r  u_ad9269/U_AD9269_SPI/DELAY_CNT[12]_i_2/O
                         net (fo=1, routed)           0.000    -0.382    u_ad9269/U_AD9269_SPI/DELAY_CNT[12]_i_2_n_0
    SLICE_X37Y60         CARRY4 (Prop_carry4_S[3]_O[3])
                                                      0.063    -0.319 r  u_ad9269/U_AD9269_SPI/DELAY_CNT_reg[12]_i_1/O[3]
                         net (fo=1, routed)           0.000    -0.319    u_ad9269/U_AD9269_SPI/DELAY_CNT_reg[12]_i_1_n_4
    SLICE_X37Y60         FDCE                                         r  u_ad9269/U_AD9269_SPI/DELAY_CNT_reg[15]/D
  -------------------------------------------------------------------    -------------------

                         (clock clk_out2_clk_wiz_0 rise edge)
                                                      0.000     0.000 r  
    U18                  IBUF                         0.000     0.000 r  sys_clk_IBUF_inst/O
                         net (fo=5, routed)           0.480     0.480    u_clk_wiz_0/inst/clk_in1
    MMCME2_ADV_X0Y0      MMCME2_ADV (Prop_mmcme2_adv_CLKIN1_CLKOUT1)
                                                     -3.050    -2.570 r  u_clk_wiz_0/inst/mmcm_adv_inst/CLKOUT1
                         net (fo=1, routed)           0.528    -2.042    u_clk_wiz_0/inst/clk_out2_clk_wiz_0
    BUFGCTRL_X0Y1        BUFG (Prop_bufg_I_O)         0.029    -2.013 r  u_clk_wiz_0/inst/clkout2_buf/O
                         net (fo=36, routed)          0.856    -1.157    u_ad9269/U_AD9269_SPI/clk_out2
    SLICE_X37Y60         FDCE                                         r  u_ad9269/U_AD9269_SPI/DELAY_CNT_reg[15]/C
                         clock pessimism              0.419    -0.738    
    SLICE_X37Y60         FDCE (Hold_fdce_C_D)         0.105    -0.633    u_ad9269/U_AD9269_SPI/DELAY_CNT_reg[15]
  -------------------------------------------------------------------
                         required time                          0.633    
                         arrival time                          -0.319    
  -------------------------------------------------------------------
                         slack                                  0.313    

Slack (MET) :             0.313ns  (arrival time - required time)
  Source:                 u_ad9269/U_AD9269_SPI/DELAY_CNT_reg[3]/C
                            (rising edge-triggered cell FDCE clocked by clk_out2_clk_wiz_0  {rise@0.000ns fall@25.000ns period=50.000ns})
  Destination:            u_ad9269/U_AD9269_SPI/DELAY_CNT_reg[3]/D
                            (rising edge-triggered cell FDCE clocked by clk_out2_clk_wiz_0  {rise@0.000ns fall@25.000ns period=50.000ns})
  Path Group:             clk_out2_clk_wiz_0
  Path Type:              Hold (Min at Fast Process Corner)
  Requirement:            0.000ns  (clk_out2_clk_wiz_0 rise@0.000ns - clk_out2_clk_wiz_0 rise@0.000ns)
  Data Path Delay:        0.418ns  (logic 0.249ns (59.540%)  route 0.169ns (40.460%))
  Logic Levels:           2  (CARRY4=1 LUT2=1)
  Clock Path Skew:        0.000ns (DCD - SCD - CPR)
    Destination Clock Delay (DCD):    -1.156ns
    Source Clock Delay      (SCD):    -0.737ns
    Clock Pessimism Removal (CPR):    -0.419ns

    Location             Delay type                Incr(ns)  Path(ns)    Netlist Resource(s)
  -------------------------------------------------------------------    -------------------
                         (clock clk_out2_clk_wiz_0 rise edge)
                                                      0.000     0.000 r  
    U18                  IBUF                         0.000     0.000 r  sys_clk_IBUF_inst/O
                         net (fo=5, routed)           0.440     0.440    u_clk_wiz_0/inst/clk_in1
    MMCME2_ADV_X0Y0      MMCME2_ADV (Prop_mmcme2_adv_CLKIN1_CLKOUT1)
                                                     -2.271    -1.831 r  u_clk_wiz_0/inst/mmcm_adv_inst/CLKOUT1
                         net (fo=1, routed)           0.482    -1.349    u_clk_wiz_0/inst/clk_out2_clk_wiz_0
    BUFGCTRL_X0Y1        BUFG (Prop_bufg_I_O)         0.026    -1.323 r  u_clk_wiz_0/inst/clkout2_buf/O
                         net (fo=36, routed)          0.587    -0.737    u_ad9269/U_AD9269_SPI/clk_out2
    SLICE_X37Y57         FDCE                                         r  u_ad9269/U_AD9269_SPI/DELAY_CNT_reg[3]/C
  -------------------------------------------------------------------    -------------------
    SLICE_X37Y57         FDCE (Prop_fdce_C_Q)         0.141    -0.596 r  u_ad9269/U_AD9269_SPI/DELAY_CNT_reg[3]/Q
                         net (fo=2, routed)           0.169    -0.426    u_ad9269/U_AD9269_SPI/DELAY_CNT_reg[3]
    SLICE_X37Y57         LUT2 (Prop_lut2_I0_O)        0.045    -0.381 r  u_ad9269/U_AD9269_SPI/DELAY_CNT[0]_i_4/O
                         net (fo=1, routed)           0.000    -0.381    u_ad9269/U_AD9269_SPI/DELAY_CNT[0]_i_4_n_0
    SLICE_X37Y57         CARRY4 (Prop_carry4_S[3]_O[3])
                                                      0.063    -0.318 r  u_ad9269/U_AD9269_SPI/DELAY_CNT_reg[0]_i_2/O[3]
                         net (fo=1, routed)           0.000    -0.318    u_ad9269/U_AD9269_SPI/DELAY_CNT_reg[0]_i_2_n_4
    SLICE_X37Y57         FDCE                                         r  u_ad9269/U_AD9269_SPI/DELAY_CNT_reg[3]/D
  -------------------------------------------------------------------    -------------------

                         (clock clk_out2_clk_wiz_0 rise edge)
                                                      0.000     0.000 r  
    U18                  IBUF                         0.000     0.000 r  sys_clk_IBUF_inst/O
                         net (fo=5, routed)           0.480     0.480    u_clk_wiz_0/inst/clk_in1
    MMCME2_ADV_X0Y0      MMCME2_ADV (Prop_mmcme2_adv_CLKIN1_CLKOUT1)
                                                     -3.050    -2.570 r  u_clk_wiz_0/inst/mmcm_adv_inst/CLKOUT1
                         net (fo=1, routed)           0.528    -2.042    u_clk_wiz_0/inst/clk_out2_clk_wiz_0
    BUFGCTRL_X0Y1        BUFG (Prop_bufg_I_O)         0.029    -2.013 r  u_clk_wiz_0/inst/clkout2_buf/O
                         net (fo=36, routed)          0.857    -1.156    u_ad9269/U_AD9269_SPI/clk_out2
    SLICE_X37Y57         FDCE                                         r  u_ad9269/U_AD9269_SPI/DELAY_CNT_reg[3]/C
                         clock pessimism              0.419    -0.737    
    SLICE_X37Y57         FDCE (Hold_fdce_C_D)         0.105    -0.632    u_ad9269/U_AD9269_SPI/DELAY_CNT_reg[3]
  -------------------------------------------------------------------
                         required time                          0.632    
                         arrival time                          -0.318    
  -------------------------------------------------------------------
                         slack                                  0.313    





Pulse Width Checks
--------------------------------------------------------------------------------------
Clock Name:         clk_out2_clk_wiz_0
Waveform(ns):       { 0.000 25.000 }
Period(ns):         50.000
Sources:            { u_clk_wiz_0/inst/mmcm_adv_inst/CLKOUT1 }

Check Type        Corner  Lib Pin             Reference Pin  Required(ns)  Actual(ns)  Slack(ns)  Location         Pin
Min Period        n/a     BUFG/I              n/a            2.155         50.000      47.845     BUFGCTRL_X0Y1    u_clk_wiz_0/inst/clkout2_buf/I
Min Period        n/a     MMCME2_ADV/CLKOUT1  n/a            1.249         50.000      48.751     MMCME2_ADV_X0Y0  u_clk_wiz_0/inst/mmcm_adv_inst/CLKOUT1
Min Period        n/a     FDCE/C              n/a            1.000         50.000      49.000     SLICE_X20Y84     u_ad9269/DB15_0_reg[10]/C
Min Period        n/a     FDCE/C              n/a            1.000         50.000      49.000     SLICE_X40Y56     u_ad9269/U_AD9269_SPI/DATA_CNT_reg[0]/C
Min Period        n/a     FDCE/C              n/a            1.000         50.000      49.000     SLICE_X40Y56     u_ad9269/U_AD9269_SPI/DATA_CNT_reg[1]/C
Min Period        n/a     FDCE/C              n/a            1.000         50.000      49.000     SLICE_X37Y57     u_ad9269/U_AD9269_SPI/DELAY_CNT_reg[0]/C
Min Period        n/a     FDCE/C              n/a            1.000         50.000      49.000     SLICE_X37Y59     u_ad9269/U_AD9269_SPI/DELAY_CNT_reg[10]/C
Min Period        n/a     FDCE/C              n/a            1.000         50.000      49.000     SLICE_X37Y59     u_ad9269/U_AD9269_SPI/DELAY_CNT_reg[11]/C
Min Period        n/a     FDCE/C              n/a            1.000         50.000      49.000     SLICE_X37Y60     u_ad9269/U_AD9269_SPI/DELAY_CNT_reg[12]/C
Min Period        n/a     FDCE/C              n/a            1.000         50.000      49.000     SLICE_X37Y60     u_ad9269/U_AD9269_SPI/DELAY_CNT_reg[13]/C
Max Period        n/a     MMCME2_ADV/CLKOUT1  n/a            213.360       50.000      163.360    MMCME2_ADV_X0Y0  u_clk_wiz_0/inst/mmcm_adv_inst/CLKOUT1
Low Pulse Width   Fast    FDCE/C              n/a            0.500         25.000      24.500     SLICE_X37Y57     u_ad9269/U_AD9269_SPI/DELAY_CNT_reg[0]/C
Low Pulse Width   Fast    FDCE/C              n/a            0.500         25.000      24.500     SLICE_X37Y59     u_ad9269/U_AD9269_SPI/DELAY_CNT_reg[10]/C
Low Pulse Width   Fast    FDCE/C              n/a            0.500         25.000      24.500     SLICE_X37Y59     u_ad9269/U_AD9269_SPI/DELAY_CNT_reg[11]/C
Low Pulse Width   Fast    FDCE/C              n/a            0.500         25.000      24.500     SLICE_X37Y57     u_ad9269/U_AD9269_SPI/DELAY_CNT_reg[1]/C
Low Pulse Width   Fast    FDCE/C              n/a            0.500         25.000      24.500     SLICE_X37Y57     u_ad9269/U_AD9269_SPI/DELAY_CNT_reg[2]/C
Low Pulse Width   Fast    FDCE/C              n/a            0.500         25.000      24.500     SLICE_X37Y57     u_ad9269/U_AD9269_SPI/DELAY_CNT_reg[3]/C
Low Pulse Width   Fast    FDCE/C              n/a            0.500         25.000      24.500     SLICE_X37Y58     u_ad9269/U_AD9269_SPI/DELAY_CNT_reg[4]/C
Low Pulse Width   Fast    FDCE/C              n/a            0.500         25.000      24.500     SLICE_X37Y58     u_ad9269/U_AD9269_SPI/DELAY_CNT_reg[5]/C
Low Pulse Width   Fast    FDCE/C              n/a            0.500         25.000      24.500     SLICE_X37Y58     u_ad9269/U_AD9269_SPI/DELAY_CNT_reg[6]/C
Low Pulse Width   Fast    FDCE/C              n/a            0.500         25.000      24.500     SLICE_X37Y58     u_ad9269/U_AD9269_SPI/DELAY_CNT_reg[7]/C
High Pulse Width  Slow    FDCE/C              n/a            0.500         25.000      24.500     SLICE_X20Y84     u_ad9269/DB15_0_reg[10]/C
High Pulse Width  Slow    FDCE/C              n/a            0.500         25.000      24.500     SLICE_X40Y56     u_ad9269/U_AD9269_SPI/DATA_CNT_reg[0]/C
High Pulse Width  Slow    FDCE/C              n/a            0.500         25.000      24.500     SLICE_X40Y56     u_ad9269/U_AD9269_SPI/DATA_CNT_reg[1]/C
High Pulse Width  Slow    FDCE/C              n/a            0.500         25.000      24.500     SLICE_X37Y57     u_ad9269/U_AD9269_SPI/DELAY_CNT_reg[0]/C
High Pulse Width  Slow    FDCE/C              n/a            0.500         25.000      24.500     SLICE_X37Y59     u_ad9269/U_AD9269_SPI/DELAY_CNT_reg[10]/C
High Pulse Width  Slow    FDCE/C              n/a            0.500         25.000      24.500     SLICE_X37Y59     u_ad9269/U_AD9269_SPI/DELAY_CNT_reg[11]/C
High Pulse Width  Slow    FDCE/C              n/a            0.500         25.000      24.500     SLICE_X37Y60     u_ad9269/U_AD9269_SPI/DELAY_CNT_reg[12]/C
High Pulse Width  Slow    FDCE/C              n/a            0.500         25.000      24.500     SLICE_X37Y60     u_ad9269/U_AD9269_SPI/DELAY_CNT_reg[13]/C
High Pulse Width  Slow    FDCE/C              n/a            0.500         25.000      24.500     SLICE_X37Y60     u_ad9269/U_AD9269_SPI/DELAY_CNT_reg[14]/C
High Pulse Width  Slow    FDCE/C              n/a            0.500         25.000      24.500     SLICE_X37Y60     u_ad9269/U_AD9269_SPI/DELAY_CNT_reg[15]/C



---------------------------------------------------------------------------------------------------
From Clock:  clkfbout_clk_wiz_0
  To Clock:  clkfbout_clk_wiz_0

Setup :           NA  Failing Endpoints,  Worst Slack           NA  ,  Total Violation           NA
Hold  :           NA  Failing Endpoints,  Worst Slack           NA  ,  Total Violation           NA
PW    :            0  Failing Endpoints,  Worst Slack       17.845ns,  Total Violation        0.000ns
---------------------------------------------------------------------------------------------------


Pulse Width Checks
--------------------------------------------------------------------------------------
Clock Name:         clkfbout_clk_wiz_0
Waveform(ns):       { 0.000 10.000 }
Period(ns):         20.000
Sources:            { u_clk_wiz_0/inst/mmcm_adv_inst/CLKFBOUT }

Check Type  Corner  Lib Pin              Reference Pin  Required(ns)  Actual(ns)  Slack(ns)  Location         Pin
Min Period  n/a     BUFG/I               n/a            2.155         20.000      17.845     BUFGCTRL_X0Y3    u_clk_wiz_0/inst/clkf_buf/I
Min Period  n/a     MMCME2_ADV/CLKFBOUT  n/a            1.249         20.000      18.751     MMCME2_ADV_X0Y0  u_clk_wiz_0/inst/mmcm_adv_inst/CLKFBOUT
Min Period  n/a     MMCME2_ADV/CLKFBIN   n/a            1.249         20.000      18.751     MMCME2_ADV_X0Y0  u_clk_wiz_0/inst/mmcm_adv_inst/CLKFBIN
Max Period  n/a     MMCME2_ADV/CLKFBIN   n/a            100.000       20.000      80.000     MMCME2_ADV_X0Y0  u_clk_wiz_0/inst/mmcm_adv_inst/CLKFBIN
Max Period  n/a     MMCME2_ADV/CLKFBOUT  n/a            213.360       20.000      193.360    MMCME2_ADV_X0Y0  u_clk_wiz_0/inst/mmcm_adv_inst/CLKFBOUT



---------------------------------------------------------------------------------------------------
From Clock:  sys_clk
  To Clock:  eth_rxc

Setup :            0  Failing Endpoints,  Worst Slack        1.560ns,  Total Violation        0.000ns
Hold  :            0  Failing Endpoints,  Worst Slack        0.074ns,  Total Violation        0.000ns
---------------------------------------------------------------------------------------------------


Max Delay Paths
--------------------------------------------------------------------------------------
Slack (MET) :             1.560ns  (required time - arrival time)
  Source:                 u_ad_convert/dout_reg[6]/C
                            (rising edge-triggered cell FDCE clocked by sys_clk  {rise@0.000ns fall@10.000ns period=20.000ns})
  Destination:            u_udp/u_udp_tx/gmii_txd_reg[6]/D
                            (rising edge-triggered cell FDCE clocked by eth_rxc  {rise@0.000ns fall@4.000ns period=8.000ns})
  Path Group:             eth_rxc
  Path Type:              Setup (Max at Slow Process Corner)
  Requirement:            4.000ns  (eth_rxc rise@24.000ns - sys_clk rise@20.000ns)
  Data Path Delay:        3.134ns  (logic 0.828ns (26.421%)  route 2.306ns (73.579%))
  Logic Levels:           3  (LUT6=3)
  Clock Path Skew:        0.697ns (DCD - SCD + CPR)
    Destination Clock Delay (DCD):    4.868ns = ( 28.868 - 24.000 ) 
    Source Clock Delay      (SCD):    4.171ns = ( 24.171 - 20.000 ) 
    Clock Pessimism Removal (CPR):    0.000ns
  Clock Uncertainty:      0.035ns  ((TSJ^2 + TIJ^2)^1/2 + DJ) / 2 + PE
    Total System Jitter     (TSJ):    0.071ns
    Total Input Jitter      (TIJ):    0.000ns
    Discrete Jitter          (DJ):    0.000ns
    Phase Error              (PE):    0.000ns
  Clock Domain Crossing:  Inter clock paths are considered valid unless explicitly excluded by timing constraints such as set_clock_groups or set_false_path.

    Location             Delay type                Incr(ns)  Path(ns)    Netlist Resource(s)
  -------------------------------------------------------------------    -------------------
                         (clock sys_clk rise edge)   20.000    20.000 r  
    U18                                               0.000    20.000 r  sys_clk (IN)
                         net (fo=0)                   0.000    20.000    sys_clk
    U18                  IBUF (Prop_ibuf_I_O)         1.530    21.530 r  sys_clk_IBUF_inst/O
                         net (fo=5, routed)           2.641    24.171    u_ad_convert/sys_clk
    SLICE_X22Y85         FDCE                                         r  u_ad_convert/dout_reg[6]/C
  -------------------------------------------------------------------    -------------------
    SLICE_X22Y85         FDCE (Prop_fdce_C_Q)         0.456    24.627 r  u_ad_convert/dout_reg[6]/Q
                         net (fo=2, routed)           1.318    25.945    u_udp/u_udp_tx/gmii_txd_reg[1]_0[2]
    SLICE_X24Y84         LUT6 (Prop_lut6_I2_O)        0.124    26.069 r  u_udp/u_udp_tx/gmii_txd[6]_i_10__1/O
                         net (fo=1, routed)           0.413    26.482    u_udp/u_udp_tx/gmii_txd[6]_i_10__1_n_0
    SLICE_X25Y83         LUT6 (Prop_lut6_I5_O)        0.124    26.606 f  u_udp/u_udp_tx/gmii_txd[6]_i_5__1/O
                         net (fo=1, routed)           0.574    27.181    u_udp/u_udp_tx/gmii_txd[6]_i_5__1_n_0
    SLICE_X25Y84         LUT6 (Prop_lut6_I4_O)        0.124    27.305 r  u_udp/u_udp_tx/gmii_txd[6]_i_1__1/O
                         net (fo=1, routed)           0.000    27.305    u_udp/u_udp_tx/gmii_txd[6]_i_1__1_n_0
    SLICE_X25Y84         FDCE                                         r  u_udp/u_udp_tx/gmii_txd_reg[6]/D
  -------------------------------------------------------------------    -------------------

                         (clock eth_rxc rise edge)   24.000    24.000 r  
    K17                                               0.000    24.000 r  eth_rxc (IN)
                         net (fo=0)                   0.000    24.000    eth_rxc
    K17                  IBUF (Prop_ibuf_I_O)         1.421    25.421 r  eth_rxc_IBUF_inst/O
                         net (fo=2, routed)           1.880    27.301    u_gmii_to_rgmii/u_rgmii_rx/rgmii_rxc
    BUFGCTRL_X0Y16       BUFG (Prop_bufg_I_O)         0.091    27.392 r  u_gmii_to_rgmii/u_rgmii_rx/BUFG_inst/O
                         net (fo=1717, routed)        1.476    28.868    u_udp/u_udp_tx/rgmii_txc
    SLICE_X25Y84         FDCE                                         r  u_udp/u_udp_tx/gmii_txd_reg[6]/C
                         clock pessimism              0.000    28.868    
                         clock uncertainty           -0.035    28.832    
    SLICE_X25Y84         FDCE (Setup_fdce_C_D)        0.032    28.864    u_udp/u_udp_tx/gmii_txd_reg[6]
  -------------------------------------------------------------------
                         required time                         28.864    
                         arrival time                         -27.305    
  -------------------------------------------------------------------
                         slack                                  1.560    

Slack (MET) :             1.874ns  (required time - arrival time)
  Source:                 u_ad_convert/dout_reg[5]/C
                            (rising edge-triggered cell FDCE clocked by sys_clk  {rise@0.000ns fall@10.000ns period=20.000ns})
  Destination:            u_udp/u_udp_tx/gmii_txd_reg[5]/D
                            (rising edge-triggered cell FDCE clocked by eth_rxc  {rise@0.000ns fall@4.000ns period=8.000ns})
  Path Group:             eth_rxc
  Path Type:              Setup (Max at Slow Process Corner)
  Requirement:            4.000ns  (eth_rxc rise@24.000ns - sys_clk rise@20.000ns)
  Data Path Delay:        2.821ns  (logic 0.828ns (29.354%)  route 1.993ns (70.646%))
  Logic Levels:           3  (LUT6=3)
  Clock Path Skew:        0.698ns (DCD - SCD + CPR)
    Destination Clock Delay (DCD):    4.869ns = ( 28.869 - 24.000 ) 
    Source Clock Delay      (SCD):    4.171ns = ( 24.171 - 20.000 ) 
    Clock Pessimism Removal (CPR):    0.000ns
  Clock Uncertainty:      0.035ns  ((TSJ^2 + TIJ^2)^1/2 + DJ) / 2 + PE
    Total System Jitter     (TSJ):    0.071ns
    Total Input Jitter      (TIJ):    0.000ns
    Discrete Jitter          (DJ):    0.000ns
    Phase Error              (PE):    0.000ns
  Clock Domain Crossing:  Inter clock paths are considered valid unless explicitly excluded by timing constraints such as set_clock_groups or set_false_path.

    Location             Delay type                Incr(ns)  Path(ns)    Netlist Resource(s)
  -------------------------------------------------------------------    -------------------
                         (clock sys_clk rise edge)   20.000    20.000 r  
    U18                                               0.000    20.000 r  sys_clk (IN)
                         net (fo=0)                   0.000    20.000    sys_clk
    U18                  IBUF (Prop_ibuf_I_O)         1.530    21.530 r  sys_clk_IBUF_inst/O
                         net (fo=5, routed)           2.641    24.171    u_ad_convert/sys_clk
    SLICE_X22Y85         FDCE                                         r  u_ad_convert/dout_reg[5]/C
  -------------------------------------------------------------------    -------------------
    SLICE_X22Y85         FDCE (Prop_fdce_C_Q)         0.456    24.627 r  u_ad_convert/dout_reg[5]/Q
                         net (fo=1, routed)           0.647    25.274    u_udp/u_udp_tx/gmii_txd_reg[1]_0[1]
    SLICE_X22Y84         LUT6 (Prop_lut6_I0_O)        0.124    25.398 r  u_udp/u_udp_tx/gmii_txd[5]_i_8__1/O
                         net (fo=1, routed)           0.577    25.976    u_udp/u_udp_tx/gmii_txd[5]_i_8__1_n_0
    SLICE_X23Y84         LUT6 (Prop_lut6_I2_O)        0.124    26.100 r  u_udp/u_udp_tx/gmii_txd[5]_i_2__1/O
                         net (fo=1, routed)           0.768    26.868    u_udp/u_udp_tx/gmii_txd[5]_i_2__1_n_0
    SLICE_X25Y85         LUT6 (Prop_lut6_I0_O)        0.124    26.992 r  u_udp/u_udp_tx/gmii_txd[5]_i_1__1/O
                         net (fo=1, routed)           0.000    26.992    u_udp/u_udp_tx/gmii_txd[5]_i_1__1_n_0
    SLICE_X25Y85         FDCE                                         r  u_udp/u_udp_tx/gmii_txd_reg[5]/D
  -------------------------------------------------------------------    -------------------

                         (clock eth_rxc rise edge)   24.000    24.000 r  
    K17                                               0.000    24.000 r  eth_rxc (IN)
                         net (fo=0)                   0.000    24.000    eth_rxc
    K17                  IBUF (Prop_ibuf_I_O)         1.421    25.421 r  eth_rxc_IBUF_inst/O
                         net (fo=2, routed)           1.880    27.301    u_gmii_to_rgmii/u_rgmii_rx/rgmii_rxc
    BUFGCTRL_X0Y16       BUFG (Prop_bufg_I_O)         0.091    27.392 r  u_gmii_to_rgmii/u_rgmii_rx/BUFG_inst/O
                         net (fo=1717, routed)        1.477    28.869    u_udp/u_udp_tx/rgmii_txc
    SLICE_X25Y85         FDCE                                         r  u_udp/u_udp_tx/gmii_txd_reg[5]/C
                         clock pessimism              0.000    28.869    
                         clock uncertainty           -0.035    28.833    
    SLICE_X25Y85         FDCE (Setup_fdce_C_D)        0.032    28.865    u_udp/u_udp_tx/gmii_txd_reg[5]
  -------------------------------------------------------------------
                         required time                         28.865    
                         arrival time                         -26.992    
  -------------------------------------------------------------------
                         slack                                  1.874    

Slack (MET) :             2.112ns  (required time - arrival time)
  Source:                 u_ad_convert/dout_reg[6]/C
                            (rising edge-triggered cell FDCE clocked by sys_clk  {rise@0.000ns fall@10.000ns period=20.000ns})
  Destination:            u_udp/u_udp_tx/gmii_txd_reg[1]/D
                            (rising edge-triggered cell FDCE clocked by eth_rxc  {rise@0.000ns fall@4.000ns period=8.000ns})
  Path Group:             eth_rxc
  Path Type:              Setup (Max at Slow Process Corner)
  Requirement:            4.000ns  (eth_rxc rise@24.000ns - sys_clk rise@20.000ns)
  Data Path Delay:        2.578ns  (logic 0.704ns (27.305%)  route 1.874ns (72.695%))
  Logic Levels:           2  (LUT5=1 LUT6=1)
  Clock Path Skew:        0.697ns (DCD - SCD + CPR)
    Destination Clock Delay (DCD):    4.868ns = ( 28.868 - 24.000 ) 
    Source Clock Delay      (SCD):    4.171ns = ( 24.171 - 20.000 ) 
    Clock Pessimism Removal (CPR):    0.000ns
  Clock Uncertainty:      0.035ns  ((TSJ^2 + TIJ^2)^1/2 + DJ) / 2 + PE
    Total System Jitter     (TSJ):    0.071ns
    Total Input Jitter      (TIJ):    0.000ns
    Discrete Jitter          (DJ):    0.000ns
    Phase Error              (PE):    0.000ns
  Clock Domain Crossing:  Inter clock paths are considered valid unless explicitly excluded by timing constraints such as set_clock_groups or set_false_path.

    Location             Delay type                Incr(ns)  Path(ns)    Netlist Resource(s)
  -------------------------------------------------------------------    -------------------
                         (clock sys_clk rise edge)   20.000    20.000 r  
    U18                                               0.000    20.000 r  sys_clk (IN)
                         net (fo=0)                   0.000    20.000    sys_clk
    U18                  IBUF (Prop_ibuf_I_O)         1.530    21.530 r  sys_clk_IBUF_inst/O
                         net (fo=5, routed)           2.641    24.171    u_ad_convert/sys_clk
    SLICE_X22Y85         FDCE                                         r  u_ad_convert/dout_reg[6]/C
  -------------------------------------------------------------------    -------------------
    SLICE_X22Y85         FDCE (Prop_fdce_C_Q)         0.456    24.627 r  u_ad_convert/dout_reg[6]/Q
                         net (fo=2, routed)           0.946    25.573    u_udp/u_udp_tx/gmii_txd_reg[1]_0[2]
    SLICE_X25Y86         LUT5 (Prop_lut5_I1_O)        0.124    25.697 r  u_udp/u_udp_tx/gmii_txd[1]_i_2__1/O
                         net (fo=1, routed)           0.928    26.625    u_udp/u_udp_tx/gmii_txd[1]_i_2__1_n_0
    SLICE_X25Y84         LUT6 (Prop_lut6_I2_O)        0.124    26.749 r  u_udp/u_udp_tx/gmii_txd[1]_i_1__1/O
                         net (fo=1, routed)           0.000    26.749    u_udp/u_udp_tx/gmii_txd[1]_i_1__1_n_0
    SLICE_X25Y84         FDCE                                         r  u_udp/u_udp_tx/gmii_txd_reg[1]/D
  -------------------------------------------------------------------    -------------------

                         (clock eth_rxc rise edge)   24.000    24.000 r  
    K17                                               0.000    24.000 r  eth_rxc (IN)
                         net (fo=0)                   0.000    24.000    eth_rxc
    K17                  IBUF (Prop_ibuf_I_O)         1.421    25.421 r  eth_rxc_IBUF_inst/O
                         net (fo=2, routed)           1.880    27.301    u_gmii_to_rgmii/u_rgmii_rx/rgmii_rxc
    BUFGCTRL_X0Y16       BUFG (Prop_bufg_I_O)         0.091    27.392 r  u_gmii_to_rgmii/u_rgmii_rx/BUFG_inst/O
                         net (fo=1717, routed)        1.476    28.868    u_udp/u_udp_tx/rgmii_txc
    SLICE_X25Y84         FDCE                                         r  u_udp/u_udp_tx/gmii_txd_reg[1]/C
                         clock pessimism              0.000    28.868    
                         clock uncertainty           -0.035    28.832    
    SLICE_X25Y84         FDCE (Setup_fdce_C_D)        0.029    28.861    u_udp/u_udp_tx/gmii_txd_reg[1]
  -------------------------------------------------------------------
                         required time                         28.861    
                         arrival time                         -26.749    
  -------------------------------------------------------------------
                         slack                                  2.112    

Slack (MET) :             2.131ns  (required time - arrival time)
  Source:                 u_ad_convert/dout_reg[2]/C
                            (rising edge-triggered cell FDCE clocked by sys_clk  {rise@0.000ns fall@10.000ns period=20.000ns})
  Destination:            u_udp/u_udp_tx/gmii_txd_reg[2]/D
                            (rising edge-triggered cell FDCE clocked by eth_rxc  {rise@0.000ns fall@4.000ns period=8.000ns})
  Path Group:             eth_rxc
  Path Type:              Setup (Max at Slow Process Corner)
  Requirement:            4.000ns  (eth_rxc rise@24.000ns - sys_clk rise@20.000ns)
  Data Path Delay:        2.561ns  (logic 0.963ns (37.598%)  route 1.598ns (62.402%))
  Logic Levels:           3  (LUT2=1 LUT6=2)
  Clock Path Skew:        0.697ns (DCD - SCD + CPR)
    Destination Clock Delay (DCD):    4.868ns = ( 28.868 - 24.000 ) 
    Source Clock Delay      (SCD):    4.171ns = ( 24.171 - 20.000 ) 
    Clock Pessimism Removal (CPR):    0.000ns
  Clock Uncertainty:      0.035ns  ((TSJ^2 + TIJ^2)^1/2 + DJ) / 2 + PE
    Total System Jitter     (TSJ):    0.071ns
    Total Input Jitter      (TIJ):    0.000ns
    Discrete Jitter          (DJ):    0.000ns
    Phase Error              (PE):    0.000ns
  Clock Domain Crossing:  Inter clock paths are considered valid unless explicitly excluded by timing constraints such as set_clock_groups or set_false_path.

    Location             Delay type                Incr(ns)  Path(ns)    Netlist Resource(s)
  -------------------------------------------------------------------    -------------------
                         (clock sys_clk rise edge)   20.000    20.000 r  
    U18                                               0.000    20.000 r  sys_clk (IN)
                         net (fo=0)                   0.000    20.000    sys_clk
    U18                  IBUF (Prop_ibuf_I_O)         1.530    21.530 r  sys_clk_IBUF_inst/O
                         net (fo=5, routed)           2.641    24.171    u_ad_convert/sys_clk
    SLICE_X22Y85         FDCE                                         r  u_ad_convert/dout_reg[2]/C
  -------------------------------------------------------------------    -------------------
    SLICE_X22Y85         FDCE (Prop_fdce_C_Q)         0.419    24.590 r  u_ad_convert/dout_reg[2]/Q
                         net (fo=2, routed)           0.459    25.049    u_eth_ctrl/Q[0]
    SLICE_X24Y84         LUT2 (Prop_lut2_I1_O)        0.296    25.345 r  u_eth_ctrl/gmii_txd[2]_i_7__1/O
                         net (fo=1, routed)           0.641    25.986    u_udp/u_udp_tx/gmii_txd_reg[2]_2
    SLICE_X24Y84         LUT6 (Prop_lut6_I5_O)        0.124    26.110 f  u_udp/u_udp_tx/gmii_txd[2]_i_3__1/O
                         net (fo=1, routed)           0.498    26.608    u_udp/u_udp_tx/gmii_txd[2]_i_3__1_n_0
    SLICE_X25Y84         LUT6 (Prop_lut6_I4_O)        0.124    26.732 r  u_udp/u_udp_tx/gmii_txd[2]_i_1__1/O
                         net (fo=1, routed)           0.000    26.732    u_udp/u_udp_tx/gmii_txd[2]_i_1__1_n_0
    SLICE_X25Y84         FDCE                                         r  u_udp/u_udp_tx/gmii_txd_reg[2]/D
  -------------------------------------------------------------------    -------------------

                         (clock eth_rxc rise edge)   24.000    24.000 r  
    K17                                               0.000    24.000 r  eth_rxc (IN)
                         net (fo=0)                   0.000    24.000    eth_rxc
    K17                  IBUF (Prop_ibuf_I_O)         1.421    25.421 r  eth_rxc_IBUF_inst/O
                         net (fo=2, routed)           1.880    27.301    u_gmii_to_rgmii/u_rgmii_rx/rgmii_rxc
    BUFGCTRL_X0Y16       BUFG (Prop_bufg_I_O)         0.091    27.392 r  u_gmii_to_rgmii/u_rgmii_rx/BUFG_inst/O
                         net (fo=1717, routed)        1.476    28.868    u_udp/u_udp_tx/rgmii_txc
    SLICE_X25Y84         FDCE                                         r  u_udp/u_udp_tx/gmii_txd_reg[2]/C
                         clock pessimism              0.000    28.868    
                         clock uncertainty           -0.035    28.832    
    SLICE_X25Y84         FDCE (Setup_fdce_C_D)        0.031    28.863    u_udp/u_udp_tx/gmii_txd_reg[2]
  -------------------------------------------------------------------
                         required time                         28.863    
                         arrival time                         -26.732    
  -------------------------------------------------------------------
                         slack                                  2.131    

Slack (MET) :             2.326ns  (required time - arrival time)
  Source:                 u_ad_convert/dout_reg[2]/C
                            (rising edge-triggered cell FDCE clocked by sys_clk  {rise@0.000ns fall@10.000ns period=20.000ns})
  Destination:            u_udp/u_udp_tx/gmii_txd_reg[4]/D
                            (rising edge-triggered cell FDCE clocked by eth_rxc  {rise@0.000ns fall@4.000ns period=8.000ns})
  Path Group:             eth_rxc
  Path Type:              Setup (Max at Slow Process Corner)
  Requirement:            4.000ns  (eth_rxc rise@24.000ns - sys_clk rise@20.000ns)
  Data Path Delay:        2.365ns  (logic 0.839ns (35.477%)  route 1.526ns (64.523%))
  Logic Levels:           2  (LUT6=2)
  Clock Path Skew:        0.697ns (DCD - SCD + CPR)
    Destination Clock Delay (DCD):    4.868ns = ( 28.868 - 24.000 ) 
    Source Clock Delay      (SCD):    4.171ns = ( 24.171 - 20.000 ) 
    Clock Pessimism Removal (CPR):    0.000ns
  Clock Uncertainty:      0.035ns  ((TSJ^2 + TIJ^2)^1/2 + DJ) / 2 + PE
    Total System Jitter     (TSJ):    0.071ns
    Total Input Jitter      (TIJ):    0.000ns
    Discrete Jitter          (DJ):    0.000ns
    Phase Error              (PE):    0.000ns
  Clock Domain Crossing:  Inter clock paths are considered valid unless explicitly excluded by timing constraints such as set_clock_groups or set_false_path.

    Location             Delay type                Incr(ns)  Path(ns)    Netlist Resource(s)
  -------------------------------------------------------------------    -------------------
                         (clock sys_clk rise edge)   20.000    20.000 r  
    U18                                               0.000    20.000 r  sys_clk (IN)
                         net (fo=0)                   0.000    20.000    sys_clk
    U18                  IBUF (Prop_ibuf_I_O)         1.530    21.530 r  sys_clk_IBUF_inst/O
                         net (fo=5, routed)           2.641    24.171    u_ad_convert/sys_clk
    SLICE_X22Y85         FDCE                                         r  u_ad_convert/dout_reg[2]/C
  -------------------------------------------------------------------    -------------------
    SLICE_X22Y85         FDCE (Prop_fdce_C_Q)         0.419    24.590 r  u_ad_convert/dout_reg[2]/Q
                         net (fo=2, routed)           1.042    25.632    u_udp/u_udp_tx/gmii_txd_reg[1]_0[0]
    SLICE_X22Y84         LUT6 (Prop_lut6_I4_O)        0.296    25.928 f  u_udp/u_udp_tx/gmii_txd[4]_i_7__1/O
                         net (fo=1, routed)           0.484    26.412    u_udp/u_udp_tx/gmii_txd[4]_i_7__1_n_0
    SLICE_X22Y84         LUT6 (Prop_lut6_I5_O)        0.124    26.536 r  u_udp/u_udp_tx/gmii_txd[4]_i_1__1/O
                         net (fo=1, routed)           0.000    26.536    u_udp/u_udp_tx/gmii_txd[4]_i_1__1_n_0
    SLICE_X22Y84         FDCE                                         r  u_udp/u_udp_tx/gmii_txd_reg[4]/D
  -------------------------------------------------------------------    -------------------

                         (clock eth_rxc rise edge)   24.000    24.000 r  
    K17                                               0.000    24.000 r  eth_rxc (IN)
                         net (fo=0)                   0.000    24.000    eth_rxc
    K17                  IBUF (Prop_ibuf_I_O)         1.421    25.421 r  eth_rxc_IBUF_inst/O
                         net (fo=2, routed)           1.880    27.301    u_gmii_to_rgmii/u_rgmii_rx/rgmii_rxc
    BUFGCTRL_X0Y16       BUFG (Prop_bufg_I_O)         0.091    27.392 r  u_gmii_to_rgmii/u_rgmii_rx/BUFG_inst/O
                         net (fo=1717, routed)        1.476    28.868    u_udp/u_udp_tx/rgmii_txc
    SLICE_X22Y84         FDCE                                         r  u_udp/u_udp_tx/gmii_txd_reg[4]/C
                         clock pessimism              0.000    28.868    
                         clock uncertainty           -0.035    28.832    
    SLICE_X22Y84         FDCE (Setup_fdce_C_D)        0.029    28.861    u_udp/u_udp_tx/gmii_txd_reg[4]
  -------------------------------------------------------------------
                         required time                         28.861    
                         arrival time                         -26.536    
  -------------------------------------------------------------------
                         slack                                  2.326    





Min Delay Paths
--------------------------------------------------------------------------------------
Slack (MET) :             0.074ns  (arrival time - required time)
  Source:                 u_ad_convert/dout_reg[2]/C
                            (rising edge-triggered cell FDCE clocked by sys_clk  {rise@0.000ns fall@10.000ns period=20.000ns})
  Destination:            u_udp/u_udp_tx/gmii_txd_reg[4]/D
                            (rising edge-triggered cell FDCE clocked by eth_rxc  {rise@0.000ns fall@4.000ns period=8.000ns})
  Path Group:             eth_rxc
  Path Type:              Hold (Min at Slow Process Corner)
  Requirement:            0.000ns  (eth_rxc rise@0.000ns - sys_clk rise@0.000ns)
  Data Path Delay:        1.983ns  (logic 0.676ns (34.092%)  route 1.307ns (65.908%))
  Logic Levels:           2  (LUT6=2)
  Clock Path Skew:        1.605ns (DCD - SCD - CPR)
    Destination Clock Delay (DCD):    5.317ns
    Source Clock Delay      (SCD):    3.712ns
    Clock Pessimism Removal (CPR):    -0.000ns
  Clock Uncertainty:      0.035ns  ((TSJ^2 + TIJ^2)^1/2 + DJ) / 2 + PE
    Total System Jitter     (TSJ):    0.071ns
    Total Input Jitter      (TIJ):    0.000ns
    Discrete Jitter          (DJ):    0.000ns
    Phase Error              (PE):    0.000ns
  Clock Domain Crossing:  Inter clock paths are considered valid unless explicitly excluded by timing constraints such as set_clock_groups or set_false_path.

    Location             Delay type                Incr(ns)  Path(ns)    Netlist Resource(s)
  -------------------------------------------------------------------    -------------------
                         (clock sys_clk rise edge)    0.000     0.000 r  
    U18                                               0.000     0.000 r  sys_clk (IN)
                         net (fo=0)                   0.000     0.000    sys_clk
    U18                  IBUF (Prop_ibuf_I_O)         1.459     1.459 r  sys_clk_IBUF_inst/O
                         net (fo=5, routed)           2.253     3.712    u_ad_convert/sys_clk
    SLICE_X22Y85         FDCE                                         r  u_ad_convert/dout_reg[2]/C
  -------------------------------------------------------------------    -------------------
    SLICE_X22Y85         FDCE (Prop_fdce_C_Q)         0.337     4.049 r  u_ad_convert/dout_reg[2]/Q
                         net (fo=2, routed)           0.907     4.956    u_udp/u_udp_tx/gmii_txd_reg[1]_0[0]
    SLICE_X22Y84         LUT6 (Prop_lut6_I4_O)        0.239     5.195 f  u_udp/u_udp_tx/gmii_txd[4]_i_7__1/O
                         net (fo=1, routed)           0.400     5.595    u_udp/u_udp_tx/gmii_txd[4]_i_7__1_n_0
    SLICE_X22Y84         LUT6 (Prop_lut6_I5_O)        0.100     5.695 r  u_udp/u_udp_tx/gmii_txd[4]_i_1__1/O
                         net (fo=1, routed)           0.000     5.695    u_udp/u_udp_tx/gmii_txd[4]_i_1__1_n_0
    SLICE_X22Y84         FDCE                                         r  u_udp/u_udp_tx/gmii_txd_reg[4]/D
  -------------------------------------------------------------------    -------------------

                         (clock eth_rxc rise edge)    0.000     0.000 r  
    K17                                               0.000     0.000 r  eth_rxc (IN)
                         net (fo=0)                   0.000     0.000    eth_rxc
    K17                  IBUF (Prop_ibuf_I_O)         1.492     1.492 r  eth_rxc_IBUF_inst/O
                         net (fo=2, routed)           2.076     3.568    u_gmii_to_rgmii/u_rgmii_rx/rgmii_rxc
    BUFGCTRL_X0Y16       BUFG (Prop_bufg_I_O)         0.101     3.669 r  u_gmii_to_rgmii/u_rgmii_rx/BUFG_inst/O
                         net (fo=1717, routed)        1.648     5.317    u_udp/u_udp_tx/rgmii_txc
    SLICE_X22Y84         FDCE                                         r  u_udp/u_udp_tx/gmii_txd_reg[4]/C
                         clock pessimism              0.000     5.317    
                         clock uncertainty            0.035     5.352    
    SLICE_X22Y84         FDCE (Hold_fdce_C_D)         0.269     5.621    u_udp/u_udp_tx/gmii_txd_reg[4]
  -------------------------------------------------------------------
                         required time                         -5.621    
                         arrival time                           5.695    
  -------------------------------------------------------------------
                         slack                                  0.074    

Slack (MET) :             0.134ns  (arrival time - required time)
  Source:                 u_ad_convert/dout_reg[2]/C
                            (rising edge-triggered cell FDCE clocked by sys_clk  {rise@0.000ns fall@10.000ns period=20.000ns})
  Destination:            u_udp/u_udp_tx/gmii_txd_reg[2]/D
                            (rising edge-triggered cell FDCE clocked by eth_rxc  {rise@0.000ns fall@4.000ns period=8.000ns})
  Path Group:             eth_rxc
  Path Type:              Hold (Min at Fast Process Corner)
  Requirement:            0.000ns  (eth_rxc rise@0.000ns - sys_clk rise@0.000ns)
  Data Path Delay:        0.823ns  (logic 0.316ns (38.382%)  route 0.507ns (61.618%))
  Logic Levels:           3  (LUT2=1 LUT6=2)
  Clock Path Skew:        0.562ns (DCD - SCD - CPR)
    Destination Clock Delay (DCD):    1.978ns
    Source Clock Delay      (SCD):    1.416ns
    Clock Pessimism Removal (CPR):    -0.000ns
  Clock Uncertainty:      0.035ns  ((TSJ^2 + TIJ^2)^1/2 + DJ) / 2 + PE
    Total System Jitter     (TSJ):    0.071ns
    Total Input Jitter      (TIJ):    0.000ns
    Discrete Jitter          (DJ):    0.000ns
    Phase Error              (PE):    0.000ns
  Clock Domain Crossing:  Inter clock paths are considered valid unless explicitly excluded by timing constraints such as set_clock_groups or set_false_path.

    Location             Delay type                Incr(ns)  Path(ns)    Netlist Resource(s)
  -------------------------------------------------------------------    -------------------
                         (clock sys_clk rise edge)    0.000     0.000 r  
    U18                                               0.000     0.000 r  sys_clk (IN)
                         net (fo=0)                   0.000     0.000    sys_clk
    U18                  IBUF (Prop_ibuf_I_O)         0.297     0.297 r  sys_clk_IBUF_inst/O
                         net (fo=5, routed)           1.119     1.416    u_ad_convert/sys_clk
    SLICE_X22Y85         FDCE                                         r  u_ad_convert/dout_reg[2]/C
  -------------------------------------------------------------------    -------------------
    SLICE_X22Y85         FDCE (Prop_fdce_C_Q)         0.128     1.544 r  u_ad_convert/dout_reg[2]/Q
                         net (fo=2, routed)           0.149     1.693    u_eth_ctrl/Q[0]
    SLICE_X24Y84         LUT2 (Prop_lut2_I1_O)        0.098     1.791 r  u_eth_ctrl/gmii_txd[2]_i_7__1/O
                         net (fo=1, routed)           0.200     1.991    u_udp/u_udp_tx/gmii_txd_reg[2]_2
    SLICE_X24Y84         LUT6 (Prop_lut6_I5_O)        0.045     2.036 f  u_udp/u_udp_tx/gmii_txd[2]_i_3__1/O
                         net (fo=1, routed)           0.158     2.195    u_udp/u_udp_tx/gmii_txd[2]_i_3__1_n_0
    SLICE_X25Y84         LUT6 (Prop_lut6_I4_O)        0.045     2.240 r  u_udp/u_udp_tx/gmii_txd[2]_i_1__1/O
                         net (fo=1, routed)           0.000     2.240    u_udp/u_udp_tx/gmii_txd[2]_i_1__1_n_0
    SLICE_X25Y84         FDCE                                         r  u_udp/u_udp_tx/gmii_txd_reg[2]/D
  -------------------------------------------------------------------    -------------------

                         (clock eth_rxc rise edge)    0.000     0.000 r  
    K17                                               0.000     0.000 r  eth_rxc (IN)
                         net (fo=0)                   0.000     0.000    eth_rxc
    K17                  IBUF (Prop_ibuf_I_O)         0.447     0.447 r  eth_rxc_IBUF_inst/O
                         net (fo=2, routed)           0.683     1.130    u_gmii_to_rgmii/u_rgmii_rx/rgmii_rxc
    BUFGCTRL_X0Y16       BUFG (Prop_bufg_I_O)         0.029     1.159 r  u_gmii_to_rgmii/u_rgmii_rx/BUFG_inst/O
                         net (fo=1717, routed)        0.819     1.978    u_udp/u_udp_tx/rgmii_txc
    SLICE_X25Y84         FDCE                                         r  u_udp/u_udp_tx/gmii_txd_reg[2]/C
                         clock pessimism              0.000     1.978    
                         clock uncertainty            0.035     2.014    
    SLICE_X25Y84         FDCE (Hold_fdce_C_D)         0.092     2.106    u_udp/u_udp_tx/gmii_txd_reg[2]
  -------------------------------------------------------------------
                         required time                         -2.106    
                         arrival time                           2.240    
  -------------------------------------------------------------------
                         slack                                  0.134    

Slack (MET) :             0.207ns  (arrival time - required time)
  Source:                 u_ad_convert/dout_reg[6]/C
                            (rising edge-triggered cell FDCE clocked by sys_clk  {rise@0.000ns fall@10.000ns period=20.000ns})
  Destination:            u_udp/u_udp_tx/gmii_txd_reg[1]/D
                            (rising edge-triggered cell FDCE clocked by eth_rxc  {rise@0.000ns fall@4.000ns period=8.000ns})
  Path Group:             eth_rxc
  Path Type:              Hold (Min at Slow Process Corner)
  Requirement:            0.000ns  (eth_rxc rise@0.000ns - sys_clk rise@0.000ns)
  Data Path Delay:        2.116ns  (logic 0.567ns (26.792%)  route 1.549ns (73.208%))
  Logic Levels:           2  (LUT5=1 LUT6=1)
  Clock Path Skew:        1.605ns (DCD - SCD - CPR)
    Destination Clock Delay (DCD):    5.317ns
    Source Clock Delay      (SCD):    3.712ns
    Clock Pessimism Removal (CPR):    -0.000ns
  Clock Uncertainty:      0.035ns  ((TSJ^2 + TIJ^2)^1/2 + DJ) / 2 + PE
    Total System Jitter     (TSJ):    0.071ns
    Total Input Jitter      (TIJ):    0.000ns
    Discrete Jitter          (DJ):    0.000ns
    Phase Error              (PE):    0.000ns
  Clock Domain Crossing:  Inter clock paths are considered valid unless explicitly excluded by timing constraints such as set_clock_groups or set_false_path.

    Location             Delay type                Incr(ns)  Path(ns)    Netlist Resource(s)
  -------------------------------------------------------------------    -------------------
                         (clock sys_clk rise edge)    0.000     0.000 r  
    U18                                               0.000     0.000 r  sys_clk (IN)
                         net (fo=0)                   0.000     0.000    sys_clk
    U18                  IBUF (Prop_ibuf_I_O)         1.459     1.459 r  sys_clk_IBUF_inst/O
                         net (fo=5, routed)           2.253     3.712    u_ad_convert/sys_clk
    SLICE_X22Y85         FDCE                                         r  u_ad_convert/dout_reg[6]/C
  -------------------------------------------------------------------    -------------------
    SLICE_X22Y85         FDCE (Prop_fdce_C_Q)         0.367     4.079 r  u_ad_convert/dout_reg[6]/Q
                         net (fo=2, routed)           0.786     4.865    u_udp/u_udp_tx/gmii_txd_reg[1]_0[2]
    SLICE_X25Y86         LUT5 (Prop_lut5_I1_O)        0.100     4.965 r  u_udp/u_udp_tx/gmii_txd[1]_i_2__1/O
                         net (fo=1, routed)           0.763     5.728    u_udp/u_udp_tx/gmii_txd[1]_i_2__1_n_0
    SLICE_X25Y84         LUT6 (Prop_lut6_I2_O)        0.100     5.828 r  u_udp/u_udp_tx/gmii_txd[1]_i_1__1/O
                         net (fo=1, routed)           0.000     5.828    u_udp/u_udp_tx/gmii_txd[1]_i_1__1_n_0
    SLICE_X25Y84         FDCE                                         r  u_udp/u_udp_tx/gmii_txd_reg[1]/D
  -------------------------------------------------------------------    -------------------

                         (clock eth_rxc rise edge)    0.000     0.000 r  
    K17                                               0.000     0.000 r  eth_rxc (IN)
                         net (fo=0)                   0.000     0.000    eth_rxc
    K17                  IBUF (Prop_ibuf_I_O)         1.492     1.492 r  eth_rxc_IBUF_inst/O
                         net (fo=2, routed)           2.076     3.568    u_gmii_to_rgmii/u_rgmii_rx/rgmii_rxc
    BUFGCTRL_X0Y16       BUFG (Prop_bufg_I_O)         0.101     3.669 r  u_gmii_to_rgmii/u_rgmii_rx/BUFG_inst/O
                         net (fo=1717, routed)        1.648     5.317    u_udp/u_udp_tx/rgmii_txc
    SLICE_X25Y84         FDCE                                         r  u_udp/u_udp_tx/gmii_txd_reg[1]/C
                         clock pessimism              0.000     5.317    
                         clock uncertainty            0.035     5.352    
    SLICE_X25Y84         FDCE (Hold_fdce_C_D)         0.269     5.621    u_udp/u_udp_tx/gmii_txd_reg[1]
  -------------------------------------------------------------------
                         required time                         -5.621    
                         arrival time                           5.828    
  -------------------------------------------------------------------
                         slack                                  0.207    

Slack (MET) :             0.277ns  (arrival time - required time)
  Source:                 u_ad_convert/dout_reg[5]/C
                            (rising edge-triggered cell FDCE clocked by sys_clk  {rise@0.000ns fall@10.000ns period=20.000ns})
  Destination:            u_udp/u_udp_tx/gmii_txd_reg[5]/D
                            (rising edge-triggered cell FDCE clocked by eth_rxc  {rise@0.000ns fall@4.000ns period=8.000ns})
  Path Group:             eth_rxc
  Path Type:              Hold (Min at Fast Process Corner)
  Requirement:            0.000ns  (eth_rxc rise@0.000ns - sys_clk rise@0.000ns)
  Data Path Delay:        0.968ns  (logic 0.276ns (28.520%)  route 0.692ns (71.480%))
  Logic Levels:           3  (LUT6=3)
  Clock Path Skew:        0.563ns (DCD - SCD - CPR)
    Destination Clock Delay (DCD):    1.979ns
    Source Clock Delay      (SCD):    1.416ns
    Clock Pessimism Removal (CPR):    -0.000ns
  Clock Uncertainty:      0.035ns  ((TSJ^2 + TIJ^2)^1/2 + DJ) / 2 + PE
    Total System Jitter     (TSJ):    0.071ns
    Total Input Jitter      (TIJ):    0.000ns
    Discrete Jitter          (DJ):    0.000ns
    Phase Error              (PE):    0.000ns
  Clock Domain Crossing:  Inter clock paths are considered valid unless explicitly excluded by timing constraints such as set_clock_groups or set_false_path.

    Location             Delay type                Incr(ns)  Path(ns)    Netlist Resource(s)
  -------------------------------------------------------------------    -------------------
                         (clock sys_clk rise edge)    0.000     0.000 r  
    U18                                               0.000     0.000 r  sys_clk (IN)
                         net (fo=0)                   0.000     0.000    sys_clk
    U18                  IBUF (Prop_ibuf_I_O)         0.297     0.297 r  sys_clk_IBUF_inst/O
                         net (fo=5, routed)           1.119     1.416    u_ad_convert/sys_clk
    SLICE_X22Y85         FDCE                                         r  u_ad_convert/dout_reg[5]/C
  -------------------------------------------------------------------    -------------------
    SLICE_X22Y85         FDCE (Prop_fdce_C_Q)         0.141     1.557 r  u_ad_convert/dout_reg[5]/Q
                         net (fo=1, routed)           0.217     1.774    u_udp/u_udp_tx/gmii_txd_reg[1]_0[1]
    SLICE_X22Y84         LUT6 (Prop_lut6_I0_O)        0.045     1.819 r  u_udp/u_udp_tx/gmii_txd[5]_i_8__1/O
                         net (fo=1, routed)           0.214     2.034    u_udp/u_udp_tx/gmii_txd[5]_i_8__1_n_0
    SLICE_X23Y84         LUT6 (Prop_lut6_I2_O)        0.045     2.079 r  u_udp/u_udp_tx/gmii_txd[5]_i_2__1/O
                         net (fo=1, routed)           0.260     2.339    u_udp/u_udp_tx/gmii_txd[5]_i_2__1_n_0
    SLICE_X25Y85         LUT6 (Prop_lut6_I0_O)        0.045     2.384 r  u_udp/u_udp_tx/gmii_txd[5]_i_1__1/O
                         net (fo=1, routed)           0.000     2.384    u_udp/u_udp_tx/gmii_txd[5]_i_1__1_n_0
    SLICE_X25Y85         FDCE                                         r  u_udp/u_udp_tx/gmii_txd_reg[5]/D
  -------------------------------------------------------------------    -------------------

                         (clock eth_rxc rise edge)    0.000     0.000 r  
    K17                                               0.000     0.000 r  eth_rxc (IN)
                         net (fo=0)                   0.000     0.000    eth_rxc
    K17                  IBUF (Prop_ibuf_I_O)         0.447     0.447 r  eth_rxc_IBUF_inst/O
                         net (fo=2, routed)           0.683     1.130    u_gmii_to_rgmii/u_rgmii_rx/rgmii_rxc
    BUFGCTRL_X0Y16       BUFG (Prop_bufg_I_O)         0.029     1.159 r  u_gmii_to_rgmii/u_rgmii_rx/BUFG_inst/O
                         net (fo=1717, routed)        0.820     1.979    u_udp/u_udp_tx/rgmii_txc
    SLICE_X25Y85         FDCE                                         r  u_udp/u_udp_tx/gmii_txd_reg[5]/C
                         clock pessimism              0.000     1.979    
                         clock uncertainty            0.035     2.015    
    SLICE_X25Y85         FDCE (Hold_fdce_C_D)         0.092     2.107    u_udp/u_udp_tx/gmii_txd_reg[5]
  -------------------------------------------------------------------
                         required time                         -2.107    
                         arrival time                           2.384    
  -------------------------------------------------------------------
                         slack                                  0.277    

Slack (MET) :             0.392ns  (arrival time - required time)
  Source:                 u_ad_convert/dout_reg[6]/C
                            (rising edge-triggered cell FDCE clocked by sys_clk  {rise@0.000ns fall@10.000ns period=20.000ns})
  Destination:            u_udp/u_udp_tx/gmii_txd_reg[6]/D
                            (rising edge-triggered cell FDCE clocked by eth_rxc  {rise@0.000ns fall@4.000ns period=8.000ns})
  Path Group:             eth_rxc
  Path Type:              Hold (Min at Fast Process Corner)
  Requirement:            0.000ns  (eth_rxc rise@0.000ns - sys_clk rise@0.000ns)
  Data Path Delay:        1.082ns  (logic 0.276ns (25.512%)  route 0.806ns (74.488%))
  Logic Levels:           3  (LUT6=3)
  Clock Path Skew:        0.562ns (DCD - SCD - CPR)
    Destination Clock Delay (DCD):    1.978ns
    Source Clock Delay      (SCD):    1.416ns
    Clock Pessimism Removal (CPR):    -0.000ns
  Clock Uncertainty:      0.035ns  ((TSJ^2 + TIJ^2)^1/2 + DJ) / 2 + PE
    Total System Jitter     (TSJ):    0.071ns
    Total Input Jitter      (TIJ):    0.000ns
    Discrete Jitter          (DJ):    0.000ns
    Phase Error              (PE):    0.000ns
  Clock Domain Crossing:  Inter clock paths are considered valid unless explicitly excluded by timing constraints such as set_clock_groups or set_false_path.

    Location             Delay type                Incr(ns)  Path(ns)    Netlist Resource(s)
  -------------------------------------------------------------------    -------------------
                         (clock sys_clk rise edge)    0.000     0.000 r  
    U18                                               0.000     0.000 r  sys_clk (IN)
                         net (fo=0)                   0.000     0.000    sys_clk
    U18                  IBUF (Prop_ibuf_I_O)         0.297     0.297 r  sys_clk_IBUF_inst/O
                         net (fo=5, routed)           1.119     1.416    u_ad_convert/sys_clk
    SLICE_X22Y85         FDCE                                         r  u_ad_convert/dout_reg[6]/C
  -------------------------------------------------------------------    -------------------
    SLICE_X22Y85         FDCE (Prop_fdce_C_Q)         0.141     1.557 r  u_ad_convert/dout_reg[6]/Q
                         net (fo=2, routed)           0.473     2.031    u_udp/u_udp_tx/gmii_txd_reg[1]_0[2]
    SLICE_X24Y84         LUT6 (Prop_lut6_I2_O)        0.045     2.076 r  u_udp/u_udp_tx/gmii_txd[6]_i_10__1/O
                         net (fo=1, routed)           0.139     2.215    u_udp/u_udp_tx/gmii_txd[6]_i_10__1_n_0
    SLICE_X25Y83         LUT6 (Prop_lut6_I5_O)        0.045     2.260 f  u_udp/u_udp_tx/gmii_txd[6]_i_5__1/O
                         net (fo=1, routed)           0.193     2.453    u_udp/u_udp_tx/gmii_txd[6]_i_5__1_n_0
    SLICE_X25Y84         LUT6 (Prop_lut6_I4_O)        0.045     2.498 r  u_udp/u_udp_tx/gmii_txd[6]_i_1__1/O
                         net (fo=1, routed)           0.000     2.498    u_udp/u_udp_tx/gmii_txd[6]_i_1__1_n_0
    SLICE_X25Y84         FDCE                                         r  u_udp/u_udp_tx/gmii_txd_reg[6]/D
  -------------------------------------------------------------------    -------------------

                         (clock eth_rxc rise edge)    0.000     0.000 r  
    K17                                               0.000     0.000 r  eth_rxc (IN)
                         net (fo=0)                   0.000     0.000    eth_rxc
    K17                  IBUF (Prop_ibuf_I_O)         0.447     0.447 r  eth_rxc_IBUF_inst/O
                         net (fo=2, routed)           0.683     1.130    u_gmii_to_rgmii/u_rgmii_rx/rgmii_rxc
    BUFGCTRL_X0Y16       BUFG (Prop_bufg_I_O)         0.029     1.159 r  u_gmii_to_rgmii/u_rgmii_rx/BUFG_inst/O
                         net (fo=1717, routed)        0.819     1.978    u_udp/u_udp_tx/rgmii_txc
    SLICE_X25Y84         FDCE                                         r  u_udp/u_udp_tx/gmii_txd_reg[6]/C
                         clock pessimism              0.000     1.978    
                         clock uncertainty            0.035     2.014    
    SLICE_X25Y84         FDCE (Hold_fdce_C_D)         0.092     2.106    u_udp/u_udp_tx/gmii_txd_reg[6]
  -------------------------------------------------------------------
                         required time                         -2.106    
                         arrival time                           2.498    
  -------------------------------------------------------------------
                         slack                                  0.392    





---------------------------------------------------------------------------------------------------
Path Group:  **async_default**
From Clock:  eth_rxc
  To Clock:  eth_rxc

Setup :            0  Failing Endpoints,  Worst Slack        5.350ns,  Total Violation        0.000ns
Hold  :            0  Failing Endpoints,  Worst Slack        0.324ns,  Total Violation        0.000ns
---------------------------------------------------------------------------------------------------


Max Delay Paths
--------------------------------------------------------------------------------------
Slack (MET) :             5.350ns  (required time - arrival time)
  Source:                 u_async_fifo_2048x8b/U0/inst_fifo_gen/gconvfifo.rf/grf.rf/rstblk/ngwrdrst.grst.g7serrst.gnsckt_wrst.gic_rst.sckt_rd_rst_ic_reg/C
                            (rising edge-triggered cell FDPE clocked by eth_rxc  {rise@0.000ns fall@4.000ns period=8.000ns})
  Destination:            u_async_fifo_2048x8b/U0/inst_fifo_gen/gconvfifo.rf/grf.rf/gntv_or_sync_fifo.gl0.rd/gras.rsts/ram_empty_fb_i_reg/PRE
                            (recovery check against rising-edge clock eth_rxc  {rise@0.000ns fall@4.000ns period=8.000ns})
  Path Group:             **async_default**
  Path Type:              Recovery (Max at Slow Process Corner)
  Requirement:            8.000ns  (eth_rxc rise@8.000ns - eth_rxc rise@0.000ns)
  Data Path Delay:        2.187ns  (logic 0.456ns (20.851%)  route 1.731ns (79.149%))
  Logic Levels:           0  
  Clock Path Skew:        -0.067ns (DCD - SCD + CPR)
    Destination Clock Delay (DCD):    4.869ns = ( 12.869 - 8.000 ) 
    Source Clock Delay      (SCD):    5.327ns
    Clock Pessimism Removal (CPR):    0.391ns
  Clock Uncertainty:      0.035ns  ((TSJ^2 + TIJ^2)^1/2 + DJ) / 2 + PE
    Total System Jitter     (TSJ):    0.071ns
    Total Input Jitter      (TIJ):    0.000ns
    Discrete Jitter          (DJ):    0.000ns
    Phase Error              (PE):    0.000ns

    Location             Delay type                Incr(ns)  Path(ns)    Netlist Resource(s)
  -------------------------------------------------------------------    -------------------
                         (clock eth_rxc rise edge)    0.000     0.000 r  
    K17                                               0.000     0.000 r  eth_rxc (IN)
                         net (fo=0)                   0.000     0.000    eth_rxc
    K17                  IBUF (Prop_ibuf_I_O)         1.492     1.492 r  eth_rxc_IBUF_inst/O
                         net (fo=2, routed)           2.076     3.568    u_gmii_to_rgmii/u_rgmii_rx/rgmii_rxc
    BUFGCTRL_X0Y16       BUFG (Prop_bufg_I_O)         0.101     3.669 r  u_gmii_to_rgmii/u_rgmii_rx/BUFG_inst/O
                         net (fo=1717, routed)        1.658     5.327    u_async_fifo_2048x8b/U0/inst_fifo_gen/gconvfifo.rf/grf.rf/rstblk/rd_clk
    SLICE_X27Y58         FDPE                                         r  u_async_fifo_2048x8b/U0/inst_fifo_gen/gconvfifo.rf/grf.rf/rstblk/ngwrdrst.grst.g7serrst.gnsckt_wrst.gic_rst.sckt_rd_rst_ic_reg/C
  -------------------------------------------------------------------    -------------------
    SLICE_X27Y58         FDPE (Prop_fdpe_C_Q)         0.456     5.783 f  u_async_fifo_2048x8b/U0/inst_fifo_gen/gconvfifo.rf/grf.rf/rstblk/ngwrdrst.grst.g7serrst.gnsckt_wrst.gic_rst.sckt_rd_rst_ic_reg/Q
                         net (fo=28, routed)          1.731     7.514    u_async_fifo_2048x8b/U0/inst_fifo_gen/gconvfifo.rf/grf.rf/gntv_or_sync_fifo.gl0.rd/gras.rsts/AR[0]
    SLICE_X24Y64         FDPE                                         f  u_async_fifo_2048x8b/U0/inst_fifo_gen/gconvfifo.rf/grf.rf/gntv_or_sync_fifo.gl0.rd/gras.rsts/ram_empty_fb_i_reg/PRE
  -------------------------------------------------------------------    -------------------

                         (clock eth_rxc rise edge)    8.000     8.000 r  
    K17                                               0.000     8.000 r  eth_rxc (IN)
                         net (fo=0)                   0.000     8.000    eth_rxc
    K17                  IBUF (Prop_ibuf_I_O)         1.421     9.421 r  eth_rxc_IBUF_inst/O
                         net (fo=2, routed)           1.880    11.301    u_gmii_to_rgmii/u_rgmii_rx/rgmii_rxc
    BUFGCTRL_X0Y16       BUFG (Prop_bufg_I_O)         0.091    11.392 r  u_gmii_to_rgmii/u_rgmii_rx/BUFG_inst/O
                         net (fo=1717, routed)        1.477    12.869    u_async_fifo_2048x8b/U0/inst_fifo_gen/gconvfifo.rf/grf.rf/gntv_or_sync_fifo.gl0.rd/gras.rsts/rd_clk
    SLICE_X24Y64         FDPE                                         r  u_async_fifo_2048x8b/U0/inst_fifo_gen/gconvfifo.rf/grf.rf/gntv_or_sync_fifo.gl0.rd/gras.rsts/ram_empty_fb_i_reg/C
                         clock pessimism              0.391    13.260    
                         clock uncertainty           -0.035    13.224    
    SLICE_X24Y64         FDPE (Recov_fdpe_C_PRE)     -0.361    12.863    u_async_fifo_2048x8b/U0/inst_fifo_gen/gconvfifo.rf/grf.rf/gntv_or_sync_fifo.gl0.rd/gras.rsts/ram_empty_fb_i_reg
  -------------------------------------------------------------------
                         required time                         12.863    
                         arrival time                          -7.514    
  -------------------------------------------------------------------
                         slack                                  5.350    

Slack (MET) :             5.350ns  (required time - arrival time)
  Source:                 u_async_fifo_2048x8b/U0/inst_fifo_gen/gconvfifo.rf/grf.rf/rstblk/ngwrdrst.grst.g7serrst.gnsckt_wrst.gic_rst.sckt_rd_rst_ic_reg/C
                            (rising edge-triggered cell FDPE clocked by eth_rxc  {rise@0.000ns fall@4.000ns period=8.000ns})
  Destination:            u_async_fifo_2048x8b/U0/inst_fifo_gen/gconvfifo.rf/grf.rf/gntv_or_sync_fifo.gl0.rd/gras.rsts/ram_empty_i_reg/PRE
                            (recovery check against rising-edge clock eth_rxc  {rise@0.000ns fall@4.000ns period=8.000ns})
  Path Group:             **async_default**
  Path Type:              Recovery (Max at Slow Process Corner)
  Requirement:            8.000ns  (eth_rxc rise@8.000ns - eth_rxc rise@0.000ns)
  Data Path Delay:        2.187ns  (logic 0.456ns (20.851%)  route 1.731ns (79.149%))
  Logic Levels:           0  
  Clock Path Skew:        -0.067ns (DCD - SCD + CPR)
    Destination Clock Delay (DCD):    4.869ns = ( 12.869 - 8.000 ) 
    Source Clock Delay      (SCD):    5.327ns
    Clock Pessimism Removal (CPR):    0.391ns
  Clock Uncertainty:      0.035ns  ((TSJ^2 + TIJ^2)^1/2 + DJ) / 2 + PE
    Total System Jitter     (TSJ):    0.071ns
    Total Input Jitter      (TIJ):    0.000ns
    Discrete Jitter          (DJ):    0.000ns
    Phase Error              (PE):    0.000ns

    Location             Delay type                Incr(ns)  Path(ns)    Netlist Resource(s)
  -------------------------------------------------------------------    -------------------
                         (clock eth_rxc rise edge)    0.000     0.000 r  
    K17                                               0.000     0.000 r  eth_rxc (IN)
                         net (fo=0)                   0.000     0.000    eth_rxc
    K17                  IBUF (Prop_ibuf_I_O)         1.492     1.492 r  eth_rxc_IBUF_inst/O
                         net (fo=2, routed)           2.076     3.568    u_gmii_to_rgmii/u_rgmii_rx/rgmii_rxc
    BUFGCTRL_X0Y16       BUFG (Prop_bufg_I_O)         0.101     3.669 r  u_gmii_to_rgmii/u_rgmii_rx/BUFG_inst/O
                         net (fo=1717, routed)        1.658     5.327    u_async_fifo_2048x8b/U0/inst_fifo_gen/gconvfifo.rf/grf.rf/rstblk/rd_clk
    SLICE_X27Y58         FDPE                                         r  u_async_fifo_2048x8b/U0/inst_fifo_gen/gconvfifo.rf/grf.rf/rstblk/ngwrdrst.grst.g7serrst.gnsckt_wrst.gic_rst.sckt_rd_rst_ic_reg/C
  -------------------------------------------------------------------    -------------------
    SLICE_X27Y58         FDPE (Prop_fdpe_C_Q)         0.456     5.783 f  u_async_fifo_2048x8b/U0/inst_fifo_gen/gconvfifo.rf/grf.rf/rstblk/ngwrdrst.grst.g7serrst.gnsckt_wrst.gic_rst.sckt_rd_rst_ic_reg/Q
                         net (fo=28, routed)          1.731     7.514    u_async_fifo_2048x8b/U0/inst_fifo_gen/gconvfifo.rf/grf.rf/gntv_or_sync_fifo.gl0.rd/gras.rsts/AR[0]
    SLICE_X24Y64         FDPE                                         f  u_async_fifo_2048x8b/U0/inst_fifo_gen/gconvfifo.rf/grf.rf/gntv_or_sync_fifo.gl0.rd/gras.rsts/ram_empty_i_reg/PRE
  -------------------------------------------------------------------    -------------------

                         (clock eth_rxc rise edge)    8.000     8.000 r  
    K17                                               0.000     8.000 r  eth_rxc (IN)
                         net (fo=0)                   0.000     8.000    eth_rxc
    K17                  IBUF (Prop_ibuf_I_O)         1.421     9.421 r  eth_rxc_IBUF_inst/O
                         net (fo=2, routed)           1.880    11.301    u_gmii_to_rgmii/u_rgmii_rx/rgmii_rxc
    BUFGCTRL_X0Y16       BUFG (Prop_bufg_I_O)         0.091    11.392 r  u_gmii_to_rgmii/u_rgmii_rx/BUFG_inst/O
                         net (fo=1717, routed)        1.477    12.869    u_async_fifo_2048x8b/U0/inst_fifo_gen/gconvfifo.rf/grf.rf/gntv_or_sync_fifo.gl0.rd/gras.rsts/rd_clk
    SLICE_X24Y64         FDPE                                         r  u_async_fifo_2048x8b/U0/inst_fifo_gen/gconvfifo.rf/grf.rf/gntv_or_sync_fifo.gl0.rd/gras.rsts/ram_empty_i_reg/C
                         clock pessimism              0.391    13.260    
                         clock uncertainty           -0.035    13.224    
    SLICE_X24Y64         FDPE (Recov_fdpe_C_PRE)     -0.361    12.863    u_async_fifo_2048x8b/U0/inst_fifo_gen/gconvfifo.rf/grf.rf/gntv_or_sync_fifo.gl0.rd/gras.rsts/ram_empty_i_reg
  -------------------------------------------------------------------
                         required time                         12.863    
                         arrival time                          -7.514    
  -------------------------------------------------------------------
                         slack                                  5.350    

Slack (MET) :             5.737ns  (required time - arrival time)
  Source:                 u_async_fifo_2048x8b/U0/inst_fifo_gen/gconvfifo.rf/grf.rf/rstblk/ngwrdrst.grst.g7serrst.gnsckt_wrst.gic_rst.sckt_wr_rst_ic_reg/C
                            (rising edge-triggered cell FDPE clocked by eth_rxc  {rise@0.000ns fall@4.000ns period=8.000ns})
  Destination:            u_async_fifo_2048x8b/U0/inst_fifo_gen/gconvfifo.rf/grf.rf/gntv_or_sync_fifo.gl0.wr/wpntr/gic0.gc0.count_d2_reg[1]/CLR
                            (recovery check against rising-edge clock eth_rxc  {rise@0.000ns fall@4.000ns period=8.000ns})
  Path Group:             **async_default**
  Path Type:              Recovery (Max at Slow Process Corner)
  Requirement:            8.000ns  (eth_rxc rise@8.000ns - eth_rxc rise@0.000ns)
  Data Path Delay:        1.745ns  (logic 0.456ns (26.126%)  route 1.289ns (73.874%))
  Logic Levels:           0  
  Clock Path Skew:        -0.163ns (DCD - SCD + CPR)
    Destination Clock Delay (DCD):    4.868ns = ( 12.868 - 8.000 ) 
    Source Clock Delay      (SCD):    5.322ns
    Clock Pessimism Removal (CPR):    0.291ns
  Clock Uncertainty:      0.035ns  ((TSJ^2 + TIJ^2)^1/2 + DJ) / 2 + PE
    Total System Jitter     (TSJ):    0.071ns
    Total Input Jitter      (TIJ):    0.000ns
    Discrete Jitter          (DJ):    0.000ns
    Phase Error              (PE):    0.000ns

    Location             Delay type                Incr(ns)  Path(ns)    Netlist Resource(s)
  -------------------------------------------------------------------    -------------------
                         (clock eth_rxc rise edge)    0.000     0.000 r  
    K17                                               0.000     0.000 r  eth_rxc (IN)
                         net (fo=0)                   0.000     0.000    eth_rxc
    K17                  IBUF (Prop_ibuf_I_O)         1.492     1.492 r  eth_rxc_IBUF_inst/O
                         net (fo=2, routed)           2.076     3.568    u_gmii_to_rgmii/u_rgmii_rx/rgmii_rxc
    BUFGCTRL_X0Y16       BUFG (Prop_bufg_I_O)         0.101     3.669 r  u_gmii_to_rgmii/u_rgmii_rx/BUFG_inst/O
                         net (fo=1717, routed)        1.653     5.322    u_async_fifo_2048x8b/U0/inst_fifo_gen/gconvfifo.rf/grf.rf/rstblk/wr_clk
    SLICE_X19Y65         FDPE                                         r  u_async_fifo_2048x8b/U0/inst_fifo_gen/gconvfifo.rf/grf.rf/rstblk/ngwrdrst.grst.g7serrst.gnsckt_wrst.gic_rst.sckt_wr_rst_ic_reg/C
  -------------------------------------------------------------------    -------------------
    SLICE_X19Y65         FDPE (Prop_fdpe_C_Q)         0.456     5.778 f  u_async_fifo_2048x8b/U0/inst_fifo_gen/gconvfifo.rf/grf.rf/rstblk/ngwrdrst.grst.g7serrst.gnsckt_wrst.gic_rst.sckt_wr_rst_ic_reg/Q
                         net (fo=36, routed)          1.289     7.067    u_async_fifo_2048x8b/U0/inst_fifo_gen/gconvfifo.rf/grf.rf/gntv_or_sync_fifo.gl0.wr/wpntr/AR[0]
    SLICE_X24Y65         FDCE                                         f  u_async_fifo_2048x8b/U0/inst_fifo_gen/gconvfifo.rf/grf.rf/gntv_or_sync_fifo.gl0.wr/wpntr/gic0.gc0.count_d2_reg[1]/CLR
  -------------------------------------------------------------------    -------------------

                         (clock eth_rxc rise edge)    8.000     8.000 r  
    K17                                               0.000     8.000 r  eth_rxc (IN)
                         net (fo=0)                   0.000     8.000    eth_rxc
    K17                  IBUF (Prop_ibuf_I_O)         1.421     9.421 r  eth_rxc_IBUF_inst/O
                         net (fo=2, routed)           1.880    11.301    u_gmii_to_rgmii/u_rgmii_rx/rgmii_rxc
    BUFGCTRL_X0Y16       BUFG (Prop_bufg_I_O)         0.091    11.392 r  u_gmii_to_rgmii/u_rgmii_rx/BUFG_inst/O
                         net (fo=1717, routed)        1.476    12.868    u_async_fifo_2048x8b/U0/inst_fifo_gen/gconvfifo.rf/grf.rf/gntv_or_sync_fifo.gl0.wr/wpntr/wr_clk
    SLICE_X24Y65         FDCE                                         r  u_async_fifo_2048x8b/U0/inst_fifo_gen/gconvfifo.rf/grf.rf/gntv_or_sync_fifo.gl0.wr/wpntr/gic0.gc0.count_d2_reg[1]/C
                         clock pessimism              0.291    13.158    
                         clock uncertainty           -0.035    13.123    
    SLICE_X24Y65         FDCE (Recov_fdce_C_CLR)     -0.319    12.804    u_async_fifo_2048x8b/U0/inst_fifo_gen/gconvfifo.rf/grf.rf/gntv_or_sync_fifo.gl0.wr/wpntr/gic0.gc0.count_d2_reg[1]
  -------------------------------------------------------------------
                         required time                         12.804    
                         arrival time                          -7.067    
  -------------------------------------------------------------------
                         slack                                  5.737    

Slack (MET) :             5.737ns  (required time - arrival time)
  Source:                 u_async_fifo_2048x8b/U0/inst_fifo_gen/gconvfifo.rf/grf.rf/rstblk/ngwrdrst.grst.g7serrst.gnsckt_wrst.gic_rst.sckt_wr_rst_ic_reg/C
                            (rising edge-triggered cell FDPE clocked by eth_rxc  {rise@0.000ns fall@4.000ns period=8.000ns})
  Destination:            u_async_fifo_2048x8b/U0/inst_fifo_gen/gconvfifo.rf/grf.rf/gntv_or_sync_fifo.gl0.wr/wpntr/gic0.gc0.count_d2_reg[8]/CLR
                            (recovery check against rising-edge clock eth_rxc  {rise@0.000ns fall@4.000ns period=8.000ns})
  Path Group:             **async_default**
  Path Type:              Recovery (Max at Slow Process Corner)
  Requirement:            8.000ns  (eth_rxc rise@8.000ns - eth_rxc rise@0.000ns)
  Data Path Delay:        1.745ns  (logic 0.456ns (26.126%)  route 1.289ns (73.874%))
  Logic Levels:           0  
  Clock Path Skew:        -0.163ns (DCD - SCD + CPR)
    Destination Clock Delay (DCD):    4.868ns = ( 12.868 - 8.000 ) 
    Source Clock Delay      (SCD):    5.322ns
    Clock Pessimism Removal (CPR):    0.291ns
  Clock Uncertainty:      0.035ns  ((TSJ^2 + TIJ^2)^1/2 + DJ) / 2 + PE
    Total System Jitter     (TSJ):    0.071ns
    Total Input Jitter      (TIJ):    0.000ns
    Discrete Jitter          (DJ):    0.000ns
    Phase Error              (PE):    0.000ns

    Location             Delay type                Incr(ns)  Path(ns)    Netlist Resource(s)
  -------------------------------------------------------------------    -------------------
                         (clock eth_rxc rise edge)    0.000     0.000 r  
    K17                                               0.000     0.000 r  eth_rxc (IN)
                         net (fo=0)                   0.000     0.000    eth_rxc
    K17                  IBUF (Prop_ibuf_I_O)         1.492     1.492 r  eth_rxc_IBUF_inst/O
                         net (fo=2, routed)           2.076     3.568    u_gmii_to_rgmii/u_rgmii_rx/rgmii_rxc
    BUFGCTRL_X0Y16       BUFG (Prop_bufg_I_O)         0.101     3.669 r  u_gmii_to_rgmii/u_rgmii_rx/BUFG_inst/O
                         net (fo=1717, routed)        1.653     5.322    u_async_fifo_2048x8b/U0/inst_fifo_gen/gconvfifo.rf/grf.rf/rstblk/wr_clk
    SLICE_X19Y65         FDPE                                         r  u_async_fifo_2048x8b/U0/inst_fifo_gen/gconvfifo.rf/grf.rf/rstblk/ngwrdrst.grst.g7serrst.gnsckt_wrst.gic_rst.sckt_wr_rst_ic_reg/C
  -------------------------------------------------------------------    -------------------
    SLICE_X19Y65         FDPE (Prop_fdpe_C_Q)         0.456     5.778 f  u_async_fifo_2048x8b/U0/inst_fifo_gen/gconvfifo.rf/grf.rf/rstblk/ngwrdrst.grst.g7serrst.gnsckt_wrst.gic_rst.sckt_wr_rst_ic_reg/Q
                         net (fo=36, routed)          1.289     7.067    u_async_fifo_2048x8b/U0/inst_fifo_gen/gconvfifo.rf/grf.rf/gntv_or_sync_fifo.gl0.wr/wpntr/AR[0]
    SLICE_X24Y65         FDCE                                         f  u_async_fifo_2048x8b/U0/inst_fifo_gen/gconvfifo.rf/grf.rf/gntv_or_sync_fifo.gl0.wr/wpntr/gic0.gc0.count_d2_reg[8]/CLR
  -------------------------------------------------------------------    -------------------

                         (clock eth_rxc rise edge)    8.000     8.000 r  
    K17                                               0.000     8.000 r  eth_rxc (IN)
                         net (fo=0)                   0.000     8.000    eth_rxc
    K17                  IBUF (Prop_ibuf_I_O)         1.421     9.421 r  eth_rxc_IBUF_inst/O
                         net (fo=2, routed)           1.880    11.301    u_gmii_to_rgmii/u_rgmii_rx/rgmii_rxc
    BUFGCTRL_X0Y16       BUFG (Prop_bufg_I_O)         0.091    11.392 r  u_gmii_to_rgmii/u_rgmii_rx/BUFG_inst/O
                         net (fo=1717, routed)        1.476    12.868    u_async_fifo_2048x8b/U0/inst_fifo_gen/gconvfifo.rf/grf.rf/gntv_or_sync_fifo.gl0.wr/wpntr/wr_clk
    SLICE_X24Y65         FDCE                                         r  u_async_fifo_2048x8b/U0/inst_fifo_gen/gconvfifo.rf/grf.rf/gntv_or_sync_fifo.gl0.wr/wpntr/gic0.gc0.count_d2_reg[8]/C
                         clock pessimism              0.291    13.158    
                         clock uncertainty           -0.035    13.123    
    SLICE_X24Y65         FDCE (Recov_fdce_C_CLR)     -0.319    12.804    u_async_fifo_2048x8b/U0/inst_fifo_gen/gconvfifo.rf/grf.rf/gntv_or_sync_fifo.gl0.wr/wpntr/gic0.gc0.count_d2_reg[8]
  -------------------------------------------------------------------
                         required time                         12.804    
                         arrival time                          -7.067    
  -------------------------------------------------------------------
                         slack                                  5.737    

Slack (MET) :             5.742ns  (required time - arrival time)
  Source:                 u_async_fifo_2048x8b/U0/inst_fifo_gen/gconvfifo.rf/grf.rf/rstblk/ngwrdrst.grst.g7serrst.gnsckt_wrst.gic_rst.sckt_rd_rst_ic_reg/C
                            (rising edge-triggered cell FDPE clocked by eth_rxc  {rise@0.000ns fall@4.000ns period=8.000ns})
  Destination:            u_async_fifo_2048x8b/U0/inst_fifo_gen/gconvfifo.rf/grf.rf/gntv_or_sync_fifo.gl0.rd/rpntr/gc0.count_d1_reg[0]/CLR
                            (recovery check against rising-edge clock eth_rxc  {rise@0.000ns fall@4.000ns period=8.000ns})
  Path Group:             **async_default**
  Path Type:              Recovery (Max at Slow Process Corner)
  Requirement:            8.000ns  (eth_rxc rise@8.000ns - eth_rxc rise@0.000ns)
  Data Path Delay:        1.788ns  (logic 0.456ns (25.500%)  route 1.332ns (74.500%))
  Logic Levels:           0  
  Clock Path Skew:        -0.029ns (DCD - SCD + CPR)
    Destination Clock Delay (DCD):    4.873ns = ( 12.873 - 8.000 ) 
    Source Clock Delay      (SCD):    5.327ns
    Clock Pessimism Removal (CPR):    0.425ns
  Clock Uncertainty:      0.035ns  ((TSJ^2 + TIJ^2)^1/2 + DJ) / 2 + PE
    Total System Jitter     (TSJ):    0.071ns
    Total Input Jitter      (TIJ):    0.000ns
    Discrete Jitter          (DJ):    0.000ns
    Phase Error              (PE):    0.000ns

    Location             Delay type                Incr(ns)  Path(ns)    Netlist Resource(s)
  -------------------------------------------------------------------    -------------------
                         (clock eth_rxc rise edge)    0.000     0.000 r  
    K17                                               0.000     0.000 r  eth_rxc (IN)
                         net (fo=0)                   0.000     0.000    eth_rxc
    K17                  IBUF (Prop_ibuf_I_O)         1.492     1.492 r  eth_rxc_IBUF_inst/O
                         net (fo=2, routed)           2.076     3.568    u_gmii_to_rgmii/u_rgmii_rx/rgmii_rxc
    BUFGCTRL_X0Y16       BUFG (Prop_bufg_I_O)         0.101     3.669 r  u_gmii_to_rgmii/u_rgmii_rx/BUFG_inst/O
                         net (fo=1717, routed)        1.658     5.327    u_async_fifo_2048x8b/U0/inst_fifo_gen/gconvfifo.rf/grf.rf/rstblk/rd_clk
    SLICE_X27Y58         FDPE                                         r  u_async_fifo_2048x8b/U0/inst_fifo_gen/gconvfifo.rf/grf.rf/rstblk/ngwrdrst.grst.g7serrst.gnsckt_wrst.gic_rst.sckt_rd_rst_ic_reg/C
  -------------------------------------------------------------------    -------------------
    SLICE_X27Y58         FDPE (Prop_fdpe_C_Q)         0.456     5.783 f  u_async_fifo_2048x8b/U0/inst_fifo_gen/gconvfifo.rf/grf.rf/rstblk/ngwrdrst.grst.g7serrst.gnsckt_wrst.gic_rst.sckt_rd_rst_ic_reg/Q
                         net (fo=28, routed)          1.332     7.115    u_async_fifo_2048x8b/U0/inst_fifo_gen/gconvfifo.rf/grf.rf/gntv_or_sync_fifo.gl0.rd/rpntr/AR[0]
    SLICE_X26Y63         FDCE                                         f  u_async_fifo_2048x8b/U0/inst_fifo_gen/gconvfifo.rf/grf.rf/gntv_or_sync_fifo.gl0.rd/rpntr/gc0.count_d1_reg[0]/CLR
  -------------------------------------------------------------------    -------------------

                         (clock eth_rxc rise edge)    8.000     8.000 r  
    K17                                               0.000     8.000 r  eth_rxc (IN)
                         net (fo=0)                   0.000     8.000    eth_rxc
    K17                  IBUF (Prop_ibuf_I_O)         1.421     9.421 r  eth_rxc_IBUF_inst/O
                         net (fo=2, routed)           1.880    11.301    u_gmii_to_rgmii/u_rgmii_rx/rgmii_rxc
    BUFGCTRL_X0Y16       BUFG (Prop_bufg_I_O)         0.091    11.392 r  u_gmii_to_rgmii/u_rgmii_rx/BUFG_inst/O
                         net (fo=1717, routed)        1.481    12.873    u_async_fifo_2048x8b/U0/inst_fifo_gen/gconvfifo.rf/grf.rf/gntv_or_sync_fifo.gl0.rd/rpntr/rd_clk
    SLICE_X26Y63         FDCE                                         r  u_async_fifo_2048x8b/U0/inst_fifo_gen/gconvfifo.rf/grf.rf/gntv_or_sync_fifo.gl0.rd/rpntr/gc0.count_d1_reg[0]/C
                         clock pessimism              0.425    13.298    
                         clock uncertainty           -0.035    13.262    
    SLICE_X26Y63         FDCE (Recov_fdce_C_CLR)     -0.405    12.857    u_async_fifo_2048x8b/U0/inst_fifo_gen/gconvfifo.rf/grf.rf/gntv_or_sync_fifo.gl0.rd/rpntr/gc0.count_d1_reg[0]
  -------------------------------------------------------------------
                         required time                         12.857    
                         arrival time                          -7.115    
  -------------------------------------------------------------------
                         slack                                  5.742    

Slack (MET) :             5.742ns  (required time - arrival time)
  Source:                 u_async_fifo_2048x8b/U0/inst_fifo_gen/gconvfifo.rf/grf.rf/rstblk/ngwrdrst.grst.g7serrst.gnsckt_wrst.gic_rst.sckt_rd_rst_ic_reg/C
                            (rising edge-triggered cell FDPE clocked by eth_rxc  {rise@0.000ns fall@4.000ns period=8.000ns})
  Destination:            u_async_fifo_2048x8b/U0/inst_fifo_gen/gconvfifo.rf/grf.rf/gntv_or_sync_fifo.gl0.rd/rpntr/gc0.count_d1_reg[1]/CLR
                            (recovery check against rising-edge clock eth_rxc  {rise@0.000ns fall@4.000ns period=8.000ns})
  Path Group:             **async_default**
  Path Type:              Recovery (Max at Slow Process Corner)
  Requirement:            8.000ns  (eth_rxc rise@8.000ns - eth_rxc rise@0.000ns)
  Data Path Delay:        1.788ns  (logic 0.456ns (25.500%)  route 1.332ns (74.500%))
  Logic Levels:           0  
  Clock Path Skew:        -0.029ns (DCD - SCD + CPR)
    Destination Clock Delay (DCD):    4.873ns = ( 12.873 - 8.000 ) 
    Source Clock Delay      (SCD):    5.327ns
    Clock Pessimism Removal (CPR):    0.425ns
  Clock Uncertainty:      0.035ns  ((TSJ^2 + TIJ^2)^1/2 + DJ) / 2 + PE
    Total System Jitter     (TSJ):    0.071ns
    Total Input Jitter      (TIJ):    0.000ns
    Discrete Jitter          (DJ):    0.000ns
    Phase Error              (PE):    0.000ns

    Location             Delay type                Incr(ns)  Path(ns)    Netlist Resource(s)
  -------------------------------------------------------------------    -------------------
                         (clock eth_rxc rise edge)    0.000     0.000 r  
    K17                                               0.000     0.000 r  eth_rxc (IN)
                         net (fo=0)                   0.000     0.000    eth_rxc
    K17                  IBUF (Prop_ibuf_I_O)         1.492     1.492 r  eth_rxc_IBUF_inst/O
                         net (fo=2, routed)           2.076     3.568    u_gmii_to_rgmii/u_rgmii_rx/rgmii_rxc
    BUFGCTRL_X0Y16       BUFG (Prop_bufg_I_O)         0.101     3.669 r  u_gmii_to_rgmii/u_rgmii_rx/BUFG_inst/O
                         net (fo=1717, routed)        1.658     5.327    u_async_fifo_2048x8b/U0/inst_fifo_gen/gconvfifo.rf/grf.rf/rstblk/rd_clk
    SLICE_X27Y58         FDPE                                         r  u_async_fifo_2048x8b/U0/inst_fifo_gen/gconvfifo.rf/grf.rf/rstblk/ngwrdrst.grst.g7serrst.gnsckt_wrst.gic_rst.sckt_rd_rst_ic_reg/C
  -------------------------------------------------------------------    -------------------
    SLICE_X27Y58         FDPE (Prop_fdpe_C_Q)         0.456     5.783 f  u_async_fifo_2048x8b/U0/inst_fifo_gen/gconvfifo.rf/grf.rf/rstblk/ngwrdrst.grst.g7serrst.gnsckt_wrst.gic_rst.sckt_rd_rst_ic_reg/Q
                         net (fo=28, routed)          1.332     7.115    u_async_fifo_2048x8b/U0/inst_fifo_gen/gconvfifo.rf/grf.rf/gntv_or_sync_fifo.gl0.rd/rpntr/AR[0]
    SLICE_X26Y63         FDCE                                         f  u_async_fifo_2048x8b/U0/inst_fifo_gen/gconvfifo.rf/grf.rf/gntv_or_sync_fifo.gl0.rd/rpntr/gc0.count_d1_reg[1]/CLR
  -------------------------------------------------------------------    -------------------

                         (clock eth_rxc rise edge)    8.000     8.000 r  
    K17                                               0.000     8.000 r  eth_rxc (IN)
                         net (fo=0)                   0.000     8.000    eth_rxc
    K17                  IBUF (Prop_ibuf_I_O)         1.421     9.421 r  eth_rxc_IBUF_inst/O
                         net (fo=2, routed)           1.880    11.301    u_gmii_to_rgmii/u_rgmii_rx/rgmii_rxc
    BUFGCTRL_X0Y16       BUFG (Prop_bufg_I_O)         0.091    11.392 r  u_gmii_to_rgmii/u_rgmii_rx/BUFG_inst/O
                         net (fo=1717, routed)        1.481    12.873    u_async_fifo_2048x8b/U0/inst_fifo_gen/gconvfifo.rf/grf.rf/gntv_or_sync_fifo.gl0.rd/rpntr/rd_clk
    SLICE_X26Y63         FDCE                                         r  u_async_fifo_2048x8b/U0/inst_fifo_gen/gconvfifo.rf/grf.rf/gntv_or_sync_fifo.gl0.rd/rpntr/gc0.count_d1_reg[1]/C
                         clock pessimism              0.425    13.298    
                         clock uncertainty           -0.035    13.262    
    SLICE_X26Y63         FDCE (Recov_fdce_C_CLR)     -0.405    12.857    u_async_fifo_2048x8b/U0/inst_fifo_gen/gconvfifo.rf/grf.rf/gntv_or_sync_fifo.gl0.rd/rpntr/gc0.count_d1_reg[1]
  -------------------------------------------------------------------
                         required time                         12.857    
                         arrival time                          -7.115    
  -------------------------------------------------------------------
                         slack                                  5.742    

Slack (MET) :             5.742ns  (required time - arrival time)
  Source:                 u_async_fifo_2048x8b/U0/inst_fifo_gen/gconvfifo.rf/grf.rf/rstblk/ngwrdrst.grst.g7serrst.gnsckt_wrst.gic_rst.sckt_rd_rst_ic_reg/C
                            (rising edge-triggered cell FDPE clocked by eth_rxc  {rise@0.000ns fall@4.000ns period=8.000ns})
  Destination:            u_async_fifo_2048x8b/U0/inst_fifo_gen/gconvfifo.rf/grf.rf/gntv_or_sync_fifo.gl0.rd/rpntr/gc0.count_d1_reg[2]/CLR
                            (recovery check against rising-edge clock eth_rxc  {rise@0.000ns fall@4.000ns period=8.000ns})
  Path Group:             **async_default**
  Path Type:              Recovery (Max at Slow Process Corner)
  Requirement:            8.000ns  (eth_rxc rise@8.000ns - eth_rxc rise@0.000ns)
  Data Path Delay:        1.788ns  (logic 0.456ns (25.500%)  route 1.332ns (74.500%))
  Logic Levels:           0  
  Clock Path Skew:        -0.029ns (DCD - SCD + CPR)
    Destination Clock Delay (DCD):    4.873ns = ( 12.873 - 8.000 ) 
    Source Clock Delay      (SCD):    5.327ns
    Clock Pessimism Removal (CPR):    0.425ns
  Clock Uncertainty:      0.035ns  ((TSJ^2 + TIJ^2)^1/2 + DJ) / 2 + PE
    Total System Jitter     (TSJ):    0.071ns
    Total Input Jitter      (TIJ):    0.000ns
    Discrete Jitter          (DJ):    0.000ns
    Phase Error              (PE):    0.000ns

    Location             Delay type                Incr(ns)  Path(ns)    Netlist Resource(s)
  -------------------------------------------------------------------    -------------------
                         (clock eth_rxc rise edge)    0.000     0.000 r  
    K17                                               0.000     0.000 r  eth_rxc (IN)
                         net (fo=0)                   0.000     0.000    eth_rxc
    K17                  IBUF (Prop_ibuf_I_O)         1.492     1.492 r  eth_rxc_IBUF_inst/O
                         net (fo=2, routed)           2.076     3.568    u_gmii_to_rgmii/u_rgmii_rx/rgmii_rxc
    BUFGCTRL_X0Y16       BUFG (Prop_bufg_I_O)         0.101     3.669 r  u_gmii_to_rgmii/u_rgmii_rx/BUFG_inst/O
                         net (fo=1717, routed)        1.658     5.327    u_async_fifo_2048x8b/U0/inst_fifo_gen/gconvfifo.rf/grf.rf/rstblk/rd_clk
    SLICE_X27Y58         FDPE                                         r  u_async_fifo_2048x8b/U0/inst_fifo_gen/gconvfifo.rf/grf.rf/rstblk/ngwrdrst.grst.g7serrst.gnsckt_wrst.gic_rst.sckt_rd_rst_ic_reg/C
  -------------------------------------------------------------------    -------------------
    SLICE_X27Y58         FDPE (Prop_fdpe_C_Q)         0.456     5.783 f  u_async_fifo_2048x8b/U0/inst_fifo_gen/gconvfifo.rf/grf.rf/rstblk/ngwrdrst.grst.g7serrst.gnsckt_wrst.gic_rst.sckt_rd_rst_ic_reg/Q
                         net (fo=28, routed)          1.332     7.115    u_async_fifo_2048x8b/U0/inst_fifo_gen/gconvfifo.rf/grf.rf/gntv_or_sync_fifo.gl0.rd/rpntr/AR[0]
    SLICE_X26Y63         FDCE                                         f  u_async_fifo_2048x8b/U0/inst_fifo_gen/gconvfifo.rf/grf.rf/gntv_or_sync_fifo.gl0.rd/rpntr/gc0.count_d1_reg[2]/CLR
  -------------------------------------------------------------------    -------------------

                         (clock eth_rxc rise edge)    8.000     8.000 r  
    K17                                               0.000     8.000 r  eth_rxc (IN)
                         net (fo=0)                   0.000     8.000    eth_rxc
    K17                  IBUF (Prop_ibuf_I_O)         1.421     9.421 r  eth_rxc_IBUF_inst/O
                         net (fo=2, routed)           1.880    11.301    u_gmii_to_rgmii/u_rgmii_rx/rgmii_rxc
    BUFGCTRL_X0Y16       BUFG (Prop_bufg_I_O)         0.091    11.392 r  u_gmii_to_rgmii/u_rgmii_rx/BUFG_inst/O
                         net (fo=1717, routed)        1.481    12.873    u_async_fifo_2048x8b/U0/inst_fifo_gen/gconvfifo.rf/grf.rf/gntv_or_sync_fifo.gl0.rd/rpntr/rd_clk
    SLICE_X26Y63         FDCE                                         r  u_async_fifo_2048x8b/U0/inst_fifo_gen/gconvfifo.rf/grf.rf/gntv_or_sync_fifo.gl0.rd/rpntr/gc0.count_d1_reg[2]/C
                         clock pessimism              0.425    13.298    
                         clock uncertainty           -0.035    13.262    
    SLICE_X26Y63         FDCE (Recov_fdce_C_CLR)     -0.405    12.857    u_async_fifo_2048x8b/U0/inst_fifo_gen/gconvfifo.rf/grf.rf/gntv_or_sync_fifo.gl0.rd/rpntr/gc0.count_d1_reg[2]
  -------------------------------------------------------------------
                         required time                         12.857    
                         arrival time                          -7.115    
  -------------------------------------------------------------------
                         slack                                  5.742    

Slack (MET) :             5.742ns  (required time - arrival time)
  Source:                 u_async_fifo_2048x8b/U0/inst_fifo_gen/gconvfifo.rf/grf.rf/rstblk/ngwrdrst.grst.g7serrst.gnsckt_wrst.gic_rst.sckt_rd_rst_ic_reg/C
                            (rising edge-triggered cell FDPE clocked by eth_rxc  {rise@0.000ns fall@4.000ns period=8.000ns})
  Destination:            u_async_fifo_2048x8b/U0/inst_fifo_gen/gconvfifo.rf/grf.rf/gntv_or_sync_fifo.gl0.rd/rpntr/gc0.count_d1_reg[3]/CLR
                            (recovery check against rising-edge clock eth_rxc  {rise@0.000ns fall@4.000ns period=8.000ns})
  Path Group:             **async_default**
  Path Type:              Recovery (Max at Slow Process Corner)
  Requirement:            8.000ns  (eth_rxc rise@8.000ns - eth_rxc rise@0.000ns)
  Data Path Delay:        1.788ns  (logic 0.456ns (25.500%)  route 1.332ns (74.500%))
  Logic Levels:           0  
  Clock Path Skew:        -0.029ns (DCD - SCD + CPR)
    Destination Clock Delay (DCD):    4.873ns = ( 12.873 - 8.000 ) 
    Source Clock Delay      (SCD):    5.327ns
    Clock Pessimism Removal (CPR):    0.425ns
  Clock Uncertainty:      0.035ns  ((TSJ^2 + TIJ^2)^1/2 + DJ) / 2 + PE
    Total System Jitter     (TSJ):    0.071ns
    Total Input Jitter      (TIJ):    0.000ns
    Discrete Jitter          (DJ):    0.000ns
    Phase Error              (PE):    0.000ns

    Location             Delay type                Incr(ns)  Path(ns)    Netlist Resource(s)
  -------------------------------------------------------------------    -------------------
                         (clock eth_rxc rise edge)    0.000     0.000 r  
    K17                                               0.000     0.000 r  eth_rxc (IN)
                         net (fo=0)                   0.000     0.000    eth_rxc
    K17                  IBUF (Prop_ibuf_I_O)         1.492     1.492 r  eth_rxc_IBUF_inst/O
                         net (fo=2, routed)           2.076     3.568    u_gmii_to_rgmii/u_rgmii_rx/rgmii_rxc
    BUFGCTRL_X0Y16       BUFG (Prop_bufg_I_O)         0.101     3.669 r  u_gmii_to_rgmii/u_rgmii_rx/BUFG_inst/O
                         net (fo=1717, routed)        1.658     5.327    u_async_fifo_2048x8b/U0/inst_fifo_gen/gconvfifo.rf/grf.rf/rstblk/rd_clk
    SLICE_X27Y58         FDPE                                         r  u_async_fifo_2048x8b/U0/inst_fifo_gen/gconvfifo.rf/grf.rf/rstblk/ngwrdrst.grst.g7serrst.gnsckt_wrst.gic_rst.sckt_rd_rst_ic_reg/C
  -------------------------------------------------------------------    -------------------
    SLICE_X27Y58         FDPE (Prop_fdpe_C_Q)         0.456     5.783 f  u_async_fifo_2048x8b/U0/inst_fifo_gen/gconvfifo.rf/grf.rf/rstblk/ngwrdrst.grst.g7serrst.gnsckt_wrst.gic_rst.sckt_rd_rst_ic_reg/Q
                         net (fo=28, routed)          1.332     7.115    u_async_fifo_2048x8b/U0/inst_fifo_gen/gconvfifo.rf/grf.rf/gntv_or_sync_fifo.gl0.rd/rpntr/AR[0]
    SLICE_X26Y63         FDCE                                         f  u_async_fifo_2048x8b/U0/inst_fifo_gen/gconvfifo.rf/grf.rf/gntv_or_sync_fifo.gl0.rd/rpntr/gc0.count_d1_reg[3]/CLR
  -------------------------------------------------------------------    -------------------

                         (clock eth_rxc rise edge)    8.000     8.000 r  
    K17                                               0.000     8.000 r  eth_rxc (IN)
                         net (fo=0)                   0.000     8.000    eth_rxc
    K17                  IBUF (Prop_ibuf_I_O)         1.421     9.421 r  eth_rxc_IBUF_inst/O
                         net (fo=2, routed)           1.880    11.301    u_gmii_to_rgmii/u_rgmii_rx/rgmii_rxc
    BUFGCTRL_X0Y16       BUFG (Prop_bufg_I_O)         0.091    11.392 r  u_gmii_to_rgmii/u_rgmii_rx/BUFG_inst/O
                         net (fo=1717, routed)        1.481    12.873    u_async_fifo_2048x8b/U0/inst_fifo_gen/gconvfifo.rf/grf.rf/gntv_or_sync_fifo.gl0.rd/rpntr/rd_clk
    SLICE_X26Y63         FDCE                                         r  u_async_fifo_2048x8b/U0/inst_fifo_gen/gconvfifo.rf/grf.rf/gntv_or_sync_fifo.gl0.rd/rpntr/gc0.count_d1_reg[3]/C
                         clock pessimism              0.425    13.298    
                         clock uncertainty           -0.035    13.262    
    SLICE_X26Y63         FDCE (Recov_fdce_C_CLR)     -0.405    12.857    u_async_fifo_2048x8b/U0/inst_fifo_gen/gconvfifo.rf/grf.rf/gntv_or_sync_fifo.gl0.rd/rpntr/gc0.count_d1_reg[3]
  -------------------------------------------------------------------
                         required time                         12.857    
                         arrival time                          -7.115    
  -------------------------------------------------------------------
                         slack                                  5.742    

Slack (MET) :             5.742ns  (required time - arrival time)
  Source:                 u_async_fifo_2048x8b/U0/inst_fifo_gen/gconvfifo.rf/grf.rf/rstblk/ngwrdrst.grst.g7serrst.gnsckt_wrst.gic_rst.sckt_rd_rst_ic_reg/C
                            (rising edge-triggered cell FDPE clocked by eth_rxc  {rise@0.000ns fall@4.000ns period=8.000ns})
  Destination:            u_async_fifo_2048x8b/U0/inst_fifo_gen/gconvfifo.rf/grf.rf/gntv_or_sync_fifo.gl0.rd/rpntr/gc0.count_d1_reg[4]/CLR
                            (recovery check against rising-edge clock eth_rxc  {rise@0.000ns fall@4.000ns period=8.000ns})
  Path Group:             **async_default**
  Path Type:              Recovery (Max at Slow Process Corner)
  Requirement:            8.000ns  (eth_rxc rise@8.000ns - eth_rxc rise@0.000ns)
  Data Path Delay:        1.788ns  (logic 0.456ns (25.500%)  route 1.332ns (74.500%))
  Logic Levels:           0  
  Clock Path Skew:        -0.029ns (DCD - SCD + CPR)
    Destination Clock Delay (DCD):    4.873ns = ( 12.873 - 8.000 ) 
    Source Clock Delay      (SCD):    5.327ns
    Clock Pessimism Removal (CPR):    0.425ns
  Clock Uncertainty:      0.035ns  ((TSJ^2 + TIJ^2)^1/2 + DJ) / 2 + PE
    Total System Jitter     (TSJ):    0.071ns
    Total Input Jitter      (TIJ):    0.000ns
    Discrete Jitter          (DJ):    0.000ns
    Phase Error              (PE):    0.000ns

    Location             Delay type                Incr(ns)  Path(ns)    Netlist Resource(s)
  -------------------------------------------------------------------    -------------------
                         (clock eth_rxc rise edge)    0.000     0.000 r  
    K17                                               0.000     0.000 r  eth_rxc (IN)
                         net (fo=0)                   0.000     0.000    eth_rxc
    K17                  IBUF (Prop_ibuf_I_O)         1.492     1.492 r  eth_rxc_IBUF_inst/O
                         net (fo=2, routed)           2.076     3.568    u_gmii_to_rgmii/u_rgmii_rx/rgmii_rxc
    BUFGCTRL_X0Y16       BUFG (Prop_bufg_I_O)         0.101     3.669 r  u_gmii_to_rgmii/u_rgmii_rx/BUFG_inst/O
                         net (fo=1717, routed)        1.658     5.327    u_async_fifo_2048x8b/U0/inst_fifo_gen/gconvfifo.rf/grf.rf/rstblk/rd_clk
    SLICE_X27Y58         FDPE                                         r  u_async_fifo_2048x8b/U0/inst_fifo_gen/gconvfifo.rf/grf.rf/rstblk/ngwrdrst.grst.g7serrst.gnsckt_wrst.gic_rst.sckt_rd_rst_ic_reg/C
  -------------------------------------------------------------------    -------------------
    SLICE_X27Y58         FDPE (Prop_fdpe_C_Q)         0.456     5.783 f  u_async_fifo_2048x8b/U0/inst_fifo_gen/gconvfifo.rf/grf.rf/rstblk/ngwrdrst.grst.g7serrst.gnsckt_wrst.gic_rst.sckt_rd_rst_ic_reg/Q
                         net (fo=28, routed)          1.332     7.115    u_async_fifo_2048x8b/U0/inst_fifo_gen/gconvfifo.rf/grf.rf/gntv_or_sync_fifo.gl0.rd/rpntr/AR[0]
    SLICE_X26Y63         FDCE                                         f  u_async_fifo_2048x8b/U0/inst_fifo_gen/gconvfifo.rf/grf.rf/gntv_or_sync_fifo.gl0.rd/rpntr/gc0.count_d1_reg[4]/CLR
  -------------------------------------------------------------------    -------------------

                         (clock eth_rxc rise edge)    8.000     8.000 r  
    K17                                               0.000     8.000 r  eth_rxc (IN)
                         net (fo=0)                   0.000     8.000    eth_rxc
    K17                  IBUF (Prop_ibuf_I_O)         1.421     9.421 r  eth_rxc_IBUF_inst/O
                         net (fo=2, routed)           1.880    11.301    u_gmii_to_rgmii/u_rgmii_rx/rgmii_rxc
    BUFGCTRL_X0Y16       BUFG (Prop_bufg_I_O)         0.091    11.392 r  u_gmii_to_rgmii/u_rgmii_rx/BUFG_inst/O
                         net (fo=1717, routed)        1.481    12.873    u_async_fifo_2048x8b/U0/inst_fifo_gen/gconvfifo.rf/grf.rf/gntv_or_sync_fifo.gl0.rd/rpntr/rd_clk
    SLICE_X26Y63         FDCE                                         r  u_async_fifo_2048x8b/U0/inst_fifo_gen/gconvfifo.rf/grf.rf/gntv_or_sync_fifo.gl0.rd/rpntr/gc0.count_d1_reg[4]/C
                         clock pessimism              0.425    13.298    
                         clock uncertainty           -0.035    13.262    
    SLICE_X26Y63         FDCE (Recov_fdce_C_CLR)     -0.405    12.857    u_async_fifo_2048x8b/U0/inst_fifo_gen/gconvfifo.rf/grf.rf/gntv_or_sync_fifo.gl0.rd/rpntr/gc0.count_d1_reg[4]
  -------------------------------------------------------------------
                         required time                         12.857    
                         arrival time                          -7.115    
  -------------------------------------------------------------------
                         slack                                  5.742    

Slack (MET) :             5.742ns  (required time - arrival time)
  Source:                 u_async_fifo_2048x8b/U0/inst_fifo_gen/gconvfifo.rf/grf.rf/rstblk/ngwrdrst.grst.g7serrst.gnsckt_wrst.gic_rst.sckt_rd_rst_ic_reg/C
                            (rising edge-triggered cell FDPE clocked by eth_rxc  {rise@0.000ns fall@4.000ns period=8.000ns})
  Destination:            u_async_fifo_2048x8b/U0/inst_fifo_gen/gconvfifo.rf/grf.rf/gntv_or_sync_fifo.gl0.rd/rpntr/gc0.count_d1_reg[5]/CLR
                            (recovery check against rising-edge clock eth_rxc  {rise@0.000ns fall@4.000ns period=8.000ns})
  Path Group:             **async_default**
  Path Type:              Recovery (Max at Slow Process Corner)
  Requirement:            8.000ns  (eth_rxc rise@8.000ns - eth_rxc rise@0.000ns)
  Data Path Delay:        1.788ns  (logic 0.456ns (25.500%)  route 1.332ns (74.500%))
  Logic Levels:           0  
  Clock Path Skew:        -0.029ns (DCD - SCD + CPR)
    Destination Clock Delay (DCD):    4.873ns = ( 12.873 - 8.000 ) 
    Source Clock Delay      (SCD):    5.327ns
    Clock Pessimism Removal (CPR):    0.425ns
  Clock Uncertainty:      0.035ns  ((TSJ^2 + TIJ^2)^1/2 + DJ) / 2 + PE
    Total System Jitter     (TSJ):    0.071ns
    Total Input Jitter      (TIJ):    0.000ns
    Discrete Jitter          (DJ):    0.000ns
    Phase Error              (PE):    0.000ns

    Location             Delay type                Incr(ns)  Path(ns)    Netlist Resource(s)
  -------------------------------------------------------------------    -------------------
                         (clock eth_rxc rise edge)    0.000     0.000 r  
    K17                                               0.000     0.000 r  eth_rxc (IN)
                         net (fo=0)                   0.000     0.000    eth_rxc
    K17                  IBUF (Prop_ibuf_I_O)         1.492     1.492 r  eth_rxc_IBUF_inst/O
                         net (fo=2, routed)           2.076     3.568    u_gmii_to_rgmii/u_rgmii_rx/rgmii_rxc
    BUFGCTRL_X0Y16       BUFG (Prop_bufg_I_O)         0.101     3.669 r  u_gmii_to_rgmii/u_rgmii_rx/BUFG_inst/O
                         net (fo=1717, routed)        1.658     5.327    u_async_fifo_2048x8b/U0/inst_fifo_gen/gconvfifo.rf/grf.rf/rstblk/rd_clk
    SLICE_X27Y58         FDPE                                         r  u_async_fifo_2048x8b/U0/inst_fifo_gen/gconvfifo.rf/grf.rf/rstblk/ngwrdrst.grst.g7serrst.gnsckt_wrst.gic_rst.sckt_rd_rst_ic_reg/C
  -------------------------------------------------------------------    -------------------
    SLICE_X27Y58         FDPE (Prop_fdpe_C_Q)         0.456     5.783 f  u_async_fifo_2048x8b/U0/inst_fifo_gen/gconvfifo.rf/grf.rf/rstblk/ngwrdrst.grst.g7serrst.gnsckt_wrst.gic_rst.sckt_rd_rst_ic_reg/Q
                         net (fo=28, routed)          1.332     7.115    u_async_fifo_2048x8b/U0/inst_fifo_gen/gconvfifo.rf/grf.rf/gntv_or_sync_fifo.gl0.rd/rpntr/AR[0]
    SLICE_X26Y63         FDCE                                         f  u_async_fifo_2048x8b/U0/inst_fifo_gen/gconvfifo.rf/grf.rf/gntv_or_sync_fifo.gl0.rd/rpntr/gc0.count_d1_reg[5]/CLR
  -------------------------------------------------------------------    -------------------

                         (clock eth_rxc rise edge)    8.000     8.000 r  
    K17                                               0.000     8.000 r  eth_rxc (IN)
                         net (fo=0)                   0.000     8.000    eth_rxc
    K17                  IBUF (Prop_ibuf_I_O)         1.421     9.421 r  eth_rxc_IBUF_inst/O
                         net (fo=2, routed)           1.880    11.301    u_gmii_to_rgmii/u_rgmii_rx/rgmii_rxc
    BUFGCTRL_X0Y16       BUFG (Prop_bufg_I_O)         0.091    11.392 r  u_gmii_to_rgmii/u_rgmii_rx/BUFG_inst/O
                         net (fo=1717, routed)        1.481    12.873    u_async_fifo_2048x8b/U0/inst_fifo_gen/gconvfifo.rf/grf.rf/gntv_or_sync_fifo.gl0.rd/rpntr/rd_clk
    SLICE_X26Y63         FDCE                                         r  u_async_fifo_2048x8b/U0/inst_fifo_gen/gconvfifo.rf/grf.rf/gntv_or_sync_fifo.gl0.rd/rpntr/gc0.count_d1_reg[5]/C
                         clock pessimism              0.425    13.298    
                         clock uncertainty           -0.035    13.262    
    SLICE_X26Y63         FDCE (Recov_fdce_C_CLR)     -0.405    12.857    u_async_fifo_2048x8b/U0/inst_fifo_gen/gconvfifo.rf/grf.rf/gntv_or_sync_fifo.gl0.rd/rpntr/gc0.count_d1_reg[5]
  -------------------------------------------------------------------
                         required time                         12.857    
                         arrival time                          -7.115    
  -------------------------------------------------------------------
                         slack                                  5.742    





Min Delay Paths
--------------------------------------------------------------------------------------
Slack (MET) :             0.324ns  (arrival time - required time)
  Source:                 u_async_fifo_2048x8b/U0/inst_fifo_gen/gconvfifo.rf/grf.rf/rstblk/ngwrdrst.grst.g7serrst.gnsckt_wrst.gic_rst.sckt_wr_rst_ic_reg/C
                            (rising edge-triggered cell FDPE clocked by eth_rxc  {rise@0.000ns fall@4.000ns period=8.000ns})
  Destination:            u_async_fifo_2048x8b/U0/inst_fifo_gen/gconvfifo.rf/grf.rf/gntv_or_sync_fifo.gl0.wr/wpntr/gic0.gc0.count_d2_reg[2]/CLR
                            (removal check against rising-edge clock eth_rxc  {rise@0.000ns fall@4.000ns period=8.000ns})
  Path Group:             **async_default**
  Path Type:              Removal (Min at Fast Process Corner)
  Requirement:            0.000ns  (eth_rxc rise@0.000ns - eth_rxc rise@0.000ns)
  Data Path Delay:        0.493ns  (logic 0.141ns (28.624%)  route 0.352ns (71.376%))
  Logic Levels:           0  
  Clock Path Skew:        0.260ns (DCD - SCD - CPR)
    Destination Clock Delay (DCD):    1.979ns
    Source Clock Delay      (SCD):    1.467ns
    Clock Pessimism Removal (CPR):    0.252ns

    Location             Delay type                Incr(ns)  Path(ns)    Netlist Resource(s)
  -------------------------------------------------------------------    -------------------
                         (clock eth_rxc rise edge)    0.000     0.000 r  
    K17                                               0.000     0.000 r  eth_rxc (IN)
                         net (fo=0)                   0.000     0.000    eth_rxc
    K17                  IBUF (Prop_ibuf_I_O)         0.259     0.259 r  eth_rxc_IBUF_inst/O
                         net (fo=2, routed)           0.627     0.887    u_gmii_to_rgmii/u_rgmii_rx/rgmii_rxc
    BUFGCTRL_X0Y16       BUFG (Prop_bufg_I_O)         0.026     0.913 r  u_gmii_to_rgmii/u_rgmii_rx/BUFG_inst/O
                         net (fo=1717, routed)        0.555     1.467    u_async_fifo_2048x8b/U0/inst_fifo_gen/gconvfifo.rf/grf.rf/rstblk/wr_clk
    SLICE_X19Y65         FDPE                                         r  u_async_fifo_2048x8b/U0/inst_fifo_gen/gconvfifo.rf/grf.rf/rstblk/ngwrdrst.grst.g7serrst.gnsckt_wrst.gic_rst.sckt_wr_rst_ic_reg/C
  -------------------------------------------------------------------    -------------------
    SLICE_X19Y65         FDPE (Prop_fdpe_C_Q)         0.141     1.608 f  u_async_fifo_2048x8b/U0/inst_fifo_gen/gconvfifo.rf/grf.rf/rstblk/ngwrdrst.grst.g7serrst.gnsckt_wrst.gic_rst.sckt_wr_rst_ic_reg/Q
                         net (fo=36, routed)          0.352     1.960    u_async_fifo_2048x8b/U0/inst_fifo_gen/gconvfifo.rf/grf.rf/gntv_or_sync_fifo.gl0.wr/wpntr/AR[0]
    SLICE_X22Y64         FDCE                                         f  u_async_fifo_2048x8b/U0/inst_fifo_gen/gconvfifo.rf/grf.rf/gntv_or_sync_fifo.gl0.wr/wpntr/gic0.gc0.count_d2_reg[2]/CLR
  -------------------------------------------------------------------    -------------------

                         (clock eth_rxc rise edge)    0.000     0.000 r  
    K17                                               0.000     0.000 r  eth_rxc (IN)
                         net (fo=0)                   0.000     0.000    eth_rxc
    K17                  IBUF (Prop_ibuf_I_O)         0.447     0.447 r  eth_rxc_IBUF_inst/O
                         net (fo=2, routed)           0.683     1.130    u_gmii_to_rgmii/u_rgmii_rx/rgmii_rxc
    BUFGCTRL_X0Y16       BUFG (Prop_bufg_I_O)         0.029     1.159 r  u_gmii_to_rgmii/u_rgmii_rx/BUFG_inst/O
                         net (fo=1717, routed)        0.820     1.979    u_async_fifo_2048x8b/U0/inst_fifo_gen/gconvfifo.rf/grf.rf/gntv_or_sync_fifo.gl0.wr/wpntr/wr_clk
    SLICE_X22Y64         FDCE                                         r  u_async_fifo_2048x8b/U0/inst_fifo_gen/gconvfifo.rf/grf.rf/gntv_or_sync_fifo.gl0.wr/wpntr/gic0.gc0.count_d2_reg[2]/C
                         clock pessimism             -0.252     1.728    
    SLICE_X22Y64         FDCE (Remov_fdce_C_CLR)     -0.092     1.636    u_async_fifo_2048x8b/U0/inst_fifo_gen/gconvfifo.rf/grf.rf/gntv_or_sync_fifo.gl0.wr/wpntr/gic0.gc0.count_d2_reg[2]
  -------------------------------------------------------------------
                         required time                         -1.636    
                         arrival time                           1.960    
  -------------------------------------------------------------------
                         slack                                  0.324    

Slack (MET) :             0.333ns  (arrival time - required time)
  Source:                 u_async_fifo_2048x8b/U0/inst_fifo_gen/gconvfifo.rf/grf.rf/rstblk/ngwrdrst.grst.g7serrst.gnsckt_wrst.gic_rst.sckt_wr_rst_ic_reg/C
                            (rising edge-triggered cell FDPE clocked by eth_rxc  {rise@0.000ns fall@4.000ns period=8.000ns})
  Destination:            u_async_fifo_2048x8b/U0/inst_fifo_gen/gconvfifo.rf/grf.rf/gntv_or_sync_fifo.gl0.wr/wpntr/gic0.gc0.count_d1_reg[9]/CLR
                            (removal check against rising-edge clock eth_rxc  {rise@0.000ns fall@4.000ns period=8.000ns})
  Path Group:             **async_default**
  Path Type:              Removal (Min at Fast Process Corner)
  Requirement:            0.000ns  (eth_rxc rise@0.000ns - eth_rxc rise@0.000ns)
  Data Path Delay:        0.298ns  (logic 0.141ns (47.384%)  route 0.157ns (52.616%))
  Logic Levels:           0  
  Clock Path Skew:        0.032ns (DCD - SCD - CPR)
    Destination Clock Delay (DCD):    1.980ns
    Source Clock Delay      (SCD):    1.467ns
    Clock Pessimism Removal (CPR):    0.481ns

    Location             Delay type                Incr(ns)  Path(ns)    Netlist Resource(s)
  -------------------------------------------------------------------    -------------------
                         (clock eth_rxc rise edge)    0.000     0.000 r  
    K17                                               0.000     0.000 r  eth_rxc (IN)
                         net (fo=0)                   0.000     0.000    eth_rxc
    K17                  IBUF (Prop_ibuf_I_O)         0.259     0.259 r  eth_rxc_IBUF_inst/O
                         net (fo=2, routed)           0.627     0.887    u_gmii_to_rgmii/u_rgmii_rx/rgmii_rxc
    BUFGCTRL_X0Y16       BUFG (Prop_bufg_I_O)         0.026     0.913 r  u_gmii_to_rgmii/u_rgmii_rx/BUFG_inst/O
                         net (fo=1717, routed)        0.555     1.467    u_async_fifo_2048x8b/U0/inst_fifo_gen/gconvfifo.rf/grf.rf/rstblk/wr_clk
    SLICE_X19Y65         FDPE                                         r  u_async_fifo_2048x8b/U0/inst_fifo_gen/gconvfifo.rf/grf.rf/rstblk/ngwrdrst.grst.g7serrst.gnsckt_wrst.gic_rst.sckt_wr_rst_ic_reg/C
  -------------------------------------------------------------------    -------------------
    SLICE_X19Y65         FDPE (Prop_fdpe_C_Q)         0.141     1.608 f  u_async_fifo_2048x8b/U0/inst_fifo_gen/gconvfifo.rf/grf.rf/rstblk/ngwrdrst.grst.g7serrst.gnsckt_wrst.gic_rst.sckt_wr_rst_ic_reg/Q
                         net (fo=36, routed)          0.157     1.765    u_async_fifo_2048x8b/U0/inst_fifo_gen/gconvfifo.rf/grf.rf/gntv_or_sync_fifo.gl0.wr/wpntr/AR[0]
    SLICE_X20Y65         FDCE                                         f  u_async_fifo_2048x8b/U0/inst_fifo_gen/gconvfifo.rf/grf.rf/gntv_or_sync_fifo.gl0.wr/wpntr/gic0.gc0.count_d1_reg[9]/CLR
  -------------------------------------------------------------------    -------------------

                         (clock eth_rxc rise edge)    0.000     0.000 r  
    K17                                               0.000     0.000 r  eth_rxc (IN)
                         net (fo=0)                   0.000     0.000    eth_rxc
    K17                  IBUF (Prop_ibuf_I_O)         0.447     0.447 r  eth_rxc_IBUF_inst/O
                         net (fo=2, routed)           0.683     1.130    u_gmii_to_rgmii/u_rgmii_rx/rgmii_rxc
    BUFGCTRL_X0Y16       BUFG (Prop_bufg_I_O)         0.029     1.159 r  u_gmii_to_rgmii/u_rgmii_rx/BUFG_inst/O
                         net (fo=1717, routed)        0.821     1.980    u_async_fifo_2048x8b/U0/inst_fifo_gen/gconvfifo.rf/grf.rf/gntv_or_sync_fifo.gl0.wr/wpntr/wr_clk
    SLICE_X20Y65         FDCE                                         r  u_async_fifo_2048x8b/U0/inst_fifo_gen/gconvfifo.rf/grf.rf/gntv_or_sync_fifo.gl0.wr/wpntr/gic0.gc0.count_d1_reg[9]/C
                         clock pessimism             -0.481     1.499    
    SLICE_X20Y65         FDCE (Remov_fdce_C_CLR)     -0.067     1.432    u_async_fifo_2048x8b/U0/inst_fifo_gen/gconvfifo.rf/grf.rf/gntv_or_sync_fifo.gl0.wr/wpntr/gic0.gc0.count_d1_reg[9]
  -------------------------------------------------------------------
                         required time                         -1.432    
                         arrival time                           1.765    
  -------------------------------------------------------------------
                         slack                                  0.333    

Slack (MET) :             0.333ns  (arrival time - required time)
  Source:                 u_async_fifo_2048x8b/U0/inst_fifo_gen/gconvfifo.rf/grf.rf/rstblk/ngwrdrst.grst.g7serrst.gnsckt_wrst.gic_rst.sckt_wr_rst_ic_reg/C
                            (rising edge-triggered cell FDPE clocked by eth_rxc  {rise@0.000ns fall@4.000ns period=8.000ns})
  Destination:            u_async_fifo_2048x8b/U0/inst_fifo_gen/gconvfifo.rf/grf.rf/gntv_or_sync_fifo.gl0.wr/wpntr/gic0.gc0.count_d2_reg[3]/CLR
                            (removal check against rising-edge clock eth_rxc  {rise@0.000ns fall@4.000ns period=8.000ns})
  Path Group:             **async_default**
  Path Type:              Removal (Min at Fast Process Corner)
  Requirement:            0.000ns  (eth_rxc rise@0.000ns - eth_rxc rise@0.000ns)
  Data Path Delay:        0.298ns  (logic 0.141ns (47.384%)  route 0.157ns (52.616%))
  Logic Levels:           0  
  Clock Path Skew:        0.032ns (DCD - SCD - CPR)
    Destination Clock Delay (DCD):    1.980ns
    Source Clock Delay      (SCD):    1.467ns
    Clock Pessimism Removal (CPR):    0.481ns

    Location             Delay type                Incr(ns)  Path(ns)    Netlist Resource(s)
  -------------------------------------------------------------------    -------------------
                         (clock eth_rxc rise edge)    0.000     0.000 r  
    K17                                               0.000     0.000 r  eth_rxc (IN)
                         net (fo=0)                   0.000     0.000    eth_rxc
    K17                  IBUF (Prop_ibuf_I_O)         0.259     0.259 r  eth_rxc_IBUF_inst/O
                         net (fo=2, routed)           0.627     0.887    u_gmii_to_rgmii/u_rgmii_rx/rgmii_rxc
    BUFGCTRL_X0Y16       BUFG (Prop_bufg_I_O)         0.026     0.913 r  u_gmii_to_rgmii/u_rgmii_rx/BUFG_inst/O
                         net (fo=1717, routed)        0.555     1.467    u_async_fifo_2048x8b/U0/inst_fifo_gen/gconvfifo.rf/grf.rf/rstblk/wr_clk
    SLICE_X19Y65         FDPE                                         r  u_async_fifo_2048x8b/U0/inst_fifo_gen/gconvfifo.rf/grf.rf/rstblk/ngwrdrst.grst.g7serrst.gnsckt_wrst.gic_rst.sckt_wr_rst_ic_reg/C
  -------------------------------------------------------------------    -------------------
    SLICE_X19Y65         FDPE (Prop_fdpe_C_Q)         0.141     1.608 f  u_async_fifo_2048x8b/U0/inst_fifo_gen/gconvfifo.rf/grf.rf/rstblk/ngwrdrst.grst.g7serrst.gnsckt_wrst.gic_rst.sckt_wr_rst_ic_reg/Q
                         net (fo=36, routed)          0.157     1.765    u_async_fifo_2048x8b/U0/inst_fifo_gen/gconvfifo.rf/grf.rf/gntv_or_sync_fifo.gl0.wr/wpntr/AR[0]
    SLICE_X20Y65         FDCE                                         f  u_async_fifo_2048x8b/U0/inst_fifo_gen/gconvfifo.rf/grf.rf/gntv_or_sync_fifo.gl0.wr/wpntr/gic0.gc0.count_d2_reg[3]/CLR
  -------------------------------------------------------------------    -------------------

                         (clock eth_rxc rise edge)    0.000     0.000 r  
    K17                                               0.000     0.000 r  eth_rxc (IN)
                         net (fo=0)                   0.000     0.000    eth_rxc
    K17                  IBUF (Prop_ibuf_I_O)         0.447     0.447 r  eth_rxc_IBUF_inst/O
                         net (fo=2, routed)           0.683     1.130    u_gmii_to_rgmii/u_rgmii_rx/rgmii_rxc
    BUFGCTRL_X0Y16       BUFG (Prop_bufg_I_O)         0.029     1.159 r  u_gmii_to_rgmii/u_rgmii_rx/BUFG_inst/O
                         net (fo=1717, routed)        0.821     1.980    u_async_fifo_2048x8b/U0/inst_fifo_gen/gconvfifo.rf/grf.rf/gntv_or_sync_fifo.gl0.wr/wpntr/wr_clk
    SLICE_X20Y65         FDCE                                         r  u_async_fifo_2048x8b/U0/inst_fifo_gen/gconvfifo.rf/grf.rf/gntv_or_sync_fifo.gl0.wr/wpntr/gic0.gc0.count_d2_reg[3]/C
                         clock pessimism             -0.481     1.499    
    SLICE_X20Y65         FDCE (Remov_fdce_C_CLR)     -0.067     1.432    u_async_fifo_2048x8b/U0/inst_fifo_gen/gconvfifo.rf/grf.rf/gntv_or_sync_fifo.gl0.wr/wpntr/gic0.gc0.count_d2_reg[3]
  -------------------------------------------------------------------
                         required time                         -1.432    
                         arrival time                           1.765    
  -------------------------------------------------------------------
                         slack                                  0.333    

Slack (MET) :             0.333ns  (arrival time - required time)
  Source:                 u_async_fifo_2048x8b/U0/inst_fifo_gen/gconvfifo.rf/grf.rf/rstblk/ngwrdrst.grst.g7serrst.gnsckt_wrst.gic_rst.sckt_wr_rst_ic_reg/C
                            (rising edge-triggered cell FDPE clocked by eth_rxc  {rise@0.000ns fall@4.000ns period=8.000ns})
  Destination:            u_async_fifo_2048x8b/U0/inst_fifo_gen/gconvfifo.rf/grf.rf/gntv_or_sync_fifo.gl0.wr/wpntr/gic0.gc0.count_reg[10]/CLR
                            (removal check against rising-edge clock eth_rxc  {rise@0.000ns fall@4.000ns period=8.000ns})
  Path Group:             **async_default**
  Path Type:              Removal (Min at Fast Process Corner)
  Requirement:            0.000ns  (eth_rxc rise@0.000ns - eth_rxc rise@0.000ns)
  Data Path Delay:        0.298ns  (logic 0.141ns (47.384%)  route 0.157ns (52.616%))
  Logic Levels:           0  
  Clock Path Skew:        0.032ns (DCD - SCD - CPR)
    Destination Clock Delay (DCD):    1.980ns
    Source Clock Delay      (SCD):    1.467ns
    Clock Pessimism Removal (CPR):    0.481ns

    Location             Delay type                Incr(ns)  Path(ns)    Netlist Resource(s)
  -------------------------------------------------------------------    -------------------
                         (clock eth_rxc rise edge)    0.000     0.000 r  
    K17                                               0.000     0.000 r  eth_rxc (IN)
                         net (fo=0)                   0.000     0.000    eth_rxc
    K17                  IBUF (Prop_ibuf_I_O)         0.259     0.259 r  eth_rxc_IBUF_inst/O
                         net (fo=2, routed)           0.627     0.887    u_gmii_to_rgmii/u_rgmii_rx/rgmii_rxc
    BUFGCTRL_X0Y16       BUFG (Prop_bufg_I_O)         0.026     0.913 r  u_gmii_to_rgmii/u_rgmii_rx/BUFG_inst/O
                         net (fo=1717, routed)        0.555     1.467    u_async_fifo_2048x8b/U0/inst_fifo_gen/gconvfifo.rf/grf.rf/rstblk/wr_clk
    SLICE_X19Y65         FDPE                                         r  u_async_fifo_2048x8b/U0/inst_fifo_gen/gconvfifo.rf/grf.rf/rstblk/ngwrdrst.grst.g7serrst.gnsckt_wrst.gic_rst.sckt_wr_rst_ic_reg/C
  -------------------------------------------------------------------    -------------------
    SLICE_X19Y65         FDPE (Prop_fdpe_C_Q)         0.141     1.608 f  u_async_fifo_2048x8b/U0/inst_fifo_gen/gconvfifo.rf/grf.rf/rstblk/ngwrdrst.grst.g7serrst.gnsckt_wrst.gic_rst.sckt_wr_rst_ic_reg/Q
                         net (fo=36, routed)          0.157     1.765    u_async_fifo_2048x8b/U0/inst_fifo_gen/gconvfifo.rf/grf.rf/gntv_or_sync_fifo.gl0.wr/wpntr/AR[0]
    SLICE_X20Y65         FDCE                                         f  u_async_fifo_2048x8b/U0/inst_fifo_gen/gconvfifo.rf/grf.rf/gntv_or_sync_fifo.gl0.wr/wpntr/gic0.gc0.count_reg[10]/CLR
  -------------------------------------------------------------------    -------------------

                         (clock eth_rxc rise edge)    0.000     0.000 r  
    K17                                               0.000     0.000 r  eth_rxc (IN)
                         net (fo=0)                   0.000     0.000    eth_rxc
    K17                  IBUF (Prop_ibuf_I_O)         0.447     0.447 r  eth_rxc_IBUF_inst/O
                         net (fo=2, routed)           0.683     1.130    u_gmii_to_rgmii/u_rgmii_rx/rgmii_rxc
    BUFGCTRL_X0Y16       BUFG (Prop_bufg_I_O)         0.029     1.159 r  u_gmii_to_rgmii/u_rgmii_rx/BUFG_inst/O
                         net (fo=1717, routed)        0.821     1.980    u_async_fifo_2048x8b/U0/inst_fifo_gen/gconvfifo.rf/grf.rf/gntv_or_sync_fifo.gl0.wr/wpntr/wr_clk
    SLICE_X20Y65         FDCE                                         r  u_async_fifo_2048x8b/U0/inst_fifo_gen/gconvfifo.rf/grf.rf/gntv_or_sync_fifo.gl0.wr/wpntr/gic0.gc0.count_reg[10]/C
                         clock pessimism             -0.481     1.499    
    SLICE_X20Y65         FDCE (Remov_fdce_C_CLR)     -0.067     1.432    u_async_fifo_2048x8b/U0/inst_fifo_gen/gconvfifo.rf/grf.rf/gntv_or_sync_fifo.gl0.wr/wpntr/gic0.gc0.count_reg[10]
  -------------------------------------------------------------------
                         required time                         -1.432    
                         arrival time                           1.765    
  -------------------------------------------------------------------
                         slack                                  0.333    

Slack (MET) :             0.333ns  (arrival time - required time)
  Source:                 u_async_fifo_2048x8b/U0/inst_fifo_gen/gconvfifo.rf/grf.rf/rstblk/ngwrdrst.grst.g7serrst.gnsckt_wrst.gic_rst.sckt_wr_rst_ic_reg/C
                            (rising edge-triggered cell FDPE clocked by eth_rxc  {rise@0.000ns fall@4.000ns period=8.000ns})
  Destination:            u_async_fifo_2048x8b/U0/inst_fifo_gen/gconvfifo.rf/grf.rf/gntv_or_sync_fifo.gl0.wr/wpntr/gic0.gc0.count_reg[6]/CLR
                            (removal check against rising-edge clock eth_rxc  {rise@0.000ns fall@4.000ns period=8.000ns})
  Path Group:             **async_default**
  Path Type:              Removal (Min at Fast Process Corner)
  Requirement:            0.000ns  (eth_rxc rise@0.000ns - eth_rxc rise@0.000ns)
  Data Path Delay:        0.298ns  (logic 0.141ns (47.384%)  route 0.157ns (52.616%))
  Logic Levels:           0  
  Clock Path Skew:        0.032ns (DCD - SCD - CPR)
    Destination Clock Delay (DCD):    1.980ns
    Source Clock Delay      (SCD):    1.467ns
    Clock Pessimism Removal (CPR):    0.481ns

    Location             Delay type                Incr(ns)  Path(ns)    Netlist Resource(s)
  -------------------------------------------------------------------    -------------------
                         (clock eth_rxc rise edge)    0.000     0.000 r  
    K17                                               0.000     0.000 r  eth_rxc (IN)
                         net (fo=0)                   0.000     0.000    eth_rxc
    K17                  IBUF (Prop_ibuf_I_O)         0.259     0.259 r  eth_rxc_IBUF_inst/O
                         net (fo=2, routed)           0.627     0.887    u_gmii_to_rgmii/u_rgmii_rx/rgmii_rxc
    BUFGCTRL_X0Y16       BUFG (Prop_bufg_I_O)         0.026     0.913 r  u_gmii_to_rgmii/u_rgmii_rx/BUFG_inst/O
                         net (fo=1717, routed)        0.555     1.467    u_async_fifo_2048x8b/U0/inst_fifo_gen/gconvfifo.rf/grf.rf/rstblk/wr_clk
    SLICE_X19Y65         FDPE                                         r  u_async_fifo_2048x8b/U0/inst_fifo_gen/gconvfifo.rf/grf.rf/rstblk/ngwrdrst.grst.g7serrst.gnsckt_wrst.gic_rst.sckt_wr_rst_ic_reg/C
  -------------------------------------------------------------------    -------------------
    SLICE_X19Y65         FDPE (Prop_fdpe_C_Q)         0.141     1.608 f  u_async_fifo_2048x8b/U0/inst_fifo_gen/gconvfifo.rf/grf.rf/rstblk/ngwrdrst.grst.g7serrst.gnsckt_wrst.gic_rst.sckt_wr_rst_ic_reg/Q
                         net (fo=36, routed)          0.157     1.765    u_async_fifo_2048x8b/U0/inst_fifo_gen/gconvfifo.rf/grf.rf/gntv_or_sync_fifo.gl0.wr/wpntr/AR[0]
    SLICE_X20Y65         FDCE                                         f  u_async_fifo_2048x8b/U0/inst_fifo_gen/gconvfifo.rf/grf.rf/gntv_or_sync_fifo.gl0.wr/wpntr/gic0.gc0.count_reg[6]/CLR
  -------------------------------------------------------------------    -------------------

                         (clock eth_rxc rise edge)    0.000     0.000 r  
    K17                                               0.000     0.000 r  eth_rxc (IN)
                         net (fo=0)                   0.000     0.000    eth_rxc
    K17                  IBUF (Prop_ibuf_I_O)         0.447     0.447 r  eth_rxc_IBUF_inst/O
                         net (fo=2, routed)           0.683     1.130    u_gmii_to_rgmii/u_rgmii_rx/rgmii_rxc
    BUFGCTRL_X0Y16       BUFG (Prop_bufg_I_O)         0.029     1.159 r  u_gmii_to_rgmii/u_rgmii_rx/BUFG_inst/O
                         net (fo=1717, routed)        0.821     1.980    u_async_fifo_2048x8b/U0/inst_fifo_gen/gconvfifo.rf/grf.rf/gntv_or_sync_fifo.gl0.wr/wpntr/wr_clk
    SLICE_X20Y65         FDCE                                         r  u_async_fifo_2048x8b/U0/inst_fifo_gen/gconvfifo.rf/grf.rf/gntv_or_sync_fifo.gl0.wr/wpntr/gic0.gc0.count_reg[6]/C
                         clock pessimism             -0.481     1.499    
    SLICE_X20Y65         FDCE (Remov_fdce_C_CLR)     -0.067     1.432    u_async_fifo_2048x8b/U0/inst_fifo_gen/gconvfifo.rf/grf.rf/gntv_or_sync_fifo.gl0.wr/wpntr/gic0.gc0.count_reg[6]
  -------------------------------------------------------------------
                         required time                         -1.432    
                         arrival time                           1.765    
  -------------------------------------------------------------------
                         slack                                  0.333    

Slack (MET) :             0.333ns  (arrival time - required time)
  Source:                 u_async_fifo_2048x8b/U0/inst_fifo_gen/gconvfifo.rf/grf.rf/rstblk/ngwrdrst.grst.g7serrst.gnsckt_wrst.gic_rst.sckt_wr_rst_ic_reg/C
                            (rising edge-triggered cell FDPE clocked by eth_rxc  {rise@0.000ns fall@4.000ns period=8.000ns})
  Destination:            u_async_fifo_2048x8b/U0/inst_fifo_gen/gconvfifo.rf/grf.rf/gntv_or_sync_fifo.gl0.wr/wpntr/gic0.gc0.count_reg[7]/CLR
                            (removal check against rising-edge clock eth_rxc  {rise@0.000ns fall@4.000ns period=8.000ns})
  Path Group:             **async_default**
  Path Type:              Removal (Min at Fast Process Corner)
  Requirement:            0.000ns  (eth_rxc rise@0.000ns - eth_rxc rise@0.000ns)
  Data Path Delay:        0.298ns  (logic 0.141ns (47.384%)  route 0.157ns (52.616%))
  Logic Levels:           0  
  Clock Path Skew:        0.032ns (DCD - SCD - CPR)
    Destination Clock Delay (DCD):    1.980ns
    Source Clock Delay      (SCD):    1.467ns
    Clock Pessimism Removal (CPR):    0.481ns

    Location             Delay type                Incr(ns)  Path(ns)    Netlist Resource(s)
  -------------------------------------------------------------------    -------------------
                         (clock eth_rxc rise edge)    0.000     0.000 r  
    K17                                               0.000     0.000 r  eth_rxc (IN)
                         net (fo=0)                   0.000     0.000    eth_rxc
    K17                  IBUF (Prop_ibuf_I_O)         0.259     0.259 r  eth_rxc_IBUF_inst/O
                         net (fo=2, routed)           0.627     0.887    u_gmii_to_rgmii/u_rgmii_rx/rgmii_rxc
    BUFGCTRL_X0Y16       BUFG (Prop_bufg_I_O)         0.026     0.913 r  u_gmii_to_rgmii/u_rgmii_rx/BUFG_inst/O
                         net (fo=1717, routed)        0.555     1.467    u_async_fifo_2048x8b/U0/inst_fifo_gen/gconvfifo.rf/grf.rf/rstblk/wr_clk
    SLICE_X19Y65         FDPE                                         r  u_async_fifo_2048x8b/U0/inst_fifo_gen/gconvfifo.rf/grf.rf/rstblk/ngwrdrst.grst.g7serrst.gnsckt_wrst.gic_rst.sckt_wr_rst_ic_reg/C
  -------------------------------------------------------------------    -------------------
    SLICE_X19Y65         FDPE (Prop_fdpe_C_Q)         0.141     1.608 f  u_async_fifo_2048x8b/U0/inst_fifo_gen/gconvfifo.rf/grf.rf/rstblk/ngwrdrst.grst.g7serrst.gnsckt_wrst.gic_rst.sckt_wr_rst_ic_reg/Q
                         net (fo=36, routed)          0.157     1.765    u_async_fifo_2048x8b/U0/inst_fifo_gen/gconvfifo.rf/grf.rf/gntv_or_sync_fifo.gl0.wr/wpntr/AR[0]
    SLICE_X20Y65         FDCE                                         f  u_async_fifo_2048x8b/U0/inst_fifo_gen/gconvfifo.rf/grf.rf/gntv_or_sync_fifo.gl0.wr/wpntr/gic0.gc0.count_reg[7]/CLR
  -------------------------------------------------------------------    -------------------

                         (clock eth_rxc rise edge)    0.000     0.000 r  
    K17                                               0.000     0.000 r  eth_rxc (IN)
                         net (fo=0)                   0.000     0.000    eth_rxc
    K17                  IBUF (Prop_ibuf_I_O)         0.447     0.447 r  eth_rxc_IBUF_inst/O
                         net (fo=2, routed)           0.683     1.130    u_gmii_to_rgmii/u_rgmii_rx/rgmii_rxc
    BUFGCTRL_X0Y16       BUFG (Prop_bufg_I_O)         0.029     1.159 r  u_gmii_to_rgmii/u_rgmii_rx/BUFG_inst/O
                         net (fo=1717, routed)        0.821     1.980    u_async_fifo_2048x8b/U0/inst_fifo_gen/gconvfifo.rf/grf.rf/gntv_or_sync_fifo.gl0.wr/wpntr/wr_clk
    SLICE_X20Y65         FDCE                                         r  u_async_fifo_2048x8b/U0/inst_fifo_gen/gconvfifo.rf/grf.rf/gntv_or_sync_fifo.gl0.wr/wpntr/gic0.gc0.count_reg[7]/C
                         clock pessimism             -0.481     1.499    
    SLICE_X20Y65         FDCE (Remov_fdce_C_CLR)     -0.067     1.432    u_async_fifo_2048x8b/U0/inst_fifo_gen/gconvfifo.rf/grf.rf/gntv_or_sync_fifo.gl0.wr/wpntr/gic0.gc0.count_reg[7]
  -------------------------------------------------------------------
                         required time                         -1.432    
                         arrival time                           1.765    
  -------------------------------------------------------------------
                         slack                                  0.333    

Slack (MET) :             0.333ns  (arrival time - required time)
  Source:                 u_async_fifo_2048x8b/U0/inst_fifo_gen/gconvfifo.rf/grf.rf/rstblk/ngwrdrst.grst.g7serrst.gnsckt_wrst.gic_rst.sckt_wr_rst_ic_reg/C
                            (rising edge-triggered cell FDPE clocked by eth_rxc  {rise@0.000ns fall@4.000ns period=8.000ns})
  Destination:            u_async_fifo_2048x8b/U0/inst_fifo_gen/gconvfifo.rf/grf.rf/gntv_or_sync_fifo.gl0.wr/wpntr/gic0.gc0.count_reg[8]/CLR
                            (removal check against rising-edge clock eth_rxc  {rise@0.000ns fall@4.000ns period=8.000ns})
  Path Group:             **async_default**
  Path Type:              Removal (Min at Fast Process Corner)
  Requirement:            0.000ns  (eth_rxc rise@0.000ns - eth_rxc rise@0.000ns)
  Data Path Delay:        0.298ns  (logic 0.141ns (47.384%)  route 0.157ns (52.616%))
  Logic Levels:           0  
  Clock Path Skew:        0.032ns (DCD - SCD - CPR)
    Destination Clock Delay (DCD):    1.980ns
    Source Clock Delay      (SCD):    1.467ns
    Clock Pessimism Removal (CPR):    0.481ns

    Location             Delay type                Incr(ns)  Path(ns)    Netlist Resource(s)
  -------------------------------------------------------------------    -------------------
                         (clock eth_rxc rise edge)    0.000     0.000 r  
    K17                                               0.000     0.000 r  eth_rxc (IN)
                         net (fo=0)                   0.000     0.000    eth_rxc
    K17                  IBUF (Prop_ibuf_I_O)         0.259     0.259 r  eth_rxc_IBUF_inst/O
                         net (fo=2, routed)           0.627     0.887    u_gmii_to_rgmii/u_rgmii_rx/rgmii_rxc
    BUFGCTRL_X0Y16       BUFG (Prop_bufg_I_O)         0.026     0.913 r  u_gmii_to_rgmii/u_rgmii_rx/BUFG_inst/O
                         net (fo=1717, routed)        0.555     1.467    u_async_fifo_2048x8b/U0/inst_fifo_gen/gconvfifo.rf/grf.rf/rstblk/wr_clk
    SLICE_X19Y65         FDPE                                         r  u_async_fifo_2048x8b/U0/inst_fifo_gen/gconvfifo.rf/grf.rf/rstblk/ngwrdrst.grst.g7serrst.gnsckt_wrst.gic_rst.sckt_wr_rst_ic_reg/C
  -------------------------------------------------------------------    -------------------
    SLICE_X19Y65         FDPE (Prop_fdpe_C_Q)         0.141     1.608 f  u_async_fifo_2048x8b/U0/inst_fifo_gen/gconvfifo.rf/grf.rf/rstblk/ngwrdrst.grst.g7serrst.gnsckt_wrst.gic_rst.sckt_wr_rst_ic_reg/Q
                         net (fo=36, routed)          0.157     1.765    u_async_fifo_2048x8b/U0/inst_fifo_gen/gconvfifo.rf/grf.rf/gntv_or_sync_fifo.gl0.wr/wpntr/AR[0]
    SLICE_X20Y65         FDCE                                         f  u_async_fifo_2048x8b/U0/inst_fifo_gen/gconvfifo.rf/grf.rf/gntv_or_sync_fifo.gl0.wr/wpntr/gic0.gc0.count_reg[8]/CLR
  -------------------------------------------------------------------    -------------------

                         (clock eth_rxc rise edge)    0.000     0.000 r  
    K17                                               0.000     0.000 r  eth_rxc (IN)
                         net (fo=0)                   0.000     0.000    eth_rxc
    K17                  IBUF (Prop_ibuf_I_O)         0.447     0.447 r  eth_rxc_IBUF_inst/O
                         net (fo=2, routed)           0.683     1.130    u_gmii_to_rgmii/u_rgmii_rx/rgmii_rxc
    BUFGCTRL_X0Y16       BUFG (Prop_bufg_I_O)         0.029     1.159 r  u_gmii_to_rgmii/u_rgmii_rx/BUFG_inst/O
                         net (fo=1717, routed)        0.821     1.980    u_async_fifo_2048x8b/U0/inst_fifo_gen/gconvfifo.rf/grf.rf/gntv_or_sync_fifo.gl0.wr/wpntr/wr_clk
    SLICE_X20Y65         FDCE                                         r  u_async_fifo_2048x8b/U0/inst_fifo_gen/gconvfifo.rf/grf.rf/gntv_or_sync_fifo.gl0.wr/wpntr/gic0.gc0.count_reg[8]/C
                         clock pessimism             -0.481     1.499    
    SLICE_X20Y65         FDCE (Remov_fdce_C_CLR)     -0.067     1.432    u_async_fifo_2048x8b/U0/inst_fifo_gen/gconvfifo.rf/grf.rf/gntv_or_sync_fifo.gl0.wr/wpntr/gic0.gc0.count_reg[8]
  -------------------------------------------------------------------
                         required time                         -1.432    
                         arrival time                           1.765    
  -------------------------------------------------------------------
                         slack                                  0.333    

Slack (MET) :             0.333ns  (arrival time - required time)
  Source:                 u_async_fifo_2048x8b/U0/inst_fifo_gen/gconvfifo.rf/grf.rf/rstblk/ngwrdrst.grst.g7serrst.gnsckt_wrst.gic_rst.sckt_wr_rst_ic_reg/C
                            (rising edge-triggered cell FDPE clocked by eth_rxc  {rise@0.000ns fall@4.000ns period=8.000ns})
  Destination:            u_async_fifo_2048x8b/U0/inst_fifo_gen/gconvfifo.rf/grf.rf/gntv_or_sync_fifo.gl0.wr/wpntr/gic0.gc0.count_reg[9]/CLR
                            (removal check against rising-edge clock eth_rxc  {rise@0.000ns fall@4.000ns period=8.000ns})
  Path Group:             **async_default**
  Path Type:              Removal (Min at Fast Process Corner)
  Requirement:            0.000ns  (eth_rxc rise@0.000ns - eth_rxc rise@0.000ns)
  Data Path Delay:        0.298ns  (logic 0.141ns (47.384%)  route 0.157ns (52.616%))
  Logic Levels:           0  
  Clock Path Skew:        0.032ns (DCD - SCD - CPR)
    Destination Clock Delay (DCD):    1.980ns
    Source Clock Delay      (SCD):    1.467ns
    Clock Pessimism Removal (CPR):    0.481ns

    Location             Delay type                Incr(ns)  Path(ns)    Netlist Resource(s)
  -------------------------------------------------------------------    -------------------
                         (clock eth_rxc rise edge)    0.000     0.000 r  
    K17                                               0.000     0.000 r  eth_rxc (IN)
                         net (fo=0)                   0.000     0.000    eth_rxc
    K17                  IBUF (Prop_ibuf_I_O)         0.259     0.259 r  eth_rxc_IBUF_inst/O
                         net (fo=2, routed)           0.627     0.887    u_gmii_to_rgmii/u_rgmii_rx/rgmii_rxc
    BUFGCTRL_X0Y16       BUFG (Prop_bufg_I_O)         0.026     0.913 r  u_gmii_to_rgmii/u_rgmii_rx/BUFG_inst/O
                         net (fo=1717, routed)        0.555     1.467    u_async_fifo_2048x8b/U0/inst_fifo_gen/gconvfifo.rf/grf.rf/rstblk/wr_clk
    SLICE_X19Y65         FDPE                                         r  u_async_fifo_2048x8b/U0/inst_fifo_gen/gconvfifo.rf/grf.rf/rstblk/ngwrdrst.grst.g7serrst.gnsckt_wrst.gic_rst.sckt_wr_rst_ic_reg/C
  -------------------------------------------------------------------    -------------------
    SLICE_X19Y65         FDPE (Prop_fdpe_C_Q)         0.141     1.608 f  u_async_fifo_2048x8b/U0/inst_fifo_gen/gconvfifo.rf/grf.rf/rstblk/ngwrdrst.grst.g7serrst.gnsckt_wrst.gic_rst.sckt_wr_rst_ic_reg/Q
                         net (fo=36, routed)          0.157     1.765    u_async_fifo_2048x8b/U0/inst_fifo_gen/gconvfifo.rf/grf.rf/gntv_or_sync_fifo.gl0.wr/wpntr/AR[0]
    SLICE_X20Y65         FDCE                                         f  u_async_fifo_2048x8b/U0/inst_fifo_gen/gconvfifo.rf/grf.rf/gntv_or_sync_fifo.gl0.wr/wpntr/gic0.gc0.count_reg[9]/CLR
  -------------------------------------------------------------------    -------------------

                         (clock eth_rxc rise edge)    0.000     0.000 r  
    K17                                               0.000     0.000 r  eth_rxc (IN)
                         net (fo=0)                   0.000     0.000    eth_rxc
    K17                  IBUF (Prop_ibuf_I_O)         0.447     0.447 r  eth_rxc_IBUF_inst/O
                         net (fo=2, routed)           0.683     1.130    u_gmii_to_rgmii/u_rgmii_rx/rgmii_rxc
    BUFGCTRL_X0Y16       BUFG (Prop_bufg_I_O)         0.029     1.159 r  u_gmii_to_rgmii/u_rgmii_rx/BUFG_inst/O
                         net (fo=1717, routed)        0.821     1.980    u_async_fifo_2048x8b/U0/inst_fifo_gen/gconvfifo.rf/grf.rf/gntv_or_sync_fifo.gl0.wr/wpntr/wr_clk
    SLICE_X20Y65         FDCE                                         r  u_async_fifo_2048x8b/U0/inst_fifo_gen/gconvfifo.rf/grf.rf/gntv_or_sync_fifo.gl0.wr/wpntr/gic0.gc0.count_reg[9]/C
                         clock pessimism             -0.481     1.499    
    SLICE_X20Y65         FDCE (Remov_fdce_C_CLR)     -0.067     1.432    u_async_fifo_2048x8b/U0/inst_fifo_gen/gconvfifo.rf/grf.rf/gntv_or_sync_fifo.gl0.wr/wpntr/gic0.gc0.count_reg[9]
  -------------------------------------------------------------------
                         required time                         -1.432    
                         arrival time                           1.765    
  -------------------------------------------------------------------
                         slack                                  0.333    

Slack (MET) :             0.414ns  (arrival time - required time)
  Source:                 u_async_fifo_2048x8b/U0/inst_fifo_gen/gconvfifo.rf/grf.rf/rstblk/ngwrdrst.grst.g7serrst.gnsckt_wrst.gic_rst.sckt_wr_rst_ic_reg/C
                            (rising edge-triggered cell FDPE clocked by eth_rxc  {rise@0.000ns fall@4.000ns period=8.000ns})
  Destination:            u_async_fifo_2048x8b/U0/inst_fifo_gen/gconvfifo.rf/grf.rf/gntv_or_sync_fifo.gl0.wr/wpntr/gic0.gc0.count_d1_reg[10]/CLR
                            (removal check against rising-edge clock eth_rxc  {rise@0.000ns fall@4.000ns period=8.000ns})
  Path Group:             **async_default**
  Path Type:              Removal (Min at Fast Process Corner)
  Requirement:            0.000ns  (eth_rxc rise@0.000ns - eth_rxc rise@0.000ns)
  Data Path Delay:        0.380ns  (logic 0.141ns (37.059%)  route 0.239ns (62.941%))
  Logic Levels:           0  
  Clock Path Skew:        0.033ns (DCD - SCD - CPR)
    Destination Clock Delay (DCD):    1.981ns
    Source Clock Delay      (SCD):    1.467ns
    Clock Pessimism Removal (CPR):    0.481ns

    Location             Delay type                Incr(ns)  Path(ns)    Netlist Resource(s)
  -------------------------------------------------------------------    -------------------
                         (clock eth_rxc rise edge)    0.000     0.000 r  
    K17                                               0.000     0.000 r  eth_rxc (IN)
                         net (fo=0)                   0.000     0.000    eth_rxc
    K17                  IBUF (Prop_ibuf_I_O)         0.259     0.259 r  eth_rxc_IBUF_inst/O
                         net (fo=2, routed)           0.627     0.887    u_gmii_to_rgmii/u_rgmii_rx/rgmii_rxc
    BUFGCTRL_X0Y16       BUFG (Prop_bufg_I_O)         0.026     0.913 r  u_gmii_to_rgmii/u_rgmii_rx/BUFG_inst/O
                         net (fo=1717, routed)        0.555     1.467    u_async_fifo_2048x8b/U0/inst_fifo_gen/gconvfifo.rf/grf.rf/rstblk/wr_clk
    SLICE_X19Y65         FDPE                                         r  u_async_fifo_2048x8b/U0/inst_fifo_gen/gconvfifo.rf/grf.rf/rstblk/ngwrdrst.grst.g7serrst.gnsckt_wrst.gic_rst.sckt_wr_rst_ic_reg/C
  -------------------------------------------------------------------    -------------------
    SLICE_X19Y65         FDPE (Prop_fdpe_C_Q)         0.141     1.608 f  u_async_fifo_2048x8b/U0/inst_fifo_gen/gconvfifo.rf/grf.rf/rstblk/ngwrdrst.grst.g7serrst.gnsckt_wrst.gic_rst.sckt_wr_rst_ic_reg/Q
                         net (fo=36, routed)          0.239     1.848    u_async_fifo_2048x8b/U0/inst_fifo_gen/gconvfifo.rf/grf.rf/gntv_or_sync_fifo.gl0.wr/wpntr/AR[0]
    SLICE_X20Y64         FDCE                                         f  u_async_fifo_2048x8b/U0/inst_fifo_gen/gconvfifo.rf/grf.rf/gntv_or_sync_fifo.gl0.wr/wpntr/gic0.gc0.count_d1_reg[10]/CLR
  -------------------------------------------------------------------    -------------------

                         (clock eth_rxc rise edge)    0.000     0.000 r  
    K17                                               0.000     0.000 r  eth_rxc (IN)
                         net (fo=0)                   0.000     0.000    eth_rxc
    K17                  IBUF (Prop_ibuf_I_O)         0.447     0.447 r  eth_rxc_IBUF_inst/O
                         net (fo=2, routed)           0.683     1.130    u_gmii_to_rgmii/u_rgmii_rx/rgmii_rxc
    BUFGCTRL_X0Y16       BUFG (Prop_bufg_I_O)         0.029     1.159 r  u_gmii_to_rgmii/u_rgmii_rx/BUFG_inst/O
                         net (fo=1717, routed)        0.822     1.981    u_async_fifo_2048x8b/U0/inst_fifo_gen/gconvfifo.rf/grf.rf/gntv_or_sync_fifo.gl0.wr/wpntr/wr_clk
    SLICE_X20Y64         FDCE                                         r  u_async_fifo_2048x8b/U0/inst_fifo_gen/gconvfifo.rf/grf.rf/gntv_or_sync_fifo.gl0.wr/wpntr/gic0.gc0.count_d1_reg[10]/C
                         clock pessimism             -0.481     1.500    
    SLICE_X20Y64         FDCE (Remov_fdce_C_CLR)     -0.067     1.433    u_async_fifo_2048x8b/U0/inst_fifo_gen/gconvfifo.rf/grf.rf/gntv_or_sync_fifo.gl0.wr/wpntr/gic0.gc0.count_d1_reg[10]
  -------------------------------------------------------------------
                         required time                         -1.433    
                         arrival time                           1.848    
  -------------------------------------------------------------------
                         slack                                  0.414    

Slack (MET) :             0.414ns  (arrival time - required time)
  Source:                 u_async_fifo_2048x8b/U0/inst_fifo_gen/gconvfifo.rf/grf.rf/rstblk/ngwrdrst.grst.g7serrst.gnsckt_wrst.gic_rst.sckt_wr_rst_ic_reg/C
                            (rising edge-triggered cell FDPE clocked by eth_rxc  {rise@0.000ns fall@4.000ns period=8.000ns})
  Destination:            u_async_fifo_2048x8b/U0/inst_fifo_gen/gconvfifo.rf/grf.rf/gntv_or_sync_fifo.gl0.wr/wpntr/gic0.gc0.count_d1_reg[2]/CLR
                            (removal check against rising-edge clock eth_rxc  {rise@0.000ns fall@4.000ns period=8.000ns})
  Path Group:             **async_default**
  Path Type:              Removal (Min at Fast Process Corner)
  Requirement:            0.000ns  (eth_rxc rise@0.000ns - eth_rxc rise@0.000ns)
  Data Path Delay:        0.380ns  (logic 0.141ns (37.059%)  route 0.239ns (62.941%))
  Logic Levels:           0  
  Clock Path Skew:        0.033ns (DCD - SCD - CPR)
    Destination Clock Delay (DCD):    1.981ns
    Source Clock Delay      (SCD):    1.467ns
    Clock Pessimism Removal (CPR):    0.481ns

    Location             Delay type                Incr(ns)  Path(ns)    Netlist Resource(s)
  -------------------------------------------------------------------    -------------------
                         (clock eth_rxc rise edge)    0.000     0.000 r  
    K17                                               0.000     0.000 r  eth_rxc (IN)
                         net (fo=0)                   0.000     0.000    eth_rxc
    K17                  IBUF (Prop_ibuf_I_O)         0.259     0.259 r  eth_rxc_IBUF_inst/O
                         net (fo=2, routed)           0.627     0.887    u_gmii_to_rgmii/u_rgmii_rx/rgmii_rxc
    BUFGCTRL_X0Y16       BUFG (Prop_bufg_I_O)         0.026     0.913 r  u_gmii_to_rgmii/u_rgmii_rx/BUFG_inst/O
                         net (fo=1717, routed)        0.555     1.467    u_async_fifo_2048x8b/U0/inst_fifo_gen/gconvfifo.rf/grf.rf/rstblk/wr_clk
    SLICE_X19Y65         FDPE                                         r  u_async_fifo_2048x8b/U0/inst_fifo_gen/gconvfifo.rf/grf.rf/rstblk/ngwrdrst.grst.g7serrst.gnsckt_wrst.gic_rst.sckt_wr_rst_ic_reg/C
  -------------------------------------------------------------------    -------------------
    SLICE_X19Y65         FDPE (Prop_fdpe_C_Q)         0.141     1.608 f  u_async_fifo_2048x8b/U0/inst_fifo_gen/gconvfifo.rf/grf.rf/rstblk/ngwrdrst.grst.g7serrst.gnsckt_wrst.gic_rst.sckt_wr_rst_ic_reg/Q
                         net (fo=36, routed)          0.239     1.848    u_async_fifo_2048x8b/U0/inst_fifo_gen/gconvfifo.rf/grf.rf/gntv_or_sync_fifo.gl0.wr/wpntr/AR[0]
    SLICE_X20Y64         FDCE                                         f  u_async_fifo_2048x8b/U0/inst_fifo_gen/gconvfifo.rf/grf.rf/gntv_or_sync_fifo.gl0.wr/wpntr/gic0.gc0.count_d1_reg[2]/CLR
  -------------------------------------------------------------------    -------------------

                         (clock eth_rxc rise edge)    0.000     0.000 r  
    K17                                               0.000     0.000 r  eth_rxc (IN)
                         net (fo=0)                   0.000     0.000    eth_rxc
    K17                  IBUF (Prop_ibuf_I_O)         0.447     0.447 r  eth_rxc_IBUF_inst/O
                         net (fo=2, routed)           0.683     1.130    u_gmii_to_rgmii/u_rgmii_rx/rgmii_rxc
    BUFGCTRL_X0Y16       BUFG (Prop_bufg_I_O)         0.029     1.159 r  u_gmii_to_rgmii/u_rgmii_rx/BUFG_inst/O
                         net (fo=1717, routed)        0.822     1.981    u_async_fifo_2048x8b/U0/inst_fifo_gen/gconvfifo.rf/grf.rf/gntv_or_sync_fifo.gl0.wr/wpntr/wr_clk
    SLICE_X20Y64         FDCE                                         r  u_async_fifo_2048x8b/U0/inst_fifo_gen/gconvfifo.rf/grf.rf/gntv_or_sync_fifo.gl0.wr/wpntr/gic0.gc0.count_d1_reg[2]/C
                         clock pessimism             -0.481     1.500    
    SLICE_X20Y64         FDCE (Remov_fdce_C_CLR)     -0.067     1.433    u_async_fifo_2048x8b/U0/inst_fifo_gen/gconvfifo.rf/grf.rf/gntv_or_sync_fifo.gl0.wr/wpntr/gic0.gc0.count_d1_reg[2]
  -------------------------------------------------------------------
                         required time                         -1.433    
                         arrival time                           1.848    
  -------------------------------------------------------------------
                         slack                                  0.414    





