Copyright 1986-2020 Xilinx, Inc. All Rights Reserved.
--------------------------------------------------------------------------------------------------------------------------------------------------------------------------------
| Tool Version : Vivado v.2020.2 (win64) Build 3064766 Wed Nov 18 09:12:45 MST 2020
| Date         : Tue Nov 12 15:33:26 2024
| Host         : LEGION2020 running 64-bit major release  (build 9200)
| Command      : report_timing_summary -max_paths 10 -file TOP_timing_summary_routed.rpt -pb TOP_timing_summary_routed.pb -rpx TOP_timing_summary_routed.rpx -warn_on_violation
| Design       : TOP
| Device       : 7z010-clg400
| Speed File   : -1  PRODUCTION 1.12 2019-11-22
--------------------------------------------------------------------------------------------------------------------------------------------------------------------------------

Timing Summary Report

------------------------------------------------------------------------------------------------
| Timer Settings
| --------------
------------------------------------------------------------------------------------------------

  Enable Multi Corner Analysis               :  Yes
  Enable Pessimism Removal                   :  Yes
  Pessimism Removal Resolution               :  Nearest Common Node
  Enable Input Delay Default Clock           :  No
  Enable Preset / Clear Arcs                 :  No
  Disable Flight Delays                      :  No
  Ignore I/O Paths                           :  No
  Timing Early Launch at Borrowing Latches   :  No
  Borrow Time for Max Delay Exceptions       :  Yes
  Merge Timing Exceptions                    :  Yes

  Corner  Analyze    Analyze    
  Name    Max Paths  Min Paths  
  ------  ---------  ---------  
  Slow    Yes        Yes        
  Fast    Yes        Yes        



check_timing report

Table of Contents
-----------------
1. checking no_clock (55)
2. checking constant_clock (0)
3. checking pulse_width_clock (0)
4. checking unconstrained_internal_endpoints (70)
5. checking no_input_delay (6)
6. checking no_output_delay (8)
7. checking multiple_clock (0)
8. checking generated_clocks (0)
9. checking loops (0)
10. checking partial_input_delay (0)
11. checking partial_output_delay (0)
12. checking latch_loops (0)

1. checking no_clock (55)
-------------------------
 There is 1 register/latch pin with no clock driven by root clock pin: DCO (HIGH)

 There are 4 register/latch pins with no clock driven by root clock pin: sys_rst_n (HIGH)

 There are 3 register/latch pins with no clock driven by root clock pin: u_ad9269/U_AD9269_SPI/DATA_CNT_reg[0]/Q (HIGH)

 There are 4 register/latch pins with no clock driven by root clock pin: u_ad9269/U_AD9269_SPI/DATA_CNT_reg[1]/Q (HIGH)

 There are 4 register/latch pins with no clock driven by root clock pin: u_ad9269/U_AD9269_SPI/SPI_CS_reg/Q (HIGH)

 There are 35 register/latch pins with no clock driven by root clock pin: u_ad9269/U_AD9269_SPI/SPI_SCLK_reg/Q (HIGH)

 There are 4 register/latch pins with no clock driven by root clock pin: u_ad9269/U_AD9269_SPI/cs_first_reg/Q (HIGH)


2. checking constant_clock (0)
------------------------------
 There are 0 register/latch pins with constant_clock.


3. checking pulse_width_clock (0)
---------------------------------
 There are 0 register/latch pins which need pulse_width check


4. checking unconstrained_internal_endpoints (70)
-------------------------------------------------
 There are 70 pins that are not constrained for maximum delay. (HIGH)

 There are 0 pins that are not constrained for maximum delay due to constant clock.


5. checking no_input_delay (6)
------------------------------
 There are 6 input ports with no input delay specified. (HIGH)

 There are 0 input ports with no input delay but user has a false path constraint.


6. checking no_output_delay (8)
-------------------------------
 There are 8 ports with no output delay specified. (HIGH)

 There are 0 ports with no output delay but user has a false path constraint

 There are 0 ports with no output delay but with a timing clock defined on it or propagating through it


7. checking multiple_clock (0)
------------------------------
 There are 0 register/latch pins with multiple clocks.


8. checking generated_clocks (0)
--------------------------------
 There are 0 generated clocks that are not connected to a clock source.


9. checking loops (0)
---------------------
 There are 0 combinational loops in the design.


10. checking partial_input_delay (0)
------------------------------------
 There are 0 input ports with partial input delay specified.


11. checking partial_output_delay (0)
-------------------------------------
 There are 0 ports with partial output delay specified.


12. checking latch_loops (0)
----------------------------
 There are 0 combinational latch loops in the design through latch input



------------------------------------------------------------------------------------------------
| Design Timing Summary
| ---------------------
------------------------------------------------------------------------------------------------

    WNS(ns)      TNS(ns)  TNS Failing Endpoints  TNS Total Endpoints      WHS(ns)      THS(ns)  THS Failing Endpoints  THS Total Endpoints     WPWS(ns)     TPWS(ns)  TPWS Failing Endpoints  TPWS Total Endpoints  
    -------      -------  ---------------------  -------------------      -------      -------  ---------------------  -------------------     --------     --------  ----------------------  --------------------  
      0.278        0.000                      0                 3307        0.050        0.000                      0                 3307        0.264        0.000                       0                  1695  


All user specified timing constraints are met.


------------------------------------------------------------------------------------------------
| Clock Summary
| -------------
------------------------------------------------------------------------------------------------

Clock                     Waveform(ns)         Period(ns)      Frequency(MHz)
-----                     ------------         ----------      --------------
eth_rxc                   {0.000 4.000}        8.000           125.000         
sys_clk                   {0.000 10.000}       20.000          50.000          
u_clk_wiz_0/inst/clk_in1  {0.000 10.000}       20.000          50.000          
  clk_out1_clk_wiz_0      {0.000 2.500}        5.000           200.000         
  clk_out2_clk_wiz_0      {0.000 25.000}       50.000          20.000          
  clkfbout_clk_wiz_0      {0.000 10.000}       20.000          50.000          


------------------------------------------------------------------------------------------------
| Intra Clock Table
| -----------------
------------------------------------------------------------------------------------------------

Clock                         WNS(ns)      TNS(ns)  TNS Failing Endpoints  TNS Total Endpoints      WHS(ns)      THS(ns)  THS Failing Endpoints  THS Total Endpoints     WPWS(ns)     TPWS(ns)  TPWS Failing Endpoints  TPWS Total Endpoints  
-----                         -------      -------  ---------------------  -------------------      -------      -------  ---------------------  -------------------     --------     --------  ----------------------  --------------------  
eth_rxc                         0.278        0.000                      0                 3173        0.050        0.000                      0                 3173        3.500        0.000                       0                  1647  
sys_clk                        18.835        0.000                      0                    3        0.290        0.000                      0                    3        9.500        0.000                       0                     4  
u_clk_wiz_0/inst/clk_in1                                                                                                                                                    7.000        0.000                       0                     1  
  clk_out1_clk_wiz_0                                                                                                                                                        0.264        0.000                       0                     3  
  clk_out2_clk_wiz_0           44.341        0.000                      0                   60        0.170        0.000                      0                   60       24.500        0.000                       0                    37  
  clkfbout_clk_wiz_0                                                                                                                                                       17.845        0.000                       0                     3  


------------------------------------------------------------------------------------------------
| Inter Clock Table
| -----------------
------------------------------------------------------------------------------------------------

From Clock    To Clock          WNS(ns)      TNS(ns)  TNS Failing Endpoints  TNS Total Endpoints      WHS(ns)      THS(ns)  THS Failing Endpoints  THS Total Endpoints  
----------    --------          -------      -------  ---------------------  -------------------      -------      -------  ---------------------  -------------------  
sys_clk       eth_rxc             1.232        0.000                      0                    5        0.178        0.000                      0                    5  


------------------------------------------------------------------------------------------------
| Other Path Groups Table
| -----------------------
------------------------------------------------------------------------------------------------

Path Group         From Clock         To Clock               WNS(ns)      TNS(ns)  TNS Failing Endpoints  TNS Total Endpoints      WHS(ns)      THS(ns)  THS Failing Endpoints  THS Total Endpoints  
----------         ----------         --------               -------      -------  ---------------------  -------------------      -------      -------  ---------------------  -------------------  
**async_default**  eth_rxc            eth_rxc                  5.517        0.000                      0                   71        0.432        0.000                      0                   71  


------------------------------------------------------------------------------------------------
| Timing Details
| --------------
------------------------------------------------------------------------------------------------


---------------------------------------------------------------------------------------------------
From Clock:  eth_rxc
  To Clock:  eth_rxc

Setup :            0  Failing Endpoints,  Worst Slack        0.278ns,  Total Violation        0.000ns
Hold  :            0  Failing Endpoints,  Worst Slack        0.050ns,  Total Violation        0.000ns
PW    :            0  Failing Endpoints,  Worst Slack        3.500ns,  Total Violation        0.000ns
---------------------------------------------------------------------------------------------------


Max Delay Paths
--------------------------------------------------------------------------------------
Slack (MET) :             0.278ns  (required time - arrival time)
  Source:                 u_eth_udp_loop/u_icmp/u_icmp_tx/tx_data_num_reg[3]/C
                            (rising edge-triggered cell FDCE clocked by eth_rxc  {rise@0.000ns fall@4.000ns period=8.000ns})
  Destination:            u_eth_udp_loop/u_icmp/u_icmp_tx/data_cnt_reg[4]/CE
                            (rising edge-triggered cell FDCE clocked by eth_rxc  {rise@0.000ns fall@4.000ns period=8.000ns})
  Path Group:             eth_rxc
  Path Type:              Setup (Max at Slow Process Corner)
  Requirement:            8.000ns  (eth_rxc rise@8.000ns - eth_rxc rise@0.000ns)
  Data Path Delay:        7.358ns  (logic 2.818ns (38.300%)  route 4.540ns (61.700%))
  Logic Levels:           9  (CARRY4=4 LUT2=2 LUT4=1 LUT6=2)
  Clock Path Skew:        -0.160ns (DCD - SCD + CPR)
    Destination Clock Delay (DCD):    4.873ns = ( 12.873 - 8.000 ) 
    Source Clock Delay      (SCD):    5.324ns
    Clock Pessimism Removal (CPR):    0.291ns
  Clock Uncertainty:      0.035ns  ((TSJ^2 + TIJ^2)^1/2 + DJ) / 2 + PE
    Total System Jitter     (TSJ):    0.071ns
    Total Input Jitter      (TIJ):    0.000ns
    Discrete Jitter          (DJ):    0.000ns
    Phase Error              (PE):    0.000ns

    Location             Delay type                Incr(ns)  Path(ns)    Netlist Resource(s)
  -------------------------------------------------------------------    -------------------
                         (clock eth_rxc rise edge)    0.000     0.000 r  
    K17                                               0.000     0.000 r  eth_rxc (IN)
                         net (fo=0)                   0.000     0.000    eth_rxc
    K17                  IBUF (Prop_ibuf_I_O)         1.492     1.492 r  eth_rxc_IBUF_inst/O
                         net (fo=2, routed)           2.076     3.568    u_eth_udp_loop/u_gmii_to_rgmii/u_rgmii_rx/eth_rxc
    BUFGCTRL_X0Y16       BUFG (Prop_bufg_I_O)         0.101     3.669 r  u_eth_udp_loop/u_gmii_to_rgmii/u_rgmii_rx/BUFG_inst/O
                         net (fo=1641, routed)        1.655     5.324    u_eth_udp_loop/u_icmp/u_icmp_tx/gmii_rx_clk
    SLICE_X31Y64         FDCE                                         r  u_eth_udp_loop/u_icmp/u_icmp_tx/tx_data_num_reg[3]/C
  -------------------------------------------------------------------    -------------------
    SLICE_X31Y64         FDCE (Prop_fdce_C_Q)         0.456     5.780 r  u_eth_udp_loop/u_icmp/u_icmp_tx/tx_data_num_reg[3]/Q
                         net (fo=7, routed)           0.883     6.662    u_eth_udp_loop/u_icmp/u_icmp_tx/tx_data_num[3]
    SLICE_X30Y64         LUT4 (Prop_lut4_I1_O)        0.124     6.786 f  u_eth_udp_loop/u_icmp/u_icmp_tx/i__carry_i_11__0/O
                         net (fo=1, routed)           0.452     7.238    u_eth_udp_loop/u_icmp/u_icmp_tx/i__carry_i_11__0_n_0
    SLICE_X30Y64         LUT6 (Prop_lut6_I0_O)        0.124     7.362 f  u_eth_udp_loop/u_icmp/u_icmp_tx/i__carry_i_10/O
                         net (fo=10, routed)          0.527     7.889    u_eth_udp_loop/u_icmp/u_icmp_tx/i__carry_i_10_n_0
    SLICE_X30Y64         LUT2 (Prop_lut2_I1_O)        0.124     8.013 r  u_eth_udp_loop/u_icmp/u_icmp_tx/i__carry_i_1__1/O
                         net (fo=1, routed)           0.620     8.633    u_eth_udp_loop/u_icmp/u_icmp_tx/real_tx_data_num[0]
    SLICE_X28Y62         CARRY4 (Prop_carry4_CYINIT_CO[3])
                                                      0.595     9.228 r  u_eth_udp_loop/u_icmp/u_icmp_tx/skip_en2_inferred__0/i__carry/CO[3]
                         net (fo=1, routed)           0.000     9.228    u_eth_udp_loop/u_icmp/u_icmp_tx/skip_en2_inferred__0/i__carry_n_0
    SLICE_X28Y63         CARRY4 (Prop_carry4_CI_CO[3])
                                                      0.117     9.345 r  u_eth_udp_loop/u_icmp/u_icmp_tx/skip_en2_inferred__0/i__carry__0/CO[3]
                         net (fo=1, routed)           0.000     9.345    u_eth_udp_loop/u_icmp/u_icmp_tx/skip_en2_inferred__0/i__carry__0_n_0
    SLICE_X28Y64         CARRY4 (Prop_carry4_CI_O[3])
                                                      0.315     9.660 r  u_eth_udp_loop/u_icmp/u_icmp_tx/skip_en2_inferred__0/i__carry__1/O[3]
                         net (fo=1, routed)           0.547    10.207    u_eth_udp_loop/u_icmp/u_icmp_tx/skip_en2_inferred__0/i__carry__1_n_4
    SLICE_X29Y66         LUT2 (Prop_lut2_I1_O)        0.307    10.514 r  u_eth_udp_loop/u_icmp/u_icmp_tx/i__carry__2_i_5/O
                         net (fo=1, routed)           0.000    10.514    u_eth_udp_loop/u_icmp/u_icmp_tx/i__carry__2_i_5_n_0
    SLICE_X29Y66         CARRY4 (Prop_carry4_S[0]_CO[3])
                                                      0.532    11.046 r  u_eth_udp_loop/u_icmp/u_icmp_tx/p_1_out_inferred__1/i__carry__2/CO[3]
                         net (fo=9, routed)           1.095    12.141    u_eth_udp_loop/u_icmp/u_icmp_tx/p_1_out_inferred__1/i__carry__2_n_0
    SLICE_X21Y64         LUT6 (Prop_lut6_I4_O)        0.124    12.265 r  u_eth_udp_loop/u_icmp/u_icmp_tx/data_cnt[0]_i_1__0/O
                         net (fo=16, routed)          0.416    12.681    u_eth_udp_loop/u_icmp/u_icmp_tx/data_cnt0
    SLICE_X20Y64         FDCE                                         r  u_eth_udp_loop/u_icmp/u_icmp_tx/data_cnt_reg[4]/CE
  -------------------------------------------------------------------    -------------------

                         (clock eth_rxc rise edge)    8.000     8.000 r  
    K17                                               0.000     8.000 r  eth_rxc (IN)
                         net (fo=0)                   0.000     8.000    eth_rxc
    K17                  IBUF (Prop_ibuf_I_O)         1.421     9.421 r  eth_rxc_IBUF_inst/O
                         net (fo=2, routed)           1.880    11.301    u_eth_udp_loop/u_gmii_to_rgmii/u_rgmii_rx/eth_rxc
    BUFGCTRL_X0Y16       BUFG (Prop_bufg_I_O)         0.091    11.392 r  u_eth_udp_loop/u_gmii_to_rgmii/u_rgmii_rx/BUFG_inst/O
                         net (fo=1641, routed)        1.481    12.873    u_eth_udp_loop/u_icmp/u_icmp_tx/gmii_rx_clk
    SLICE_X20Y64         FDCE                                         r  u_eth_udp_loop/u_icmp/u_icmp_tx/data_cnt_reg[4]/C
                         clock pessimism              0.291    13.163    
                         clock uncertainty           -0.035    13.128    
    SLICE_X20Y64         FDCE (Setup_fdce_C_CE)      -0.169    12.959    u_eth_udp_loop/u_icmp/u_icmp_tx/data_cnt_reg[4]
  -------------------------------------------------------------------
                         required time                         12.959    
                         arrival time                         -12.681    
  -------------------------------------------------------------------
                         slack                                  0.278    

Slack (MET) :             0.278ns  (required time - arrival time)
  Source:                 u_eth_udp_loop/u_icmp/u_icmp_tx/tx_data_num_reg[3]/C
                            (rising edge-triggered cell FDCE clocked by eth_rxc  {rise@0.000ns fall@4.000ns period=8.000ns})
  Destination:            u_eth_udp_loop/u_icmp/u_icmp_tx/data_cnt_reg[5]/CE
                            (rising edge-triggered cell FDCE clocked by eth_rxc  {rise@0.000ns fall@4.000ns period=8.000ns})
  Path Group:             eth_rxc
  Path Type:              Setup (Max at Slow Process Corner)
  Requirement:            8.000ns  (eth_rxc rise@8.000ns - eth_rxc rise@0.000ns)
  Data Path Delay:        7.358ns  (logic 2.818ns (38.300%)  route 4.540ns (61.700%))
  Logic Levels:           9  (CARRY4=4 LUT2=2 LUT4=1 LUT6=2)
  Clock Path Skew:        -0.160ns (DCD - SCD + CPR)
    Destination Clock Delay (DCD):    4.873ns = ( 12.873 - 8.000 ) 
    Source Clock Delay      (SCD):    5.324ns
    Clock Pessimism Removal (CPR):    0.291ns
  Clock Uncertainty:      0.035ns  ((TSJ^2 + TIJ^2)^1/2 + DJ) / 2 + PE
    Total System Jitter     (TSJ):    0.071ns
    Total Input Jitter      (TIJ):    0.000ns
    Discrete Jitter          (DJ):    0.000ns
    Phase Error              (PE):    0.000ns

    Location             Delay type                Incr(ns)  Path(ns)    Netlist Resource(s)
  -------------------------------------------------------------------    -------------------
                         (clock eth_rxc rise edge)    0.000     0.000 r  
    K17                                               0.000     0.000 r  eth_rxc (IN)
                         net (fo=0)                   0.000     0.000    eth_rxc
    K17                  IBUF (Prop_ibuf_I_O)         1.492     1.492 r  eth_rxc_IBUF_inst/O
                         net (fo=2, routed)           2.076     3.568    u_eth_udp_loop/u_gmii_to_rgmii/u_rgmii_rx/eth_rxc
    BUFGCTRL_X0Y16       BUFG (Prop_bufg_I_O)         0.101     3.669 r  u_eth_udp_loop/u_gmii_to_rgmii/u_rgmii_rx/BUFG_inst/O
                         net (fo=1641, routed)        1.655     5.324    u_eth_udp_loop/u_icmp/u_icmp_tx/gmii_rx_clk
    SLICE_X31Y64         FDCE                                         r  u_eth_udp_loop/u_icmp/u_icmp_tx/tx_data_num_reg[3]/C
  -------------------------------------------------------------------    -------------------
    SLICE_X31Y64         FDCE (Prop_fdce_C_Q)         0.456     5.780 r  u_eth_udp_loop/u_icmp/u_icmp_tx/tx_data_num_reg[3]/Q
                         net (fo=7, routed)           0.883     6.662    u_eth_udp_loop/u_icmp/u_icmp_tx/tx_data_num[3]
    SLICE_X30Y64         LUT4 (Prop_lut4_I1_O)        0.124     6.786 f  u_eth_udp_loop/u_icmp/u_icmp_tx/i__carry_i_11__0/O
                         net (fo=1, routed)           0.452     7.238    u_eth_udp_loop/u_icmp/u_icmp_tx/i__carry_i_11__0_n_0
    SLICE_X30Y64         LUT6 (Prop_lut6_I0_O)        0.124     7.362 f  u_eth_udp_loop/u_icmp/u_icmp_tx/i__carry_i_10/O
                         net (fo=10, routed)          0.527     7.889    u_eth_udp_loop/u_icmp/u_icmp_tx/i__carry_i_10_n_0
    SLICE_X30Y64         LUT2 (Prop_lut2_I1_O)        0.124     8.013 r  u_eth_udp_loop/u_icmp/u_icmp_tx/i__carry_i_1__1/O
                         net (fo=1, routed)           0.620     8.633    u_eth_udp_loop/u_icmp/u_icmp_tx/real_tx_data_num[0]
    SLICE_X28Y62         CARRY4 (Prop_carry4_CYINIT_CO[3])
                                                      0.595     9.228 r  u_eth_udp_loop/u_icmp/u_icmp_tx/skip_en2_inferred__0/i__carry/CO[3]
                         net (fo=1, routed)           0.000     9.228    u_eth_udp_loop/u_icmp/u_icmp_tx/skip_en2_inferred__0/i__carry_n_0
    SLICE_X28Y63         CARRY4 (Prop_carry4_CI_CO[3])
                                                      0.117     9.345 r  u_eth_udp_loop/u_icmp/u_icmp_tx/skip_en2_inferred__0/i__carry__0/CO[3]
                         net (fo=1, routed)           0.000     9.345    u_eth_udp_loop/u_icmp/u_icmp_tx/skip_en2_inferred__0/i__carry__0_n_0
    SLICE_X28Y64         CARRY4 (Prop_carry4_CI_O[3])
                                                      0.315     9.660 r  u_eth_udp_loop/u_icmp/u_icmp_tx/skip_en2_inferred__0/i__carry__1/O[3]
                         net (fo=1, routed)           0.547    10.207    u_eth_udp_loop/u_icmp/u_icmp_tx/skip_en2_inferred__0/i__carry__1_n_4
    SLICE_X29Y66         LUT2 (Prop_lut2_I1_O)        0.307    10.514 r  u_eth_udp_loop/u_icmp/u_icmp_tx/i__carry__2_i_5/O
                         net (fo=1, routed)           0.000    10.514    u_eth_udp_loop/u_icmp/u_icmp_tx/i__carry__2_i_5_n_0
    SLICE_X29Y66         CARRY4 (Prop_carry4_S[0]_CO[3])
                                                      0.532    11.046 r  u_eth_udp_loop/u_icmp/u_icmp_tx/p_1_out_inferred__1/i__carry__2/CO[3]
                         net (fo=9, routed)           1.095    12.141    u_eth_udp_loop/u_icmp/u_icmp_tx/p_1_out_inferred__1/i__carry__2_n_0
    SLICE_X21Y64         LUT6 (Prop_lut6_I4_O)        0.124    12.265 r  u_eth_udp_loop/u_icmp/u_icmp_tx/data_cnt[0]_i_1__0/O
                         net (fo=16, routed)          0.416    12.681    u_eth_udp_loop/u_icmp/u_icmp_tx/data_cnt0
    SLICE_X20Y64         FDCE                                         r  u_eth_udp_loop/u_icmp/u_icmp_tx/data_cnt_reg[5]/CE
  -------------------------------------------------------------------    -------------------

                         (clock eth_rxc rise edge)    8.000     8.000 r  
    K17                                               0.000     8.000 r  eth_rxc (IN)
                         net (fo=0)                   0.000     8.000    eth_rxc
    K17                  IBUF (Prop_ibuf_I_O)         1.421     9.421 r  eth_rxc_IBUF_inst/O
                         net (fo=2, routed)           1.880    11.301    u_eth_udp_loop/u_gmii_to_rgmii/u_rgmii_rx/eth_rxc
    BUFGCTRL_X0Y16       BUFG (Prop_bufg_I_O)         0.091    11.392 r  u_eth_udp_loop/u_gmii_to_rgmii/u_rgmii_rx/BUFG_inst/O
                         net (fo=1641, routed)        1.481    12.873    u_eth_udp_loop/u_icmp/u_icmp_tx/gmii_rx_clk
    SLICE_X20Y64         FDCE                                         r  u_eth_udp_loop/u_icmp/u_icmp_tx/data_cnt_reg[5]/C
                         clock pessimism              0.291    13.163    
                         clock uncertainty           -0.035    13.128    
    SLICE_X20Y64         FDCE (Setup_fdce_C_CE)      -0.169    12.959    u_eth_udp_loop/u_icmp/u_icmp_tx/data_cnt_reg[5]
  -------------------------------------------------------------------
                         required time                         12.959    
                         arrival time                         -12.681    
  -------------------------------------------------------------------
                         slack                                  0.278    

Slack (MET) :             0.278ns  (required time - arrival time)
  Source:                 u_eth_udp_loop/u_icmp/u_icmp_tx/tx_data_num_reg[3]/C
                            (rising edge-triggered cell FDCE clocked by eth_rxc  {rise@0.000ns fall@4.000ns period=8.000ns})
  Destination:            u_eth_udp_loop/u_icmp/u_icmp_tx/data_cnt_reg[6]/CE
                            (rising edge-triggered cell FDCE clocked by eth_rxc  {rise@0.000ns fall@4.000ns period=8.000ns})
  Path Group:             eth_rxc
  Path Type:              Setup (Max at Slow Process Corner)
  Requirement:            8.000ns  (eth_rxc rise@8.000ns - eth_rxc rise@0.000ns)
  Data Path Delay:        7.358ns  (logic 2.818ns (38.300%)  route 4.540ns (61.700%))
  Logic Levels:           9  (CARRY4=4 LUT2=2 LUT4=1 LUT6=2)
  Clock Path Skew:        -0.160ns (DCD - SCD + CPR)
    Destination Clock Delay (DCD):    4.873ns = ( 12.873 - 8.000 ) 
    Source Clock Delay      (SCD):    5.324ns
    Clock Pessimism Removal (CPR):    0.291ns
  Clock Uncertainty:      0.035ns  ((TSJ^2 + TIJ^2)^1/2 + DJ) / 2 + PE
    Total System Jitter     (TSJ):    0.071ns
    Total Input Jitter      (TIJ):    0.000ns
    Discrete Jitter          (DJ):    0.000ns
    Phase Error              (PE):    0.000ns

    Location             Delay type                Incr(ns)  Path(ns)    Netlist Resource(s)
  -------------------------------------------------------------------    -------------------
                         (clock eth_rxc rise edge)    0.000     0.000 r  
    K17                                               0.000     0.000 r  eth_rxc (IN)
                         net (fo=0)                   0.000     0.000    eth_rxc
    K17                  IBUF (Prop_ibuf_I_O)         1.492     1.492 r  eth_rxc_IBUF_inst/O
                         net (fo=2, routed)           2.076     3.568    u_eth_udp_loop/u_gmii_to_rgmii/u_rgmii_rx/eth_rxc
    BUFGCTRL_X0Y16       BUFG (Prop_bufg_I_O)         0.101     3.669 r  u_eth_udp_loop/u_gmii_to_rgmii/u_rgmii_rx/BUFG_inst/O
                         net (fo=1641, routed)        1.655     5.324    u_eth_udp_loop/u_icmp/u_icmp_tx/gmii_rx_clk
    SLICE_X31Y64         FDCE                                         r  u_eth_udp_loop/u_icmp/u_icmp_tx/tx_data_num_reg[3]/C
  -------------------------------------------------------------------    -------------------
    SLICE_X31Y64         FDCE (Prop_fdce_C_Q)         0.456     5.780 r  u_eth_udp_loop/u_icmp/u_icmp_tx/tx_data_num_reg[3]/Q
                         net (fo=7, routed)           0.883     6.662    u_eth_udp_loop/u_icmp/u_icmp_tx/tx_data_num[3]
    SLICE_X30Y64         LUT4 (Prop_lut4_I1_O)        0.124     6.786 f  u_eth_udp_loop/u_icmp/u_icmp_tx/i__carry_i_11__0/O
                         net (fo=1, routed)           0.452     7.238    u_eth_udp_loop/u_icmp/u_icmp_tx/i__carry_i_11__0_n_0
    SLICE_X30Y64         LUT6 (Prop_lut6_I0_O)        0.124     7.362 f  u_eth_udp_loop/u_icmp/u_icmp_tx/i__carry_i_10/O
                         net (fo=10, routed)          0.527     7.889    u_eth_udp_loop/u_icmp/u_icmp_tx/i__carry_i_10_n_0
    SLICE_X30Y64         LUT2 (Prop_lut2_I1_O)        0.124     8.013 r  u_eth_udp_loop/u_icmp/u_icmp_tx/i__carry_i_1__1/O
                         net (fo=1, routed)           0.620     8.633    u_eth_udp_loop/u_icmp/u_icmp_tx/real_tx_data_num[0]
    SLICE_X28Y62         CARRY4 (Prop_carry4_CYINIT_CO[3])
                                                      0.595     9.228 r  u_eth_udp_loop/u_icmp/u_icmp_tx/skip_en2_inferred__0/i__carry/CO[3]
                         net (fo=1, routed)           0.000     9.228    u_eth_udp_loop/u_icmp/u_icmp_tx/skip_en2_inferred__0/i__carry_n_0
    SLICE_X28Y63         CARRY4 (Prop_carry4_CI_CO[3])
                                                      0.117     9.345 r  u_eth_udp_loop/u_icmp/u_icmp_tx/skip_en2_inferred__0/i__carry__0/CO[3]
                         net (fo=1, routed)           0.000     9.345    u_eth_udp_loop/u_icmp/u_icmp_tx/skip_en2_inferred__0/i__carry__0_n_0
    SLICE_X28Y64         CARRY4 (Prop_carry4_CI_O[3])
                                                      0.315     9.660 r  u_eth_udp_loop/u_icmp/u_icmp_tx/skip_en2_inferred__0/i__carry__1/O[3]
                         net (fo=1, routed)           0.547    10.207    u_eth_udp_loop/u_icmp/u_icmp_tx/skip_en2_inferred__0/i__carry__1_n_4
    SLICE_X29Y66         LUT2 (Prop_lut2_I1_O)        0.307    10.514 r  u_eth_udp_loop/u_icmp/u_icmp_tx/i__carry__2_i_5/O
                         net (fo=1, routed)           0.000    10.514    u_eth_udp_loop/u_icmp/u_icmp_tx/i__carry__2_i_5_n_0
    SLICE_X29Y66         CARRY4 (Prop_carry4_S[0]_CO[3])
                                                      0.532    11.046 r  u_eth_udp_loop/u_icmp/u_icmp_tx/p_1_out_inferred__1/i__carry__2/CO[3]
                         net (fo=9, routed)           1.095    12.141    u_eth_udp_loop/u_icmp/u_icmp_tx/p_1_out_inferred__1/i__carry__2_n_0
    SLICE_X21Y64         LUT6 (Prop_lut6_I4_O)        0.124    12.265 r  u_eth_udp_loop/u_icmp/u_icmp_tx/data_cnt[0]_i_1__0/O
                         net (fo=16, routed)          0.416    12.681    u_eth_udp_loop/u_icmp/u_icmp_tx/data_cnt0
    SLICE_X20Y64         FDCE                                         r  u_eth_udp_loop/u_icmp/u_icmp_tx/data_cnt_reg[6]/CE
  -------------------------------------------------------------------    -------------------

                         (clock eth_rxc rise edge)    8.000     8.000 r  
    K17                                               0.000     8.000 r  eth_rxc (IN)
                         net (fo=0)                   0.000     8.000    eth_rxc
    K17                  IBUF (Prop_ibuf_I_O)         1.421     9.421 r  eth_rxc_IBUF_inst/O
                         net (fo=2, routed)           1.880    11.301    u_eth_udp_loop/u_gmii_to_rgmii/u_rgmii_rx/eth_rxc
    BUFGCTRL_X0Y16       BUFG (Prop_bufg_I_O)         0.091    11.392 r  u_eth_udp_loop/u_gmii_to_rgmii/u_rgmii_rx/BUFG_inst/O
                         net (fo=1641, routed)        1.481    12.873    u_eth_udp_loop/u_icmp/u_icmp_tx/gmii_rx_clk
    SLICE_X20Y64         FDCE                                         r  u_eth_udp_loop/u_icmp/u_icmp_tx/data_cnt_reg[6]/C
                         clock pessimism              0.291    13.163    
                         clock uncertainty           -0.035    13.128    
    SLICE_X20Y64         FDCE (Setup_fdce_C_CE)      -0.169    12.959    u_eth_udp_loop/u_icmp/u_icmp_tx/data_cnt_reg[6]
  -------------------------------------------------------------------
                         required time                         12.959    
                         arrival time                         -12.681    
  -------------------------------------------------------------------
                         slack                                  0.278    

Slack (MET) :             0.278ns  (required time - arrival time)
  Source:                 u_eth_udp_loop/u_icmp/u_icmp_tx/tx_data_num_reg[3]/C
                            (rising edge-triggered cell FDCE clocked by eth_rxc  {rise@0.000ns fall@4.000ns period=8.000ns})
  Destination:            u_eth_udp_loop/u_icmp/u_icmp_tx/data_cnt_reg[7]/CE
                            (rising edge-triggered cell FDCE clocked by eth_rxc  {rise@0.000ns fall@4.000ns period=8.000ns})
  Path Group:             eth_rxc
  Path Type:              Setup (Max at Slow Process Corner)
  Requirement:            8.000ns  (eth_rxc rise@8.000ns - eth_rxc rise@0.000ns)
  Data Path Delay:        7.358ns  (logic 2.818ns (38.300%)  route 4.540ns (61.700%))
  Logic Levels:           9  (CARRY4=4 LUT2=2 LUT4=1 LUT6=2)
  Clock Path Skew:        -0.160ns (DCD - SCD + CPR)
    Destination Clock Delay (DCD):    4.873ns = ( 12.873 - 8.000 ) 
    Source Clock Delay      (SCD):    5.324ns
    Clock Pessimism Removal (CPR):    0.291ns
  Clock Uncertainty:      0.035ns  ((TSJ^2 + TIJ^2)^1/2 + DJ) / 2 + PE
    Total System Jitter     (TSJ):    0.071ns
    Total Input Jitter      (TIJ):    0.000ns
    Discrete Jitter          (DJ):    0.000ns
    Phase Error              (PE):    0.000ns

    Location             Delay type                Incr(ns)  Path(ns)    Netlist Resource(s)
  -------------------------------------------------------------------    -------------------
                         (clock eth_rxc rise edge)    0.000     0.000 r  
    K17                                               0.000     0.000 r  eth_rxc (IN)
                         net (fo=0)                   0.000     0.000    eth_rxc
    K17                  IBUF (Prop_ibuf_I_O)         1.492     1.492 r  eth_rxc_IBUF_inst/O
                         net (fo=2, routed)           2.076     3.568    u_eth_udp_loop/u_gmii_to_rgmii/u_rgmii_rx/eth_rxc
    BUFGCTRL_X0Y16       BUFG (Prop_bufg_I_O)         0.101     3.669 r  u_eth_udp_loop/u_gmii_to_rgmii/u_rgmii_rx/BUFG_inst/O
                         net (fo=1641, routed)        1.655     5.324    u_eth_udp_loop/u_icmp/u_icmp_tx/gmii_rx_clk
    SLICE_X31Y64         FDCE                                         r  u_eth_udp_loop/u_icmp/u_icmp_tx/tx_data_num_reg[3]/C
  -------------------------------------------------------------------    -------------------
    SLICE_X31Y64         FDCE (Prop_fdce_C_Q)         0.456     5.780 r  u_eth_udp_loop/u_icmp/u_icmp_tx/tx_data_num_reg[3]/Q
                         net (fo=7, routed)           0.883     6.662    u_eth_udp_loop/u_icmp/u_icmp_tx/tx_data_num[3]
    SLICE_X30Y64         LUT4 (Prop_lut4_I1_O)        0.124     6.786 f  u_eth_udp_loop/u_icmp/u_icmp_tx/i__carry_i_11__0/O
                         net (fo=1, routed)           0.452     7.238    u_eth_udp_loop/u_icmp/u_icmp_tx/i__carry_i_11__0_n_0
    SLICE_X30Y64         LUT6 (Prop_lut6_I0_O)        0.124     7.362 f  u_eth_udp_loop/u_icmp/u_icmp_tx/i__carry_i_10/O
                         net (fo=10, routed)          0.527     7.889    u_eth_udp_loop/u_icmp/u_icmp_tx/i__carry_i_10_n_0
    SLICE_X30Y64         LUT2 (Prop_lut2_I1_O)        0.124     8.013 r  u_eth_udp_loop/u_icmp/u_icmp_tx/i__carry_i_1__1/O
                         net (fo=1, routed)           0.620     8.633    u_eth_udp_loop/u_icmp/u_icmp_tx/real_tx_data_num[0]
    SLICE_X28Y62         CARRY4 (Prop_carry4_CYINIT_CO[3])
                                                      0.595     9.228 r  u_eth_udp_loop/u_icmp/u_icmp_tx/skip_en2_inferred__0/i__carry/CO[3]
                         net (fo=1, routed)           0.000     9.228    u_eth_udp_loop/u_icmp/u_icmp_tx/skip_en2_inferred__0/i__carry_n_0
    SLICE_X28Y63         CARRY4 (Prop_carry4_CI_CO[3])
                                                      0.117     9.345 r  u_eth_udp_loop/u_icmp/u_icmp_tx/skip_en2_inferred__0/i__carry__0/CO[3]
                         net (fo=1, routed)           0.000     9.345    u_eth_udp_loop/u_icmp/u_icmp_tx/skip_en2_inferred__0/i__carry__0_n_0
    SLICE_X28Y64         CARRY4 (Prop_carry4_CI_O[3])
                                                      0.315     9.660 r  u_eth_udp_loop/u_icmp/u_icmp_tx/skip_en2_inferred__0/i__carry__1/O[3]
                         net (fo=1, routed)           0.547    10.207    u_eth_udp_loop/u_icmp/u_icmp_tx/skip_en2_inferred__0/i__carry__1_n_4
    SLICE_X29Y66         LUT2 (Prop_lut2_I1_O)        0.307    10.514 r  u_eth_udp_loop/u_icmp/u_icmp_tx/i__carry__2_i_5/O
                         net (fo=1, routed)           0.000    10.514    u_eth_udp_loop/u_icmp/u_icmp_tx/i__carry__2_i_5_n_0
    SLICE_X29Y66         CARRY4 (Prop_carry4_S[0]_CO[3])
                                                      0.532    11.046 r  u_eth_udp_loop/u_icmp/u_icmp_tx/p_1_out_inferred__1/i__carry__2/CO[3]
                         net (fo=9, routed)           1.095    12.141    u_eth_udp_loop/u_icmp/u_icmp_tx/p_1_out_inferred__1/i__carry__2_n_0
    SLICE_X21Y64         LUT6 (Prop_lut6_I4_O)        0.124    12.265 r  u_eth_udp_loop/u_icmp/u_icmp_tx/data_cnt[0]_i_1__0/O
                         net (fo=16, routed)          0.416    12.681    u_eth_udp_loop/u_icmp/u_icmp_tx/data_cnt0
    SLICE_X20Y64         FDCE                                         r  u_eth_udp_loop/u_icmp/u_icmp_tx/data_cnt_reg[7]/CE
  -------------------------------------------------------------------    -------------------

                         (clock eth_rxc rise edge)    8.000     8.000 r  
    K17                                               0.000     8.000 r  eth_rxc (IN)
                         net (fo=0)                   0.000     8.000    eth_rxc
    K17                  IBUF (Prop_ibuf_I_O)         1.421     9.421 r  eth_rxc_IBUF_inst/O
                         net (fo=2, routed)           1.880    11.301    u_eth_udp_loop/u_gmii_to_rgmii/u_rgmii_rx/eth_rxc
    BUFGCTRL_X0Y16       BUFG (Prop_bufg_I_O)         0.091    11.392 r  u_eth_udp_loop/u_gmii_to_rgmii/u_rgmii_rx/BUFG_inst/O
                         net (fo=1641, routed)        1.481    12.873    u_eth_udp_loop/u_icmp/u_icmp_tx/gmii_rx_clk
    SLICE_X20Y64         FDCE                                         r  u_eth_udp_loop/u_icmp/u_icmp_tx/data_cnt_reg[7]/C
                         clock pessimism              0.291    13.163    
                         clock uncertainty           -0.035    13.128    
    SLICE_X20Y64         FDCE (Setup_fdce_C_CE)      -0.169    12.959    u_eth_udp_loop/u_icmp/u_icmp_tx/data_cnt_reg[7]
  -------------------------------------------------------------------
                         required time                         12.959    
                         arrival time                         -12.681    
  -------------------------------------------------------------------
                         slack                                  0.278    

Slack (MET) :             0.297ns  (required time - arrival time)
  Source:                 u_eth_udp_loop/u_icmp/u_icmp_tx/ip_head_reg[4][0]/C
                            (rising edge-triggered cell FDRE clocked by eth_rxc  {rise@0.000ns fall@4.000ns period=8.000ns})
  Destination:            u_eth_udp_loop/u_icmp/u_icmp_tx/check_buffer_reg[17]/D
                            (rising edge-triggered cell FDCE clocked by eth_rxc  {rise@0.000ns fall@4.000ns period=8.000ns})
  Path Group:             eth_rxc
  Path Type:              Setup (Max at Slow Process Corner)
  Requirement:            8.000ns  (eth_rxc rise@8.000ns - eth_rxc rise@0.000ns)
  Data Path Delay:        7.536ns  (logic 3.532ns (46.866%)  route 4.004ns (53.134%))
  Logic Levels:           10  (CARRY4=5 LUT3=2 LUT4=1 LUT5=1 LUT6=1)
  Clock Path Skew:        -0.160ns (DCD - SCD + CPR)
    Destination Clock Delay (DCD):    4.866ns = ( 12.866 - 8.000 ) 
    Source Clock Delay      (SCD):    5.317ns
    Clock Pessimism Removal (CPR):    0.291ns
  Clock Uncertainty:      0.035ns  ((TSJ^2 + TIJ^2)^1/2 + DJ) / 2 + PE
    Total System Jitter     (TSJ):    0.071ns
    Total Input Jitter      (TIJ):    0.000ns
    Discrete Jitter          (DJ):    0.000ns
    Phase Error              (PE):    0.000ns

    Location             Delay type                Incr(ns)  Path(ns)    Netlist Resource(s)
  -------------------------------------------------------------------    -------------------
                         (clock eth_rxc rise edge)    0.000     0.000 r  
    K17                                               0.000     0.000 r  eth_rxc (IN)
                         net (fo=0)                   0.000     0.000    eth_rxc
    K17                  IBUF (Prop_ibuf_I_O)         1.492     1.492 r  eth_rxc_IBUF_inst/O
                         net (fo=2, routed)           2.076     3.568    u_eth_udp_loop/u_gmii_to_rgmii/u_rgmii_rx/eth_rxc
    BUFGCTRL_X0Y16       BUFG (Prop_bufg_I_O)         0.101     3.669 r  u_eth_udp_loop/u_gmii_to_rgmii/u_rgmii_rx/BUFG_inst/O
                         net (fo=1641, routed)        1.648     5.317    u_eth_udp_loop/u_icmp/u_icmp_tx/gmii_rx_clk
    SLICE_X21Y68         FDRE                                         r  u_eth_udp_loop/u_icmp/u_icmp_tx/ip_head_reg[4][0]/C
  -------------------------------------------------------------------    -------------------
    SLICE_X21Y68         FDRE (Prop_fdre_C_Q)         0.456     5.773 r  u_eth_udp_loop/u_icmp/u_icmp_tx/ip_head_reg[4][0]/Q
                         net (fo=4, routed)           0.817     6.590    u_eth_udp_loop/u_icmp/u_icmp_tx/ip_head_reg_n_0_[4][0]
    SLICE_X21Y69         LUT4 (Prop_lut4_I0_O)        0.124     6.714 r  u_eth_udp_loop/u_icmp/u_icmp_tx/i___0_carry_i_6/O
                         net (fo=1, routed)           0.000     6.714    u_eth_udp_loop/u_icmp/u_icmp_tx/i___0_carry_i_6_n_0
    SLICE_X21Y69         CARRY4 (Prop_carry4_S[1]_CO[3])
                                                      0.550     7.264 r  u_eth_udp_loop/u_icmp/u_icmp_tx/check_buffer0_inferred__0/i___0_carry/CO[3]
                         net (fo=1, routed)           0.000     7.264    u_eth_udp_loop/u_icmp/u_icmp_tx/check_buffer0_inferred__0/i___0_carry_n_0
    SLICE_X21Y70         CARRY4 (Prop_carry4_CI_O[3])
                                                      0.313     7.577 r  u_eth_udp_loop/u_icmp/u_icmp_tx/check_buffer0_inferred__0/i___0_carry__0/O[3]
                         net (fo=3, routed)           0.733     8.311    u_eth_udp_loop/u_icmp/u_icmp_tx/check_buffer0_inferred__0/i___0_carry__0_n_4
    SLICE_X25Y69         LUT3 (Prop_lut3_I2_O)        0.306     8.617 r  u_eth_udp_loop/u_icmp/u_icmp_tx/i___126_carry__0_i_12/O
                         net (fo=2, routed)           0.807     9.424    u_eth_udp_loop/u_icmp/u_icmp_tx/i___126_carry__0_i_12_n_0
    SLICE_X24Y71         LUT5 (Prop_lut5_I1_O)        0.152     9.576 r  u_eth_udp_loop/u_icmp/u_icmp_tx/i___126_carry__1_i_4/O
                         net (fo=2, routed)           0.754    10.330    u_eth_udp_loop/u_icmp/u_icmp_tx/i___126_carry__1_i_4_n_0
    SLICE_X25Y72         LUT6 (Prop_lut6_I0_O)        0.348    10.678 r  u_eth_udp_loop/u_icmp/u_icmp_tx/i___126_carry__1_i_8/O
                         net (fo=1, routed)           0.000    10.678    u_eth_udp_loop/u_icmp/u_icmp_tx/i___126_carry__1_i_8_n_0
    SLICE_X25Y72         CARRY4 (Prop_carry4_S[0]_CO[3])
                                                      0.532    11.210 r  u_eth_udp_loop/u_icmp/u_icmp_tx/check_buffer0_inferred__0/i___126_carry__1/CO[3]
                         net (fo=1, routed)           0.000    11.210    u_eth_udp_loop/u_icmp/u_icmp_tx/check_buffer0_inferred__0/i___126_carry__1_n_0
    SLICE_X25Y73         CARRY4 (Prop_carry4_CI_CO[3])
                                                      0.114    11.324 r  u_eth_udp_loop/u_icmp/u_icmp_tx/check_buffer0_inferred__0/i___126_carry__2/CO[3]
                         net (fo=1, routed)           0.000    11.324    u_eth_udp_loop/u_icmp/u_icmp_tx/check_buffer0_inferred__0/i___126_carry__2_n_0
    SLICE_X25Y74         CARRY4 (Prop_carry4_CI_O[1])
                                                      0.334    11.658 r  u_eth_udp_loop/u_icmp/u_icmp_tx/check_buffer0_inferred__0/i___126_carry__3/O[1]
                         net (fo=1, routed)           0.893    12.550    u_eth_udp_loop/u_icmp/u_icmp_tx/check_buffer0_inferred__0/i___126_carry__3_n_6
    SLICE_X26Y78         LUT3 (Prop_lut3_I0_O)        0.303    12.853 r  u_eth_udp_loop/u_icmp/u_icmp_tx/check_buffer[17]_i_1/O
                         net (fo=1, routed)           0.000    12.853    u_eth_udp_loop/u_icmp/u_icmp_tx/check_buffer[17]
    SLICE_X26Y78         FDCE                                         r  u_eth_udp_loop/u_icmp/u_icmp_tx/check_buffer_reg[17]/D
  -------------------------------------------------------------------    -------------------

                         (clock eth_rxc rise edge)    8.000     8.000 r  
    K17                                               0.000     8.000 r  eth_rxc (IN)
                         net (fo=0)                   0.000     8.000    eth_rxc
    K17                  IBUF (Prop_ibuf_I_O)         1.421     9.421 r  eth_rxc_IBUF_inst/O
                         net (fo=2, routed)           1.880    11.301    u_eth_udp_loop/u_gmii_to_rgmii/u_rgmii_rx/eth_rxc
    BUFGCTRL_X0Y16       BUFG (Prop_bufg_I_O)         0.091    11.392 r  u_eth_udp_loop/u_gmii_to_rgmii/u_rgmii_rx/BUFG_inst/O
                         net (fo=1641, routed)        1.474    12.866    u_eth_udp_loop/u_icmp/u_icmp_tx/gmii_rx_clk
    SLICE_X26Y78         FDCE                                         r  u_eth_udp_loop/u_icmp/u_icmp_tx/check_buffer_reg[17]/C
                         clock pessimism              0.291    13.156    
                         clock uncertainty           -0.035    13.121    
    SLICE_X26Y78         FDCE (Setup_fdce_C_D)        0.029    13.150    u_eth_udp_loop/u_icmp/u_icmp_tx/check_buffer_reg[17]
  -------------------------------------------------------------------
                         required time                         13.150    
                         arrival time                         -12.853    
  -------------------------------------------------------------------
                         slack                                  0.297    

Slack (MET) :             0.323ns  (required time - arrival time)
  Source:                 u_eth_udp_loop/u_icmp/u_icmp_tx/tx_data_num_reg[3]/C
                            (rising edge-triggered cell FDCE clocked by eth_rxc  {rise@0.000ns fall@4.000ns period=8.000ns})
  Destination:            u_eth_udp_loop/u_icmp/u_icmp_tx/data_cnt_reg[12]/CE
                            (rising edge-triggered cell FDCE clocked by eth_rxc  {rise@0.000ns fall@4.000ns period=8.000ns})
  Path Group:             eth_rxc
  Path Type:              Setup (Max at Slow Process Corner)
  Requirement:            8.000ns  (eth_rxc rise@8.000ns - eth_rxc rise@0.000ns)
  Data Path Delay:        7.310ns  (logic 2.818ns (38.548%)  route 4.492ns (61.452%))
  Logic Levels:           9  (CARRY4=4 LUT2=2 LUT4=1 LUT6=2)
  Clock Path Skew:        -0.162ns (DCD - SCD + CPR)
    Destination Clock Delay (DCD):    4.871ns = ( 12.871 - 8.000 ) 
    Source Clock Delay      (SCD):    5.324ns
    Clock Pessimism Removal (CPR):    0.291ns
  Clock Uncertainty:      0.035ns  ((TSJ^2 + TIJ^2)^1/2 + DJ) / 2 + PE
    Total System Jitter     (TSJ):    0.071ns
    Total Input Jitter      (TIJ):    0.000ns
    Discrete Jitter          (DJ):    0.000ns
    Phase Error              (PE):    0.000ns

    Location             Delay type                Incr(ns)  Path(ns)    Netlist Resource(s)
  -------------------------------------------------------------------    -------------------
                         (clock eth_rxc rise edge)    0.000     0.000 r  
    K17                                               0.000     0.000 r  eth_rxc (IN)
                         net (fo=0)                   0.000     0.000    eth_rxc
    K17                  IBUF (Prop_ibuf_I_O)         1.492     1.492 r  eth_rxc_IBUF_inst/O
                         net (fo=2, routed)           2.076     3.568    u_eth_udp_loop/u_gmii_to_rgmii/u_rgmii_rx/eth_rxc
    BUFGCTRL_X0Y16       BUFG (Prop_bufg_I_O)         0.101     3.669 r  u_eth_udp_loop/u_gmii_to_rgmii/u_rgmii_rx/BUFG_inst/O
                         net (fo=1641, routed)        1.655     5.324    u_eth_udp_loop/u_icmp/u_icmp_tx/gmii_rx_clk
    SLICE_X31Y64         FDCE                                         r  u_eth_udp_loop/u_icmp/u_icmp_tx/tx_data_num_reg[3]/C
  -------------------------------------------------------------------    -------------------
    SLICE_X31Y64         FDCE (Prop_fdce_C_Q)         0.456     5.780 r  u_eth_udp_loop/u_icmp/u_icmp_tx/tx_data_num_reg[3]/Q
                         net (fo=7, routed)           0.883     6.662    u_eth_udp_loop/u_icmp/u_icmp_tx/tx_data_num[3]
    SLICE_X30Y64         LUT4 (Prop_lut4_I1_O)        0.124     6.786 f  u_eth_udp_loop/u_icmp/u_icmp_tx/i__carry_i_11__0/O
                         net (fo=1, routed)           0.452     7.238    u_eth_udp_loop/u_icmp/u_icmp_tx/i__carry_i_11__0_n_0
    SLICE_X30Y64         LUT6 (Prop_lut6_I0_O)        0.124     7.362 f  u_eth_udp_loop/u_icmp/u_icmp_tx/i__carry_i_10/O
                         net (fo=10, routed)          0.527     7.889    u_eth_udp_loop/u_icmp/u_icmp_tx/i__carry_i_10_n_0
    SLICE_X30Y64         LUT2 (Prop_lut2_I1_O)        0.124     8.013 r  u_eth_udp_loop/u_icmp/u_icmp_tx/i__carry_i_1__1/O
                         net (fo=1, routed)           0.620     8.633    u_eth_udp_loop/u_icmp/u_icmp_tx/real_tx_data_num[0]
    SLICE_X28Y62         CARRY4 (Prop_carry4_CYINIT_CO[3])
                                                      0.595     9.228 r  u_eth_udp_loop/u_icmp/u_icmp_tx/skip_en2_inferred__0/i__carry/CO[3]
                         net (fo=1, routed)           0.000     9.228    u_eth_udp_loop/u_icmp/u_icmp_tx/skip_en2_inferred__0/i__carry_n_0
    SLICE_X28Y63         CARRY4 (Prop_carry4_CI_CO[3])
                                                      0.117     9.345 r  u_eth_udp_loop/u_icmp/u_icmp_tx/skip_en2_inferred__0/i__carry__0/CO[3]
                         net (fo=1, routed)           0.000     9.345    u_eth_udp_loop/u_icmp/u_icmp_tx/skip_en2_inferred__0/i__carry__0_n_0
    SLICE_X28Y64         CARRY4 (Prop_carry4_CI_O[3])
                                                      0.315     9.660 r  u_eth_udp_loop/u_icmp/u_icmp_tx/skip_en2_inferred__0/i__carry__1/O[3]
                         net (fo=1, routed)           0.547    10.207    u_eth_udp_loop/u_icmp/u_icmp_tx/skip_en2_inferred__0/i__carry__1_n_4
    SLICE_X29Y66         LUT2 (Prop_lut2_I1_O)        0.307    10.514 r  u_eth_udp_loop/u_icmp/u_icmp_tx/i__carry__2_i_5/O
                         net (fo=1, routed)           0.000    10.514    u_eth_udp_loop/u_icmp/u_icmp_tx/i__carry__2_i_5_n_0
    SLICE_X29Y66         CARRY4 (Prop_carry4_S[0]_CO[3])
                                                      0.532    11.046 r  u_eth_udp_loop/u_icmp/u_icmp_tx/p_1_out_inferred__1/i__carry__2/CO[3]
                         net (fo=9, routed)           1.095    12.141    u_eth_udp_loop/u_icmp/u_icmp_tx/p_1_out_inferred__1/i__carry__2_n_0
    SLICE_X21Y64         LUT6 (Prop_lut6_I4_O)        0.124    12.265 r  u_eth_udp_loop/u_icmp/u_icmp_tx/data_cnt[0]_i_1__0/O
                         net (fo=16, routed)          0.369    12.634    u_eth_udp_loop/u_icmp/u_icmp_tx/data_cnt0
    SLICE_X20Y66         FDCE                                         r  u_eth_udp_loop/u_icmp/u_icmp_tx/data_cnt_reg[12]/CE
  -------------------------------------------------------------------    -------------------

                         (clock eth_rxc rise edge)    8.000     8.000 r  
    K17                                               0.000     8.000 r  eth_rxc (IN)
                         net (fo=0)                   0.000     8.000    eth_rxc
    K17                  IBUF (Prop_ibuf_I_O)         1.421     9.421 r  eth_rxc_IBUF_inst/O
                         net (fo=2, routed)           1.880    11.301    u_eth_udp_loop/u_gmii_to_rgmii/u_rgmii_rx/eth_rxc
    BUFGCTRL_X0Y16       BUFG (Prop_bufg_I_O)         0.091    11.392 r  u_eth_udp_loop/u_gmii_to_rgmii/u_rgmii_rx/BUFG_inst/O
                         net (fo=1641, routed)        1.479    12.871    u_eth_udp_loop/u_icmp/u_icmp_tx/gmii_rx_clk
    SLICE_X20Y66         FDCE                                         r  u_eth_udp_loop/u_icmp/u_icmp_tx/data_cnt_reg[12]/C
                         clock pessimism              0.291    13.161    
                         clock uncertainty           -0.035    13.126    
    SLICE_X20Y66         FDCE (Setup_fdce_C_CE)      -0.169    12.957    u_eth_udp_loop/u_icmp/u_icmp_tx/data_cnt_reg[12]
  -------------------------------------------------------------------
                         required time                         12.957    
                         arrival time                         -12.634    
  -------------------------------------------------------------------
                         slack                                  0.323    

Slack (MET) :             0.323ns  (required time - arrival time)
  Source:                 u_eth_udp_loop/u_icmp/u_icmp_tx/tx_data_num_reg[3]/C
                            (rising edge-triggered cell FDCE clocked by eth_rxc  {rise@0.000ns fall@4.000ns period=8.000ns})
  Destination:            u_eth_udp_loop/u_icmp/u_icmp_tx/data_cnt_reg[13]/CE
                            (rising edge-triggered cell FDCE clocked by eth_rxc  {rise@0.000ns fall@4.000ns period=8.000ns})
  Path Group:             eth_rxc
  Path Type:              Setup (Max at Slow Process Corner)
  Requirement:            8.000ns  (eth_rxc rise@8.000ns - eth_rxc rise@0.000ns)
  Data Path Delay:        7.310ns  (logic 2.818ns (38.548%)  route 4.492ns (61.452%))
  Logic Levels:           9  (CARRY4=4 LUT2=2 LUT4=1 LUT6=2)
  Clock Path Skew:        -0.162ns (DCD - SCD + CPR)
    Destination Clock Delay (DCD):    4.871ns = ( 12.871 - 8.000 ) 
    Source Clock Delay      (SCD):    5.324ns
    Clock Pessimism Removal (CPR):    0.291ns
  Clock Uncertainty:      0.035ns  ((TSJ^2 + TIJ^2)^1/2 + DJ) / 2 + PE
    Total System Jitter     (TSJ):    0.071ns
    Total Input Jitter      (TIJ):    0.000ns
    Discrete Jitter          (DJ):    0.000ns
    Phase Error              (PE):    0.000ns

    Location             Delay type                Incr(ns)  Path(ns)    Netlist Resource(s)
  -------------------------------------------------------------------    -------------------
                         (clock eth_rxc rise edge)    0.000     0.000 r  
    K17                                               0.000     0.000 r  eth_rxc (IN)
                         net (fo=0)                   0.000     0.000    eth_rxc
    K17                  IBUF (Prop_ibuf_I_O)         1.492     1.492 r  eth_rxc_IBUF_inst/O
                         net (fo=2, routed)           2.076     3.568    u_eth_udp_loop/u_gmii_to_rgmii/u_rgmii_rx/eth_rxc
    BUFGCTRL_X0Y16       BUFG (Prop_bufg_I_O)         0.101     3.669 r  u_eth_udp_loop/u_gmii_to_rgmii/u_rgmii_rx/BUFG_inst/O
                         net (fo=1641, routed)        1.655     5.324    u_eth_udp_loop/u_icmp/u_icmp_tx/gmii_rx_clk
    SLICE_X31Y64         FDCE                                         r  u_eth_udp_loop/u_icmp/u_icmp_tx/tx_data_num_reg[3]/C
  -------------------------------------------------------------------    -------------------
    SLICE_X31Y64         FDCE (Prop_fdce_C_Q)         0.456     5.780 r  u_eth_udp_loop/u_icmp/u_icmp_tx/tx_data_num_reg[3]/Q
                         net (fo=7, routed)           0.883     6.662    u_eth_udp_loop/u_icmp/u_icmp_tx/tx_data_num[3]
    SLICE_X30Y64         LUT4 (Prop_lut4_I1_O)        0.124     6.786 f  u_eth_udp_loop/u_icmp/u_icmp_tx/i__carry_i_11__0/O
                         net (fo=1, routed)           0.452     7.238    u_eth_udp_loop/u_icmp/u_icmp_tx/i__carry_i_11__0_n_0
    SLICE_X30Y64         LUT6 (Prop_lut6_I0_O)        0.124     7.362 f  u_eth_udp_loop/u_icmp/u_icmp_tx/i__carry_i_10/O
                         net (fo=10, routed)          0.527     7.889    u_eth_udp_loop/u_icmp/u_icmp_tx/i__carry_i_10_n_0
    SLICE_X30Y64         LUT2 (Prop_lut2_I1_O)        0.124     8.013 r  u_eth_udp_loop/u_icmp/u_icmp_tx/i__carry_i_1__1/O
                         net (fo=1, routed)           0.620     8.633    u_eth_udp_loop/u_icmp/u_icmp_tx/real_tx_data_num[0]
    SLICE_X28Y62         CARRY4 (Prop_carry4_CYINIT_CO[3])
                                                      0.595     9.228 r  u_eth_udp_loop/u_icmp/u_icmp_tx/skip_en2_inferred__0/i__carry/CO[3]
                         net (fo=1, routed)           0.000     9.228    u_eth_udp_loop/u_icmp/u_icmp_tx/skip_en2_inferred__0/i__carry_n_0
    SLICE_X28Y63         CARRY4 (Prop_carry4_CI_CO[3])
                                                      0.117     9.345 r  u_eth_udp_loop/u_icmp/u_icmp_tx/skip_en2_inferred__0/i__carry__0/CO[3]
                         net (fo=1, routed)           0.000     9.345    u_eth_udp_loop/u_icmp/u_icmp_tx/skip_en2_inferred__0/i__carry__0_n_0
    SLICE_X28Y64         CARRY4 (Prop_carry4_CI_O[3])
                                                      0.315     9.660 r  u_eth_udp_loop/u_icmp/u_icmp_tx/skip_en2_inferred__0/i__carry__1/O[3]
                         net (fo=1, routed)           0.547    10.207    u_eth_udp_loop/u_icmp/u_icmp_tx/skip_en2_inferred__0/i__carry__1_n_4
    SLICE_X29Y66         LUT2 (Prop_lut2_I1_O)        0.307    10.514 r  u_eth_udp_loop/u_icmp/u_icmp_tx/i__carry__2_i_5/O
                         net (fo=1, routed)           0.000    10.514    u_eth_udp_loop/u_icmp/u_icmp_tx/i__carry__2_i_5_n_0
    SLICE_X29Y66         CARRY4 (Prop_carry4_S[0]_CO[3])
                                                      0.532    11.046 r  u_eth_udp_loop/u_icmp/u_icmp_tx/p_1_out_inferred__1/i__carry__2/CO[3]
                         net (fo=9, routed)           1.095    12.141    u_eth_udp_loop/u_icmp/u_icmp_tx/p_1_out_inferred__1/i__carry__2_n_0
    SLICE_X21Y64         LUT6 (Prop_lut6_I4_O)        0.124    12.265 r  u_eth_udp_loop/u_icmp/u_icmp_tx/data_cnt[0]_i_1__0/O
                         net (fo=16, routed)          0.369    12.634    u_eth_udp_loop/u_icmp/u_icmp_tx/data_cnt0
    SLICE_X20Y66         FDCE                                         r  u_eth_udp_loop/u_icmp/u_icmp_tx/data_cnt_reg[13]/CE
  -------------------------------------------------------------------    -------------------

                         (clock eth_rxc rise edge)    8.000     8.000 r  
    K17                                               0.000     8.000 r  eth_rxc (IN)
                         net (fo=0)                   0.000     8.000    eth_rxc
    K17                  IBUF (Prop_ibuf_I_O)         1.421     9.421 r  eth_rxc_IBUF_inst/O
                         net (fo=2, routed)           1.880    11.301    u_eth_udp_loop/u_gmii_to_rgmii/u_rgmii_rx/eth_rxc
    BUFGCTRL_X0Y16       BUFG (Prop_bufg_I_O)         0.091    11.392 r  u_eth_udp_loop/u_gmii_to_rgmii/u_rgmii_rx/BUFG_inst/O
                         net (fo=1641, routed)        1.479    12.871    u_eth_udp_loop/u_icmp/u_icmp_tx/gmii_rx_clk
    SLICE_X20Y66         FDCE                                         r  u_eth_udp_loop/u_icmp/u_icmp_tx/data_cnt_reg[13]/C
                         clock pessimism              0.291    13.161    
                         clock uncertainty           -0.035    13.126    
    SLICE_X20Y66         FDCE (Setup_fdce_C_CE)      -0.169    12.957    u_eth_udp_loop/u_icmp/u_icmp_tx/data_cnt_reg[13]
  -------------------------------------------------------------------
                         required time                         12.957    
                         arrival time                         -12.634    
  -------------------------------------------------------------------
                         slack                                  0.323    

Slack (MET) :             0.323ns  (required time - arrival time)
  Source:                 u_eth_udp_loop/u_icmp/u_icmp_tx/tx_data_num_reg[3]/C
                            (rising edge-triggered cell FDCE clocked by eth_rxc  {rise@0.000ns fall@4.000ns period=8.000ns})
  Destination:            u_eth_udp_loop/u_icmp/u_icmp_tx/data_cnt_reg[14]/CE
                            (rising edge-triggered cell FDCE clocked by eth_rxc  {rise@0.000ns fall@4.000ns period=8.000ns})
  Path Group:             eth_rxc
  Path Type:              Setup (Max at Slow Process Corner)
  Requirement:            8.000ns  (eth_rxc rise@8.000ns - eth_rxc rise@0.000ns)
  Data Path Delay:        7.310ns  (logic 2.818ns (38.548%)  route 4.492ns (61.452%))
  Logic Levels:           9  (CARRY4=4 LUT2=2 LUT4=1 LUT6=2)
  Clock Path Skew:        -0.162ns (DCD - SCD + CPR)
    Destination Clock Delay (DCD):    4.871ns = ( 12.871 - 8.000 ) 
    Source Clock Delay      (SCD):    5.324ns
    Clock Pessimism Removal (CPR):    0.291ns
  Clock Uncertainty:      0.035ns  ((TSJ^2 + TIJ^2)^1/2 + DJ) / 2 + PE
    Total System Jitter     (TSJ):    0.071ns
    Total Input Jitter      (TIJ):    0.000ns
    Discrete Jitter          (DJ):    0.000ns
    Phase Error              (PE):    0.000ns

    Location             Delay type                Incr(ns)  Path(ns)    Netlist Resource(s)
  -------------------------------------------------------------------    -------------------
                         (clock eth_rxc rise edge)    0.000     0.000 r  
    K17                                               0.000     0.000 r  eth_rxc (IN)
                         net (fo=0)                   0.000     0.000    eth_rxc
    K17                  IBUF (Prop_ibuf_I_O)         1.492     1.492 r  eth_rxc_IBUF_inst/O
                         net (fo=2, routed)           2.076     3.568    u_eth_udp_loop/u_gmii_to_rgmii/u_rgmii_rx/eth_rxc
    BUFGCTRL_X0Y16       BUFG (Prop_bufg_I_O)         0.101     3.669 r  u_eth_udp_loop/u_gmii_to_rgmii/u_rgmii_rx/BUFG_inst/O
                         net (fo=1641, routed)        1.655     5.324    u_eth_udp_loop/u_icmp/u_icmp_tx/gmii_rx_clk
    SLICE_X31Y64         FDCE                                         r  u_eth_udp_loop/u_icmp/u_icmp_tx/tx_data_num_reg[3]/C
  -------------------------------------------------------------------    -------------------
    SLICE_X31Y64         FDCE (Prop_fdce_C_Q)         0.456     5.780 r  u_eth_udp_loop/u_icmp/u_icmp_tx/tx_data_num_reg[3]/Q
                         net (fo=7, routed)           0.883     6.662    u_eth_udp_loop/u_icmp/u_icmp_tx/tx_data_num[3]
    SLICE_X30Y64         LUT4 (Prop_lut4_I1_O)        0.124     6.786 f  u_eth_udp_loop/u_icmp/u_icmp_tx/i__carry_i_11__0/O
                         net (fo=1, routed)           0.452     7.238    u_eth_udp_loop/u_icmp/u_icmp_tx/i__carry_i_11__0_n_0
    SLICE_X30Y64         LUT6 (Prop_lut6_I0_O)        0.124     7.362 f  u_eth_udp_loop/u_icmp/u_icmp_tx/i__carry_i_10/O
                         net (fo=10, routed)          0.527     7.889    u_eth_udp_loop/u_icmp/u_icmp_tx/i__carry_i_10_n_0
    SLICE_X30Y64         LUT2 (Prop_lut2_I1_O)        0.124     8.013 r  u_eth_udp_loop/u_icmp/u_icmp_tx/i__carry_i_1__1/O
                         net (fo=1, routed)           0.620     8.633    u_eth_udp_loop/u_icmp/u_icmp_tx/real_tx_data_num[0]
    SLICE_X28Y62         CARRY4 (Prop_carry4_CYINIT_CO[3])
                                                      0.595     9.228 r  u_eth_udp_loop/u_icmp/u_icmp_tx/skip_en2_inferred__0/i__carry/CO[3]
                         net (fo=1, routed)           0.000     9.228    u_eth_udp_loop/u_icmp/u_icmp_tx/skip_en2_inferred__0/i__carry_n_0
    SLICE_X28Y63         CARRY4 (Prop_carry4_CI_CO[3])
                                                      0.117     9.345 r  u_eth_udp_loop/u_icmp/u_icmp_tx/skip_en2_inferred__0/i__carry__0/CO[3]
                         net (fo=1, routed)           0.000     9.345    u_eth_udp_loop/u_icmp/u_icmp_tx/skip_en2_inferred__0/i__carry__0_n_0
    SLICE_X28Y64         CARRY4 (Prop_carry4_CI_O[3])
                                                      0.315     9.660 r  u_eth_udp_loop/u_icmp/u_icmp_tx/skip_en2_inferred__0/i__carry__1/O[3]
                         net (fo=1, routed)           0.547    10.207    u_eth_udp_loop/u_icmp/u_icmp_tx/skip_en2_inferred__0/i__carry__1_n_4
    SLICE_X29Y66         LUT2 (Prop_lut2_I1_O)        0.307    10.514 r  u_eth_udp_loop/u_icmp/u_icmp_tx/i__carry__2_i_5/O
                         net (fo=1, routed)           0.000    10.514    u_eth_udp_loop/u_icmp/u_icmp_tx/i__carry__2_i_5_n_0
    SLICE_X29Y66         CARRY4 (Prop_carry4_S[0]_CO[3])
                                                      0.532    11.046 r  u_eth_udp_loop/u_icmp/u_icmp_tx/p_1_out_inferred__1/i__carry__2/CO[3]
                         net (fo=9, routed)           1.095    12.141    u_eth_udp_loop/u_icmp/u_icmp_tx/p_1_out_inferred__1/i__carry__2_n_0
    SLICE_X21Y64         LUT6 (Prop_lut6_I4_O)        0.124    12.265 r  u_eth_udp_loop/u_icmp/u_icmp_tx/data_cnt[0]_i_1__0/O
                         net (fo=16, routed)          0.369    12.634    u_eth_udp_loop/u_icmp/u_icmp_tx/data_cnt0
    SLICE_X20Y66         FDCE                                         r  u_eth_udp_loop/u_icmp/u_icmp_tx/data_cnt_reg[14]/CE
  -------------------------------------------------------------------    -------------------

                         (clock eth_rxc rise edge)    8.000     8.000 r  
    K17                                               0.000     8.000 r  eth_rxc (IN)
                         net (fo=0)                   0.000     8.000    eth_rxc
    K17                  IBUF (Prop_ibuf_I_O)         1.421     9.421 r  eth_rxc_IBUF_inst/O
                         net (fo=2, routed)           1.880    11.301    u_eth_udp_loop/u_gmii_to_rgmii/u_rgmii_rx/eth_rxc
    BUFGCTRL_X0Y16       BUFG (Prop_bufg_I_O)         0.091    11.392 r  u_eth_udp_loop/u_gmii_to_rgmii/u_rgmii_rx/BUFG_inst/O
                         net (fo=1641, routed)        1.479    12.871    u_eth_udp_loop/u_icmp/u_icmp_tx/gmii_rx_clk
    SLICE_X20Y66         FDCE                                         r  u_eth_udp_loop/u_icmp/u_icmp_tx/data_cnt_reg[14]/C
                         clock pessimism              0.291    13.161    
                         clock uncertainty           -0.035    13.126    
    SLICE_X20Y66         FDCE (Setup_fdce_C_CE)      -0.169    12.957    u_eth_udp_loop/u_icmp/u_icmp_tx/data_cnt_reg[14]
  -------------------------------------------------------------------
                         required time                         12.957    
                         arrival time                         -12.634    
  -------------------------------------------------------------------
                         slack                                  0.323    

Slack (MET) :             0.323ns  (required time - arrival time)
  Source:                 u_eth_udp_loop/u_icmp/u_icmp_tx/tx_data_num_reg[3]/C
                            (rising edge-triggered cell FDCE clocked by eth_rxc  {rise@0.000ns fall@4.000ns period=8.000ns})
  Destination:            u_eth_udp_loop/u_icmp/u_icmp_tx/data_cnt_reg[15]/CE
                            (rising edge-triggered cell FDCE clocked by eth_rxc  {rise@0.000ns fall@4.000ns period=8.000ns})
  Path Group:             eth_rxc
  Path Type:              Setup (Max at Slow Process Corner)
  Requirement:            8.000ns  (eth_rxc rise@8.000ns - eth_rxc rise@0.000ns)
  Data Path Delay:        7.310ns  (logic 2.818ns (38.548%)  route 4.492ns (61.452%))
  Logic Levels:           9  (CARRY4=4 LUT2=2 LUT4=1 LUT6=2)
  Clock Path Skew:        -0.162ns (DCD - SCD + CPR)
    Destination Clock Delay (DCD):    4.871ns = ( 12.871 - 8.000 ) 
    Source Clock Delay      (SCD):    5.324ns
    Clock Pessimism Removal (CPR):    0.291ns
  Clock Uncertainty:      0.035ns  ((TSJ^2 + TIJ^2)^1/2 + DJ) / 2 + PE
    Total System Jitter     (TSJ):    0.071ns
    Total Input Jitter      (TIJ):    0.000ns
    Discrete Jitter          (DJ):    0.000ns
    Phase Error              (PE):    0.000ns

    Location             Delay type                Incr(ns)  Path(ns)    Netlist Resource(s)
  -------------------------------------------------------------------    -------------------
                         (clock eth_rxc rise edge)    0.000     0.000 r  
    K17                                               0.000     0.000 r  eth_rxc (IN)
                         net (fo=0)                   0.000     0.000    eth_rxc
    K17                  IBUF (Prop_ibuf_I_O)         1.492     1.492 r  eth_rxc_IBUF_inst/O
                         net (fo=2, routed)           2.076     3.568    u_eth_udp_loop/u_gmii_to_rgmii/u_rgmii_rx/eth_rxc
    BUFGCTRL_X0Y16       BUFG (Prop_bufg_I_O)         0.101     3.669 r  u_eth_udp_loop/u_gmii_to_rgmii/u_rgmii_rx/BUFG_inst/O
                         net (fo=1641, routed)        1.655     5.324    u_eth_udp_loop/u_icmp/u_icmp_tx/gmii_rx_clk
    SLICE_X31Y64         FDCE                                         r  u_eth_udp_loop/u_icmp/u_icmp_tx/tx_data_num_reg[3]/C
  -------------------------------------------------------------------    -------------------
    SLICE_X31Y64         FDCE (Prop_fdce_C_Q)         0.456     5.780 r  u_eth_udp_loop/u_icmp/u_icmp_tx/tx_data_num_reg[3]/Q
                         net (fo=7, routed)           0.883     6.662    u_eth_udp_loop/u_icmp/u_icmp_tx/tx_data_num[3]
    SLICE_X30Y64         LUT4 (Prop_lut4_I1_O)        0.124     6.786 f  u_eth_udp_loop/u_icmp/u_icmp_tx/i__carry_i_11__0/O
                         net (fo=1, routed)           0.452     7.238    u_eth_udp_loop/u_icmp/u_icmp_tx/i__carry_i_11__0_n_0
    SLICE_X30Y64         LUT6 (Prop_lut6_I0_O)        0.124     7.362 f  u_eth_udp_loop/u_icmp/u_icmp_tx/i__carry_i_10/O
                         net (fo=10, routed)          0.527     7.889    u_eth_udp_loop/u_icmp/u_icmp_tx/i__carry_i_10_n_0
    SLICE_X30Y64         LUT2 (Prop_lut2_I1_O)        0.124     8.013 r  u_eth_udp_loop/u_icmp/u_icmp_tx/i__carry_i_1__1/O
                         net (fo=1, routed)           0.620     8.633    u_eth_udp_loop/u_icmp/u_icmp_tx/real_tx_data_num[0]
    SLICE_X28Y62         CARRY4 (Prop_carry4_CYINIT_CO[3])
                                                      0.595     9.228 r  u_eth_udp_loop/u_icmp/u_icmp_tx/skip_en2_inferred__0/i__carry/CO[3]
                         net (fo=1, routed)           0.000     9.228    u_eth_udp_loop/u_icmp/u_icmp_tx/skip_en2_inferred__0/i__carry_n_0
    SLICE_X28Y63         CARRY4 (Prop_carry4_CI_CO[3])
                                                      0.117     9.345 r  u_eth_udp_loop/u_icmp/u_icmp_tx/skip_en2_inferred__0/i__carry__0/CO[3]
                         net (fo=1, routed)           0.000     9.345    u_eth_udp_loop/u_icmp/u_icmp_tx/skip_en2_inferred__0/i__carry__0_n_0
    SLICE_X28Y64         CARRY4 (Prop_carry4_CI_O[3])
                                                      0.315     9.660 r  u_eth_udp_loop/u_icmp/u_icmp_tx/skip_en2_inferred__0/i__carry__1/O[3]
                         net (fo=1, routed)           0.547    10.207    u_eth_udp_loop/u_icmp/u_icmp_tx/skip_en2_inferred__0/i__carry__1_n_4
    SLICE_X29Y66         LUT2 (Prop_lut2_I1_O)        0.307    10.514 r  u_eth_udp_loop/u_icmp/u_icmp_tx/i__carry__2_i_5/O
                         net (fo=1, routed)           0.000    10.514    u_eth_udp_loop/u_icmp/u_icmp_tx/i__carry__2_i_5_n_0
    SLICE_X29Y66         CARRY4 (Prop_carry4_S[0]_CO[3])
                                                      0.532    11.046 r  u_eth_udp_loop/u_icmp/u_icmp_tx/p_1_out_inferred__1/i__carry__2/CO[3]
                         net (fo=9, routed)           1.095    12.141    u_eth_udp_loop/u_icmp/u_icmp_tx/p_1_out_inferred__1/i__carry__2_n_0
    SLICE_X21Y64         LUT6 (Prop_lut6_I4_O)        0.124    12.265 r  u_eth_udp_loop/u_icmp/u_icmp_tx/data_cnt[0]_i_1__0/O
                         net (fo=16, routed)          0.369    12.634    u_eth_udp_loop/u_icmp/u_icmp_tx/data_cnt0
    SLICE_X20Y66         FDCE                                         r  u_eth_udp_loop/u_icmp/u_icmp_tx/data_cnt_reg[15]/CE
  -------------------------------------------------------------------    -------------------

                         (clock eth_rxc rise edge)    8.000     8.000 r  
    K17                                               0.000     8.000 r  eth_rxc (IN)
                         net (fo=0)                   0.000     8.000    eth_rxc
    K17                  IBUF (Prop_ibuf_I_O)         1.421     9.421 r  eth_rxc_IBUF_inst/O
                         net (fo=2, routed)           1.880    11.301    u_eth_udp_loop/u_gmii_to_rgmii/u_rgmii_rx/eth_rxc
    BUFGCTRL_X0Y16       BUFG (Prop_bufg_I_O)         0.091    11.392 r  u_eth_udp_loop/u_gmii_to_rgmii/u_rgmii_rx/BUFG_inst/O
                         net (fo=1641, routed)        1.479    12.871    u_eth_udp_loop/u_icmp/u_icmp_tx/gmii_rx_clk
    SLICE_X20Y66         FDCE                                         r  u_eth_udp_loop/u_icmp/u_icmp_tx/data_cnt_reg[15]/C
                         clock pessimism              0.291    13.161    
                         clock uncertainty           -0.035    13.126    
    SLICE_X20Y66         FDCE (Setup_fdce_C_CE)      -0.169    12.957    u_eth_udp_loop/u_icmp/u_icmp_tx/data_cnt_reg[15]
  -------------------------------------------------------------------
                         required time                         12.957    
                         arrival time                         -12.634    
  -------------------------------------------------------------------
                         slack                                  0.323    

Slack (MET) :             0.326ns  (required time - arrival time)
  Source:                 u_eth_udp_loop/u_icmp/u_icmp_tx/tx_data_num_reg[3]/C
                            (rising edge-triggered cell FDCE clocked by eth_rxc  {rise@0.000ns fall@4.000ns period=8.000ns})
  Destination:            u_eth_udp_loop/u_icmp/u_icmp_tx/data_cnt_reg[10]/CE
                            (rising edge-triggered cell FDCE clocked by eth_rxc  {rise@0.000ns fall@4.000ns period=8.000ns})
  Path Group:             eth_rxc
  Path Type:              Setup (Max at Slow Process Corner)
  Requirement:            8.000ns  (eth_rxc rise@8.000ns - eth_rxc rise@0.000ns)
  Data Path Delay:        7.308ns  (logic 2.818ns (38.559%)  route 4.490ns (61.441%))
  Logic Levels:           9  (CARRY4=4 LUT2=2 LUT4=1 LUT6=2)
  Clock Path Skew:        -0.161ns (DCD - SCD + CPR)
    Destination Clock Delay (DCD):    4.872ns = ( 12.872 - 8.000 ) 
    Source Clock Delay      (SCD):    5.324ns
    Clock Pessimism Removal (CPR):    0.291ns
  Clock Uncertainty:      0.035ns  ((TSJ^2 + TIJ^2)^1/2 + DJ) / 2 + PE
    Total System Jitter     (TSJ):    0.071ns
    Total Input Jitter      (TIJ):    0.000ns
    Discrete Jitter          (DJ):    0.000ns
    Phase Error              (PE):    0.000ns

    Location             Delay type                Incr(ns)  Path(ns)    Netlist Resource(s)
  -------------------------------------------------------------------    -------------------
                         (clock eth_rxc rise edge)    0.000     0.000 r  
    K17                                               0.000     0.000 r  eth_rxc (IN)
                         net (fo=0)                   0.000     0.000    eth_rxc
    K17                  IBUF (Prop_ibuf_I_O)         1.492     1.492 r  eth_rxc_IBUF_inst/O
                         net (fo=2, routed)           2.076     3.568    u_eth_udp_loop/u_gmii_to_rgmii/u_rgmii_rx/eth_rxc
    BUFGCTRL_X0Y16       BUFG (Prop_bufg_I_O)         0.101     3.669 r  u_eth_udp_loop/u_gmii_to_rgmii/u_rgmii_rx/BUFG_inst/O
                         net (fo=1641, routed)        1.655     5.324    u_eth_udp_loop/u_icmp/u_icmp_tx/gmii_rx_clk
    SLICE_X31Y64         FDCE                                         r  u_eth_udp_loop/u_icmp/u_icmp_tx/tx_data_num_reg[3]/C
  -------------------------------------------------------------------    -------------------
    SLICE_X31Y64         FDCE (Prop_fdce_C_Q)         0.456     5.780 r  u_eth_udp_loop/u_icmp/u_icmp_tx/tx_data_num_reg[3]/Q
                         net (fo=7, routed)           0.883     6.662    u_eth_udp_loop/u_icmp/u_icmp_tx/tx_data_num[3]
    SLICE_X30Y64         LUT4 (Prop_lut4_I1_O)        0.124     6.786 f  u_eth_udp_loop/u_icmp/u_icmp_tx/i__carry_i_11__0/O
                         net (fo=1, routed)           0.452     7.238    u_eth_udp_loop/u_icmp/u_icmp_tx/i__carry_i_11__0_n_0
    SLICE_X30Y64         LUT6 (Prop_lut6_I0_O)        0.124     7.362 f  u_eth_udp_loop/u_icmp/u_icmp_tx/i__carry_i_10/O
                         net (fo=10, routed)          0.527     7.889    u_eth_udp_loop/u_icmp/u_icmp_tx/i__carry_i_10_n_0
    SLICE_X30Y64         LUT2 (Prop_lut2_I1_O)        0.124     8.013 r  u_eth_udp_loop/u_icmp/u_icmp_tx/i__carry_i_1__1/O
                         net (fo=1, routed)           0.620     8.633    u_eth_udp_loop/u_icmp/u_icmp_tx/real_tx_data_num[0]
    SLICE_X28Y62         CARRY4 (Prop_carry4_CYINIT_CO[3])
                                                      0.595     9.228 r  u_eth_udp_loop/u_icmp/u_icmp_tx/skip_en2_inferred__0/i__carry/CO[3]
                         net (fo=1, routed)           0.000     9.228    u_eth_udp_loop/u_icmp/u_icmp_tx/skip_en2_inferred__0/i__carry_n_0
    SLICE_X28Y63         CARRY4 (Prop_carry4_CI_CO[3])
                                                      0.117     9.345 r  u_eth_udp_loop/u_icmp/u_icmp_tx/skip_en2_inferred__0/i__carry__0/CO[3]
                         net (fo=1, routed)           0.000     9.345    u_eth_udp_loop/u_icmp/u_icmp_tx/skip_en2_inferred__0/i__carry__0_n_0
    SLICE_X28Y64         CARRY4 (Prop_carry4_CI_O[3])
                                                      0.315     9.660 r  u_eth_udp_loop/u_icmp/u_icmp_tx/skip_en2_inferred__0/i__carry__1/O[3]
                         net (fo=1, routed)           0.547    10.207    u_eth_udp_loop/u_icmp/u_icmp_tx/skip_en2_inferred__0/i__carry__1_n_4
    SLICE_X29Y66         LUT2 (Prop_lut2_I1_O)        0.307    10.514 r  u_eth_udp_loop/u_icmp/u_icmp_tx/i__carry__2_i_5/O
                         net (fo=1, routed)           0.000    10.514    u_eth_udp_loop/u_icmp/u_icmp_tx/i__carry__2_i_5_n_0
    SLICE_X29Y66         CARRY4 (Prop_carry4_S[0]_CO[3])
                                                      0.532    11.046 r  u_eth_udp_loop/u_icmp/u_icmp_tx/p_1_out_inferred__1/i__carry__2/CO[3]
                         net (fo=9, routed)           1.095    12.141    u_eth_udp_loop/u_icmp/u_icmp_tx/p_1_out_inferred__1/i__carry__2_n_0
    SLICE_X21Y64         LUT6 (Prop_lut6_I4_O)        0.124    12.265 r  u_eth_udp_loop/u_icmp/u_icmp_tx/data_cnt[0]_i_1__0/O
                         net (fo=16, routed)          0.367    12.632    u_eth_udp_loop/u_icmp/u_icmp_tx/data_cnt0
    SLICE_X20Y65         FDCE                                         r  u_eth_udp_loop/u_icmp/u_icmp_tx/data_cnt_reg[10]/CE
  -------------------------------------------------------------------    -------------------

                         (clock eth_rxc rise edge)    8.000     8.000 r  
    K17                                               0.000     8.000 r  eth_rxc (IN)
                         net (fo=0)                   0.000     8.000    eth_rxc
    K17                  IBUF (Prop_ibuf_I_O)         1.421     9.421 r  eth_rxc_IBUF_inst/O
                         net (fo=2, routed)           1.880    11.301    u_eth_udp_loop/u_gmii_to_rgmii/u_rgmii_rx/eth_rxc
    BUFGCTRL_X0Y16       BUFG (Prop_bufg_I_O)         0.091    11.392 r  u_eth_udp_loop/u_gmii_to_rgmii/u_rgmii_rx/BUFG_inst/O
                         net (fo=1641, routed)        1.480    12.872    u_eth_udp_loop/u_icmp/u_icmp_tx/gmii_rx_clk
    SLICE_X20Y65         FDCE                                         r  u_eth_udp_loop/u_icmp/u_icmp_tx/data_cnt_reg[10]/C
                         clock pessimism              0.291    13.162    
                         clock uncertainty           -0.035    13.127    
    SLICE_X20Y65         FDCE (Setup_fdce_C_CE)      -0.169    12.958    u_eth_udp_loop/u_icmp/u_icmp_tx/data_cnt_reg[10]
  -------------------------------------------------------------------
                         required time                         12.958    
                         arrival time                         -12.632    
  -------------------------------------------------------------------
                         slack                                  0.326    





Min Delay Paths
--------------------------------------------------------------------------------------
Slack (MET) :             0.050ns  (arrival time - required time)
  Source:                 u_eth_udp_loop/u_arp/u_arp_rx/src_ip_reg[12]/C
                            (rising edge-triggered cell FDCE clocked by eth_rxc  {rise@0.000ns fall@4.000ns period=8.000ns})
  Destination:            u_eth_udp_loop/u_udp/u_udp_tx/ip_head_reg[4][12]/D
                            (rising edge-triggered cell FDRE clocked by eth_rxc  {rise@0.000ns fall@4.000ns period=8.000ns})
  Path Group:             eth_rxc
  Path Type:              Hold (Min at Fast Process Corner)
  Requirement:            0.000ns  (eth_rxc rise@0.000ns - eth_rxc rise@0.000ns)
  Data Path Delay:        0.381ns  (logic 0.141ns (37.051%)  route 0.240ns (62.949%))
  Logic Levels:           0  
  Clock Path Skew:        0.264ns (DCD - SCD - CPR)
    Destination Clock Delay (DCD):    1.976ns
    Source Clock Delay      (SCD):    1.460ns
    Clock Pessimism Removal (CPR):    0.252ns

    Location             Delay type                Incr(ns)  Path(ns)    Netlist Resource(s)
  -------------------------------------------------------------------    -------------------
                         (clock eth_rxc rise edge)    0.000     0.000 r  
    K17                                               0.000     0.000 r  eth_rxc (IN)
                         net (fo=0)                   0.000     0.000    eth_rxc
    K17                  IBUF (Prop_ibuf_I_O)         0.259     0.259 r  eth_rxc_IBUF_inst/O
                         net (fo=2, routed)           0.627     0.887    u_eth_udp_loop/u_gmii_to_rgmii/u_rgmii_rx/eth_rxc
    BUFGCTRL_X0Y16       BUFG (Prop_bufg_I_O)         0.026     0.913 r  u_eth_udp_loop/u_gmii_to_rgmii/u_rgmii_rx/BUFG_inst/O
                         net (fo=1641, routed)        0.548     1.460    u_eth_udp_loop/u_arp/u_arp_rx/rgmii_txc
    SLICE_X23Y69         FDCE                                         r  u_eth_udp_loop/u_arp/u_arp_rx/src_ip_reg[12]/C
  -------------------------------------------------------------------    -------------------
    SLICE_X23Y69         FDCE (Prop_fdce_C_Q)         0.141     1.601 r  u_eth_udp_loop/u_arp/u_arp_rx/src_ip_reg[12]/Q
                         net (fo=5, routed)           0.240     1.841    u_eth_udp_loop/u_udp/u_udp_tx/ip_head_reg[4][31]_0[12]
    SLICE_X19Y70         FDRE                                         r  u_eth_udp_loop/u_udp/u_udp_tx/ip_head_reg[4][12]/D
  -------------------------------------------------------------------    -------------------

                         (clock eth_rxc rise edge)    0.000     0.000 r  
    K17                                               0.000     0.000 r  eth_rxc (IN)
                         net (fo=0)                   0.000     0.000    eth_rxc
    K17                  IBUF (Prop_ibuf_I_O)         0.447     0.447 r  eth_rxc_IBUF_inst/O
                         net (fo=2, routed)           0.683     1.130    u_eth_udp_loop/u_gmii_to_rgmii/u_rgmii_rx/eth_rxc
    BUFGCTRL_X0Y16       BUFG (Prop_bufg_I_O)         0.029     1.159 r  u_eth_udp_loop/u_gmii_to_rgmii/u_rgmii_rx/BUFG_inst/O
                         net (fo=1641, routed)        0.817     1.976    u_eth_udp_loop/u_udp/u_udp_tx/gmii_rx_clk
    SLICE_X19Y70         FDRE                                         r  u_eth_udp_loop/u_udp/u_udp_tx/ip_head_reg[4][12]/C
                         clock pessimism             -0.252     1.725    
    SLICE_X19Y70         FDRE (Hold_fdre_C_D)         0.066     1.791    u_eth_udp_loop/u_udp/u_udp_tx/ip_head_reg[4][12]
  -------------------------------------------------------------------
                         required time                         -1.791    
                         arrival time                           1.841    
  -------------------------------------------------------------------
                         slack                                  0.050    

Slack (MET) :             0.056ns  (arrival time - required time)
  Source:                 u_eth_udp_loop/u_arp/u_arp_rx/src_mac_t_reg[20]/C
                            (rising edge-triggered cell FDCE clocked by eth_rxc  {rise@0.000ns fall@4.000ns period=8.000ns})
  Destination:            u_eth_udp_loop/u_arp/u_arp_rx/src_mac_t_reg[28]/D
                            (rising edge-triggered cell FDCE clocked by eth_rxc  {rise@0.000ns fall@4.000ns period=8.000ns})
  Path Group:             eth_rxc
  Path Type:              Hold (Min at Fast Process Corner)
  Requirement:            0.000ns  (eth_rxc rise@0.000ns - eth_rxc rise@0.000ns)
  Data Path Delay:        0.411ns  (logic 0.209ns (50.799%)  route 0.202ns (49.201%))
  Logic Levels:           1  (LUT5=1)
  Clock Path Skew:        0.264ns (DCD - SCD - CPR)
    Destination Clock Delay (DCD):    1.980ns
    Source Clock Delay      (SCD):    1.464ns
    Clock Pessimism Removal (CPR):    0.252ns

    Location             Delay type                Incr(ns)  Path(ns)    Netlist Resource(s)
  -------------------------------------------------------------------    -------------------
                         (clock eth_rxc rise edge)    0.000     0.000 r  
    K17                                               0.000     0.000 r  eth_rxc (IN)
                         net (fo=0)                   0.000     0.000    eth_rxc
    K17                  IBUF (Prop_ibuf_I_O)         0.259     0.259 r  eth_rxc_IBUF_inst/O
                         net (fo=2, routed)           0.627     0.887    u_eth_udp_loop/u_gmii_to_rgmii/u_rgmii_rx/eth_rxc
    BUFGCTRL_X0Y16       BUFG (Prop_bufg_I_O)         0.026     0.913 r  u_eth_udp_loop/u_gmii_to_rgmii/u_rgmii_rx/BUFG_inst/O
                         net (fo=1641, routed)        0.552     1.464    u_eth_udp_loop/u_arp/u_arp_rx/rgmii_txc
    SLICE_X24Y84         FDCE                                         r  u_eth_udp_loop/u_arp/u_arp_rx/src_mac_t_reg[20]/C
  -------------------------------------------------------------------    -------------------
    SLICE_X24Y84         FDCE (Prop_fdce_C_Q)         0.164     1.628 r  u_eth_udp_loop/u_arp/u_arp_rx/src_mac_t_reg[20]/Q
                         net (fo=2, routed)           0.202     1.831    u_eth_udp_loop/u_arp/u_arp_rx/src_mac_t_reg_n_0_[20]
    SLICE_X21Y84         LUT5 (Prop_lut5_I4_O)        0.045     1.876 r  u_eth_udp_loop/u_arp/u_arp_rx/src_mac_t[28]_i_1/O
                         net (fo=1, routed)           0.000     1.876    u_eth_udp_loop/u_arp/u_arp_rx/src_mac_t[28]_i_1_n_0
    SLICE_X21Y84         FDCE                                         r  u_eth_udp_loop/u_arp/u_arp_rx/src_mac_t_reg[28]/D
  -------------------------------------------------------------------    -------------------

                         (clock eth_rxc rise edge)    0.000     0.000 r  
    K17                                               0.000     0.000 r  eth_rxc (IN)
                         net (fo=0)                   0.000     0.000    eth_rxc
    K17                  IBUF (Prop_ibuf_I_O)         0.447     0.447 r  eth_rxc_IBUF_inst/O
                         net (fo=2, routed)           0.683     1.130    u_eth_udp_loop/u_gmii_to_rgmii/u_rgmii_rx/eth_rxc
    BUFGCTRL_X0Y16       BUFG (Prop_bufg_I_O)         0.029     1.159 r  u_eth_udp_loop/u_gmii_to_rgmii/u_rgmii_rx/BUFG_inst/O
                         net (fo=1641, routed)        0.821     1.980    u_eth_udp_loop/u_arp/u_arp_rx/rgmii_txc
    SLICE_X21Y84         FDCE                                         r  u_eth_udp_loop/u_arp/u_arp_rx/src_mac_t_reg[28]/C
                         clock pessimism             -0.252     1.729    
    SLICE_X21Y84         FDCE (Hold_fdce_C_D)         0.091     1.820    u_eth_udp_loop/u_arp/u_arp_rx/src_mac_t_reg[28]
  -------------------------------------------------------------------
                         required time                         -1.820    
                         arrival time                           1.876    
  -------------------------------------------------------------------
                         slack                                  0.056    

Slack (MET) :             0.062ns  (arrival time - required time)
  Source:                 u_eth_udp_loop/u_arp/u_arp_rx/src_mac_reg[26]/C
                            (rising edge-triggered cell FDCE clocked by eth_rxc  {rise@0.000ns fall@4.000ns period=8.000ns})
  Destination:            u_eth_udp_loop/u_icmp/u_icmp_tx/eth_head_reg[2][2]/D
                            (rising edge-triggered cell FDPE clocked by eth_rxc  {rise@0.000ns fall@4.000ns period=8.000ns})
  Path Group:             eth_rxc
  Path Type:              Hold (Min at Fast Process Corner)
  Requirement:            0.000ns  (eth_rxc rise@0.000ns - eth_rxc rise@0.000ns)
  Data Path Delay:        0.391ns  (logic 0.141ns (36.027%)  route 0.250ns (63.973%))
  Logic Levels:           0  
  Clock Path Skew:        0.259ns (DCD - SCD - CPR)
    Destination Clock Delay (DCD):    1.978ns
    Source Clock Delay      (SCD):    1.467ns
    Clock Pessimism Removal (CPR):    0.252ns

    Location             Delay type                Incr(ns)  Path(ns)    Netlist Resource(s)
  -------------------------------------------------------------------    -------------------
                         (clock eth_rxc rise edge)    0.000     0.000 r  
    K17                                               0.000     0.000 r  eth_rxc (IN)
                         net (fo=0)                   0.000     0.000    eth_rxc
    K17                  IBUF (Prop_ibuf_I_O)         0.259     0.259 r  eth_rxc_IBUF_inst/O
                         net (fo=2, routed)           0.627     0.887    u_eth_udp_loop/u_gmii_to_rgmii/u_rgmii_rx/eth_rxc
    BUFGCTRL_X0Y16       BUFG (Prop_bufg_I_O)         0.026     0.913 r  u_eth_udp_loop/u_gmii_to_rgmii/u_rgmii_rx/BUFG_inst/O
                         net (fo=1641, routed)        0.555     1.467    u_eth_udp_loop/u_arp/u_arp_rx/rgmii_txc
    SLICE_X19Y84         FDCE                                         r  u_eth_udp_loop/u_arp/u_arp_rx/src_mac_reg[26]/C
  -------------------------------------------------------------------    -------------------
    SLICE_X19Y84         FDCE (Prop_fdce_C_Q)         0.141     1.608 r  u_eth_udp_loop/u_arp/u_arp_rx/src_mac_reg[26]/Q
                         net (fo=6, routed)           0.250     1.859    u_eth_udp_loop/u_icmp/u_icmp_tx/eth_head_reg[0][7]_0[26]
    SLICE_X23Y84         FDPE                                         r  u_eth_udp_loop/u_icmp/u_icmp_tx/eth_head_reg[2][2]/D
  -------------------------------------------------------------------    -------------------

                         (clock eth_rxc rise edge)    0.000     0.000 r  
    K17                                               0.000     0.000 r  eth_rxc (IN)
                         net (fo=0)                   0.000     0.000    eth_rxc
    K17                  IBUF (Prop_ibuf_I_O)         0.447     0.447 r  eth_rxc_IBUF_inst/O
                         net (fo=2, routed)           0.683     1.130    u_eth_udp_loop/u_gmii_to_rgmii/u_rgmii_rx/eth_rxc
    BUFGCTRL_X0Y16       BUFG (Prop_bufg_I_O)         0.029     1.159 r  u_eth_udp_loop/u_gmii_to_rgmii/u_rgmii_rx/BUFG_inst/O
                         net (fo=1641, routed)        0.819     1.978    u_eth_udp_loop/u_icmp/u_icmp_tx/gmii_rx_clk
    SLICE_X23Y84         FDPE                                         r  u_eth_udp_loop/u_icmp/u_icmp_tx/eth_head_reg[2][2]/C
                         clock pessimism             -0.252     1.727    
    SLICE_X23Y84         FDPE (Hold_fdpe_C_D)         0.070     1.797    u_eth_udp_loop/u_icmp/u_icmp_tx/eth_head_reg[2][2]
  -------------------------------------------------------------------
                         required time                         -1.797    
                         arrival time                           1.859    
  -------------------------------------------------------------------
                         slack                                  0.062    

Slack (MET) :             0.068ns  (arrival time - required time)
  Source:                 u_eth_udp_loop/u_arp/u_arp_rx/src_mac_reg[24]/C
                            (rising edge-triggered cell FDCE clocked by eth_rxc  {rise@0.000ns fall@4.000ns period=8.000ns})
  Destination:            u_eth_udp_loop/u_udp/u_udp_tx/eth_head_reg[2][0]/D
                            (rising edge-triggered cell FDPE clocked by eth_rxc  {rise@0.000ns fall@4.000ns period=8.000ns})
  Path Group:             eth_rxc
  Path Type:              Hold (Min at Fast Process Corner)
  Requirement:            0.000ns  (eth_rxc rise@0.000ns - eth_rxc rise@0.000ns)
  Data Path Delay:        0.400ns  (logic 0.141ns (35.207%)  route 0.259ns (64.793%))
  Logic Levels:           0  
  Clock Path Skew:        0.266ns (DCD - SCD - CPR)
    Destination Clock Delay (DCD):    1.979ns
    Source Clock Delay      (SCD):    1.461ns
    Clock Pessimism Removal (CPR):    0.252ns

    Location             Delay type                Incr(ns)  Path(ns)    Netlist Resource(s)
  -------------------------------------------------------------------    -------------------
                         (clock eth_rxc rise edge)    0.000     0.000 r  
    K17                                               0.000     0.000 r  eth_rxc (IN)
                         net (fo=0)                   0.000     0.000    eth_rxc
    K17                  IBUF (Prop_ibuf_I_O)         0.259     0.259 r  eth_rxc_IBUF_inst/O
                         net (fo=2, routed)           0.627     0.887    u_eth_udp_loop/u_gmii_to_rgmii/u_rgmii_rx/eth_rxc
    BUFGCTRL_X0Y16       BUFG (Prop_bufg_I_O)         0.026     0.913 r  u_eth_udp_loop/u_gmii_to_rgmii/u_rgmii_rx/BUFG_inst/O
                         net (fo=1641, routed)        0.549     1.461    u_eth_udp_loop/u_arp/u_arp_rx/rgmii_txc
    SLICE_X25Y81         FDCE                                         r  u_eth_udp_loop/u_arp/u_arp_rx/src_mac_reg[24]/C
  -------------------------------------------------------------------    -------------------
    SLICE_X25Y81         FDCE (Prop_fdce_C_Q)         0.141     1.602 r  u_eth_udp_loop/u_arp/u_arp_rx/src_mac_reg[24]/Q
                         net (fo=6, routed)           0.259     1.862    u_eth_udp_loop/u_udp/u_udp_tx/eth_head_reg[0][7]_0[24]
    SLICE_X19Y82         FDPE                                         r  u_eth_udp_loop/u_udp/u_udp_tx/eth_head_reg[2][0]/D
  -------------------------------------------------------------------    -------------------

                         (clock eth_rxc rise edge)    0.000     0.000 r  
    K17                                               0.000     0.000 r  eth_rxc (IN)
                         net (fo=0)                   0.000     0.000    eth_rxc
    K17                  IBUF (Prop_ibuf_I_O)         0.447     0.447 r  eth_rxc_IBUF_inst/O
                         net (fo=2, routed)           0.683     1.130    u_eth_udp_loop/u_gmii_to_rgmii/u_rgmii_rx/eth_rxc
    BUFGCTRL_X0Y16       BUFG (Prop_bufg_I_O)         0.029     1.159 r  u_eth_udp_loop/u_gmii_to_rgmii/u_rgmii_rx/BUFG_inst/O
                         net (fo=1641, routed)        0.820     1.979    u_eth_udp_loop/u_udp/u_udp_tx/gmii_rx_clk
    SLICE_X19Y82         FDPE                                         r  u_eth_udp_loop/u_udp/u_udp_tx/eth_head_reg[2][0]/C
                         clock pessimism             -0.252     1.728    
    SLICE_X19Y82         FDPE (Hold_fdpe_C_D)         0.066     1.794    u_eth_udp_loop/u_udp/u_udp_tx/eth_head_reg[2][0]
  -------------------------------------------------------------------
                         required time                         -1.794    
                         arrival time                           1.862    
  -------------------------------------------------------------------
                         slack                                  0.068    

Slack (MET) :             0.073ns  (arrival time - required time)
  Source:                 u_eth_udp_loop/u_arp/u_arp_rx/src_ip_reg[2]/C
                            (rising edge-triggered cell FDCE clocked by eth_rxc  {rise@0.000ns fall@4.000ns period=8.000ns})
  Destination:            u_eth_udp_loop/u_icmp/u_icmp_tx/ip_head_reg[4][2]/D
                            (rising edge-triggered cell FDSE clocked by eth_rxc  {rise@0.000ns fall@4.000ns period=8.000ns})
  Path Group:             eth_rxc
  Path Type:              Hold (Min at Fast Process Corner)
  Requirement:            0.000ns  (eth_rxc rise@0.000ns - eth_rxc rise@0.000ns)
  Data Path Delay:        0.410ns  (logic 0.164ns (39.977%)  route 0.246ns (60.023%))
  Logic Levels:           0  
  Clock Path Skew:        0.265ns (DCD - SCD - CPR)
    Destination Clock Delay (DCD):    1.975ns
    Source Clock Delay      (SCD):    1.458ns
    Clock Pessimism Removal (CPR):    0.252ns

    Location             Delay type                Incr(ns)  Path(ns)    Netlist Resource(s)
  -------------------------------------------------------------------    -------------------
                         (clock eth_rxc rise edge)    0.000     0.000 r  
    K17                                               0.000     0.000 r  eth_rxc (IN)
                         net (fo=0)                   0.000     0.000    eth_rxc
    K17                  IBUF (Prop_ibuf_I_O)         0.259     0.259 r  eth_rxc_IBUF_inst/O
                         net (fo=2, routed)           0.627     0.887    u_eth_udp_loop/u_gmii_to_rgmii/u_rgmii_rx/eth_rxc
    BUFGCTRL_X0Y16       BUFG (Prop_bufg_I_O)         0.026     0.913 r  u_eth_udp_loop/u_gmii_to_rgmii/u_rgmii_rx/BUFG_inst/O
                         net (fo=1641, routed)        0.546     1.458    u_eth_udp_loop/u_arp/u_arp_rx/rgmii_txc
    SLICE_X24Y71         FDCE                                         r  u_eth_udp_loop/u_arp/u_arp_rx/src_ip_reg[2]/C
  -------------------------------------------------------------------    -------------------
    SLICE_X24Y71         FDCE (Prop_fdce_C_Q)         0.164     1.622 r  u_eth_udp_loop/u_arp/u_arp_rx/src_ip_reg[2]/Q
                         net (fo=5, routed)           0.246     1.869    u_eth_udp_loop/u_icmp/u_icmp_tx/ip_head_reg[4][31]_0[2]
    SLICE_X21Y70         FDSE                                         r  u_eth_udp_loop/u_icmp/u_icmp_tx/ip_head_reg[4][2]/D
  -------------------------------------------------------------------    -------------------

                         (clock eth_rxc rise edge)    0.000     0.000 r  
    K17                                               0.000     0.000 r  eth_rxc (IN)
                         net (fo=0)                   0.000     0.000    eth_rxc
    K17                  IBUF (Prop_ibuf_I_O)         0.447     0.447 r  eth_rxc_IBUF_inst/O
                         net (fo=2, routed)           0.683     1.130    u_eth_udp_loop/u_gmii_to_rgmii/u_rgmii_rx/eth_rxc
    BUFGCTRL_X0Y16       BUFG (Prop_bufg_I_O)         0.029     1.159 r  u_eth_udp_loop/u_gmii_to_rgmii/u_rgmii_rx/BUFG_inst/O
                         net (fo=1641, routed)        0.816     1.975    u_eth_udp_loop/u_icmp/u_icmp_tx/gmii_rx_clk
    SLICE_X21Y70         FDSE                                         r  u_eth_udp_loop/u_icmp/u_icmp_tx/ip_head_reg[4][2]/C
                         clock pessimism             -0.252     1.724    
    SLICE_X21Y70         FDSE (Hold_fdse_C_D)         0.072     1.796    u_eth_udp_loop/u_icmp/u_icmp_tx/ip_head_reg[4][2]
  -------------------------------------------------------------------
                         required time                         -1.796    
                         arrival time                           1.869    
  -------------------------------------------------------------------
                         slack                                  0.073    

Slack (MET) :             0.075ns  (arrival time - required time)
  Source:                 u_eth_udp_loop/u_arp/u_arp_rx/src_mac_reg[44]/C
                            (rising edge-triggered cell FDCE clocked by eth_rxc  {rise@0.000ns fall@4.000ns period=8.000ns})
  Destination:            u_eth_udp_loop/u_arp/u_arp_tx/eth_head_reg[0][4]/D
                            (rising edge-triggered cell FDPE clocked by eth_rxc  {rise@0.000ns fall@4.000ns period=8.000ns})
  Path Group:             eth_rxc
  Path Type:              Hold (Min at Fast Process Corner)
  Requirement:            0.000ns  (eth_rxc rise@0.000ns - eth_rxc rise@0.000ns)
  Data Path Delay:        0.390ns  (logic 0.141ns (36.150%)  route 0.249ns (63.850%))
  Logic Levels:           0  
  Clock Path Skew:        0.263ns (DCD - SCD - CPR)
    Destination Clock Delay (DCD):    1.977ns
    Source Clock Delay      (SCD):    1.462ns
    Clock Pessimism Removal (CPR):    0.252ns

    Location             Delay type                Incr(ns)  Path(ns)    Netlist Resource(s)
  -------------------------------------------------------------------    -------------------
                         (clock eth_rxc rise edge)    0.000     0.000 r  
    K17                                               0.000     0.000 r  eth_rxc (IN)
                         net (fo=0)                   0.000     0.000    eth_rxc
    K17                  IBUF (Prop_ibuf_I_O)         0.259     0.259 r  eth_rxc_IBUF_inst/O
                         net (fo=2, routed)           0.627     0.887    u_eth_udp_loop/u_gmii_to_rgmii/u_rgmii_rx/eth_rxc
    BUFGCTRL_X0Y16       BUFG (Prop_bufg_I_O)         0.026     0.913 r  u_eth_udp_loop/u_gmii_to_rgmii/u_rgmii_rx/BUFG_inst/O
                         net (fo=1641, routed)        0.550     1.462    u_eth_udp_loop/u_arp/u_arp_rx/rgmii_txc
    SLICE_X21Y82         FDCE                                         r  u_eth_udp_loop/u_arp/u_arp_rx/src_mac_reg[44]/C
  -------------------------------------------------------------------    -------------------
    SLICE_X21Y82         FDCE (Prop_fdce_C_Q)         0.141     1.603 r  u_eth_udp_loop/u_arp/u_arp_rx/src_mac_reg[44]/Q
                         net (fo=6, routed)           0.249     1.852    u_eth_udp_loop/u_arp/u_arp_tx/eth_head_reg[0][7]_0[44]
    SLICE_X24Y83         FDPE                                         r  u_eth_udp_loop/u_arp/u_arp_tx/eth_head_reg[0][4]/D
  -------------------------------------------------------------------    -------------------

                         (clock eth_rxc rise edge)    0.000     0.000 r  
    K17                                               0.000     0.000 r  eth_rxc (IN)
                         net (fo=0)                   0.000     0.000    eth_rxc
    K17                  IBUF (Prop_ibuf_I_O)         0.447     0.447 r  eth_rxc_IBUF_inst/O
                         net (fo=2, routed)           0.683     1.130    u_eth_udp_loop/u_gmii_to_rgmii/u_rgmii_rx/eth_rxc
    BUFGCTRL_X0Y16       BUFG (Prop_bufg_I_O)         0.029     1.159 r  u_eth_udp_loop/u_gmii_to_rgmii/u_rgmii_rx/BUFG_inst/O
                         net (fo=1641, routed)        0.818     1.977    u_eth_udp_loop/u_arp/u_arp_tx/rgmii_txc
    SLICE_X24Y83         FDPE                                         r  u_eth_udp_loop/u_arp/u_arp_tx/eth_head_reg[0][4]/C
                         clock pessimism             -0.252     1.726    
    SLICE_X24Y83         FDPE (Hold_fdpe_C_D)         0.052     1.778    u_eth_udp_loop/u_arp/u_arp_tx/eth_head_reg[0][4]
  -------------------------------------------------------------------
                         required time                         -1.778    
                         arrival time                           1.852    
  -------------------------------------------------------------------
                         slack                                  0.075    

Slack (MET) :             0.076ns  (arrival time - required time)
  Source:                 u_eth_udp_loop/u_arp/u_arp_rx/src_mac_reg[20]/C
                            (rising edge-triggered cell FDCE clocked by eth_rxc  {rise@0.000ns fall@4.000ns period=8.000ns})
  Destination:            u_eth_udp_loop/u_udp/u_udp_tx/eth_head_reg[3][4]/D
                            (rising edge-triggered cell FDPE clocked by eth_rxc  {rise@0.000ns fall@4.000ns period=8.000ns})
  Path Group:             eth_rxc
  Path Type:              Hold (Min at Fast Process Corner)
  Requirement:            0.000ns  (eth_rxc rise@0.000ns - eth_rxc rise@0.000ns)
  Data Path Delay:        0.412ns  (logic 0.141ns (34.250%)  route 0.271ns (65.750%))
  Logic Levels:           0  
  Clock Path Skew:        0.263ns (DCD - SCD - CPR)
    Destination Clock Delay (DCD):    1.978ns
    Source Clock Delay      (SCD):    1.463ns
    Clock Pessimism Removal (CPR):    0.252ns

    Location             Delay type                Incr(ns)  Path(ns)    Netlist Resource(s)
  -------------------------------------------------------------------    -------------------
                         (clock eth_rxc rise edge)    0.000     0.000 r  
    K17                                               0.000     0.000 r  eth_rxc (IN)
                         net (fo=0)                   0.000     0.000    eth_rxc
    K17                  IBUF (Prop_ibuf_I_O)         0.259     0.259 r  eth_rxc_IBUF_inst/O
                         net (fo=2, routed)           0.627     0.887    u_eth_udp_loop/u_gmii_to_rgmii/u_rgmii_rx/eth_rxc
    BUFGCTRL_X0Y16       BUFG (Prop_bufg_I_O)         0.026     0.913 r  u_eth_udp_loop/u_gmii_to_rgmii/u_rgmii_rx/BUFG_inst/O
                         net (fo=1641, routed)        0.551     1.463    u_eth_udp_loop/u_arp/u_arp_rx/rgmii_txc
    SLICE_X22Y83         FDCE                                         r  u_eth_udp_loop/u_arp/u_arp_rx/src_mac_reg[20]/C
  -------------------------------------------------------------------    -------------------
    SLICE_X22Y83         FDCE (Prop_fdce_C_Q)         0.141     1.604 r  u_eth_udp_loop/u_arp/u_arp_rx/src_mac_reg[20]/Q
                         net (fo=6, routed)           0.271     1.875    u_eth_udp_loop/u_udp/u_udp_tx/eth_head_reg[0][7]_0[20]
    SLICE_X18Y81         FDPE                                         r  u_eth_udp_loop/u_udp/u_udp_tx/eth_head_reg[3][4]/D
  -------------------------------------------------------------------    -------------------

                         (clock eth_rxc rise edge)    0.000     0.000 r  
    K17                                               0.000     0.000 r  eth_rxc (IN)
                         net (fo=0)                   0.000     0.000    eth_rxc
    K17                  IBUF (Prop_ibuf_I_O)         0.447     0.447 r  eth_rxc_IBUF_inst/O
                         net (fo=2, routed)           0.683     1.130    u_eth_udp_loop/u_gmii_to_rgmii/u_rgmii_rx/eth_rxc
    BUFGCTRL_X0Y16       BUFG (Prop_bufg_I_O)         0.029     1.159 r  u_eth_udp_loop/u_gmii_to_rgmii/u_rgmii_rx/BUFG_inst/O
                         net (fo=1641, routed)        0.819     1.978    u_eth_udp_loop/u_udp/u_udp_tx/gmii_rx_clk
    SLICE_X18Y81         FDPE                                         r  u_eth_udp_loop/u_udp/u_udp_tx/eth_head_reg[3][4]/C
                         clock pessimism             -0.252     1.727    
    SLICE_X18Y81         FDPE (Hold_fdpe_C_D)         0.072     1.799    u_eth_udp_loop/u_udp/u_udp_tx/eth_head_reg[3][4]
  -------------------------------------------------------------------
                         required time                         -1.799    
                         arrival time                           1.875    
  -------------------------------------------------------------------
                         slack                                  0.076    

Slack (MET) :             0.079ns  (arrival time - required time)
  Source:                 u_eth_udp_loop/u_arp/u_arp_rx/src_mac_reg[36]/C
                            (rising edge-triggered cell FDCE clocked by eth_rxc  {rise@0.000ns fall@4.000ns period=8.000ns})
  Destination:            u_eth_udp_loop/u_udp/u_udp_tx/eth_head_reg[1][4]/D
                            (rising edge-triggered cell FDPE clocked by eth_rxc  {rise@0.000ns fall@4.000ns period=8.000ns})
  Path Group:             eth_rxc
  Path Type:              Hold (Min at Fast Process Corner)
  Requirement:            0.000ns  (eth_rxc rise@0.000ns - eth_rxc rise@0.000ns)
  Data Path Delay:        0.401ns  (logic 0.141ns (35.179%)  route 0.260ns (64.821%))
  Logic Levels:           0  
  Clock Path Skew:        0.262ns (DCD - SCD - CPR)
    Destination Clock Delay (DCD):    1.977ns
    Source Clock Delay      (SCD):    1.463ns
    Clock Pessimism Removal (CPR):    0.252ns

    Location             Delay type                Incr(ns)  Path(ns)    Netlist Resource(s)
  -------------------------------------------------------------------    -------------------
                         (clock eth_rxc rise edge)    0.000     0.000 r  
    K17                                               0.000     0.000 r  eth_rxc (IN)
                         net (fo=0)                   0.000     0.000    eth_rxc
    K17                  IBUF (Prop_ibuf_I_O)         0.259     0.259 r  eth_rxc_IBUF_inst/O
                         net (fo=2, routed)           0.627     0.887    u_eth_udp_loop/u_gmii_to_rgmii/u_rgmii_rx/eth_rxc
    BUFGCTRL_X0Y16       BUFG (Prop_bufg_I_O)         0.026     0.913 r  u_eth_udp_loop/u_gmii_to_rgmii/u_rgmii_rx/BUFG_inst/O
                         net (fo=1641, routed)        0.551     1.463    u_eth_udp_loop/u_arp/u_arp_rx/rgmii_txc
    SLICE_X22Y83         FDCE                                         r  u_eth_udp_loop/u_arp/u_arp_rx/src_mac_reg[36]/C
  -------------------------------------------------------------------    -------------------
    SLICE_X22Y83         FDCE (Prop_fdce_C_Q)         0.141     1.604 r  u_eth_udp_loop/u_arp/u_arp_rx/src_mac_reg[36]/Q
                         net (fo=6, routed)           0.260     1.864    u_eth_udp_loop/u_udp/u_udp_tx/eth_head_reg[0][7]_0[36]
    SLICE_X20Y81         FDPE                                         r  u_eth_udp_loop/u_udp/u_udp_tx/eth_head_reg[1][4]/D
  -------------------------------------------------------------------    -------------------

                         (clock eth_rxc rise edge)    0.000     0.000 r  
    K17                                               0.000     0.000 r  eth_rxc (IN)
                         net (fo=0)                   0.000     0.000    eth_rxc
    K17                  IBUF (Prop_ibuf_I_O)         0.447     0.447 r  eth_rxc_IBUF_inst/O
                         net (fo=2, routed)           0.683     1.130    u_eth_udp_loop/u_gmii_to_rgmii/u_rgmii_rx/eth_rxc
    BUFGCTRL_X0Y16       BUFG (Prop_bufg_I_O)         0.029     1.159 r  u_eth_udp_loop/u_gmii_to_rgmii/u_rgmii_rx/BUFG_inst/O
                         net (fo=1641, routed)        0.818     1.977    u_eth_udp_loop/u_udp/u_udp_tx/gmii_rx_clk
    SLICE_X20Y81         FDPE                                         r  u_eth_udp_loop/u_udp/u_udp_tx/eth_head_reg[1][4]/C
                         clock pessimism             -0.252     1.726    
    SLICE_X20Y81         FDPE (Hold_fdpe_C_D)         0.060     1.786    u_eth_udp_loop/u_udp/u_udp_tx/eth_head_reg[1][4]
  -------------------------------------------------------------------
                         required time                         -1.786    
                         arrival time                           1.864    
  -------------------------------------------------------------------
                         slack                                  0.079    

Slack (MET) :             0.079ns  (arrival time - required time)
  Source:                 u_eth_udp_loop/u_arp/u_arp_rx/src_mac_reg[47]/C
                            (rising edge-triggered cell FDCE clocked by eth_rxc  {rise@0.000ns fall@4.000ns period=8.000ns})
  Destination:            u_eth_udp_loop/u_udp/u_udp_tx/eth_head_reg[0][7]/D
                            (rising edge-triggered cell FDPE clocked by eth_rxc  {rise@0.000ns fall@4.000ns period=8.000ns})
  Path Group:             eth_rxc
  Path Type:              Hold (Min at Fast Process Corner)
  Requirement:            0.000ns  (eth_rxc rise@0.000ns - eth_rxc rise@0.000ns)
  Data Path Delay:        0.404ns  (logic 0.141ns (34.938%)  route 0.263ns (65.062%))
  Logic Levels:           0  
  Clock Path Skew:        0.261ns (DCD - SCD - CPR)
    Destination Clock Delay (DCD):    1.977ns
    Source Clock Delay      (SCD):    1.464ns
    Clock Pessimism Removal (CPR):    0.252ns

    Location             Delay type                Incr(ns)  Path(ns)    Netlist Resource(s)
  -------------------------------------------------------------------    -------------------
                         (clock eth_rxc rise edge)    0.000     0.000 r  
    K17                                               0.000     0.000 r  eth_rxc (IN)
                         net (fo=0)                   0.000     0.000    eth_rxc
    K17                  IBUF (Prop_ibuf_I_O)         0.259     0.259 r  eth_rxc_IBUF_inst/O
                         net (fo=2, routed)           0.627     0.887    u_eth_udp_loop/u_gmii_to_rgmii/u_rgmii_rx/eth_rxc
    BUFGCTRL_X0Y16       BUFG (Prop_bufg_I_O)         0.026     0.913 r  u_eth_udp_loop/u_gmii_to_rgmii/u_rgmii_rx/BUFG_inst/O
                         net (fo=1641, routed)        0.552     1.464    u_eth_udp_loop/u_arp/u_arp_rx/rgmii_txc
    SLICE_X22Y84         FDCE                                         r  u_eth_udp_loop/u_arp/u_arp_rx/src_mac_reg[47]/C
  -------------------------------------------------------------------    -------------------
    SLICE_X22Y84         FDCE (Prop_fdce_C_Q)         0.141     1.605 r  u_eth_udp_loop/u_arp/u_arp_rx/src_mac_reg[47]/Q
                         net (fo=6, routed)           0.263     1.868    u_eth_udp_loop/u_udp/u_udp_tx/eth_head_reg[0][7]_0[47]
    SLICE_X20Y81         FDPE                                         r  u_eth_udp_loop/u_udp/u_udp_tx/eth_head_reg[0][7]/D
  -------------------------------------------------------------------    -------------------

                         (clock eth_rxc rise edge)    0.000     0.000 r  
    K17                                               0.000     0.000 r  eth_rxc (IN)
                         net (fo=0)                   0.000     0.000    eth_rxc
    K17                  IBUF (Prop_ibuf_I_O)         0.447     0.447 r  eth_rxc_IBUF_inst/O
                         net (fo=2, routed)           0.683     1.130    u_eth_udp_loop/u_gmii_to_rgmii/u_rgmii_rx/eth_rxc
    BUFGCTRL_X0Y16       BUFG (Prop_bufg_I_O)         0.029     1.159 r  u_eth_udp_loop/u_gmii_to_rgmii/u_rgmii_rx/BUFG_inst/O
                         net (fo=1641, routed)        0.818     1.977    u_eth_udp_loop/u_udp/u_udp_tx/gmii_rx_clk
    SLICE_X20Y81         FDPE                                         r  u_eth_udp_loop/u_udp/u_udp_tx/eth_head_reg[0][7]/C
                         clock pessimism             -0.252     1.726    
    SLICE_X20Y81         FDPE (Hold_fdpe_C_D)         0.063     1.789    u_eth_udp_loop/u_udp/u_udp_tx/eth_head_reg[0][7]
  -------------------------------------------------------------------
                         required time                         -1.789    
                         arrival time                           1.868    
  -------------------------------------------------------------------
                         slack                                  0.079    

Slack (MET) :             0.084ns  (arrival time - required time)
  Source:                 u_eth_udp_loop/u_arp/u_arp_rx/src_mac_reg[10]/C
                            (rising edge-triggered cell FDCE clocked by eth_rxc  {rise@0.000ns fall@4.000ns period=8.000ns})
  Destination:            u_eth_udp_loop/u_icmp/u_icmp_tx/eth_head_reg[4][2]/D
                            (rising edge-triggered cell FDPE clocked by eth_rxc  {rise@0.000ns fall@4.000ns period=8.000ns})
  Path Group:             eth_rxc
  Path Type:              Hold (Min at Fast Process Corner)
  Requirement:            0.000ns  (eth_rxc rise@0.000ns - eth_rxc rise@0.000ns)
  Data Path Delay:        0.411ns  (logic 0.164ns (39.949%)  route 0.247ns (60.051%))
  Logic Levels:           0  
  Clock Path Skew:        0.260ns (DCD - SCD - CPR)
    Destination Clock Delay (DCD):    1.974ns
    Source Clock Delay      (SCD):    1.462ns
    Clock Pessimism Removal (CPR):    0.252ns

    Location             Delay type                Incr(ns)  Path(ns)    Netlist Resource(s)
  -------------------------------------------------------------------    -------------------
                         (clock eth_rxc rise edge)    0.000     0.000 r  
    K17                                               0.000     0.000 r  eth_rxc (IN)
                         net (fo=0)                   0.000     0.000    eth_rxc
    K17                  IBUF (Prop_ibuf_I_O)         0.259     0.259 r  eth_rxc_IBUF_inst/O
                         net (fo=2, routed)           0.627     0.887    u_eth_udp_loop/u_gmii_to_rgmii/u_rgmii_rx/eth_rxc
    BUFGCTRL_X0Y16       BUFG (Prop_bufg_I_O)         0.026     0.913 r  u_eth_udp_loop/u_gmii_to_rgmii/u_rgmii_rx/BUFG_inst/O
                         net (fo=1641, routed)        0.550     1.462    u_eth_udp_loop/u_arp/u_arp_rx/rgmii_txc
    SLICE_X20Y82         FDCE                                         r  u_eth_udp_loop/u_arp/u_arp_rx/src_mac_reg[10]/C
  -------------------------------------------------------------------    -------------------
    SLICE_X20Y82         FDCE (Prop_fdce_C_Q)         0.164     1.626 r  u_eth_udp_loop/u_arp/u_arp_rx/src_mac_reg[10]/Q
                         net (fo=6, routed)           0.247     1.873    u_eth_udp_loop/u_icmp/u_icmp_tx/eth_head_reg[0][7]_0[10]
    SLICE_X22Y80         FDPE                                         r  u_eth_udp_loop/u_icmp/u_icmp_tx/eth_head_reg[4][2]/D
  -------------------------------------------------------------------    -------------------

                         (clock eth_rxc rise edge)    0.000     0.000 r  
    K17                                               0.000     0.000 r  eth_rxc (IN)
                         net (fo=0)                   0.000     0.000    eth_rxc
    K17                  IBUF (Prop_ibuf_I_O)         0.447     0.447 r  eth_rxc_IBUF_inst/O
                         net (fo=2, routed)           0.683     1.130    u_eth_udp_loop/u_gmii_to_rgmii/u_rgmii_rx/eth_rxc
    BUFGCTRL_X0Y16       BUFG (Prop_bufg_I_O)         0.029     1.159 r  u_eth_udp_loop/u_gmii_to_rgmii/u_rgmii_rx/BUFG_inst/O
                         net (fo=1641, routed)        0.815     1.974    u_eth_udp_loop/u_icmp/u_icmp_tx/gmii_rx_clk
    SLICE_X22Y80         FDPE                                         r  u_eth_udp_loop/u_icmp/u_icmp_tx/eth_head_reg[4][2]/C
                         clock pessimism             -0.252     1.723    
    SLICE_X22Y80         FDPE (Hold_fdpe_C_D)         0.066     1.789    u_eth_udp_loop/u_icmp/u_icmp_tx/eth_head_reg[4][2]
  -------------------------------------------------------------------
                         required time                         -1.789    
                         arrival time                           1.873    
  -------------------------------------------------------------------
                         slack                                  0.084    





Pulse Width Checks
--------------------------------------------------------------------------------------
Clock Name:         eth_rxc
Waveform(ns):       { 0.000 4.000 }
Period(ns):         8.000
Sources:            { eth_rxc }

Check Type        Corner  Lib Pin             Reference Pin  Required(ns)  Actual(ns)  Slack(ns)  Location        Pin
Min Period        n/a     RAMB18E1/CLKARDCLK  n/a            2.576         8.000       5.424      RAMB18_X0Y22    u_eth_udp_loop/u_async_fifo_2048x8b/U0/inst_fifo_gen/gconvfifo.rf/grf.rf/gntv_or_sync_fifo.mem/gbm.gbmg.gbmga.ngecc.bmg/inst_blk_mem_gen/gnbram.gnativebmg.native_blk_mem_gen/valid.cstr/ramloop[0].ram.r/prim_noinit.ram/DEVICE_7SERIES.NO_BMM_INFO.SDP.SIMPLE_PRIM18.ram/CLKARDCLK
Min Period        n/a     RAMB18E1/CLKBWRCLK  n/a            2.576         8.000       5.424      RAMB18_X0Y22    u_eth_udp_loop/u_async_fifo_2048x8b/U0/inst_fifo_gen/gconvfifo.rf/grf.rf/gntv_or_sync_fifo.mem/gbm.gbmg.gbmga.ngecc.bmg/inst_blk_mem_gen/gnbram.gnativebmg.native_blk_mem_gen/valid.cstr/ramloop[0].ram.r/prim_noinit.ram/DEVICE_7SERIES.NO_BMM_INFO.SDP.SIMPLE_PRIM18.ram/CLKBWRCLK
Min Period        n/a     BUFG/I              n/a            2.155         8.000       5.845      BUFGCTRL_X0Y16  u_eth_udp_loop/u_gmii_to_rgmii/u_rgmii_rx/BUFG_inst/I
Min Period        n/a     BUFIO/I             n/a            1.666         8.000       6.334      BUFIO_X0Y6      u_eth_udp_loop/u_gmii_to_rgmii/u_rgmii_rx/BUFIO_inst/I
Min Period        n/a     IDDR/C              n/a            1.474         8.000       6.526      ILOGIC_X0Y73    u_eth_udp_loop/u_gmii_to_rgmii/u_rgmii_rx/rxdata_bus[2].u_iddr_rxd/C
Min Period        n/a     IDDR/C              n/a            1.474         8.000       6.526      ILOGIC_X0Y74    u_eth_udp_loop/u_gmii_to_rgmii/u_rgmii_rx/rxdata_bus[3].u_iddr_rxd/C
Min Period        n/a     IDDR/C              n/a            1.474         8.000       6.526      ILOGIC_X0Y94    u_eth_udp_loop/u_gmii_to_rgmii/u_rgmii_rx/u_iddr_rx_ctl/C
Min Period        n/a     ODDR/C              n/a            1.474         8.000       6.526      OLOGIC_X0Y75    u_eth_udp_loop/u_gmii_to_rgmii/u_rgmii_tx/ODDR_inst/C
Min Period        n/a     ODDR/C              n/a            1.474         8.000       6.526      OLOGIC_X0Y93    u_eth_udp_loop/u_gmii_to_rgmii/u_rgmii_tx/txdata_bus[0].ODDR_inst/C
Min Period        n/a     ODDR/C              n/a            1.474         8.000       6.526      OLOGIC_X0Y98    u_eth_udp_loop/u_gmii_to_rgmii/u_rgmii_tx/txdata_bus[1].ODDR_inst/C
Low Pulse Width   Slow    FDCE/C              n/a            0.500         4.000       3.500      SLICE_X33Y81    u_eth_udp_loop/u_arp/u_arp_tx/gmii_txd_reg[0]/C
Low Pulse Width   Slow    FDCE/C              n/a            0.500         4.000       3.500      SLICE_X34Y81    u_eth_udp_loop/u_arp/u_arp_tx/gmii_txd_reg[1]/C
Low Pulse Width   Fast    FDCE/C              n/a            0.500         4.000       3.500      SLICE_X34Y81    u_eth_udp_loop/u_arp/u_arp_tx/gmii_txd_reg[1]/C
Low Pulse Width   Slow    FDCE/C              n/a            0.500         4.000       3.500      SLICE_X33Y81    u_eth_udp_loop/u_arp/u_arp_tx/gmii_txd_reg[2]/C
Low Pulse Width   Slow    FDCE/C              n/a            0.500         4.000       3.500      SLICE_X32Y81    u_eth_udp_loop/u_arp/u_arp_tx/gmii_txd_reg[3]/C
Low Pulse Width   Slow    FDCE/C              n/a            0.500         4.000       3.500      SLICE_X33Y81    u_eth_udp_loop/u_arp/u_arp_tx/gmii_txd_reg[4]/C
Low Pulse Width   Slow    FDCE/C              n/a            0.500         4.000       3.500      SLICE_X34Y81    u_eth_udp_loop/u_arp/u_arp_tx/gmii_txd_reg[5]/C
Low Pulse Width   Fast    FDCE/C              n/a            0.500         4.000       3.500      SLICE_X34Y81    u_eth_udp_loop/u_arp/u_arp_tx/gmii_txd_reg[5]/C
Low Pulse Width   Slow    FDCE/C              n/a            0.500         4.000       3.500      SLICE_X34Y81    u_eth_udp_loop/u_arp/u_arp_tx/gmii_txd_reg[6]/C
Low Pulse Width   Fast    FDCE/C              n/a            0.500         4.000       3.500      SLICE_X34Y81    u_eth_udp_loop/u_arp/u_arp_tx/gmii_txd_reg[6]/C
High Pulse Width  Slow    FDCE/C              n/a            0.500         4.000       3.500      SLICE_X41Y64    u_eth_udp_loop/u_arp/u_arp_rx/des_mac_t_reg[0]/C
High Pulse Width  Fast    FDCE/C              n/a            0.500         4.000       3.500      SLICE_X41Y64    u_eth_udp_loop/u_arp/u_arp_rx/des_mac_t_reg[0]/C
High Pulse Width  Slow    FDCE/C              n/a            0.500         4.000       3.500      SLICE_X40Y65    u_eth_udp_loop/u_arp/u_arp_rx/des_mac_t_reg[10]/C
High Pulse Width  Slow    FDCE/C              n/a            0.500         4.000       3.500      SLICE_X40Y65    u_eth_udp_loop/u_arp/u_arp_rx/des_mac_t_reg[11]/C
High Pulse Width  Slow    FDCE/C              n/a            0.500         4.000       3.500      SLICE_X41Y65    u_eth_udp_loop/u_arp/u_arp_rx/des_mac_t_reg[12]/C
High Pulse Width  Slow    FDCE/C              n/a            0.500         4.000       3.500      SLICE_X41Y65    u_eth_udp_loop/u_arp/u_arp_rx/des_mac_t_reg[13]/C
High Pulse Width  Slow    FDCE/C              n/a            0.500         4.000       3.500      SLICE_X42Y63    u_eth_udp_loop/u_arp/u_arp_rx/des_mac_t_reg[14]/C
High Pulse Width  Fast    FDCE/C              n/a            0.500         4.000       3.500      SLICE_X42Y63    u_eth_udp_loop/u_arp/u_arp_rx/des_mac_t_reg[14]/C
High Pulse Width  Slow    FDCE/C              n/a            0.500         4.000       3.500      SLICE_X42Y63    u_eth_udp_loop/u_arp/u_arp_rx/des_mac_t_reg[15]/C
High Pulse Width  Fast    FDCE/C              n/a            0.500         4.000       3.500      SLICE_X42Y63    u_eth_udp_loop/u_arp/u_arp_rx/des_mac_t_reg[15]/C



---------------------------------------------------------------------------------------------------
From Clock:  sys_clk
  To Clock:  sys_clk

Setup :            0  Failing Endpoints,  Worst Slack       18.835ns,  Total Violation        0.000ns
Hold  :            0  Failing Endpoints,  Worst Slack        0.290ns,  Total Violation        0.000ns
PW    :            0  Failing Endpoints,  Worst Slack        9.500ns,  Total Violation        0.000ns
---------------------------------------------------------------------------------------------------


Max Delay Paths
--------------------------------------------------------------------------------------
Slack (MET) :             18.835ns  (required time - arrival time)
  Source:                 u_ad_convert/state_reg/C
                            (rising edge-triggered cell FDCE clocked by sys_clk  {rise@0.000ns fall@10.000ns period=20.000ns})
  Destination:            u_ad_convert/dout_reg[5]/D
                            (rising edge-triggered cell FDCE clocked by sys_clk  {rise@0.000ns fall@10.000ns period=20.000ns})
  Path Group:             sys_clk
  Path Type:              Setup (Max at Slow Process Corner)
  Requirement:            20.000ns  (sys_clk rise@20.000ns - sys_clk rise@0.000ns)
  Data Path Delay:        1.161ns  (logic 0.718ns (61.865%)  route 0.443ns (38.135%))
  Logic Levels:           1  (LUT2=1)
  Clock Path Skew:        0.000ns (DCD - SCD + CPR)
    Destination Clock Delay (DCD):    3.788ns = ( 23.788 - 20.000 ) 
    Source Clock Delay      (SCD):    4.247ns
    Clock Pessimism Removal (CPR):    0.458ns
  Clock Uncertainty:      0.035ns  ((TSJ^2 + TIJ^2)^1/2 + DJ) / 2 + PE
    Total System Jitter     (TSJ):    0.071ns
    Total Input Jitter      (TIJ):    0.000ns
    Discrete Jitter          (DJ):    0.000ns
    Phase Error              (PE):    0.000ns

    Location             Delay type                Incr(ns)  Path(ns)    Netlist Resource(s)
  -------------------------------------------------------------------    -------------------
                         (clock sys_clk rise edge)    0.000     0.000 r  
    U18                                               0.000     0.000 r  sys_clk (IN)
                         net (fo=0)                   0.000     0.000    sys_clk
    U18                  IBUF (Prop_ibuf_I_O)         1.530     1.530 r  sys_clk_IBUF_inst/O
                         net (fo=5, routed)           2.716     4.247    u_ad_convert/sys_clk
    SLICE_X18Y76         FDCE                                         r  u_ad_convert/state_reg/C
  -------------------------------------------------------------------    -------------------
    SLICE_X18Y76         FDCE (Prop_fdce_C_Q)         0.419     4.666 f  u_ad_convert/state_reg/Q
                         net (fo=3, routed)           0.443     5.108    u_ad9269/state
    SLICE_X18Y76         LUT2 (Prop_lut2_I1_O)        0.299     5.407 r  u_ad9269/dout[5]_i_1/O
                         net (fo=1, routed)           0.000     5.407    u_ad_convert/D[1]
    SLICE_X18Y76         FDCE                                         r  u_ad_convert/dout_reg[5]/D
  -------------------------------------------------------------------    -------------------

                         (clock sys_clk rise edge)   20.000    20.000 r  
    U18                                               0.000    20.000 r  sys_clk (IN)
                         net (fo=0)                   0.000    20.000    sys_clk
    U18                  IBUF (Prop_ibuf_I_O)         1.459    21.459 r  sys_clk_IBUF_inst/O
                         net (fo=5, routed)           2.329    23.788    u_ad_convert/sys_clk
    SLICE_X18Y76         FDCE                                         r  u_ad_convert/dout_reg[5]/C
                         clock pessimism              0.458    24.247    
                         clock uncertainty           -0.035    24.211    
    SLICE_X18Y76         FDCE (Setup_fdce_C_D)        0.031    24.242    u_ad_convert/dout_reg[5]
  -------------------------------------------------------------------
                         required time                         24.242    
                         arrival time                          -5.407    
  -------------------------------------------------------------------
                         slack                                 18.835    

Slack (MET) :             18.837ns  (required time - arrival time)
  Source:                 u_ad_convert/state_reg/C
                            (rising edge-triggered cell FDCE clocked by sys_clk  {rise@0.000ns fall@10.000ns period=20.000ns})
  Destination:            u_ad_convert/dout_reg[6]/D
                            (rising edge-triggered cell FDCE clocked by sys_clk  {rise@0.000ns fall@10.000ns period=20.000ns})
  Path Group:             sys_clk
  Path Type:              Setup (Max at Slow Process Corner)
  Requirement:            20.000ns  (sys_clk rise@20.000ns - sys_clk rise@0.000ns)
  Data Path Delay:        1.157ns  (logic 0.718ns (62.079%)  route 0.439ns (37.921%))
  Logic Levels:           1  (LUT2=1)
  Clock Path Skew:        0.000ns (DCD - SCD + CPR)
    Destination Clock Delay (DCD):    3.788ns = ( 23.788 - 20.000 ) 
    Source Clock Delay      (SCD):    4.247ns
    Clock Pessimism Removal (CPR):    0.458ns
  Clock Uncertainty:      0.035ns  ((TSJ^2 + TIJ^2)^1/2 + DJ) / 2 + PE
    Total System Jitter     (TSJ):    0.071ns
    Total Input Jitter      (TIJ):    0.000ns
    Discrete Jitter          (DJ):    0.000ns
    Phase Error              (PE):    0.000ns

    Location             Delay type                Incr(ns)  Path(ns)    Netlist Resource(s)
  -------------------------------------------------------------------    -------------------
                         (clock sys_clk rise edge)    0.000     0.000 r  
    U18                                               0.000     0.000 r  sys_clk (IN)
                         net (fo=0)                   0.000     0.000    sys_clk
    U18                  IBUF (Prop_ibuf_I_O)         1.530     1.530 r  sys_clk_IBUF_inst/O
                         net (fo=5, routed)           2.716     4.247    u_ad_convert/sys_clk
    SLICE_X18Y76         FDCE                                         r  u_ad_convert/state_reg/C
  -------------------------------------------------------------------    -------------------
    SLICE_X18Y76         FDCE (Prop_fdce_C_Q)         0.419     4.666 r  u_ad_convert/state_reg/Q
                         net (fo=3, routed)           0.439     5.104    u_ad_convert/state
    SLICE_X18Y76         LUT2 (Prop_lut2_I0_O)        0.299     5.403 r  u_ad_convert/dout[6]_i_1/O
                         net (fo=1, routed)           0.000     5.403    u_ad_convert/dout[6]_i_1_n_0
    SLICE_X18Y76         FDCE                                         r  u_ad_convert/dout_reg[6]/D
  -------------------------------------------------------------------    -------------------

                         (clock sys_clk rise edge)   20.000    20.000 r  
    U18                                               0.000    20.000 r  sys_clk (IN)
                         net (fo=0)                   0.000    20.000    sys_clk
    U18                  IBUF (Prop_ibuf_I_O)         1.459    21.459 r  sys_clk_IBUF_inst/O
                         net (fo=5, routed)           2.329    23.788    u_ad_convert/sys_clk
    SLICE_X18Y76         FDCE                                         r  u_ad_convert/dout_reg[6]/C
                         clock pessimism              0.458    24.247    
                         clock uncertainty           -0.035    24.211    
    SLICE_X18Y76         FDCE (Setup_fdce_C_D)        0.029    24.240    u_ad_convert/dout_reg[6]
  -------------------------------------------------------------------
                         required time                         24.240    
                         arrival time                          -5.403    
  -------------------------------------------------------------------
                         slack                                 18.837    

Slack (MET) :             18.889ns  (required time - arrival time)
  Source:                 u_ad_convert/state_reg/C
                            (rising edge-triggered cell FDCE clocked by sys_clk  {rise@0.000ns fall@10.000ns period=20.000ns})
  Destination:            u_ad_convert/state_reg/D
                            (rising edge-triggered cell FDCE clocked by sys_clk  {rise@0.000ns fall@10.000ns period=20.000ns})
  Path Group:             sys_clk
  Path Type:              Setup (Max at Slow Process Corner)
  Requirement:            20.000ns  (sys_clk rise@20.000ns - sys_clk rise@0.000ns)
  Data Path Delay:        1.151ns  (logic 0.712ns (61.882%)  route 0.439ns (38.118%))
  Logic Levels:           1  (LUT1=1)
  Clock Path Skew:        0.000ns (DCD - SCD + CPR)
    Destination Clock Delay (DCD):    3.788ns = ( 23.788 - 20.000 ) 
    Source Clock Delay      (SCD):    4.247ns
    Clock Pessimism Removal (CPR):    0.458ns
  Clock Uncertainty:      0.035ns  ((TSJ^2 + TIJ^2)^1/2 + DJ) / 2 + PE
    Total System Jitter     (TSJ):    0.071ns
    Total Input Jitter      (TIJ):    0.000ns
    Discrete Jitter          (DJ):    0.000ns
    Phase Error              (PE):    0.000ns

    Location             Delay type                Incr(ns)  Path(ns)    Netlist Resource(s)
  -------------------------------------------------------------------    -------------------
                         (clock sys_clk rise edge)    0.000     0.000 r  
    U18                                               0.000     0.000 r  sys_clk (IN)
                         net (fo=0)                   0.000     0.000    sys_clk
    U18                  IBUF (Prop_ibuf_I_O)         1.530     1.530 r  sys_clk_IBUF_inst/O
                         net (fo=5, routed)           2.716     4.247    u_ad_convert/sys_clk
    SLICE_X18Y76         FDCE                                         r  u_ad_convert/state_reg/C
  -------------------------------------------------------------------    -------------------
    SLICE_X18Y76         FDCE (Prop_fdce_C_Q)         0.419     4.666 f  u_ad_convert/state_reg/Q
                         net (fo=3, routed)           0.439     5.104    u_ad_convert/state
    SLICE_X18Y76         LUT1 (Prop_lut1_I0_O)        0.293     5.397 r  u_ad_convert/state_i_1/O
                         net (fo=1, routed)           0.000     5.397    u_ad_convert/p_0_in
    SLICE_X18Y76         FDCE                                         r  u_ad_convert/state_reg/D
  -------------------------------------------------------------------    -------------------

                         (clock sys_clk rise edge)   20.000    20.000 r  
    U18                                               0.000    20.000 r  sys_clk (IN)
                         net (fo=0)                   0.000    20.000    sys_clk
    U18                  IBUF (Prop_ibuf_I_O)         1.459    21.459 r  sys_clk_IBUF_inst/O
                         net (fo=5, routed)           2.329    23.788    u_ad_convert/sys_clk
    SLICE_X18Y76         FDCE                                         r  u_ad_convert/state_reg/C
                         clock pessimism              0.458    24.247    
                         clock uncertainty           -0.035    24.211    
    SLICE_X18Y76         FDCE (Setup_fdce_C_D)        0.075    24.286    u_ad_convert/state_reg
  -------------------------------------------------------------------
                         required time                         24.286    
                         arrival time                          -5.397    
  -------------------------------------------------------------------
                         slack                                 18.889    





Min Delay Paths
--------------------------------------------------------------------------------------
Slack (MET) :             0.290ns  (arrival time - required time)
  Source:                 u_ad_convert/state_reg/C
                            (rising edge-triggered cell FDCE clocked by sys_clk  {rise@0.000ns fall@10.000ns period=20.000ns})
  Destination:            u_ad_convert/state_reg/D
                            (rising edge-triggered cell FDCE clocked by sys_clk  {rise@0.000ns fall@10.000ns period=20.000ns})
  Path Group:             sys_clk
  Path Type:              Hold (Min at Fast Process Corner)
  Requirement:            0.000ns  (sys_clk rise@0.000ns - sys_clk rise@0.000ns)
  Data Path Delay:        0.397ns  (logic 0.230ns (57.995%)  route 0.167ns (42.005%))
  Logic Levels:           1  (LUT1=1)
  Clock Path Skew:        0.000ns (DCD - SCD - CPR)
    Destination Clock Delay (DCD):    1.866ns
    Source Clock Delay      (SCD):    1.496ns
    Clock Pessimism Removal (CPR):    0.370ns

    Location             Delay type                Incr(ns)  Path(ns)    Netlist Resource(s)
  -------------------------------------------------------------------    -------------------
                         (clock sys_clk rise edge)    0.000     0.000 r  
    U18                                               0.000     0.000 r  sys_clk (IN)
                         net (fo=0)                   0.000     0.000    sys_clk
    U18                  IBUF (Prop_ibuf_I_O)         0.297     0.297 r  sys_clk_IBUF_inst/O
                         net (fo=5, routed)           1.198     1.496    u_ad_convert/sys_clk
    SLICE_X18Y76         FDCE                                         r  u_ad_convert/state_reg/C
  -------------------------------------------------------------------    -------------------
    SLICE_X18Y76         FDCE (Prop_fdce_C_Q)         0.128     1.624 f  u_ad_convert/state_reg/Q
                         net (fo=3, routed)           0.167     1.790    u_ad_convert/state
    SLICE_X18Y76         LUT1 (Prop_lut1_I0_O)        0.102     1.892 r  u_ad_convert/state_i_1/O
                         net (fo=1, routed)           0.000     1.892    u_ad_convert/p_0_in
    SLICE_X18Y76         FDCE                                         r  u_ad_convert/state_reg/D
  -------------------------------------------------------------------    -------------------

                         (clock sys_clk rise edge)    0.000     0.000 r  
    U18                                               0.000     0.000 r  sys_clk (IN)
                         net (fo=0)                   0.000     0.000    sys_clk
    U18                  IBUF (Prop_ibuf_I_O)         0.486     0.486 r  sys_clk_IBUF_inst/O
                         net (fo=5, routed)           1.380     1.866    u_ad_convert/sys_clk
    SLICE_X18Y76         FDCE                                         r  u_ad_convert/state_reg/C
                         clock pessimism             -0.370     1.496    
    SLICE_X18Y76         FDCE (Hold_fdce_C_D)         0.107     1.603    u_ad_convert/state_reg
  -------------------------------------------------------------------
                         required time                         -1.603    
                         arrival time                           1.892    
  -------------------------------------------------------------------
                         slack                                  0.290    

Slack (MET) :             0.303ns  (arrival time - required time)
  Source:                 u_ad_convert/state_reg/C
                            (rising edge-triggered cell FDCE clocked by sys_clk  {rise@0.000ns fall@10.000ns period=20.000ns})
  Destination:            u_ad_convert/dout_reg[5]/D
                            (rising edge-triggered cell FDCE clocked by sys_clk  {rise@0.000ns fall@10.000ns period=20.000ns})
  Path Group:             sys_clk
  Path Type:              Hold (Min at Fast Process Corner)
  Requirement:            0.000ns  (sys_clk rise@0.000ns - sys_clk rise@0.000ns)
  Data Path Delay:        0.395ns  (logic 0.227ns (57.529%)  route 0.168ns (42.471%))
  Logic Levels:           1  (LUT2=1)
  Clock Path Skew:        0.000ns (DCD - SCD - CPR)
    Destination Clock Delay (DCD):    1.866ns
    Source Clock Delay      (SCD):    1.496ns
    Clock Pessimism Removal (CPR):    0.370ns

    Location             Delay type                Incr(ns)  Path(ns)    Netlist Resource(s)
  -------------------------------------------------------------------    -------------------
                         (clock sys_clk rise edge)    0.000     0.000 r  
    U18                                               0.000     0.000 r  sys_clk (IN)
                         net (fo=0)                   0.000     0.000    sys_clk
    U18                  IBUF (Prop_ibuf_I_O)         0.297     0.297 r  sys_clk_IBUF_inst/O
                         net (fo=5, routed)           1.198     1.496    u_ad_convert/sys_clk
    SLICE_X18Y76         FDCE                                         r  u_ad_convert/state_reg/C
  -------------------------------------------------------------------    -------------------
    SLICE_X18Y76         FDCE (Prop_fdce_C_Q)         0.128     1.624 f  u_ad_convert/state_reg/Q
                         net (fo=3, routed)           0.168     1.791    u_ad9269/state
    SLICE_X18Y76         LUT2 (Prop_lut2_I1_O)        0.099     1.890 r  u_ad9269/dout[5]_i_1/O
                         net (fo=1, routed)           0.000     1.890    u_ad_convert/D[1]
    SLICE_X18Y76         FDCE                                         r  u_ad_convert/dout_reg[5]/D
  -------------------------------------------------------------------    -------------------

                         (clock sys_clk rise edge)    0.000     0.000 r  
    U18                                               0.000     0.000 r  sys_clk (IN)
                         net (fo=0)                   0.000     0.000    sys_clk
    U18                  IBUF (Prop_ibuf_I_O)         0.486     0.486 r  sys_clk_IBUF_inst/O
                         net (fo=5, routed)           1.380     1.866    u_ad_convert/sys_clk
    SLICE_X18Y76         FDCE                                         r  u_ad_convert/dout_reg[5]/C
                         clock pessimism             -0.370     1.496    
    SLICE_X18Y76         FDCE (Hold_fdce_C_D)         0.092     1.588    u_ad_convert/dout_reg[5]
  -------------------------------------------------------------------
                         required time                         -1.588    
                         arrival time                           1.890    
  -------------------------------------------------------------------
                         slack                                  0.303    

Slack (MET) :             0.303ns  (arrival time - required time)
  Source:                 u_ad_convert/state_reg/C
                            (rising edge-triggered cell FDCE clocked by sys_clk  {rise@0.000ns fall@10.000ns period=20.000ns})
  Destination:            u_ad_convert/dout_reg[6]/D
                            (rising edge-triggered cell FDCE clocked by sys_clk  {rise@0.000ns fall@10.000ns period=20.000ns})
  Path Group:             sys_clk
  Path Type:              Hold (Min at Fast Process Corner)
  Requirement:            0.000ns  (sys_clk rise@0.000ns - sys_clk rise@0.000ns)
  Data Path Delay:        0.394ns  (logic 0.227ns (57.675%)  route 0.167ns (42.325%))
  Logic Levels:           1  (LUT2=1)
  Clock Path Skew:        0.000ns (DCD - SCD - CPR)
    Destination Clock Delay (DCD):    1.866ns
    Source Clock Delay      (SCD):    1.496ns
    Clock Pessimism Removal (CPR):    0.370ns

    Location             Delay type                Incr(ns)  Path(ns)    Netlist Resource(s)
  -------------------------------------------------------------------    -------------------
                         (clock sys_clk rise edge)    0.000     0.000 r  
    U18                                               0.000     0.000 r  sys_clk (IN)
                         net (fo=0)                   0.000     0.000    sys_clk
    U18                  IBUF (Prop_ibuf_I_O)         0.297     0.297 r  sys_clk_IBUF_inst/O
                         net (fo=5, routed)           1.198     1.496    u_ad_convert/sys_clk
    SLICE_X18Y76         FDCE                                         r  u_ad_convert/state_reg/C
  -------------------------------------------------------------------    -------------------
    SLICE_X18Y76         FDCE (Prop_fdce_C_Q)         0.128     1.624 r  u_ad_convert/state_reg/Q
                         net (fo=3, routed)           0.167     1.790    u_ad_convert/state
    SLICE_X18Y76         LUT2 (Prop_lut2_I0_O)        0.099     1.889 r  u_ad_convert/dout[6]_i_1/O
                         net (fo=1, routed)           0.000     1.889    u_ad_convert/dout[6]_i_1_n_0
    SLICE_X18Y76         FDCE                                         r  u_ad_convert/dout_reg[6]/D
  -------------------------------------------------------------------    -------------------

                         (clock sys_clk rise edge)    0.000     0.000 r  
    U18                                               0.000     0.000 r  sys_clk (IN)
                         net (fo=0)                   0.000     0.000    sys_clk
    U18                  IBUF (Prop_ibuf_I_O)         0.486     0.486 r  sys_clk_IBUF_inst/O
                         net (fo=5, routed)           1.380     1.866    u_ad_convert/sys_clk
    SLICE_X18Y76         FDCE                                         r  u_ad_convert/dout_reg[6]/C
                         clock pessimism             -0.370     1.496    
    SLICE_X18Y76         FDCE (Hold_fdce_C_D)         0.091     1.587    u_ad_convert/dout_reg[6]
  -------------------------------------------------------------------
                         required time                         -1.587    
                         arrival time                           1.889    
  -------------------------------------------------------------------
                         slack                                  0.303    





Pulse Width Checks
--------------------------------------------------------------------------------------
Clock Name:         sys_clk
Waveform(ns):       { 0.000 10.000 }
Period(ns):         20.000
Sources:            { sys_clk }

Check Type        Corner  Lib Pin  Reference Pin  Required(ns)  Actual(ns)  Slack(ns)  Location      Pin
Min Period        n/a     FDCE/C   n/a            1.000         20.000      19.000     SLICE_X18Y76  u_ad_convert/dout_reg[2]/C
Min Period        n/a     FDCE/C   n/a            1.000         20.000      19.000     SLICE_X18Y76  u_ad_convert/dout_reg[5]/C
Min Period        n/a     FDCE/C   n/a            1.000         20.000      19.000     SLICE_X18Y76  u_ad_convert/dout_reg[6]/C
Min Period        n/a     FDCE/C   n/a            1.000         20.000      19.000     SLICE_X18Y76  u_ad_convert/state_reg/C
Low Pulse Width   Slow    FDCE/C   n/a            0.500         10.000      9.500      SLICE_X18Y76  u_ad_convert/dout_reg[2]/C
Low Pulse Width   Fast    FDCE/C   n/a            0.500         10.000      9.500      SLICE_X18Y76  u_ad_convert/dout_reg[2]/C
Low Pulse Width   Slow    FDCE/C   n/a            0.500         10.000      9.500      SLICE_X18Y76  u_ad_convert/dout_reg[5]/C
Low Pulse Width   Fast    FDCE/C   n/a            0.500         10.000      9.500      SLICE_X18Y76  u_ad_convert/dout_reg[5]/C
Low Pulse Width   Slow    FDCE/C   n/a            0.500         10.000      9.500      SLICE_X18Y76  u_ad_convert/dout_reg[6]/C
Low Pulse Width   Fast    FDCE/C   n/a            0.500         10.000      9.500      SLICE_X18Y76  u_ad_convert/dout_reg[6]/C
Low Pulse Width   Slow    FDCE/C   n/a            0.500         10.000      9.500      SLICE_X18Y76  u_ad_convert/state_reg/C
Low Pulse Width   Fast    FDCE/C   n/a            0.500         10.000      9.500      SLICE_X18Y76  u_ad_convert/state_reg/C
High Pulse Width  Slow    FDCE/C   n/a            0.500         10.000      9.500      SLICE_X18Y76  u_ad_convert/dout_reg[2]/C
High Pulse Width  Fast    FDCE/C   n/a            0.500         10.000      9.500      SLICE_X18Y76  u_ad_convert/dout_reg[2]/C
High Pulse Width  Slow    FDCE/C   n/a            0.500         10.000      9.500      SLICE_X18Y76  u_ad_convert/dout_reg[5]/C
High Pulse Width  Fast    FDCE/C   n/a            0.500         10.000      9.500      SLICE_X18Y76  u_ad_convert/dout_reg[5]/C
High Pulse Width  Slow    FDCE/C   n/a            0.500         10.000      9.500      SLICE_X18Y76  u_ad_convert/dout_reg[6]/C
High Pulse Width  Fast    FDCE/C   n/a            0.500         10.000      9.500      SLICE_X18Y76  u_ad_convert/dout_reg[6]/C
High Pulse Width  Slow    FDCE/C   n/a            0.500         10.000      9.500      SLICE_X18Y76  u_ad_convert/state_reg/C
High Pulse Width  Fast    FDCE/C   n/a            0.500         10.000      9.500      SLICE_X18Y76  u_ad_convert/state_reg/C



---------------------------------------------------------------------------------------------------
From Clock:  u_clk_wiz_0/inst/clk_in1
  To Clock:  u_clk_wiz_0/inst/clk_in1

Setup :           NA  Failing Endpoints,  Worst Slack           NA  ,  Total Violation           NA
Hold  :           NA  Failing Endpoints,  Worst Slack           NA  ,  Total Violation           NA
PW    :            0  Failing Endpoints,  Worst Slack        7.000ns,  Total Violation        0.000ns
---------------------------------------------------------------------------------------------------


Pulse Width Checks
--------------------------------------------------------------------------------------
Clock Name:         u_clk_wiz_0/inst/clk_in1
Waveform(ns):       { 0.000 10.000 }
Period(ns):         20.000
Sources:            { u_clk_wiz_0/inst/clk_in1 }

Check Type        Corner  Lib Pin            Reference Pin  Required(ns)  Actual(ns)  Slack(ns)  Location         Pin
Min Period        n/a     MMCME2_ADV/CLKIN1  n/a            1.249         20.000      18.751     MMCME2_ADV_X0Y0  u_clk_wiz_0/inst/mmcm_adv_inst/CLKIN1
Max Period        n/a     MMCME2_ADV/CLKIN1  n/a            100.000       20.000      80.000     MMCME2_ADV_X0Y0  u_clk_wiz_0/inst/mmcm_adv_inst/CLKIN1
Low Pulse Width   Slow    MMCME2_ADV/CLKIN1  n/a            3.000         10.000      7.000      MMCME2_ADV_X0Y0  u_clk_wiz_0/inst/mmcm_adv_inst/CLKIN1
Low Pulse Width   Fast    MMCME2_ADV/CLKIN1  n/a            3.000         10.000      7.000      MMCME2_ADV_X0Y0  u_clk_wiz_0/inst/mmcm_adv_inst/CLKIN1
High Pulse Width  Slow    MMCME2_ADV/CLKIN1  n/a            3.000         10.000      7.000      MMCME2_ADV_X0Y0  u_clk_wiz_0/inst/mmcm_adv_inst/CLKIN1
High Pulse Width  Fast    MMCME2_ADV/CLKIN1  n/a            3.000         10.000      7.000      MMCME2_ADV_X0Y0  u_clk_wiz_0/inst/mmcm_adv_inst/CLKIN1



---------------------------------------------------------------------------------------------------
From Clock:  clk_out1_clk_wiz_0
  To Clock:  clk_out1_clk_wiz_0

Setup :           NA  Failing Endpoints,  Worst Slack           NA  ,  Total Violation           NA
Hold  :           NA  Failing Endpoints,  Worst Slack           NA  ,  Total Violation           NA
PW    :            0  Failing Endpoints,  Worst Slack        0.264ns,  Total Violation        0.000ns
---------------------------------------------------------------------------------------------------


Pulse Width Checks
--------------------------------------------------------------------------------------
Clock Name:         clk_out1_clk_wiz_0
Waveform(ns):       { 0.000 2.500 }
Period(ns):         5.000
Sources:            { u_clk_wiz_0/inst/mmcm_adv_inst/CLKOUT0 }

Check Type  Corner  Lib Pin             Reference Pin  Required(ns)  Actual(ns)  Slack(ns)  Location         Pin
Min Period  n/a     IDELAYCTRL/REFCLK   n/a            3.225         5.000       1.775      IDELAYCTRL_X0Y1  u_eth_udp_loop/u_gmii_to_rgmii/u_rgmii_rx/IDELAYCTRL_inst/REFCLK
Min Period  n/a     BUFG/I              n/a            2.155         5.000       2.845      BUFGCTRL_X0Y2    u_clk_wiz_0/inst/clkout1_buf/I
Min Period  n/a     MMCME2_ADV/CLKOUT0  n/a            1.249         5.000       3.751      MMCME2_ADV_X0Y0  u_clk_wiz_0/inst/mmcm_adv_inst/CLKOUT0
Max Period  n/a     IDELAYCTRL/REFCLK   n/a            5.264         5.000       0.264      IDELAYCTRL_X0Y1  u_eth_udp_loop/u_gmii_to_rgmii/u_rgmii_rx/IDELAYCTRL_inst/REFCLK
Max Period  n/a     MMCME2_ADV/CLKOUT0  n/a            213.360       5.000       208.360    MMCME2_ADV_X0Y0  u_clk_wiz_0/inst/mmcm_adv_inst/CLKOUT0



---------------------------------------------------------------------------------------------------
From Clock:  clk_out2_clk_wiz_0
  To Clock:  clk_out2_clk_wiz_0

Setup :            0  Failing Endpoints,  Worst Slack       44.341ns,  Total Violation        0.000ns
Hold  :            0  Failing Endpoints,  Worst Slack        0.170ns,  Total Violation        0.000ns
PW    :            0  Failing Endpoints,  Worst Slack       24.500ns,  Total Violation        0.000ns
---------------------------------------------------------------------------------------------------


Max Delay Paths
--------------------------------------------------------------------------------------
Slack (MET) :             44.341ns  (required time - arrival time)
  Source:                 u_ad9269/U_AD9269_SPI/DELAY_CNT_reg[11]/C
                            (rising edge-triggered cell FDCE clocked by clk_out2_clk_wiz_0  {rise@0.000ns fall@25.000ns period=50.000ns})
  Destination:            u_ad9269/U_AD9269_SPI/DELAY_CNT_reg[19]/D
                            (rising edge-triggered cell FDCE clocked by clk_out2_clk_wiz_0  {rise@0.000ns fall@25.000ns period=50.000ns})
  Path Group:             clk_out2_clk_wiz_0
  Path Type:              Setup (Max at Slow Process Corner)
  Requirement:            50.000ns  (clk_out2_clk_wiz_0 rise@50.000ns - clk_out2_clk_wiz_0 rise@0.000ns)
  Data Path Delay:        5.306ns  (logic 1.809ns (34.094%)  route 3.497ns (65.906%))
  Logic Levels:           9  (CARRY4=5 LUT2=1 LUT4=1 LUT5=1 LUT6=1)
  Clock Path Skew:        -0.025ns (DCD - SCD + CPR)
    Destination Clock Delay (DCD):    -2.701ns = ( 47.299 - 50.000 ) 
    Source Clock Delay      (SCD):    -2.121ns
    Clock Pessimism Removal (CPR):    0.555ns
  Clock Uncertainty:      0.130ns  ((TSJ^2 + DJ^2)^1/2) / 2 + PE
    Total System Jitter     (TSJ):    0.071ns
    Discrete Jitter          (DJ):    0.249ns
    Phase Error              (PE):    0.000ns

    Location             Delay type                Incr(ns)  Path(ns)    Netlist Resource(s)
  -------------------------------------------------------------------    -------------------
                         (clock clk_out2_clk_wiz_0 rise edge)
                                                      0.000     0.000 r  
    U18                  IBUF                         0.000     0.000 r  sys_clk_IBUF_inst/O
                         net (fo=5, routed)           1.285     1.285    u_clk_wiz_0/inst/clk_in1
    MMCME2_ADV_X0Y0      MMCME2_ADV (Prop_mmcme2_adv_CLKIN1_CLKOUT1)
                                                     -7.010    -5.725 r  u_clk_wiz_0/inst/mmcm_adv_inst/CLKOUT1
                         net (fo=1, routed)           1.760    -3.965    u_clk_wiz_0/inst/clk_out2_clk_wiz_0
    BUFGCTRL_X0Y1        BUFG (Prop_bufg_I_O)         0.101    -3.864 r  u_clk_wiz_0/inst/clkout2_buf/O
                         net (fo=36, routed)          1.743    -2.121    u_ad9269/U_AD9269_SPI/clk_out2
    SLICE_X41Y53         FDCE                                         r  u_ad9269/U_AD9269_SPI/DELAY_CNT_reg[11]/C
  -------------------------------------------------------------------    -------------------
    SLICE_X41Y53         FDCE (Prop_fdce_C_Q)         0.456    -1.665 f  u_ad9269/U_AD9269_SPI/DELAY_CNT_reg[11]/Q
                         net (fo=2, routed)           0.685    -0.980    u_ad9269/U_AD9269_SPI/DELAY_CNT_reg[11]
    SLICE_X40Y53         LUT4 (Prop_lut4_I2_O)        0.124    -0.856 f  u_ad9269/U_AD9269_SPI/FSM_sequential_STATE[0]_i_6/O
                         net (fo=1, routed)           0.646    -0.209    u_ad9269/U_AD9269_SPI/FSM_sequential_STATE[0]_i_6_n_0
    SLICE_X40Y52         LUT6 (Prop_lut6_I5_O)        0.124    -0.085 r  u_ad9269/U_AD9269_SPI/FSM_sequential_STATE[0]_i_3/O
                         net (fo=1, routed)           0.947     0.861    u_ad9269/U_AD9269_SPI/FSM_sequential_STATE[0]_i_3_n_0
    SLICE_X40Y54         LUT5 (Prop_lut5_I2_O)        0.124     0.985 f  u_ad9269/U_AD9269_SPI/FSM_sequential_STATE[0]_i_2/O
                         net (fo=21, routed)          1.218     2.204    u_ad9269/U_AD9269_SPI/FSM_sequential_STATE[0]_i_2_n_0
    SLICE_X41Y51         LUT2 (Prop_lut2_I1_O)        0.124     2.328 r  u_ad9269/U_AD9269_SPI/DELAY_CNT[0]_i_4/O
                         net (fo=1, routed)           0.000     2.328    u_ad9269/U_AD9269_SPI/DELAY_CNT[0]_i_4_n_0
    SLICE_X41Y51         CARRY4 (Prop_carry4_S[3]_CO[3])
                                                      0.401     2.729 r  u_ad9269/U_AD9269_SPI/DELAY_CNT_reg[0]_i_2/CO[3]
                         net (fo=1, routed)           0.000     2.729    u_ad9269/U_AD9269_SPI/DELAY_CNT_reg[0]_i_2_n_0
    SLICE_X41Y52         CARRY4 (Prop_carry4_CI_CO[3])
                                                      0.114     2.843 r  u_ad9269/U_AD9269_SPI/DELAY_CNT_reg[4]_i_1/CO[3]
                         net (fo=1, routed)           0.000     2.843    u_ad9269/U_AD9269_SPI/DELAY_CNT_reg[4]_i_1_n_0
    SLICE_X41Y53         CARRY4 (Prop_carry4_CI_CO[3])
                                                      0.114     2.957 r  u_ad9269/U_AD9269_SPI/DELAY_CNT_reg[8]_i_1/CO[3]
                         net (fo=1, routed)           0.000     2.957    u_ad9269/U_AD9269_SPI/DELAY_CNT_reg[8]_i_1_n_0
    SLICE_X41Y54         CARRY4 (Prop_carry4_CI_CO[3])
                                                      0.114     3.071 r  u_ad9269/U_AD9269_SPI/DELAY_CNT_reg[12]_i_1/CO[3]
                         net (fo=1, routed)           0.000     3.071    u_ad9269/U_AD9269_SPI/DELAY_CNT_reg[12]_i_1_n_0
    SLICE_X41Y55         CARRY4 (Prop_carry4_CI_CO[3])
                                                      0.114     3.185 r  u_ad9269/U_AD9269_SPI/DELAY_CNT_reg[16]_i_1/CO[3]
                         net (fo=1, routed)           0.000     3.185    u_ad9269/U_AD9269_SPI/DELAY_CNT_reg[16]_i_1_n_0
    SLICE_X41Y55         FDCE                                         r  u_ad9269/U_AD9269_SPI/DELAY_CNT_reg[19]/D
  -------------------------------------------------------------------    -------------------

                         (clock clk_out2_clk_wiz_0 rise edge)
                                                     50.000    50.000 r  
    U18                  IBUF                         0.000    50.000 r  sys_clk_IBUF_inst/O
                         net (fo=5, routed)           1.162    51.162    u_clk_wiz_0/inst/clk_in1
    MMCME2_ADV_X0Y0      MMCME2_ADV (Prop_mmcme2_adv_CLKIN1_CLKOUT1)
                                                     -7.118    44.043 r  u_clk_wiz_0/inst/mmcm_adv_inst/CLKOUT1
                         net (fo=1, routed)           1.599    45.643    u_clk_wiz_0/inst/clk_out2_clk_wiz_0
    BUFGCTRL_X0Y1        BUFG (Prop_bufg_I_O)         0.091    45.734 r  u_clk_wiz_0/inst/clkout2_buf/O
                         net (fo=36, routed)          1.566    47.299    u_ad9269/U_AD9269_SPI/clk_out2
    SLICE_X41Y55         FDCE                                         r  u_ad9269/U_AD9269_SPI/DELAY_CNT_reg[19]/C
                         clock pessimism              0.555    47.854    
                         clock uncertainty           -0.130    47.724    
    SLICE_X41Y55         FDCE (Setup_fdce_C_D)       -0.198    47.526    u_ad9269/U_AD9269_SPI/DELAY_CNT_reg[19]
  -------------------------------------------------------------------
                         required time                         47.526    
                         arrival time                          -3.185    
  -------------------------------------------------------------------
                         slack                                 44.341    

Slack (MET) :             44.381ns  (required time - arrival time)
  Source:                 u_ad9269/U_AD9269_SPI/DELAY_CNT_reg[11]/C
                            (rising edge-triggered cell FDCE clocked by clk_out2_clk_wiz_0  {rise@0.000ns fall@25.000ns period=50.000ns})
  Destination:            u_ad9269/U_AD9269_SPI/DELAY_CNT_reg[17]/D
                            (rising edge-triggered cell FDCE clocked by clk_out2_clk_wiz_0  {rise@0.000ns fall@25.000ns period=50.000ns})
  Path Group:             clk_out2_clk_wiz_0
  Path Type:              Setup (Max at Slow Process Corner)
  Requirement:            50.000ns  (clk_out2_clk_wiz_0 rise@50.000ns - clk_out2_clk_wiz_0 rise@0.000ns)
  Data Path Delay:        5.526ns  (logic 2.029ns (36.718%)  route 3.497ns (63.282%))
  Logic Levels:           9  (CARRY4=5 LUT2=1 LUT4=1 LUT5=1 LUT6=1)
  Clock Path Skew:        -0.025ns (DCD - SCD + CPR)
    Destination Clock Delay (DCD):    -2.701ns = ( 47.299 - 50.000 ) 
    Source Clock Delay      (SCD):    -2.121ns
    Clock Pessimism Removal (CPR):    0.555ns
  Clock Uncertainty:      0.130ns  ((TSJ^2 + DJ^2)^1/2) / 2 + PE
    Total System Jitter     (TSJ):    0.071ns
    Discrete Jitter          (DJ):    0.249ns
    Phase Error              (PE):    0.000ns

    Location             Delay type                Incr(ns)  Path(ns)    Netlist Resource(s)
  -------------------------------------------------------------------    -------------------
                         (clock clk_out2_clk_wiz_0 rise edge)
                                                      0.000     0.000 r  
    U18                  IBUF                         0.000     0.000 r  sys_clk_IBUF_inst/O
                         net (fo=5, routed)           1.285     1.285    u_clk_wiz_0/inst/clk_in1
    MMCME2_ADV_X0Y0      MMCME2_ADV (Prop_mmcme2_adv_CLKIN1_CLKOUT1)
                                                     -7.010    -5.725 r  u_clk_wiz_0/inst/mmcm_adv_inst/CLKOUT1
                         net (fo=1, routed)           1.760    -3.965    u_clk_wiz_0/inst/clk_out2_clk_wiz_0
    BUFGCTRL_X0Y1        BUFG (Prop_bufg_I_O)         0.101    -3.864 r  u_clk_wiz_0/inst/clkout2_buf/O
                         net (fo=36, routed)          1.743    -2.121    u_ad9269/U_AD9269_SPI/clk_out2
    SLICE_X41Y53         FDCE                                         r  u_ad9269/U_AD9269_SPI/DELAY_CNT_reg[11]/C
  -------------------------------------------------------------------    -------------------
    SLICE_X41Y53         FDCE (Prop_fdce_C_Q)         0.456    -1.665 f  u_ad9269/U_AD9269_SPI/DELAY_CNT_reg[11]/Q
                         net (fo=2, routed)           0.685    -0.980    u_ad9269/U_AD9269_SPI/DELAY_CNT_reg[11]
    SLICE_X40Y53         LUT4 (Prop_lut4_I2_O)        0.124    -0.856 f  u_ad9269/U_AD9269_SPI/FSM_sequential_STATE[0]_i_6/O
                         net (fo=1, routed)           0.646    -0.209    u_ad9269/U_AD9269_SPI/FSM_sequential_STATE[0]_i_6_n_0
    SLICE_X40Y52         LUT6 (Prop_lut6_I5_O)        0.124    -0.085 r  u_ad9269/U_AD9269_SPI/FSM_sequential_STATE[0]_i_3/O
                         net (fo=1, routed)           0.947     0.861    u_ad9269/U_AD9269_SPI/FSM_sequential_STATE[0]_i_3_n_0
    SLICE_X40Y54         LUT5 (Prop_lut5_I2_O)        0.124     0.985 f  u_ad9269/U_AD9269_SPI/FSM_sequential_STATE[0]_i_2/O
                         net (fo=21, routed)          1.218     2.204    u_ad9269/U_AD9269_SPI/FSM_sequential_STATE[0]_i_2_n_0
    SLICE_X41Y51         LUT2 (Prop_lut2_I1_O)        0.124     2.328 r  u_ad9269/U_AD9269_SPI/DELAY_CNT[0]_i_4/O
                         net (fo=1, routed)           0.000     2.328    u_ad9269/U_AD9269_SPI/DELAY_CNT[0]_i_4_n_0
    SLICE_X41Y51         CARRY4 (Prop_carry4_S[3]_CO[3])
                                                      0.401     2.729 r  u_ad9269/U_AD9269_SPI/DELAY_CNT_reg[0]_i_2/CO[3]
                         net (fo=1, routed)           0.000     2.729    u_ad9269/U_AD9269_SPI/DELAY_CNT_reg[0]_i_2_n_0
    SLICE_X41Y52         CARRY4 (Prop_carry4_CI_CO[3])
                                                      0.114     2.843 r  u_ad9269/U_AD9269_SPI/DELAY_CNT_reg[4]_i_1/CO[3]
                         net (fo=1, routed)           0.000     2.843    u_ad9269/U_AD9269_SPI/DELAY_CNT_reg[4]_i_1_n_0
    SLICE_X41Y53         CARRY4 (Prop_carry4_CI_CO[3])
                                                      0.114     2.957 r  u_ad9269/U_AD9269_SPI/DELAY_CNT_reg[8]_i_1/CO[3]
                         net (fo=1, routed)           0.000     2.957    u_ad9269/U_AD9269_SPI/DELAY_CNT_reg[8]_i_1_n_0
    SLICE_X41Y54         CARRY4 (Prop_carry4_CI_CO[3])
                                                      0.114     3.071 r  u_ad9269/U_AD9269_SPI/DELAY_CNT_reg[12]_i_1/CO[3]
                         net (fo=1, routed)           0.000     3.071    u_ad9269/U_AD9269_SPI/DELAY_CNT_reg[12]_i_1_n_0
    SLICE_X41Y55         CARRY4 (Prop_carry4_CI_O[1])
                                                      0.334     3.405 r  u_ad9269/U_AD9269_SPI/DELAY_CNT_reg[16]_i_1/O[1]
                         net (fo=1, routed)           0.000     3.405    u_ad9269/U_AD9269_SPI/DELAY_CNT_reg[16]_i_1_n_6
    SLICE_X41Y55         FDCE                                         r  u_ad9269/U_AD9269_SPI/DELAY_CNT_reg[17]/D
  -------------------------------------------------------------------    -------------------

                         (clock clk_out2_clk_wiz_0 rise edge)
                                                     50.000    50.000 r  
    U18                  IBUF                         0.000    50.000 r  sys_clk_IBUF_inst/O
                         net (fo=5, routed)           1.162    51.162    u_clk_wiz_0/inst/clk_in1
    MMCME2_ADV_X0Y0      MMCME2_ADV (Prop_mmcme2_adv_CLKIN1_CLKOUT1)
                                                     -7.118    44.043 r  u_clk_wiz_0/inst/mmcm_adv_inst/CLKOUT1
                         net (fo=1, routed)           1.599    45.643    u_clk_wiz_0/inst/clk_out2_clk_wiz_0
    BUFGCTRL_X0Y1        BUFG (Prop_bufg_I_O)         0.091    45.734 r  u_clk_wiz_0/inst/clkout2_buf/O
                         net (fo=36, routed)          1.566    47.299    u_ad9269/U_AD9269_SPI/clk_out2
    SLICE_X41Y55         FDCE                                         r  u_ad9269/U_AD9269_SPI/DELAY_CNT_reg[17]/C
                         clock pessimism              0.555    47.854    
                         clock uncertainty           -0.130    47.724    
    SLICE_X41Y55         FDCE (Setup_fdce_C_D)        0.062    47.786    u_ad9269/U_AD9269_SPI/DELAY_CNT_reg[17]
  -------------------------------------------------------------------
                         required time                         47.786    
                         arrival time                          -3.405    
  -------------------------------------------------------------------
                         slack                                 44.381    

Slack (MET) :             44.476ns  (required time - arrival time)
  Source:                 u_ad9269/U_AD9269_SPI/DELAY_CNT_reg[11]/C
                            (rising edge-triggered cell FDCE clocked by clk_out2_clk_wiz_0  {rise@0.000ns fall@25.000ns period=50.000ns})
  Destination:            u_ad9269/U_AD9269_SPI/DELAY_CNT_reg[18]/D
                            (rising edge-triggered cell FDCE clocked by clk_out2_clk_wiz_0  {rise@0.000ns fall@25.000ns period=50.000ns})
  Path Group:             clk_out2_clk_wiz_0
  Path Type:              Setup (Max at Slow Process Corner)
  Requirement:            50.000ns  (clk_out2_clk_wiz_0 rise@50.000ns - clk_out2_clk_wiz_0 rise@0.000ns)
  Data Path Delay:        5.431ns  (logic 1.934ns (35.611%)  route 3.497ns (64.389%))
  Logic Levels:           9  (CARRY4=5 LUT2=1 LUT4=1 LUT5=1 LUT6=1)
  Clock Path Skew:        -0.025ns (DCD - SCD + CPR)
    Destination Clock Delay (DCD):    -2.701ns = ( 47.299 - 50.000 ) 
    Source Clock Delay      (SCD):    -2.121ns
    Clock Pessimism Removal (CPR):    0.555ns
  Clock Uncertainty:      0.130ns  ((TSJ^2 + DJ^2)^1/2) / 2 + PE
    Total System Jitter     (TSJ):    0.071ns
    Discrete Jitter          (DJ):    0.249ns
    Phase Error              (PE):    0.000ns

    Location             Delay type                Incr(ns)  Path(ns)    Netlist Resource(s)
  -------------------------------------------------------------------    -------------------
                         (clock clk_out2_clk_wiz_0 rise edge)
                                                      0.000     0.000 r  
    U18                  IBUF                         0.000     0.000 r  sys_clk_IBUF_inst/O
                         net (fo=5, routed)           1.285     1.285    u_clk_wiz_0/inst/clk_in1
    MMCME2_ADV_X0Y0      MMCME2_ADV (Prop_mmcme2_adv_CLKIN1_CLKOUT1)
                                                     -7.010    -5.725 r  u_clk_wiz_0/inst/mmcm_adv_inst/CLKOUT1
                         net (fo=1, routed)           1.760    -3.965    u_clk_wiz_0/inst/clk_out2_clk_wiz_0
    BUFGCTRL_X0Y1        BUFG (Prop_bufg_I_O)         0.101    -3.864 r  u_clk_wiz_0/inst/clkout2_buf/O
                         net (fo=36, routed)          1.743    -2.121    u_ad9269/U_AD9269_SPI/clk_out2
    SLICE_X41Y53         FDCE                                         r  u_ad9269/U_AD9269_SPI/DELAY_CNT_reg[11]/C
  -------------------------------------------------------------------    -------------------
    SLICE_X41Y53         FDCE (Prop_fdce_C_Q)         0.456    -1.665 f  u_ad9269/U_AD9269_SPI/DELAY_CNT_reg[11]/Q
                         net (fo=2, routed)           0.685    -0.980    u_ad9269/U_AD9269_SPI/DELAY_CNT_reg[11]
    SLICE_X40Y53         LUT4 (Prop_lut4_I2_O)        0.124    -0.856 f  u_ad9269/U_AD9269_SPI/FSM_sequential_STATE[0]_i_6/O
                         net (fo=1, routed)           0.646    -0.209    u_ad9269/U_AD9269_SPI/FSM_sequential_STATE[0]_i_6_n_0
    SLICE_X40Y52         LUT6 (Prop_lut6_I5_O)        0.124    -0.085 r  u_ad9269/U_AD9269_SPI/FSM_sequential_STATE[0]_i_3/O
                         net (fo=1, routed)           0.947     0.861    u_ad9269/U_AD9269_SPI/FSM_sequential_STATE[0]_i_3_n_0
    SLICE_X40Y54         LUT5 (Prop_lut5_I2_O)        0.124     0.985 f  u_ad9269/U_AD9269_SPI/FSM_sequential_STATE[0]_i_2/O
                         net (fo=21, routed)          1.218     2.204    u_ad9269/U_AD9269_SPI/FSM_sequential_STATE[0]_i_2_n_0
    SLICE_X41Y51         LUT2 (Prop_lut2_I1_O)        0.124     2.328 r  u_ad9269/U_AD9269_SPI/DELAY_CNT[0]_i_4/O
                         net (fo=1, routed)           0.000     2.328    u_ad9269/U_AD9269_SPI/DELAY_CNT[0]_i_4_n_0
    SLICE_X41Y51         CARRY4 (Prop_carry4_S[3]_CO[3])
                                                      0.401     2.729 r  u_ad9269/U_AD9269_SPI/DELAY_CNT_reg[0]_i_2/CO[3]
                         net (fo=1, routed)           0.000     2.729    u_ad9269/U_AD9269_SPI/DELAY_CNT_reg[0]_i_2_n_0
    SLICE_X41Y52         CARRY4 (Prop_carry4_CI_CO[3])
                                                      0.114     2.843 r  u_ad9269/U_AD9269_SPI/DELAY_CNT_reg[4]_i_1/CO[3]
                         net (fo=1, routed)           0.000     2.843    u_ad9269/U_AD9269_SPI/DELAY_CNT_reg[4]_i_1_n_0
    SLICE_X41Y53         CARRY4 (Prop_carry4_CI_CO[3])
                                                      0.114     2.957 r  u_ad9269/U_AD9269_SPI/DELAY_CNT_reg[8]_i_1/CO[3]
                         net (fo=1, routed)           0.000     2.957    u_ad9269/U_AD9269_SPI/DELAY_CNT_reg[8]_i_1_n_0
    SLICE_X41Y54         CARRY4 (Prop_carry4_CI_CO[3])
                                                      0.114     3.071 r  u_ad9269/U_AD9269_SPI/DELAY_CNT_reg[12]_i_1/CO[3]
                         net (fo=1, routed)           0.000     3.071    u_ad9269/U_AD9269_SPI/DELAY_CNT_reg[12]_i_1_n_0
    SLICE_X41Y55         CARRY4 (Prop_carry4_CI_O[2])
                                                      0.239     3.310 r  u_ad9269/U_AD9269_SPI/DELAY_CNT_reg[16]_i_1/O[2]
                         net (fo=1, routed)           0.000     3.310    u_ad9269/U_AD9269_SPI/DELAY_CNT_reg[16]_i_1_n_5
    SLICE_X41Y55         FDCE                                         r  u_ad9269/U_AD9269_SPI/DELAY_CNT_reg[18]/D
  -------------------------------------------------------------------    -------------------

                         (clock clk_out2_clk_wiz_0 rise edge)
                                                     50.000    50.000 r  
    U18                  IBUF                         0.000    50.000 r  sys_clk_IBUF_inst/O
                         net (fo=5, routed)           1.162    51.162    u_clk_wiz_0/inst/clk_in1
    MMCME2_ADV_X0Y0      MMCME2_ADV (Prop_mmcme2_adv_CLKIN1_CLKOUT1)
                                                     -7.118    44.043 r  u_clk_wiz_0/inst/mmcm_adv_inst/CLKOUT1
                         net (fo=1, routed)           1.599    45.643    u_clk_wiz_0/inst/clk_out2_clk_wiz_0
    BUFGCTRL_X0Y1        BUFG (Prop_bufg_I_O)         0.091    45.734 r  u_clk_wiz_0/inst/clkout2_buf/O
                         net (fo=36, routed)          1.566    47.299    u_ad9269/U_AD9269_SPI/clk_out2
    SLICE_X41Y55         FDCE                                         r  u_ad9269/U_AD9269_SPI/DELAY_CNT_reg[18]/C
                         clock pessimism              0.555    47.854    
                         clock uncertainty           -0.130    47.724    
    SLICE_X41Y55         FDCE (Setup_fdce_C_D)        0.062    47.786    u_ad9269/U_AD9269_SPI/DELAY_CNT_reg[18]
  -------------------------------------------------------------------
                         required time                         47.786    
                         arrival time                          -3.310    
  -------------------------------------------------------------------
                         slack                                 44.476    

Slack (MET) :             44.492ns  (required time - arrival time)
  Source:                 u_ad9269/U_AD9269_SPI/DELAY_CNT_reg[11]/C
                            (rising edge-triggered cell FDCE clocked by clk_out2_clk_wiz_0  {rise@0.000ns fall@25.000ns period=50.000ns})
  Destination:            u_ad9269/U_AD9269_SPI/DELAY_CNT_reg[16]/D
                            (rising edge-triggered cell FDCE clocked by clk_out2_clk_wiz_0  {rise@0.000ns fall@25.000ns period=50.000ns})
  Path Group:             clk_out2_clk_wiz_0
  Path Type:              Setup (Max at Slow Process Corner)
  Requirement:            50.000ns  (clk_out2_clk_wiz_0 rise@50.000ns - clk_out2_clk_wiz_0 rise@0.000ns)
  Data Path Delay:        5.415ns  (logic 1.918ns (35.421%)  route 3.497ns (64.579%))
  Logic Levels:           9  (CARRY4=5 LUT2=1 LUT4=1 LUT5=1 LUT6=1)
  Clock Path Skew:        -0.025ns (DCD - SCD + CPR)
    Destination Clock Delay (DCD):    -2.701ns = ( 47.299 - 50.000 ) 
    Source Clock Delay      (SCD):    -2.121ns
    Clock Pessimism Removal (CPR):    0.555ns
  Clock Uncertainty:      0.130ns  ((TSJ^2 + DJ^2)^1/2) / 2 + PE
    Total System Jitter     (TSJ):    0.071ns
    Discrete Jitter          (DJ):    0.249ns
    Phase Error              (PE):    0.000ns

    Location             Delay type                Incr(ns)  Path(ns)    Netlist Resource(s)
  -------------------------------------------------------------------    -------------------
                         (clock clk_out2_clk_wiz_0 rise edge)
                                                      0.000     0.000 r  
    U18                  IBUF                         0.000     0.000 r  sys_clk_IBUF_inst/O
                         net (fo=5, routed)           1.285     1.285    u_clk_wiz_0/inst/clk_in1
    MMCME2_ADV_X0Y0      MMCME2_ADV (Prop_mmcme2_adv_CLKIN1_CLKOUT1)
                                                     -7.010    -5.725 r  u_clk_wiz_0/inst/mmcm_adv_inst/CLKOUT1
                         net (fo=1, routed)           1.760    -3.965    u_clk_wiz_0/inst/clk_out2_clk_wiz_0
    BUFGCTRL_X0Y1        BUFG (Prop_bufg_I_O)         0.101    -3.864 r  u_clk_wiz_0/inst/clkout2_buf/O
                         net (fo=36, routed)          1.743    -2.121    u_ad9269/U_AD9269_SPI/clk_out2
    SLICE_X41Y53         FDCE                                         r  u_ad9269/U_AD9269_SPI/DELAY_CNT_reg[11]/C
  -------------------------------------------------------------------    -------------------
    SLICE_X41Y53         FDCE (Prop_fdce_C_Q)         0.456    -1.665 f  u_ad9269/U_AD9269_SPI/DELAY_CNT_reg[11]/Q
                         net (fo=2, routed)           0.685    -0.980    u_ad9269/U_AD9269_SPI/DELAY_CNT_reg[11]
    SLICE_X40Y53         LUT4 (Prop_lut4_I2_O)        0.124    -0.856 f  u_ad9269/U_AD9269_SPI/FSM_sequential_STATE[0]_i_6/O
                         net (fo=1, routed)           0.646    -0.209    u_ad9269/U_AD9269_SPI/FSM_sequential_STATE[0]_i_6_n_0
    SLICE_X40Y52         LUT6 (Prop_lut6_I5_O)        0.124    -0.085 r  u_ad9269/U_AD9269_SPI/FSM_sequential_STATE[0]_i_3/O
                         net (fo=1, routed)           0.947     0.861    u_ad9269/U_AD9269_SPI/FSM_sequential_STATE[0]_i_3_n_0
    SLICE_X40Y54         LUT5 (Prop_lut5_I2_O)        0.124     0.985 f  u_ad9269/U_AD9269_SPI/FSM_sequential_STATE[0]_i_2/O
                         net (fo=21, routed)          1.218     2.204    u_ad9269/U_AD9269_SPI/FSM_sequential_STATE[0]_i_2_n_0
    SLICE_X41Y51         LUT2 (Prop_lut2_I1_O)        0.124     2.328 r  u_ad9269/U_AD9269_SPI/DELAY_CNT[0]_i_4/O
                         net (fo=1, routed)           0.000     2.328    u_ad9269/U_AD9269_SPI/DELAY_CNT[0]_i_4_n_0
    SLICE_X41Y51         CARRY4 (Prop_carry4_S[3]_CO[3])
                                                      0.401     2.729 r  u_ad9269/U_AD9269_SPI/DELAY_CNT_reg[0]_i_2/CO[3]
                         net (fo=1, routed)           0.000     2.729    u_ad9269/U_AD9269_SPI/DELAY_CNT_reg[0]_i_2_n_0
    SLICE_X41Y52         CARRY4 (Prop_carry4_CI_CO[3])
                                                      0.114     2.843 r  u_ad9269/U_AD9269_SPI/DELAY_CNT_reg[4]_i_1/CO[3]
                         net (fo=1, routed)           0.000     2.843    u_ad9269/U_AD9269_SPI/DELAY_CNT_reg[4]_i_1_n_0
    SLICE_X41Y53         CARRY4 (Prop_carry4_CI_CO[3])
                                                      0.114     2.957 r  u_ad9269/U_AD9269_SPI/DELAY_CNT_reg[8]_i_1/CO[3]
                         net (fo=1, routed)           0.000     2.957    u_ad9269/U_AD9269_SPI/DELAY_CNT_reg[8]_i_1_n_0
    SLICE_X41Y54         CARRY4 (Prop_carry4_CI_CO[3])
                                                      0.114     3.071 r  u_ad9269/U_AD9269_SPI/DELAY_CNT_reg[12]_i_1/CO[3]
                         net (fo=1, routed)           0.000     3.071    u_ad9269/U_AD9269_SPI/DELAY_CNT_reg[12]_i_1_n_0
    SLICE_X41Y55         CARRY4 (Prop_carry4_CI_O[0])
                                                      0.223     3.294 r  u_ad9269/U_AD9269_SPI/DELAY_CNT_reg[16]_i_1/O[0]
                         net (fo=1, routed)           0.000     3.294    u_ad9269/U_AD9269_SPI/DELAY_CNT_reg[16]_i_1_n_7
    SLICE_X41Y55         FDCE                                         r  u_ad9269/U_AD9269_SPI/DELAY_CNT_reg[16]/D
  -------------------------------------------------------------------    -------------------

                         (clock clk_out2_clk_wiz_0 rise edge)
                                                     50.000    50.000 r  
    U18                  IBUF                         0.000    50.000 r  sys_clk_IBUF_inst/O
                         net (fo=5, routed)           1.162    51.162    u_clk_wiz_0/inst/clk_in1
    MMCME2_ADV_X0Y0      MMCME2_ADV (Prop_mmcme2_adv_CLKIN1_CLKOUT1)
                                                     -7.118    44.043 r  u_clk_wiz_0/inst/mmcm_adv_inst/CLKOUT1
                         net (fo=1, routed)           1.599    45.643    u_clk_wiz_0/inst/clk_out2_clk_wiz_0
    BUFGCTRL_X0Y1        BUFG (Prop_bufg_I_O)         0.091    45.734 r  u_clk_wiz_0/inst/clkout2_buf/O
                         net (fo=36, routed)          1.566    47.299    u_ad9269/U_AD9269_SPI/clk_out2
    SLICE_X41Y55         FDCE                                         r  u_ad9269/U_AD9269_SPI/DELAY_CNT_reg[16]/C
                         clock pessimism              0.555    47.854    
                         clock uncertainty           -0.130    47.724    
    SLICE_X41Y55         FDCE (Setup_fdce_C_D)        0.062    47.786    u_ad9269/U_AD9269_SPI/DELAY_CNT_reg[16]
  -------------------------------------------------------------------
                         required time                         47.786    
                         arrival time                          -3.294    
  -------------------------------------------------------------------
                         slack                                 44.492    

Slack (MET) :             44.495ns  (required time - arrival time)
  Source:                 u_ad9269/U_AD9269_SPI/DELAY_CNT_reg[11]/C
                            (rising edge-triggered cell FDCE clocked by clk_out2_clk_wiz_0  {rise@0.000ns fall@25.000ns period=50.000ns})
  Destination:            u_ad9269/U_AD9269_SPI/DELAY_CNT_reg[13]/D
                            (rising edge-triggered cell FDCE clocked by clk_out2_clk_wiz_0  {rise@0.000ns fall@25.000ns period=50.000ns})
  Path Group:             clk_out2_clk_wiz_0
  Path Type:              Setup (Max at Slow Process Corner)
  Requirement:            50.000ns  (clk_out2_clk_wiz_0 rise@50.000ns - clk_out2_clk_wiz_0 rise@0.000ns)
  Data Path Delay:        5.412ns  (logic 1.915ns (35.385%)  route 3.497ns (64.615%))
  Logic Levels:           8  (CARRY4=4 LUT2=1 LUT4=1 LUT5=1 LUT6=1)
  Clock Path Skew:        -0.025ns (DCD - SCD + CPR)
    Destination Clock Delay (DCD):    -2.701ns = ( 47.299 - 50.000 ) 
    Source Clock Delay      (SCD):    -2.121ns
    Clock Pessimism Removal (CPR):    0.555ns
  Clock Uncertainty:      0.130ns  ((TSJ^2 + DJ^2)^1/2) / 2 + PE
    Total System Jitter     (TSJ):    0.071ns
    Discrete Jitter          (DJ):    0.249ns
    Phase Error              (PE):    0.000ns

    Location             Delay type                Incr(ns)  Path(ns)    Netlist Resource(s)
  -------------------------------------------------------------------    -------------------
                         (clock clk_out2_clk_wiz_0 rise edge)
                                                      0.000     0.000 r  
    U18                  IBUF                         0.000     0.000 r  sys_clk_IBUF_inst/O
                         net (fo=5, routed)           1.285     1.285    u_clk_wiz_0/inst/clk_in1
    MMCME2_ADV_X0Y0      MMCME2_ADV (Prop_mmcme2_adv_CLKIN1_CLKOUT1)
                                                     -7.010    -5.725 r  u_clk_wiz_0/inst/mmcm_adv_inst/CLKOUT1
                         net (fo=1, routed)           1.760    -3.965    u_clk_wiz_0/inst/clk_out2_clk_wiz_0
    BUFGCTRL_X0Y1        BUFG (Prop_bufg_I_O)         0.101    -3.864 r  u_clk_wiz_0/inst/clkout2_buf/O
                         net (fo=36, routed)          1.743    -2.121    u_ad9269/U_AD9269_SPI/clk_out2
    SLICE_X41Y53         FDCE                                         r  u_ad9269/U_AD9269_SPI/DELAY_CNT_reg[11]/C
  -------------------------------------------------------------------    -------------------
    SLICE_X41Y53         FDCE (Prop_fdce_C_Q)         0.456    -1.665 f  u_ad9269/U_AD9269_SPI/DELAY_CNT_reg[11]/Q
                         net (fo=2, routed)           0.685    -0.980    u_ad9269/U_AD9269_SPI/DELAY_CNT_reg[11]
    SLICE_X40Y53         LUT4 (Prop_lut4_I2_O)        0.124    -0.856 f  u_ad9269/U_AD9269_SPI/FSM_sequential_STATE[0]_i_6/O
                         net (fo=1, routed)           0.646    -0.209    u_ad9269/U_AD9269_SPI/FSM_sequential_STATE[0]_i_6_n_0
    SLICE_X40Y52         LUT6 (Prop_lut6_I5_O)        0.124    -0.085 r  u_ad9269/U_AD9269_SPI/FSM_sequential_STATE[0]_i_3/O
                         net (fo=1, routed)           0.947     0.861    u_ad9269/U_AD9269_SPI/FSM_sequential_STATE[0]_i_3_n_0
    SLICE_X40Y54         LUT5 (Prop_lut5_I2_O)        0.124     0.985 f  u_ad9269/U_AD9269_SPI/FSM_sequential_STATE[0]_i_2/O
                         net (fo=21, routed)          1.218     2.204    u_ad9269/U_AD9269_SPI/FSM_sequential_STATE[0]_i_2_n_0
    SLICE_X41Y51         LUT2 (Prop_lut2_I1_O)        0.124     2.328 r  u_ad9269/U_AD9269_SPI/DELAY_CNT[0]_i_4/O
                         net (fo=1, routed)           0.000     2.328    u_ad9269/U_AD9269_SPI/DELAY_CNT[0]_i_4_n_0
    SLICE_X41Y51         CARRY4 (Prop_carry4_S[3]_CO[3])
                                                      0.401     2.729 r  u_ad9269/U_AD9269_SPI/DELAY_CNT_reg[0]_i_2/CO[3]
                         net (fo=1, routed)           0.000     2.729    u_ad9269/U_AD9269_SPI/DELAY_CNT_reg[0]_i_2_n_0
    SLICE_X41Y52         CARRY4 (Prop_carry4_CI_CO[3])
                                                      0.114     2.843 r  u_ad9269/U_AD9269_SPI/DELAY_CNT_reg[4]_i_1/CO[3]
                         net (fo=1, routed)           0.000     2.843    u_ad9269/U_AD9269_SPI/DELAY_CNT_reg[4]_i_1_n_0
    SLICE_X41Y53         CARRY4 (Prop_carry4_CI_CO[3])
                                                      0.114     2.957 r  u_ad9269/U_AD9269_SPI/DELAY_CNT_reg[8]_i_1/CO[3]
                         net (fo=1, routed)           0.000     2.957    u_ad9269/U_AD9269_SPI/DELAY_CNT_reg[8]_i_1_n_0
    SLICE_X41Y54         CARRY4 (Prop_carry4_CI_O[1])
                                                      0.334     3.291 r  u_ad9269/U_AD9269_SPI/DELAY_CNT_reg[12]_i_1/O[1]
                         net (fo=1, routed)           0.000     3.291    u_ad9269/U_AD9269_SPI/DELAY_CNT_reg[12]_i_1_n_6
    SLICE_X41Y54         FDCE                                         r  u_ad9269/U_AD9269_SPI/DELAY_CNT_reg[13]/D
  -------------------------------------------------------------------    -------------------

                         (clock clk_out2_clk_wiz_0 rise edge)
                                                     50.000    50.000 r  
    U18                  IBUF                         0.000    50.000 r  sys_clk_IBUF_inst/O
                         net (fo=5, routed)           1.162    51.162    u_clk_wiz_0/inst/clk_in1
    MMCME2_ADV_X0Y0      MMCME2_ADV (Prop_mmcme2_adv_CLKIN1_CLKOUT1)
                                                     -7.118    44.043 r  u_clk_wiz_0/inst/mmcm_adv_inst/CLKOUT1
                         net (fo=1, routed)           1.599    45.643    u_clk_wiz_0/inst/clk_out2_clk_wiz_0
    BUFGCTRL_X0Y1        BUFG (Prop_bufg_I_O)         0.091    45.734 r  u_clk_wiz_0/inst/clkout2_buf/O
                         net (fo=36, routed)          1.566    47.299    u_ad9269/U_AD9269_SPI/clk_out2
    SLICE_X41Y54         FDCE                                         r  u_ad9269/U_AD9269_SPI/DELAY_CNT_reg[13]/C
                         clock pessimism              0.555    47.854    
                         clock uncertainty           -0.130    47.724    
    SLICE_X41Y54         FDCE (Setup_fdce_C_D)        0.062    47.786    u_ad9269/U_AD9269_SPI/DELAY_CNT_reg[13]
  -------------------------------------------------------------------
                         required time                         47.786    
                         arrival time                          -3.291    
  -------------------------------------------------------------------
                         slack                                 44.495    

Slack (MET) :             44.516ns  (required time - arrival time)
  Source:                 u_ad9269/U_AD9269_SPI/DELAY_CNT_reg[11]/C
                            (rising edge-triggered cell FDCE clocked by clk_out2_clk_wiz_0  {rise@0.000ns fall@25.000ns period=50.000ns})
  Destination:            u_ad9269/U_AD9269_SPI/DELAY_CNT_reg[15]/D
                            (rising edge-triggered cell FDCE clocked by clk_out2_clk_wiz_0  {rise@0.000ns fall@25.000ns period=50.000ns})
  Path Group:             clk_out2_clk_wiz_0
  Path Type:              Setup (Max at Slow Process Corner)
  Requirement:            50.000ns  (clk_out2_clk_wiz_0 rise@50.000ns - clk_out2_clk_wiz_0 rise@0.000ns)
  Data Path Delay:        5.391ns  (logic 1.894ns (35.133%)  route 3.497ns (64.867%))
  Logic Levels:           8  (CARRY4=4 LUT2=1 LUT4=1 LUT5=1 LUT6=1)
  Clock Path Skew:        -0.025ns (DCD - SCD + CPR)
    Destination Clock Delay (DCD):    -2.701ns = ( 47.299 - 50.000 ) 
    Source Clock Delay      (SCD):    -2.121ns
    Clock Pessimism Removal (CPR):    0.555ns
  Clock Uncertainty:      0.130ns  ((TSJ^2 + DJ^2)^1/2) / 2 + PE
    Total System Jitter     (TSJ):    0.071ns
    Discrete Jitter          (DJ):    0.249ns
    Phase Error              (PE):    0.000ns

    Location             Delay type                Incr(ns)  Path(ns)    Netlist Resource(s)
  -------------------------------------------------------------------    -------------------
                         (clock clk_out2_clk_wiz_0 rise edge)
                                                      0.000     0.000 r  
    U18                  IBUF                         0.000     0.000 r  sys_clk_IBUF_inst/O
                         net (fo=5, routed)           1.285     1.285    u_clk_wiz_0/inst/clk_in1
    MMCME2_ADV_X0Y0      MMCME2_ADV (Prop_mmcme2_adv_CLKIN1_CLKOUT1)
                                                     -7.010    -5.725 r  u_clk_wiz_0/inst/mmcm_adv_inst/CLKOUT1
                         net (fo=1, routed)           1.760    -3.965    u_clk_wiz_0/inst/clk_out2_clk_wiz_0
    BUFGCTRL_X0Y1        BUFG (Prop_bufg_I_O)         0.101    -3.864 r  u_clk_wiz_0/inst/clkout2_buf/O
                         net (fo=36, routed)          1.743    -2.121    u_ad9269/U_AD9269_SPI/clk_out2
    SLICE_X41Y53         FDCE                                         r  u_ad9269/U_AD9269_SPI/DELAY_CNT_reg[11]/C
  -------------------------------------------------------------------    -------------------
    SLICE_X41Y53         FDCE (Prop_fdce_C_Q)         0.456    -1.665 f  u_ad9269/U_AD9269_SPI/DELAY_CNT_reg[11]/Q
                         net (fo=2, routed)           0.685    -0.980    u_ad9269/U_AD9269_SPI/DELAY_CNT_reg[11]
    SLICE_X40Y53         LUT4 (Prop_lut4_I2_O)        0.124    -0.856 f  u_ad9269/U_AD9269_SPI/FSM_sequential_STATE[0]_i_6/O
                         net (fo=1, routed)           0.646    -0.209    u_ad9269/U_AD9269_SPI/FSM_sequential_STATE[0]_i_6_n_0
    SLICE_X40Y52         LUT6 (Prop_lut6_I5_O)        0.124    -0.085 r  u_ad9269/U_AD9269_SPI/FSM_sequential_STATE[0]_i_3/O
                         net (fo=1, routed)           0.947     0.861    u_ad9269/U_AD9269_SPI/FSM_sequential_STATE[0]_i_3_n_0
    SLICE_X40Y54         LUT5 (Prop_lut5_I2_O)        0.124     0.985 f  u_ad9269/U_AD9269_SPI/FSM_sequential_STATE[0]_i_2/O
                         net (fo=21, routed)          1.218     2.204    u_ad9269/U_AD9269_SPI/FSM_sequential_STATE[0]_i_2_n_0
    SLICE_X41Y51         LUT2 (Prop_lut2_I1_O)        0.124     2.328 r  u_ad9269/U_AD9269_SPI/DELAY_CNT[0]_i_4/O
                         net (fo=1, routed)           0.000     2.328    u_ad9269/U_AD9269_SPI/DELAY_CNT[0]_i_4_n_0
    SLICE_X41Y51         CARRY4 (Prop_carry4_S[3]_CO[3])
                                                      0.401     2.729 r  u_ad9269/U_AD9269_SPI/DELAY_CNT_reg[0]_i_2/CO[3]
                         net (fo=1, routed)           0.000     2.729    u_ad9269/U_AD9269_SPI/DELAY_CNT_reg[0]_i_2_n_0
    SLICE_X41Y52         CARRY4 (Prop_carry4_CI_CO[3])
                                                      0.114     2.843 r  u_ad9269/U_AD9269_SPI/DELAY_CNT_reg[4]_i_1/CO[3]
                         net (fo=1, routed)           0.000     2.843    u_ad9269/U_AD9269_SPI/DELAY_CNT_reg[4]_i_1_n_0
    SLICE_X41Y53         CARRY4 (Prop_carry4_CI_CO[3])
                                                      0.114     2.957 r  u_ad9269/U_AD9269_SPI/DELAY_CNT_reg[8]_i_1/CO[3]
                         net (fo=1, routed)           0.000     2.957    u_ad9269/U_AD9269_SPI/DELAY_CNT_reg[8]_i_1_n_0
    SLICE_X41Y54         CARRY4 (Prop_carry4_CI_O[3])
                                                      0.313     3.270 r  u_ad9269/U_AD9269_SPI/DELAY_CNT_reg[12]_i_1/O[3]
                         net (fo=1, routed)           0.000     3.270    u_ad9269/U_AD9269_SPI/DELAY_CNT_reg[12]_i_1_n_4
    SLICE_X41Y54         FDCE                                         r  u_ad9269/U_AD9269_SPI/DELAY_CNT_reg[15]/D
  -------------------------------------------------------------------    -------------------

                         (clock clk_out2_clk_wiz_0 rise edge)
                                                     50.000    50.000 r  
    U18                  IBUF                         0.000    50.000 r  sys_clk_IBUF_inst/O
                         net (fo=5, routed)           1.162    51.162    u_clk_wiz_0/inst/clk_in1
    MMCME2_ADV_X0Y0      MMCME2_ADV (Prop_mmcme2_adv_CLKIN1_CLKOUT1)
                                                     -7.118    44.043 r  u_clk_wiz_0/inst/mmcm_adv_inst/CLKOUT1
                         net (fo=1, routed)           1.599    45.643    u_clk_wiz_0/inst/clk_out2_clk_wiz_0
    BUFGCTRL_X0Y1        BUFG (Prop_bufg_I_O)         0.091    45.734 r  u_clk_wiz_0/inst/clkout2_buf/O
                         net (fo=36, routed)          1.566    47.299    u_ad9269/U_AD9269_SPI/clk_out2
    SLICE_X41Y54         FDCE                                         r  u_ad9269/U_AD9269_SPI/DELAY_CNT_reg[15]/C
                         clock pessimism              0.555    47.854    
                         clock uncertainty           -0.130    47.724    
    SLICE_X41Y54         FDCE (Setup_fdce_C_D)        0.062    47.786    u_ad9269/U_AD9269_SPI/DELAY_CNT_reg[15]
  -------------------------------------------------------------------
                         required time                         47.786    
                         arrival time                          -3.270    
  -------------------------------------------------------------------
                         slack                                 44.516    

Slack (MET) :             44.590ns  (required time - arrival time)
  Source:                 u_ad9269/U_AD9269_SPI/DELAY_CNT_reg[11]/C
                            (rising edge-triggered cell FDCE clocked by clk_out2_clk_wiz_0  {rise@0.000ns fall@25.000ns period=50.000ns})
  Destination:            u_ad9269/U_AD9269_SPI/DELAY_CNT_reg[14]/D
                            (rising edge-triggered cell FDCE clocked by clk_out2_clk_wiz_0  {rise@0.000ns fall@25.000ns period=50.000ns})
  Path Group:             clk_out2_clk_wiz_0
  Path Type:              Setup (Max at Slow Process Corner)
  Requirement:            50.000ns  (clk_out2_clk_wiz_0 rise@50.000ns - clk_out2_clk_wiz_0 rise@0.000ns)
  Data Path Delay:        5.317ns  (logic 1.820ns (34.230%)  route 3.497ns (65.770%))
  Logic Levels:           8  (CARRY4=4 LUT2=1 LUT4=1 LUT5=1 LUT6=1)
  Clock Path Skew:        -0.025ns (DCD - SCD + CPR)
    Destination Clock Delay (DCD):    -2.701ns = ( 47.299 - 50.000 ) 
    Source Clock Delay      (SCD):    -2.121ns
    Clock Pessimism Removal (CPR):    0.555ns
  Clock Uncertainty:      0.130ns  ((TSJ^2 + DJ^2)^1/2) / 2 + PE
    Total System Jitter     (TSJ):    0.071ns
    Discrete Jitter          (DJ):    0.249ns
    Phase Error              (PE):    0.000ns

    Location             Delay type                Incr(ns)  Path(ns)    Netlist Resource(s)
  -------------------------------------------------------------------    -------------------
                         (clock clk_out2_clk_wiz_0 rise edge)
                                                      0.000     0.000 r  
    U18                  IBUF                         0.000     0.000 r  sys_clk_IBUF_inst/O
                         net (fo=5, routed)           1.285     1.285    u_clk_wiz_0/inst/clk_in1
    MMCME2_ADV_X0Y0      MMCME2_ADV (Prop_mmcme2_adv_CLKIN1_CLKOUT1)
                                                     -7.010    -5.725 r  u_clk_wiz_0/inst/mmcm_adv_inst/CLKOUT1
                         net (fo=1, routed)           1.760    -3.965    u_clk_wiz_0/inst/clk_out2_clk_wiz_0
    BUFGCTRL_X0Y1        BUFG (Prop_bufg_I_O)         0.101    -3.864 r  u_clk_wiz_0/inst/clkout2_buf/O
                         net (fo=36, routed)          1.743    -2.121    u_ad9269/U_AD9269_SPI/clk_out2
    SLICE_X41Y53         FDCE                                         r  u_ad9269/U_AD9269_SPI/DELAY_CNT_reg[11]/C
  -------------------------------------------------------------------    -------------------
    SLICE_X41Y53         FDCE (Prop_fdce_C_Q)         0.456    -1.665 f  u_ad9269/U_AD9269_SPI/DELAY_CNT_reg[11]/Q
                         net (fo=2, routed)           0.685    -0.980    u_ad9269/U_AD9269_SPI/DELAY_CNT_reg[11]
    SLICE_X40Y53         LUT4 (Prop_lut4_I2_O)        0.124    -0.856 f  u_ad9269/U_AD9269_SPI/FSM_sequential_STATE[0]_i_6/O
                         net (fo=1, routed)           0.646    -0.209    u_ad9269/U_AD9269_SPI/FSM_sequential_STATE[0]_i_6_n_0
    SLICE_X40Y52         LUT6 (Prop_lut6_I5_O)        0.124    -0.085 r  u_ad9269/U_AD9269_SPI/FSM_sequential_STATE[0]_i_3/O
                         net (fo=1, routed)           0.947     0.861    u_ad9269/U_AD9269_SPI/FSM_sequential_STATE[0]_i_3_n_0
    SLICE_X40Y54         LUT5 (Prop_lut5_I2_O)        0.124     0.985 f  u_ad9269/U_AD9269_SPI/FSM_sequential_STATE[0]_i_2/O
                         net (fo=21, routed)          1.218     2.204    u_ad9269/U_AD9269_SPI/FSM_sequential_STATE[0]_i_2_n_0
    SLICE_X41Y51         LUT2 (Prop_lut2_I1_O)        0.124     2.328 r  u_ad9269/U_AD9269_SPI/DELAY_CNT[0]_i_4/O
                         net (fo=1, routed)           0.000     2.328    u_ad9269/U_AD9269_SPI/DELAY_CNT[0]_i_4_n_0
    SLICE_X41Y51         CARRY4 (Prop_carry4_S[3]_CO[3])
                                                      0.401     2.729 r  u_ad9269/U_AD9269_SPI/DELAY_CNT_reg[0]_i_2/CO[3]
                         net (fo=1, routed)           0.000     2.729    u_ad9269/U_AD9269_SPI/DELAY_CNT_reg[0]_i_2_n_0
    SLICE_X41Y52         CARRY4 (Prop_carry4_CI_CO[3])
                                                      0.114     2.843 r  u_ad9269/U_AD9269_SPI/DELAY_CNT_reg[4]_i_1/CO[3]
                         net (fo=1, routed)           0.000     2.843    u_ad9269/U_AD9269_SPI/DELAY_CNT_reg[4]_i_1_n_0
    SLICE_X41Y53         CARRY4 (Prop_carry4_CI_CO[3])
                                                      0.114     2.957 r  u_ad9269/U_AD9269_SPI/DELAY_CNT_reg[8]_i_1/CO[3]
                         net (fo=1, routed)           0.000     2.957    u_ad9269/U_AD9269_SPI/DELAY_CNT_reg[8]_i_1_n_0
    SLICE_X41Y54         CARRY4 (Prop_carry4_CI_O[2])
                                                      0.239     3.196 r  u_ad9269/U_AD9269_SPI/DELAY_CNT_reg[12]_i_1/O[2]
                         net (fo=1, routed)           0.000     3.196    u_ad9269/U_AD9269_SPI/DELAY_CNT_reg[12]_i_1_n_5
    SLICE_X41Y54         FDCE                                         r  u_ad9269/U_AD9269_SPI/DELAY_CNT_reg[14]/D
  -------------------------------------------------------------------    -------------------

                         (clock clk_out2_clk_wiz_0 rise edge)
                                                     50.000    50.000 r  
    U18                  IBUF                         0.000    50.000 r  sys_clk_IBUF_inst/O
                         net (fo=5, routed)           1.162    51.162    u_clk_wiz_0/inst/clk_in1
    MMCME2_ADV_X0Y0      MMCME2_ADV (Prop_mmcme2_adv_CLKIN1_CLKOUT1)
                                                     -7.118    44.043 r  u_clk_wiz_0/inst/mmcm_adv_inst/CLKOUT1
                         net (fo=1, routed)           1.599    45.643    u_clk_wiz_0/inst/clk_out2_clk_wiz_0
    BUFGCTRL_X0Y1        BUFG (Prop_bufg_I_O)         0.091    45.734 r  u_clk_wiz_0/inst/clkout2_buf/O
                         net (fo=36, routed)          1.566    47.299    u_ad9269/U_AD9269_SPI/clk_out2
    SLICE_X41Y54         FDCE                                         r  u_ad9269/U_AD9269_SPI/DELAY_CNT_reg[14]/C
                         clock pessimism              0.555    47.854    
                         clock uncertainty           -0.130    47.724    
    SLICE_X41Y54         FDCE (Setup_fdce_C_D)        0.062    47.786    u_ad9269/U_AD9269_SPI/DELAY_CNT_reg[14]
  -------------------------------------------------------------------
                         required time                         47.786    
                         arrival time                          -3.196    
  -------------------------------------------------------------------
                         slack                                 44.590    

Slack (MET) :             44.606ns  (required time - arrival time)
  Source:                 u_ad9269/U_AD9269_SPI/DELAY_CNT_reg[11]/C
                            (rising edge-triggered cell FDCE clocked by clk_out2_clk_wiz_0  {rise@0.000ns fall@25.000ns period=50.000ns})
  Destination:            u_ad9269/U_AD9269_SPI/DELAY_CNT_reg[12]/D
                            (rising edge-triggered cell FDCE clocked by clk_out2_clk_wiz_0  {rise@0.000ns fall@25.000ns period=50.000ns})
  Path Group:             clk_out2_clk_wiz_0
  Path Type:              Setup (Max at Slow Process Corner)
  Requirement:            50.000ns  (clk_out2_clk_wiz_0 rise@50.000ns - clk_out2_clk_wiz_0 rise@0.000ns)
  Data Path Delay:        5.301ns  (logic 1.804ns (34.032%)  route 3.497ns (65.968%))
  Logic Levels:           8  (CARRY4=4 LUT2=1 LUT4=1 LUT5=1 LUT6=1)
  Clock Path Skew:        -0.025ns (DCD - SCD + CPR)
    Destination Clock Delay (DCD):    -2.701ns = ( 47.299 - 50.000 ) 
    Source Clock Delay      (SCD):    -2.121ns
    Clock Pessimism Removal (CPR):    0.555ns
  Clock Uncertainty:      0.130ns  ((TSJ^2 + DJ^2)^1/2) / 2 + PE
    Total System Jitter     (TSJ):    0.071ns
    Discrete Jitter          (DJ):    0.249ns
    Phase Error              (PE):    0.000ns

    Location             Delay type                Incr(ns)  Path(ns)    Netlist Resource(s)
  -------------------------------------------------------------------    -------------------
                         (clock clk_out2_clk_wiz_0 rise edge)
                                                      0.000     0.000 r  
    U18                  IBUF                         0.000     0.000 r  sys_clk_IBUF_inst/O
                         net (fo=5, routed)           1.285     1.285    u_clk_wiz_0/inst/clk_in1
    MMCME2_ADV_X0Y0      MMCME2_ADV (Prop_mmcme2_adv_CLKIN1_CLKOUT1)
                                                     -7.010    -5.725 r  u_clk_wiz_0/inst/mmcm_adv_inst/CLKOUT1
                         net (fo=1, routed)           1.760    -3.965    u_clk_wiz_0/inst/clk_out2_clk_wiz_0
    BUFGCTRL_X0Y1        BUFG (Prop_bufg_I_O)         0.101    -3.864 r  u_clk_wiz_0/inst/clkout2_buf/O
                         net (fo=36, routed)          1.743    -2.121    u_ad9269/U_AD9269_SPI/clk_out2
    SLICE_X41Y53         FDCE                                         r  u_ad9269/U_AD9269_SPI/DELAY_CNT_reg[11]/C
  -------------------------------------------------------------------    -------------------
    SLICE_X41Y53         FDCE (Prop_fdce_C_Q)         0.456    -1.665 f  u_ad9269/U_AD9269_SPI/DELAY_CNT_reg[11]/Q
                         net (fo=2, routed)           0.685    -0.980    u_ad9269/U_AD9269_SPI/DELAY_CNT_reg[11]
    SLICE_X40Y53         LUT4 (Prop_lut4_I2_O)        0.124    -0.856 f  u_ad9269/U_AD9269_SPI/FSM_sequential_STATE[0]_i_6/O
                         net (fo=1, routed)           0.646    -0.209    u_ad9269/U_AD9269_SPI/FSM_sequential_STATE[0]_i_6_n_0
    SLICE_X40Y52         LUT6 (Prop_lut6_I5_O)        0.124    -0.085 r  u_ad9269/U_AD9269_SPI/FSM_sequential_STATE[0]_i_3/O
                         net (fo=1, routed)           0.947     0.861    u_ad9269/U_AD9269_SPI/FSM_sequential_STATE[0]_i_3_n_0
    SLICE_X40Y54         LUT5 (Prop_lut5_I2_O)        0.124     0.985 f  u_ad9269/U_AD9269_SPI/FSM_sequential_STATE[0]_i_2/O
                         net (fo=21, routed)          1.218     2.204    u_ad9269/U_AD9269_SPI/FSM_sequential_STATE[0]_i_2_n_0
    SLICE_X41Y51         LUT2 (Prop_lut2_I1_O)        0.124     2.328 r  u_ad9269/U_AD9269_SPI/DELAY_CNT[0]_i_4/O
                         net (fo=1, routed)           0.000     2.328    u_ad9269/U_AD9269_SPI/DELAY_CNT[0]_i_4_n_0
    SLICE_X41Y51         CARRY4 (Prop_carry4_S[3]_CO[3])
                                                      0.401     2.729 r  u_ad9269/U_AD9269_SPI/DELAY_CNT_reg[0]_i_2/CO[3]
                         net (fo=1, routed)           0.000     2.729    u_ad9269/U_AD9269_SPI/DELAY_CNT_reg[0]_i_2_n_0
    SLICE_X41Y52         CARRY4 (Prop_carry4_CI_CO[3])
                                                      0.114     2.843 r  u_ad9269/U_AD9269_SPI/DELAY_CNT_reg[4]_i_1/CO[3]
                         net (fo=1, routed)           0.000     2.843    u_ad9269/U_AD9269_SPI/DELAY_CNT_reg[4]_i_1_n_0
    SLICE_X41Y53         CARRY4 (Prop_carry4_CI_CO[3])
                                                      0.114     2.957 r  u_ad9269/U_AD9269_SPI/DELAY_CNT_reg[8]_i_1/CO[3]
                         net (fo=1, routed)           0.000     2.957    u_ad9269/U_AD9269_SPI/DELAY_CNT_reg[8]_i_1_n_0
    SLICE_X41Y54         CARRY4 (Prop_carry4_CI_O[0])
                                                      0.223     3.180 r  u_ad9269/U_AD9269_SPI/DELAY_CNT_reg[12]_i_1/O[0]
                         net (fo=1, routed)           0.000     3.180    u_ad9269/U_AD9269_SPI/DELAY_CNT_reg[12]_i_1_n_7
    SLICE_X41Y54         FDCE                                         r  u_ad9269/U_AD9269_SPI/DELAY_CNT_reg[12]/D
  -------------------------------------------------------------------    -------------------

                         (clock clk_out2_clk_wiz_0 rise edge)
                                                     50.000    50.000 r  
    U18                  IBUF                         0.000    50.000 r  sys_clk_IBUF_inst/O
                         net (fo=5, routed)           1.162    51.162    u_clk_wiz_0/inst/clk_in1
    MMCME2_ADV_X0Y0      MMCME2_ADV (Prop_mmcme2_adv_CLKIN1_CLKOUT1)
                                                     -7.118    44.043 r  u_clk_wiz_0/inst/mmcm_adv_inst/CLKOUT1
                         net (fo=1, routed)           1.599    45.643    u_clk_wiz_0/inst/clk_out2_clk_wiz_0
    BUFGCTRL_X0Y1        BUFG (Prop_bufg_I_O)         0.091    45.734 r  u_clk_wiz_0/inst/clkout2_buf/O
                         net (fo=36, routed)          1.566    47.299    u_ad9269/U_AD9269_SPI/clk_out2
    SLICE_X41Y54         FDCE                                         r  u_ad9269/U_AD9269_SPI/DELAY_CNT_reg[12]/C
                         clock pessimism              0.555    47.854    
                         clock uncertainty           -0.130    47.724    
    SLICE_X41Y54         FDCE (Setup_fdce_C_D)        0.062    47.786    u_ad9269/U_AD9269_SPI/DELAY_CNT_reg[12]
  -------------------------------------------------------------------
                         required time                         47.786    
                         arrival time                          -3.180    
  -------------------------------------------------------------------
                         slack                                 44.606    

Slack (MET) :             44.634ns  (required time - arrival time)
  Source:                 u_ad9269/U_AD9269_SPI/DELAY_CNT_reg[11]/C
                            (rising edge-triggered cell FDCE clocked by clk_out2_clk_wiz_0  {rise@0.000ns fall@25.000ns period=50.000ns})
  Destination:            u_ad9269/U_AD9269_SPI/DELAY_CNT_reg[9]/D
                            (rising edge-triggered cell FDCE clocked by clk_out2_clk_wiz_0  {rise@0.000ns fall@25.000ns period=50.000ns})
  Path Group:             clk_out2_clk_wiz_0
  Path Type:              Setup (Max at Slow Process Corner)
  Requirement:            50.000ns  (clk_out2_clk_wiz_0 rise@50.000ns - clk_out2_clk_wiz_0 rise@0.000ns)
  Data Path Delay:        5.298ns  (logic 1.801ns (33.994%)  route 3.497ns (66.006%))
  Logic Levels:           7  (CARRY4=3 LUT2=1 LUT4=1 LUT5=1 LUT6=1)
  Clock Path Skew:        0.000ns (DCD - SCD + CPR)
    Destination Clock Delay (DCD):    -2.701ns = ( 47.299 - 50.000 ) 
    Source Clock Delay      (SCD):    -2.121ns
    Clock Pessimism Removal (CPR):    0.580ns
  Clock Uncertainty:      0.130ns  ((TSJ^2 + DJ^2)^1/2) / 2 + PE
    Total System Jitter     (TSJ):    0.071ns
    Discrete Jitter          (DJ):    0.249ns
    Phase Error              (PE):    0.000ns

    Location             Delay type                Incr(ns)  Path(ns)    Netlist Resource(s)
  -------------------------------------------------------------------    -------------------
                         (clock clk_out2_clk_wiz_0 rise edge)
                                                      0.000     0.000 r  
    U18                  IBUF                         0.000     0.000 r  sys_clk_IBUF_inst/O
                         net (fo=5, routed)           1.285     1.285    u_clk_wiz_0/inst/clk_in1
    MMCME2_ADV_X0Y0      MMCME2_ADV (Prop_mmcme2_adv_CLKIN1_CLKOUT1)
                                                     -7.010    -5.725 r  u_clk_wiz_0/inst/mmcm_adv_inst/CLKOUT1
                         net (fo=1, routed)           1.760    -3.965    u_clk_wiz_0/inst/clk_out2_clk_wiz_0
    BUFGCTRL_X0Y1        BUFG (Prop_bufg_I_O)         0.101    -3.864 r  u_clk_wiz_0/inst/clkout2_buf/O
                         net (fo=36, routed)          1.743    -2.121    u_ad9269/U_AD9269_SPI/clk_out2
    SLICE_X41Y53         FDCE                                         r  u_ad9269/U_AD9269_SPI/DELAY_CNT_reg[11]/C
  -------------------------------------------------------------------    -------------------
    SLICE_X41Y53         FDCE (Prop_fdce_C_Q)         0.456    -1.665 f  u_ad9269/U_AD9269_SPI/DELAY_CNT_reg[11]/Q
                         net (fo=2, routed)           0.685    -0.980    u_ad9269/U_AD9269_SPI/DELAY_CNT_reg[11]
    SLICE_X40Y53         LUT4 (Prop_lut4_I2_O)        0.124    -0.856 f  u_ad9269/U_AD9269_SPI/FSM_sequential_STATE[0]_i_6/O
                         net (fo=1, routed)           0.646    -0.209    u_ad9269/U_AD9269_SPI/FSM_sequential_STATE[0]_i_6_n_0
    SLICE_X40Y52         LUT6 (Prop_lut6_I5_O)        0.124    -0.085 r  u_ad9269/U_AD9269_SPI/FSM_sequential_STATE[0]_i_3/O
                         net (fo=1, routed)           0.947     0.861    u_ad9269/U_AD9269_SPI/FSM_sequential_STATE[0]_i_3_n_0
    SLICE_X40Y54         LUT5 (Prop_lut5_I2_O)        0.124     0.985 f  u_ad9269/U_AD9269_SPI/FSM_sequential_STATE[0]_i_2/O
                         net (fo=21, routed)          1.218     2.204    u_ad9269/U_AD9269_SPI/FSM_sequential_STATE[0]_i_2_n_0
    SLICE_X41Y51         LUT2 (Prop_lut2_I1_O)        0.124     2.328 r  u_ad9269/U_AD9269_SPI/DELAY_CNT[0]_i_4/O
                         net (fo=1, routed)           0.000     2.328    u_ad9269/U_AD9269_SPI/DELAY_CNT[0]_i_4_n_0
    SLICE_X41Y51         CARRY4 (Prop_carry4_S[3]_CO[3])
                                                      0.401     2.729 r  u_ad9269/U_AD9269_SPI/DELAY_CNT_reg[0]_i_2/CO[3]
                         net (fo=1, routed)           0.000     2.729    u_ad9269/U_AD9269_SPI/DELAY_CNT_reg[0]_i_2_n_0
    SLICE_X41Y52         CARRY4 (Prop_carry4_CI_CO[3])
                                                      0.114     2.843 r  u_ad9269/U_AD9269_SPI/DELAY_CNT_reg[4]_i_1/CO[3]
                         net (fo=1, routed)           0.000     2.843    u_ad9269/U_AD9269_SPI/DELAY_CNT_reg[4]_i_1_n_0
    SLICE_X41Y53         CARRY4 (Prop_carry4_CI_O[1])
                                                      0.334     3.177 r  u_ad9269/U_AD9269_SPI/DELAY_CNT_reg[8]_i_1/O[1]
                         net (fo=1, routed)           0.000     3.177    u_ad9269/U_AD9269_SPI/DELAY_CNT_reg[8]_i_1_n_6
    SLICE_X41Y53         FDCE                                         r  u_ad9269/U_AD9269_SPI/DELAY_CNT_reg[9]/D
  -------------------------------------------------------------------    -------------------

                         (clock clk_out2_clk_wiz_0 rise edge)
                                                     50.000    50.000 r  
    U18                  IBUF                         0.000    50.000 r  sys_clk_IBUF_inst/O
                         net (fo=5, routed)           1.162    51.162    u_clk_wiz_0/inst/clk_in1
    MMCME2_ADV_X0Y0      MMCME2_ADV (Prop_mmcme2_adv_CLKIN1_CLKOUT1)
                                                     -7.118    44.043 r  u_clk_wiz_0/inst/mmcm_adv_inst/CLKOUT1
                         net (fo=1, routed)           1.599    45.643    u_clk_wiz_0/inst/clk_out2_clk_wiz_0
    BUFGCTRL_X0Y1        BUFG (Prop_bufg_I_O)         0.091    45.734 r  u_clk_wiz_0/inst/clkout2_buf/O
                         net (fo=36, routed)          1.566    47.299    u_ad9269/U_AD9269_SPI/clk_out2
    SLICE_X41Y53         FDCE                                         r  u_ad9269/U_AD9269_SPI/DELAY_CNT_reg[9]/C
                         clock pessimism              0.580    47.879    
                         clock uncertainty           -0.130    47.749    
    SLICE_X41Y53         FDCE (Setup_fdce_C_D)        0.062    47.811    u_ad9269/U_AD9269_SPI/DELAY_CNT_reg[9]
  -------------------------------------------------------------------
                         required time                         47.811    
                         arrival time                          -3.177    
  -------------------------------------------------------------------
                         slack                                 44.634    

Slack (MET) :             44.655ns  (required time - arrival time)
  Source:                 u_ad9269/U_AD9269_SPI/DELAY_CNT_reg[11]/C
                            (rising edge-triggered cell FDCE clocked by clk_out2_clk_wiz_0  {rise@0.000ns fall@25.000ns period=50.000ns})
  Destination:            u_ad9269/U_AD9269_SPI/DELAY_CNT_reg[11]/D
                            (rising edge-triggered cell FDCE clocked by clk_out2_clk_wiz_0  {rise@0.000ns fall@25.000ns period=50.000ns})
  Path Group:             clk_out2_clk_wiz_0
  Path Type:              Setup (Max at Slow Process Corner)
  Requirement:            50.000ns  (clk_out2_clk_wiz_0 rise@50.000ns - clk_out2_clk_wiz_0 rise@0.000ns)
  Data Path Delay:        5.277ns  (logic 1.780ns (33.732%)  route 3.497ns (66.268%))
  Logic Levels:           7  (CARRY4=3 LUT2=1 LUT4=1 LUT5=1 LUT6=1)
  Clock Path Skew:        0.000ns (DCD - SCD + CPR)
    Destination Clock Delay (DCD):    -2.701ns = ( 47.299 - 50.000 ) 
    Source Clock Delay      (SCD):    -2.121ns
    Clock Pessimism Removal (CPR):    0.580ns
  Clock Uncertainty:      0.130ns  ((TSJ^2 + DJ^2)^1/2) / 2 + PE
    Total System Jitter     (TSJ):    0.071ns
    Discrete Jitter          (DJ):    0.249ns
    Phase Error              (PE):    0.000ns

    Location             Delay type                Incr(ns)  Path(ns)    Netlist Resource(s)
  -------------------------------------------------------------------    -------------------
                         (clock clk_out2_clk_wiz_0 rise edge)
                                                      0.000     0.000 r  
    U18                  IBUF                         0.000     0.000 r  sys_clk_IBUF_inst/O
                         net (fo=5, routed)           1.285     1.285    u_clk_wiz_0/inst/clk_in1
    MMCME2_ADV_X0Y0      MMCME2_ADV (Prop_mmcme2_adv_CLKIN1_CLKOUT1)
                                                     -7.010    -5.725 r  u_clk_wiz_0/inst/mmcm_adv_inst/CLKOUT1
                         net (fo=1, routed)           1.760    -3.965    u_clk_wiz_0/inst/clk_out2_clk_wiz_0
    BUFGCTRL_X0Y1        BUFG (Prop_bufg_I_O)         0.101    -3.864 r  u_clk_wiz_0/inst/clkout2_buf/O
                         net (fo=36, routed)          1.743    -2.121    u_ad9269/U_AD9269_SPI/clk_out2
    SLICE_X41Y53         FDCE                                         r  u_ad9269/U_AD9269_SPI/DELAY_CNT_reg[11]/C
  -------------------------------------------------------------------    -------------------
    SLICE_X41Y53         FDCE (Prop_fdce_C_Q)         0.456    -1.665 f  u_ad9269/U_AD9269_SPI/DELAY_CNT_reg[11]/Q
                         net (fo=2, routed)           0.685    -0.980    u_ad9269/U_AD9269_SPI/DELAY_CNT_reg[11]
    SLICE_X40Y53         LUT4 (Prop_lut4_I2_O)        0.124    -0.856 f  u_ad9269/U_AD9269_SPI/FSM_sequential_STATE[0]_i_6/O
                         net (fo=1, routed)           0.646    -0.209    u_ad9269/U_AD9269_SPI/FSM_sequential_STATE[0]_i_6_n_0
    SLICE_X40Y52         LUT6 (Prop_lut6_I5_O)        0.124    -0.085 r  u_ad9269/U_AD9269_SPI/FSM_sequential_STATE[0]_i_3/O
                         net (fo=1, routed)           0.947     0.861    u_ad9269/U_AD9269_SPI/FSM_sequential_STATE[0]_i_3_n_0
    SLICE_X40Y54         LUT5 (Prop_lut5_I2_O)        0.124     0.985 f  u_ad9269/U_AD9269_SPI/FSM_sequential_STATE[0]_i_2/O
                         net (fo=21, routed)          1.218     2.204    u_ad9269/U_AD9269_SPI/FSM_sequential_STATE[0]_i_2_n_0
    SLICE_X41Y51         LUT2 (Prop_lut2_I1_O)        0.124     2.328 r  u_ad9269/U_AD9269_SPI/DELAY_CNT[0]_i_4/O
                         net (fo=1, routed)           0.000     2.328    u_ad9269/U_AD9269_SPI/DELAY_CNT[0]_i_4_n_0
    SLICE_X41Y51         CARRY4 (Prop_carry4_S[3]_CO[3])
                                                      0.401     2.729 r  u_ad9269/U_AD9269_SPI/DELAY_CNT_reg[0]_i_2/CO[3]
                         net (fo=1, routed)           0.000     2.729    u_ad9269/U_AD9269_SPI/DELAY_CNT_reg[0]_i_2_n_0
    SLICE_X41Y52         CARRY4 (Prop_carry4_CI_CO[3])
                                                      0.114     2.843 r  u_ad9269/U_AD9269_SPI/DELAY_CNT_reg[4]_i_1/CO[3]
                         net (fo=1, routed)           0.000     2.843    u_ad9269/U_AD9269_SPI/DELAY_CNT_reg[4]_i_1_n_0
    SLICE_X41Y53         CARRY4 (Prop_carry4_CI_O[3])
                                                      0.313     3.156 r  u_ad9269/U_AD9269_SPI/DELAY_CNT_reg[8]_i_1/O[3]
                         net (fo=1, routed)           0.000     3.156    u_ad9269/U_AD9269_SPI/DELAY_CNT_reg[8]_i_1_n_4
    SLICE_X41Y53         FDCE                                         r  u_ad9269/U_AD9269_SPI/DELAY_CNT_reg[11]/D
  -------------------------------------------------------------------    -------------------

                         (clock clk_out2_clk_wiz_0 rise edge)
                                                     50.000    50.000 r  
    U18                  IBUF                         0.000    50.000 r  sys_clk_IBUF_inst/O
                         net (fo=5, routed)           1.162    51.162    u_clk_wiz_0/inst/clk_in1
    MMCME2_ADV_X0Y0      MMCME2_ADV (Prop_mmcme2_adv_CLKIN1_CLKOUT1)
                                                     -7.118    44.043 r  u_clk_wiz_0/inst/mmcm_adv_inst/CLKOUT1
                         net (fo=1, routed)           1.599    45.643    u_clk_wiz_0/inst/clk_out2_clk_wiz_0
    BUFGCTRL_X0Y1        BUFG (Prop_bufg_I_O)         0.091    45.734 r  u_clk_wiz_0/inst/clkout2_buf/O
                         net (fo=36, routed)          1.566    47.299    u_ad9269/U_AD9269_SPI/clk_out2
    SLICE_X41Y53         FDCE                                         r  u_ad9269/U_AD9269_SPI/DELAY_CNT_reg[11]/C
                         clock pessimism              0.580    47.879    
                         clock uncertainty           -0.130    47.749    
    SLICE_X41Y53         FDCE (Setup_fdce_C_D)        0.062    47.811    u_ad9269/U_AD9269_SPI/DELAY_CNT_reg[11]
  -------------------------------------------------------------------
                         required time                         47.811    
                         arrival time                          -3.156    
  -------------------------------------------------------------------
                         slack                                 44.655    





Min Delay Paths
--------------------------------------------------------------------------------------
Slack (MET) :             0.170ns  (arrival time - required time)
  Source:                 u_ad9269/U_AD9269_SPI/DELAY_CNT_reg[13]/C
                            (rising edge-triggered cell FDCE clocked by clk_out2_clk_wiz_0  {rise@0.000ns fall@25.000ns period=50.000ns})
  Destination:            u_ad9269/U_AD9269_SPI/FSM_sequential_STATE_reg[0]/D
                            (rising edge-triggered cell FDCE clocked by clk_out2_clk_wiz_0  {rise@0.000ns fall@25.000ns period=50.000ns})
  Path Group:             clk_out2_clk_wiz_0
  Path Type:              Hold (Min at Fast Process Corner)
  Requirement:            0.000ns  (clk_out2_clk_wiz_0 rise@0.000ns - clk_out2_clk_wiz_0 rise@0.000ns)
  Data Path Delay:        0.532ns  (logic 0.231ns (43.390%)  route 0.301ns (56.610%))
  Logic Levels:           2  (LUT5=2)
  Clock Path Skew:        0.270ns (DCD - SCD - CPR)
    Destination Clock Delay (DCD):    -1.153ns
    Source Clock Delay      (SCD):    -0.734ns
    Clock Pessimism Removal (CPR):    -0.690ns

    Location             Delay type                Incr(ns)  Path(ns)    Netlist Resource(s)
  -------------------------------------------------------------------    -------------------
                         (clock clk_out2_clk_wiz_0 rise edge)
                                                      0.000     0.000 r  
    U18                  IBUF                         0.000     0.000 r  sys_clk_IBUF_inst/O
                         net (fo=5, routed)           0.440     0.440    u_clk_wiz_0/inst/clk_in1
    MMCME2_ADV_X0Y0      MMCME2_ADV (Prop_mmcme2_adv_CLKIN1_CLKOUT1)
                                                     -2.271    -1.831 r  u_clk_wiz_0/inst/mmcm_adv_inst/CLKOUT1
                         net (fo=1, routed)           0.482    -1.349    u_clk_wiz_0/inst/clk_out2_clk_wiz_0
    BUFGCTRL_X0Y1        BUFG (Prop_bufg_I_O)         0.026    -1.323 r  u_clk_wiz_0/inst/clkout2_buf/O
                         net (fo=36, routed)          0.590    -0.734    u_ad9269/U_AD9269_SPI/clk_out2
    SLICE_X41Y54         FDCE                                         r  u_ad9269/U_AD9269_SPI/DELAY_CNT_reg[13]/C
  -------------------------------------------------------------------    -------------------
    SLICE_X41Y54         FDCE (Prop_fdce_C_Q)         0.141    -0.593 r  u_ad9269/U_AD9269_SPI/DELAY_CNT_reg[13]/Q
                         net (fo=2, routed)           0.069    -0.523    u_ad9269/U_AD9269_SPI/DELAY_CNT_reg[13]
    SLICE_X40Y54         LUT5 (Prop_lut5_I3_O)        0.045    -0.478 r  u_ad9269/U_AD9269_SPI/FSM_sequential_STATE[0]_i_2/O
                         net (fo=21, routed)          0.232    -0.246    u_ad9269/U_AD9269_SPI/FSM_sequential_STATE[0]_i_2_n_0
    SLICE_X39Y48         LUT5 (Prop_lut5_I0_O)        0.045    -0.201 r  u_ad9269/U_AD9269_SPI/FSM_sequential_STATE[0]_i_1/O
                         net (fo=1, routed)           0.000    -0.201    u_ad9269/U_AD9269_SPI/STATE__0[0]
    SLICE_X39Y48         FDCE                                         r  u_ad9269/U_AD9269_SPI/FSM_sequential_STATE_reg[0]/D
  -------------------------------------------------------------------    -------------------

                         (clock clk_out2_clk_wiz_0 rise edge)
                                                      0.000     0.000 r  
    U18                  IBUF                         0.000     0.000 r  sys_clk_IBUF_inst/O
                         net (fo=5, routed)           0.480     0.480    u_clk_wiz_0/inst/clk_in1
    MMCME2_ADV_X0Y0      MMCME2_ADV (Prop_mmcme2_adv_CLKIN1_CLKOUT1)
                                                     -3.050    -2.570 r  u_clk_wiz_0/inst/mmcm_adv_inst/CLKOUT1
                         net (fo=1, routed)           0.528    -2.042    u_clk_wiz_0/inst/clk_out2_clk_wiz_0
    BUFGCTRL_X0Y1        BUFG (Prop_bufg_I_O)         0.029    -2.013 r  u_clk_wiz_0/inst/clkout2_buf/O
                         net (fo=36, routed)          0.860    -1.153    u_ad9269/U_AD9269_SPI/clk_out2
    SLICE_X39Y48         FDCE                                         r  u_ad9269/U_AD9269_SPI/FSM_sequential_STATE_reg[0]/C
                         clock pessimism              0.690    -0.463    
    SLICE_X39Y48         FDCE (Hold_fdce_C_D)         0.092    -0.371    u_ad9269/U_AD9269_SPI/FSM_sequential_STATE_reg[0]
  -------------------------------------------------------------------
                         required time                          0.371    
                         arrival time                          -0.201    
  -------------------------------------------------------------------
                         slack                                  0.170    

Slack (MET) :             0.201ns  (arrival time - required time)
  Source:                 u_ad9269/U_AD9269_SPI/SCLK_CNT_reg[1]/C
                            (rising edge-triggered cell FDCE clocked by clk_out2_clk_wiz_0  {rise@0.000ns fall@25.000ns period=50.000ns})
  Destination:            u_ad9269/U_AD9269_SPI/SCLK_CNT_reg[3]/D
                            (rising edge-triggered cell FDCE clocked by clk_out2_clk_wiz_0  {rise@0.000ns fall@25.000ns period=50.000ns})
  Path Group:             clk_out2_clk_wiz_0
  Path Type:              Hold (Min at Fast Process Corner)
  Requirement:            0.000ns  (clk_out2_clk_wiz_0 rise@0.000ns - clk_out2_clk_wiz_0 rise@0.000ns)
  Data Path Delay:        0.306ns  (logic 0.186ns (60.786%)  route 0.120ns (39.214%))
  Logic Levels:           1  (LUT6=1)
  Clock Path Skew:        0.013ns (DCD - SCD - CPR)
    Destination Clock Delay (DCD):    -1.151ns
    Source Clock Delay      (SCD):    -0.731ns
    Clock Pessimism Removal (CPR):    -0.433ns

    Location             Delay type                Incr(ns)  Path(ns)    Netlist Resource(s)
  -------------------------------------------------------------------    -------------------
                         (clock clk_out2_clk_wiz_0 rise edge)
                                                      0.000     0.000 r  
    U18                  IBUF                         0.000     0.000 r  sys_clk_IBUF_inst/O
                         net (fo=5, routed)           0.440     0.440    u_clk_wiz_0/inst/clk_in1
    MMCME2_ADV_X0Y0      MMCME2_ADV (Prop_mmcme2_adv_CLKIN1_CLKOUT1)
                                                     -2.271    -1.831 r  u_clk_wiz_0/inst/mmcm_adv_inst/CLKOUT1
                         net (fo=1, routed)           0.482    -1.349    u_clk_wiz_0/inst/clk_out2_clk_wiz_0
    BUFGCTRL_X0Y1        BUFG (Prop_bufg_I_O)         0.026    -1.323 r  u_clk_wiz_0/inst/clkout2_buf/O
                         net (fo=36, routed)          0.593    -0.731    u_ad9269/U_AD9269_SPI/clk_out2
    SLICE_X40Y48         FDCE                                         r  u_ad9269/U_AD9269_SPI/SCLK_CNT_reg[1]/C
  -------------------------------------------------------------------    -------------------
    SLICE_X40Y48         FDCE (Prop_fdce_C_Q)         0.141    -0.590 r  u_ad9269/U_AD9269_SPI/SCLK_CNT_reg[1]/Q
                         net (fo=5, routed)           0.120    -0.470    u_ad9269/U_AD9269_SPI/SCLK_CNT[1]
    SLICE_X41Y48         LUT6 (Prop_lut6_I2_O)        0.045    -0.425 r  u_ad9269/U_AD9269_SPI/SCLK_CNT[3]_i_1/O
                         net (fo=1, routed)           0.000    -0.425    u_ad9269/U_AD9269_SPI/SCLK_CNT[3]_i_1_n_0
    SLICE_X41Y48         FDCE                                         r  u_ad9269/U_AD9269_SPI/SCLK_CNT_reg[3]/D
  -------------------------------------------------------------------    -------------------

                         (clock clk_out2_clk_wiz_0 rise edge)
                                                      0.000     0.000 r  
    U18                  IBUF                         0.000     0.000 r  sys_clk_IBUF_inst/O
                         net (fo=5, routed)           0.480     0.480    u_clk_wiz_0/inst/clk_in1
    MMCME2_ADV_X0Y0      MMCME2_ADV (Prop_mmcme2_adv_CLKIN1_CLKOUT1)
                                                     -3.050    -2.570 r  u_clk_wiz_0/inst/mmcm_adv_inst/CLKOUT1
                         net (fo=1, routed)           0.528    -2.042    u_clk_wiz_0/inst/clk_out2_clk_wiz_0
    BUFGCTRL_X0Y1        BUFG (Prop_bufg_I_O)         0.029    -2.013 r  u_clk_wiz_0/inst/clkout2_buf/O
                         net (fo=36, routed)          0.862    -1.151    u_ad9269/U_AD9269_SPI/clk_out2
    SLICE_X41Y48         FDCE                                         r  u_ad9269/U_AD9269_SPI/SCLK_CNT_reg[3]/C
                         clock pessimism              0.433    -0.718    
    SLICE_X41Y48         FDCE (Hold_fdce_C_D)         0.092    -0.626    u_ad9269/U_AD9269_SPI/SCLK_CNT_reg[3]
  -------------------------------------------------------------------
                         required time                          0.626    
                         arrival time                          -0.425    
  -------------------------------------------------------------------
                         slack                                  0.201    

Slack (MET) :             0.223ns  (arrival time - required time)
  Source:                 u_ad9269/U_AD9269_SPI/SPI_CS_reg/C
                            (rising edge-triggered cell FDPE clocked by clk_out2_clk_wiz_0  {rise@0.000ns fall@25.000ns period=50.000ns})
  Destination:            u_ad9269/U_AD9269_SPI/cs_first_reg/D
                            (rising edge-triggered cell FDRE clocked by clk_out2_clk_wiz_0  {rise@0.000ns fall@25.000ns period=50.000ns})
  Path Group:             clk_out2_clk_wiz_0
  Path Type:              Hold (Min at Fast Process Corner)
  Requirement:            0.000ns  (clk_out2_clk_wiz_0 rise@0.000ns - clk_out2_clk_wiz_0 rise@0.000ns)
  Data Path Delay:        0.563ns  (logic 0.141ns (25.024%)  route 0.422ns (74.976%))
  Logic Levels:           0  
  Clock Path Skew:        0.270ns (DCD - SCD - CPR)
    Destination Clock Delay (DCD):    -1.152ns
    Source Clock Delay      (SCD):    -0.733ns
    Clock Pessimism Removal (CPR):    -0.690ns

    Location             Delay type                Incr(ns)  Path(ns)    Netlist Resource(s)
  -------------------------------------------------------------------    -------------------
                         (clock clk_out2_clk_wiz_0 rise edge)
                                                      0.000     0.000 r  
    U18                  IBUF                         0.000     0.000 r  sys_clk_IBUF_inst/O
                         net (fo=5, routed)           0.440     0.440    u_clk_wiz_0/inst/clk_in1
    MMCME2_ADV_X0Y0      MMCME2_ADV (Prop_mmcme2_adv_CLKIN1_CLKOUT1)
                                                     -2.271    -1.831 r  u_clk_wiz_0/inst/mmcm_adv_inst/CLKOUT1
                         net (fo=1, routed)           0.482    -1.349    u_clk_wiz_0/inst/clk_out2_clk_wiz_0
    BUFGCTRL_X0Y1        BUFG (Prop_bufg_I_O)         0.026    -1.323 r  u_clk_wiz_0/inst/clkout2_buf/O
                         net (fo=36, routed)          0.591    -0.733    u_ad9269/U_AD9269_SPI/clk_out2
    SLICE_X39Y48         FDPE                                         r  u_ad9269/U_AD9269_SPI/SPI_CS_reg/C
  -------------------------------------------------------------------    -------------------
    SLICE_X39Y48         FDPE (Prop_fdpe_C_Q)         0.141    -0.592 r  u_ad9269/U_AD9269_SPI/SPI_CS_reg/Q
                         net (fo=12, routed)          0.422    -0.169    u_ad9269/U_AD9269_SPI/SPI_CS_reg_0
    SLICE_X40Y52         FDRE                                         r  u_ad9269/U_AD9269_SPI/cs_first_reg/D
  -------------------------------------------------------------------    -------------------

                         (clock clk_out2_clk_wiz_0 rise edge)
                                                      0.000     0.000 r  
    U18                  IBUF                         0.000     0.000 r  sys_clk_IBUF_inst/O
                         net (fo=5, routed)           0.480     0.480    u_clk_wiz_0/inst/clk_in1
    MMCME2_ADV_X0Y0      MMCME2_ADV (Prop_mmcme2_adv_CLKIN1_CLKOUT1)
                                                     -3.050    -2.570 r  u_clk_wiz_0/inst/mmcm_adv_inst/CLKOUT1
                         net (fo=1, routed)           0.528    -2.042    u_clk_wiz_0/inst/clk_out2_clk_wiz_0
    BUFGCTRL_X0Y1        BUFG (Prop_bufg_I_O)         0.029    -2.013 r  u_clk_wiz_0/inst/clkout2_buf/O
                         net (fo=36, routed)          0.861    -1.152    u_ad9269/U_AD9269_SPI/clk_out2
    SLICE_X40Y52         FDRE                                         r  u_ad9269/U_AD9269_SPI/cs_first_reg/C
                         clock pessimism              0.690    -0.462    
    SLICE_X40Y52         FDRE (Hold_fdre_C_D)         0.070    -0.392    u_ad9269/U_AD9269_SPI/cs_first_reg
  -------------------------------------------------------------------
                         required time                          0.392    
                         arrival time                          -0.169    
  -------------------------------------------------------------------
                         slack                                  0.223    

Slack (MET) :             0.254ns  (arrival time - required time)
  Source:                 u_ad9269/U_AD9269_SPI/FSM_sequential_STATE_reg[1]/C
                            (rising edge-triggered cell FDCE clocked by clk_out2_clk_wiz_0  {rise@0.000ns fall@25.000ns period=50.000ns})
  Destination:            u_ad9269/U_AD9269_SPI/SCLK_CNT_reg[5]/D
                            (rising edge-triggered cell FDCE clocked by clk_out2_clk_wiz_0  {rise@0.000ns fall@25.000ns period=50.000ns})
  Path Group:             clk_out2_clk_wiz_0
  Path Type:              Hold (Min at Fast Process Corner)
  Requirement:            0.000ns  (clk_out2_clk_wiz_0 rise@0.000ns - clk_out2_clk_wiz_0 rise@0.000ns)
  Data Path Delay:        0.399ns  (logic 0.189ns (47.318%)  route 0.210ns (52.682%))
  Logic Levels:           1  (LUT4=1)
  Clock Path Skew:        0.038ns (DCD - SCD - CPR)
    Destination Clock Delay (DCD):    -1.151ns
    Source Clock Delay      (SCD):    -0.733ns
    Clock Pessimism Removal (CPR):    -0.456ns

    Location             Delay type                Incr(ns)  Path(ns)    Netlist Resource(s)
  -------------------------------------------------------------------    -------------------
                         (clock clk_out2_clk_wiz_0 rise edge)
                                                      0.000     0.000 r  
    U18                  IBUF                         0.000     0.000 r  sys_clk_IBUF_inst/O
                         net (fo=5, routed)           0.440     0.440    u_clk_wiz_0/inst/clk_in1
    MMCME2_ADV_X0Y0      MMCME2_ADV (Prop_mmcme2_adv_CLKIN1_CLKOUT1)
                                                     -2.271    -1.831 r  u_clk_wiz_0/inst/mmcm_adv_inst/CLKOUT1
                         net (fo=1, routed)           0.482    -1.349    u_clk_wiz_0/inst/clk_out2_clk_wiz_0
    BUFGCTRL_X0Y1        BUFG (Prop_bufg_I_O)         0.026    -1.323 r  u_clk_wiz_0/inst/clkout2_buf/O
                         net (fo=36, routed)          0.591    -0.733    u_ad9269/U_AD9269_SPI/clk_out2
    SLICE_X39Y48         FDCE                                         r  u_ad9269/U_AD9269_SPI/FSM_sequential_STATE_reg[1]/C
  -------------------------------------------------------------------    -------------------
    SLICE_X39Y48         FDCE (Prop_fdce_C_Q)         0.141    -0.592 r  u_ad9269/U_AD9269_SPI/FSM_sequential_STATE_reg[1]/Q
                         net (fo=15, routed)          0.210    -0.381    u_ad9269/U_AD9269_SPI/STATE[1]
    SLICE_X41Y48         LUT4 (Prop_lut4_I0_O)        0.048    -0.333 r  u_ad9269/U_AD9269_SPI/SCLK_CNT[5]_i_2/O
                         net (fo=1, routed)           0.000    -0.333    u_ad9269/U_AD9269_SPI/SCLK_CNT[5]_i_2_n_0
    SLICE_X41Y48         FDCE                                         r  u_ad9269/U_AD9269_SPI/SCLK_CNT_reg[5]/D
  -------------------------------------------------------------------    -------------------

                         (clock clk_out2_clk_wiz_0 rise edge)
                                                      0.000     0.000 r  
    U18                  IBUF                         0.000     0.000 r  sys_clk_IBUF_inst/O
                         net (fo=5, routed)           0.480     0.480    u_clk_wiz_0/inst/clk_in1
    MMCME2_ADV_X0Y0      MMCME2_ADV (Prop_mmcme2_adv_CLKIN1_CLKOUT1)
                                                     -3.050    -2.570 r  u_clk_wiz_0/inst/mmcm_adv_inst/CLKOUT1
                         net (fo=1, routed)           0.528    -2.042    u_clk_wiz_0/inst/clk_out2_clk_wiz_0
    BUFGCTRL_X0Y1        BUFG (Prop_bufg_I_O)         0.029    -2.013 r  u_clk_wiz_0/inst/clkout2_buf/O
                         net (fo=36, routed)          0.862    -1.151    u_ad9269/U_AD9269_SPI/clk_out2
    SLICE_X41Y48         FDCE                                         r  u_ad9269/U_AD9269_SPI/SCLK_CNT_reg[5]/C
                         clock pessimism              0.456    -0.695    
    SLICE_X41Y48         FDCE (Hold_fdce_C_D)         0.107    -0.588    u_ad9269/U_AD9269_SPI/SCLK_CNT_reg[5]
  -------------------------------------------------------------------
                         required time                          0.588    
                         arrival time                          -0.333    
  -------------------------------------------------------------------
                         slack                                  0.254    

Slack (MET) :             0.267ns  (arrival time - required time)
  Source:                 u_ad9269/U_AD9269_SPI/FSM_sequential_STATE_reg[1]/C
                            (rising edge-triggered cell FDCE clocked by clk_out2_clk_wiz_0  {rise@0.000ns fall@25.000ns period=50.000ns})
  Destination:            u_ad9269/U_AD9269_SPI/SCLK_CNT_reg[4]/D
                            (rising edge-triggered cell FDCE clocked by clk_out2_clk_wiz_0  {rise@0.000ns fall@25.000ns period=50.000ns})
  Path Group:             clk_out2_clk_wiz_0
  Path Type:              Hold (Min at Fast Process Corner)
  Requirement:            0.000ns  (clk_out2_clk_wiz_0 rise@0.000ns - clk_out2_clk_wiz_0 rise@0.000ns)
  Data Path Delay:        0.396ns  (logic 0.186ns (46.919%)  route 0.210ns (53.081%))
  Logic Levels:           1  (LUT4=1)
  Clock Path Skew:        0.038ns (DCD - SCD - CPR)
    Destination Clock Delay (DCD):    -1.151ns
    Source Clock Delay      (SCD):    -0.733ns
    Clock Pessimism Removal (CPR):    -0.456ns

    Location             Delay type                Incr(ns)  Path(ns)    Netlist Resource(s)
  -------------------------------------------------------------------    -------------------
                         (clock clk_out2_clk_wiz_0 rise edge)
                                                      0.000     0.000 r  
    U18                  IBUF                         0.000     0.000 r  sys_clk_IBUF_inst/O
                         net (fo=5, routed)           0.440     0.440    u_clk_wiz_0/inst/clk_in1
    MMCME2_ADV_X0Y0      MMCME2_ADV (Prop_mmcme2_adv_CLKIN1_CLKOUT1)
                                                     -2.271    -1.831 r  u_clk_wiz_0/inst/mmcm_adv_inst/CLKOUT1
                         net (fo=1, routed)           0.482    -1.349    u_clk_wiz_0/inst/clk_out2_clk_wiz_0
    BUFGCTRL_X0Y1        BUFG (Prop_bufg_I_O)         0.026    -1.323 r  u_clk_wiz_0/inst/clkout2_buf/O
                         net (fo=36, routed)          0.591    -0.733    u_ad9269/U_AD9269_SPI/clk_out2
    SLICE_X39Y48         FDCE                                         r  u_ad9269/U_AD9269_SPI/FSM_sequential_STATE_reg[1]/C
  -------------------------------------------------------------------    -------------------
    SLICE_X39Y48         FDCE (Prop_fdce_C_Q)         0.141    -0.592 r  u_ad9269/U_AD9269_SPI/FSM_sequential_STATE_reg[1]/Q
                         net (fo=15, routed)          0.210    -0.381    u_ad9269/U_AD9269_SPI/STATE[1]
    SLICE_X41Y48         LUT4 (Prop_lut4_I1_O)        0.045    -0.336 r  u_ad9269/U_AD9269_SPI/SCLK_CNT[4]_i_1/O
                         net (fo=1, routed)           0.000    -0.336    u_ad9269/U_AD9269_SPI/SCLK_CNT[4]_i_1_n_0
    SLICE_X41Y48         FDCE                                         r  u_ad9269/U_AD9269_SPI/SCLK_CNT_reg[4]/D
  -------------------------------------------------------------------    -------------------

                         (clock clk_out2_clk_wiz_0 rise edge)
                                                      0.000     0.000 r  
    U18                  IBUF                         0.000     0.000 r  sys_clk_IBUF_inst/O
                         net (fo=5, routed)           0.480     0.480    u_clk_wiz_0/inst/clk_in1
    MMCME2_ADV_X0Y0      MMCME2_ADV (Prop_mmcme2_adv_CLKIN1_CLKOUT1)
                                                     -3.050    -2.570 r  u_clk_wiz_0/inst/mmcm_adv_inst/CLKOUT1
                         net (fo=1, routed)           0.528    -2.042    u_clk_wiz_0/inst/clk_out2_clk_wiz_0
    BUFGCTRL_X0Y1        BUFG (Prop_bufg_I_O)         0.029    -2.013 r  u_clk_wiz_0/inst/clkout2_buf/O
                         net (fo=36, routed)          0.862    -1.151    u_ad9269/U_AD9269_SPI/clk_out2
    SLICE_X41Y48         FDCE                                         r  u_ad9269/U_AD9269_SPI/SCLK_CNT_reg[4]/C
                         clock pessimism              0.456    -0.695    
    SLICE_X41Y48         FDCE (Hold_fdce_C_D)         0.091    -0.604    u_ad9269/U_AD9269_SPI/SCLK_CNT_reg[4]
  -------------------------------------------------------------------
                         required time                          0.604    
                         arrival time                          -0.336    
  -------------------------------------------------------------------
                         slack                                  0.267    

Slack (MET) :             0.268ns  (arrival time - required time)
  Source:                 u_ad9269/U_AD9269_SPI/FSM_sequential_STATE_reg[2]/C
                            (rising edge-triggered cell FDCE clocked by clk_out2_clk_wiz_0  {rise@0.000ns fall@25.000ns period=50.000ns})
  Destination:            u_ad9269/U_AD9269_SPI/SPI_SCLK_reg/D
                            (rising edge-triggered cell FDPE clocked by clk_out2_clk_wiz_0  {rise@0.000ns fall@25.000ns period=50.000ns})
  Path Group:             clk_out2_clk_wiz_0
  Path Type:              Hold (Min at Fast Process Corner)
  Requirement:            0.000ns  (clk_out2_clk_wiz_0 rise@0.000ns - clk_out2_clk_wiz_0 rise@0.000ns)
  Data Path Delay:        0.375ns  (logic 0.230ns (61.328%)  route 0.145ns (38.672%))
  Logic Levels:           1  (LUT4=1)
  Clock Path Skew:        0.000ns (DCD - SCD - CPR)
    Destination Clock Delay (DCD):    -1.153ns
    Source Clock Delay      (SCD):    -0.733ns
    Clock Pessimism Removal (CPR):    -0.420ns

    Location             Delay type                Incr(ns)  Path(ns)    Netlist Resource(s)
  -------------------------------------------------------------------    -------------------
                         (clock clk_out2_clk_wiz_0 rise edge)
                                                      0.000     0.000 r  
    U18                  IBUF                         0.000     0.000 r  sys_clk_IBUF_inst/O
                         net (fo=5, routed)           0.440     0.440    u_clk_wiz_0/inst/clk_in1
    MMCME2_ADV_X0Y0      MMCME2_ADV (Prop_mmcme2_adv_CLKIN1_CLKOUT1)
                                                     -2.271    -1.831 r  u_clk_wiz_0/inst/mmcm_adv_inst/CLKOUT1
                         net (fo=1, routed)           0.482    -1.349    u_clk_wiz_0/inst/clk_out2_clk_wiz_0
    BUFGCTRL_X0Y1        BUFG (Prop_bufg_I_O)         0.026    -1.323 r  u_clk_wiz_0/inst/clkout2_buf/O
                         net (fo=36, routed)          0.591    -0.733    u_ad9269/U_AD9269_SPI/clk_out2
    SLICE_X39Y48         FDCE                                         r  u_ad9269/U_AD9269_SPI/FSM_sequential_STATE_reg[2]/C
  -------------------------------------------------------------------    -------------------
    SLICE_X39Y48         FDCE (Prop_fdce_C_Q)         0.128    -0.605 r  u_ad9269/U_AD9269_SPI/FSM_sequential_STATE_reg[2]/Q
                         net (fo=9, routed)           0.145    -0.460    u_ad9269/U_AD9269_SPI/STATE[2]
    SLICE_X39Y48         LUT4 (Prop_lut4_I3_O)        0.102    -0.358 r  u_ad9269/U_AD9269_SPI/SPI_SCLK_i_1/O
                         net (fo=1, routed)           0.000    -0.358    u_ad9269/U_AD9269_SPI/SPI_SCLK
    SLICE_X39Y48         FDPE                                         r  u_ad9269/U_AD9269_SPI/SPI_SCLK_reg/D
  -------------------------------------------------------------------    -------------------

                         (clock clk_out2_clk_wiz_0 rise edge)
                                                      0.000     0.000 r  
    U18                  IBUF                         0.000     0.000 r  sys_clk_IBUF_inst/O
                         net (fo=5, routed)           0.480     0.480    u_clk_wiz_0/inst/clk_in1
    MMCME2_ADV_X0Y0      MMCME2_ADV (Prop_mmcme2_adv_CLKIN1_CLKOUT1)
                                                     -3.050    -2.570 r  u_clk_wiz_0/inst/mmcm_adv_inst/CLKOUT1
                         net (fo=1, routed)           0.528    -2.042    u_clk_wiz_0/inst/clk_out2_clk_wiz_0
    BUFGCTRL_X0Y1        BUFG (Prop_bufg_I_O)         0.029    -2.013 r  u_clk_wiz_0/inst/clkout2_buf/O
                         net (fo=36, routed)          0.860    -1.153    u_ad9269/U_AD9269_SPI/clk_out2
    SLICE_X39Y48         FDPE                                         r  u_ad9269/U_AD9269_SPI/SPI_SCLK_reg/C
                         clock pessimism              0.420    -0.733    
    SLICE_X39Y48         FDPE (Hold_fdpe_C_D)         0.107    -0.626    u_ad9269/U_AD9269_SPI/SPI_SCLK_reg
  -------------------------------------------------------------------
                         required time                          0.626    
                         arrival time                          -0.358    
  -------------------------------------------------------------------
                         slack                                  0.268    

Slack (MET) :             0.269ns  (arrival time - required time)
  Source:                 u_ad9269/U_AD9269_SPI/FSM_sequential_STATE_reg[1]/C
                            (rising edge-triggered cell FDCE clocked by clk_out2_clk_wiz_0  {rise@0.000ns fall@25.000ns period=50.000ns})
  Destination:            u_ad9269/U_AD9269_SPI/SCLK_CNT_reg[2]/D
                            (rising edge-triggered cell FDCE clocked by clk_out2_clk_wiz_0  {rise@0.000ns fall@25.000ns period=50.000ns})
  Path Group:             clk_out2_clk_wiz_0
  Path Type:              Hold (Min at Fast Process Corner)
  Requirement:            0.000ns  (clk_out2_clk_wiz_0 rise@0.000ns - clk_out2_clk_wiz_0 rise@0.000ns)
  Data Path Delay:        0.414ns  (logic 0.189ns (45.631%)  route 0.225ns (54.369%))
  Logic Levels:           1  (LUT5=1)
  Clock Path Skew:        0.038ns (DCD - SCD - CPR)
    Destination Clock Delay (DCD):    -1.151ns
    Source Clock Delay      (SCD):    -0.733ns
    Clock Pessimism Removal (CPR):    -0.456ns

    Location             Delay type                Incr(ns)  Path(ns)    Netlist Resource(s)
  -------------------------------------------------------------------    -------------------
                         (clock clk_out2_clk_wiz_0 rise edge)
                                                      0.000     0.000 r  
    U18                  IBUF                         0.000     0.000 r  sys_clk_IBUF_inst/O
                         net (fo=5, routed)           0.440     0.440    u_clk_wiz_0/inst/clk_in1
    MMCME2_ADV_X0Y0      MMCME2_ADV (Prop_mmcme2_adv_CLKIN1_CLKOUT1)
                                                     -2.271    -1.831 r  u_clk_wiz_0/inst/mmcm_adv_inst/CLKOUT1
                         net (fo=1, routed)           0.482    -1.349    u_clk_wiz_0/inst/clk_out2_clk_wiz_0
    BUFGCTRL_X0Y1        BUFG (Prop_bufg_I_O)         0.026    -1.323 r  u_clk_wiz_0/inst/clkout2_buf/O
                         net (fo=36, routed)          0.591    -0.733    u_ad9269/U_AD9269_SPI/clk_out2
    SLICE_X39Y48         FDCE                                         r  u_ad9269/U_AD9269_SPI/FSM_sequential_STATE_reg[1]/C
  -------------------------------------------------------------------    -------------------
    SLICE_X39Y48         FDCE (Prop_fdce_C_Q)         0.141    -0.592 r  u_ad9269/U_AD9269_SPI/FSM_sequential_STATE_reg[1]/Q
                         net (fo=15, routed)          0.225    -0.367    u_ad9269/U_AD9269_SPI/STATE[1]
    SLICE_X40Y48         LUT5 (Prop_lut5_I0_O)        0.048    -0.319 r  u_ad9269/U_AD9269_SPI/SCLK_CNT[2]_i_1/O
                         net (fo=1, routed)           0.000    -0.319    u_ad9269/U_AD9269_SPI/SCLK_CNT[2]_i_1_n_0
    SLICE_X40Y48         FDCE                                         r  u_ad9269/U_AD9269_SPI/SCLK_CNT_reg[2]/D
  -------------------------------------------------------------------    -------------------

                         (clock clk_out2_clk_wiz_0 rise edge)
                                                      0.000     0.000 r  
    U18                  IBUF                         0.000     0.000 r  sys_clk_IBUF_inst/O
                         net (fo=5, routed)           0.480     0.480    u_clk_wiz_0/inst/clk_in1
    MMCME2_ADV_X0Y0      MMCME2_ADV (Prop_mmcme2_adv_CLKIN1_CLKOUT1)
                                                     -3.050    -2.570 r  u_clk_wiz_0/inst/mmcm_adv_inst/CLKOUT1
                         net (fo=1, routed)           0.528    -2.042    u_clk_wiz_0/inst/clk_out2_clk_wiz_0
    BUFGCTRL_X0Y1        BUFG (Prop_bufg_I_O)         0.029    -2.013 r  u_clk_wiz_0/inst/clkout2_buf/O
                         net (fo=36, routed)          0.862    -1.151    u_ad9269/U_AD9269_SPI/clk_out2
    SLICE_X40Y48         FDCE                                         r  u_ad9269/U_AD9269_SPI/SCLK_CNT_reg[2]/C
                         clock pessimism              0.456    -0.695    
    SLICE_X40Y48         FDCE (Hold_fdce_C_D)         0.107    -0.588    u_ad9269/U_AD9269_SPI/SCLK_CNT_reg[2]
  -------------------------------------------------------------------
                         required time                          0.588    
                         arrival time                          -0.319    
  -------------------------------------------------------------------
                         slack                                  0.269    

Slack (MET) :             0.279ns  (arrival time - required time)
  Source:                 u_ad9269/U_AD9269_SPI/FSM_sequential_STATE_reg[2]/C
                            (rising edge-triggered cell FDCE clocked by clk_out2_clk_wiz_0  {rise@0.000ns fall@25.000ns period=50.000ns})
  Destination:            u_ad9269/U_AD9269_SPI/SPI_CS_reg/D
                            (rising edge-triggered cell FDPE clocked by clk_out2_clk_wiz_0  {rise@0.000ns fall@25.000ns period=50.000ns})
  Path Group:             clk_out2_clk_wiz_0
  Path Type:              Hold (Min at Fast Process Corner)
  Requirement:            0.000ns  (clk_out2_clk_wiz_0 rise@0.000ns - clk_out2_clk_wiz_0 rise@0.000ns)
  Data Path Delay:        0.371ns  (logic 0.226ns (60.911%)  route 0.145ns (39.089%))
  Logic Levels:           1  (LUT3=1)
  Clock Path Skew:        0.000ns (DCD - SCD - CPR)
    Destination Clock Delay (DCD):    -1.153ns
    Source Clock Delay      (SCD):    -0.733ns
    Clock Pessimism Removal (CPR):    -0.420ns

    Location             Delay type                Incr(ns)  Path(ns)    Netlist Resource(s)
  -------------------------------------------------------------------    -------------------
                         (clock clk_out2_clk_wiz_0 rise edge)
                                                      0.000     0.000 r  
    U18                  IBUF                         0.000     0.000 r  sys_clk_IBUF_inst/O
                         net (fo=5, routed)           0.440     0.440    u_clk_wiz_0/inst/clk_in1
    MMCME2_ADV_X0Y0      MMCME2_ADV (Prop_mmcme2_adv_CLKIN1_CLKOUT1)
                                                     -2.271    -1.831 r  u_clk_wiz_0/inst/mmcm_adv_inst/CLKOUT1
                         net (fo=1, routed)           0.482    -1.349    u_clk_wiz_0/inst/clk_out2_clk_wiz_0
    BUFGCTRL_X0Y1        BUFG (Prop_bufg_I_O)         0.026    -1.323 r  u_clk_wiz_0/inst/clkout2_buf/O
                         net (fo=36, routed)          0.591    -0.733    u_ad9269/U_AD9269_SPI/clk_out2
    SLICE_X39Y48         FDCE                                         r  u_ad9269/U_AD9269_SPI/FSM_sequential_STATE_reg[2]/C
  -------------------------------------------------------------------    -------------------
    SLICE_X39Y48         FDCE (Prop_fdce_C_Q)         0.128    -0.605 r  u_ad9269/U_AD9269_SPI/FSM_sequential_STATE_reg[2]/Q
                         net (fo=9, routed)           0.145    -0.460    u_ad9269/U_AD9269_SPI/STATE[2]
    SLICE_X39Y48         LUT3 (Prop_lut3_I1_O)        0.098    -0.362 r  u_ad9269/U_AD9269_SPI/SPI_CS_i_1/O
                         net (fo=1, routed)           0.000    -0.362    u_ad9269/U_AD9269_SPI/SPI_CS
    SLICE_X39Y48         FDPE                                         r  u_ad9269/U_AD9269_SPI/SPI_CS_reg/D
  -------------------------------------------------------------------    -------------------

                         (clock clk_out2_clk_wiz_0 rise edge)
                                                      0.000     0.000 r  
    U18                  IBUF                         0.000     0.000 r  sys_clk_IBUF_inst/O
                         net (fo=5, routed)           0.480     0.480    u_clk_wiz_0/inst/clk_in1
    MMCME2_ADV_X0Y0      MMCME2_ADV (Prop_mmcme2_adv_CLKIN1_CLKOUT1)
                                                     -3.050    -2.570 r  u_clk_wiz_0/inst/mmcm_adv_inst/CLKOUT1
                         net (fo=1, routed)           0.528    -2.042    u_clk_wiz_0/inst/clk_out2_clk_wiz_0
    BUFGCTRL_X0Y1        BUFG (Prop_bufg_I_O)         0.029    -2.013 r  u_clk_wiz_0/inst/clkout2_buf/O
                         net (fo=36, routed)          0.860    -1.153    u_ad9269/U_AD9269_SPI/clk_out2
    SLICE_X39Y48         FDPE                                         r  u_ad9269/U_AD9269_SPI/SPI_CS_reg/C
                         clock pessimism              0.420    -0.733    
    SLICE_X39Y48         FDPE (Hold_fdpe_C_D)         0.092    -0.641    u_ad9269/U_AD9269_SPI/SPI_CS_reg
  -------------------------------------------------------------------
                         required time                          0.641    
                         arrival time                          -0.362    
  -------------------------------------------------------------------
                         slack                                  0.279    

Slack (MET) :             0.282ns  (arrival time - required time)
  Source:                 u_ad9269/U_AD9269_SPI/FSM_sequential_STATE_reg[1]/C
                            (rising edge-triggered cell FDCE clocked by clk_out2_clk_wiz_0  {rise@0.000ns fall@25.000ns period=50.000ns})
  Destination:            u_ad9269/U_AD9269_SPI/SCLK_CNT_reg[0]/D
                            (rising edge-triggered cell FDCE clocked by clk_out2_clk_wiz_0  {rise@0.000ns fall@25.000ns period=50.000ns})
  Path Group:             clk_out2_clk_wiz_0
  Path Type:              Hold (Min at Fast Process Corner)
  Requirement:            0.000ns  (clk_out2_clk_wiz_0 rise@0.000ns - clk_out2_clk_wiz_0 rise@0.000ns)
  Data Path Delay:        0.412ns  (logic 0.186ns (45.125%)  route 0.226ns (54.875%))
  Logic Levels:           1  (LUT3=1)
  Clock Path Skew:        0.038ns (DCD - SCD - CPR)
    Destination Clock Delay (DCD):    -1.151ns
    Source Clock Delay      (SCD):    -0.733ns
    Clock Pessimism Removal (CPR):    -0.456ns

    Location             Delay type                Incr(ns)  Path(ns)    Netlist Resource(s)
  -------------------------------------------------------------------    -------------------
                         (clock clk_out2_clk_wiz_0 rise edge)
                                                      0.000     0.000 r  
    U18                  IBUF                         0.000     0.000 r  sys_clk_IBUF_inst/O
                         net (fo=5, routed)           0.440     0.440    u_clk_wiz_0/inst/clk_in1
    MMCME2_ADV_X0Y0      MMCME2_ADV (Prop_mmcme2_adv_CLKIN1_CLKOUT1)
                                                     -2.271    -1.831 r  u_clk_wiz_0/inst/mmcm_adv_inst/CLKOUT1
                         net (fo=1, routed)           0.482    -1.349    u_clk_wiz_0/inst/clk_out2_clk_wiz_0
    BUFGCTRL_X0Y1        BUFG (Prop_bufg_I_O)         0.026    -1.323 r  u_clk_wiz_0/inst/clkout2_buf/O
                         net (fo=36, routed)          0.591    -0.733    u_ad9269/U_AD9269_SPI/clk_out2
    SLICE_X39Y48         FDCE                                         r  u_ad9269/U_AD9269_SPI/FSM_sequential_STATE_reg[1]/C
  -------------------------------------------------------------------    -------------------
    SLICE_X39Y48         FDCE (Prop_fdce_C_Q)         0.141    -0.592 r  u_ad9269/U_AD9269_SPI/FSM_sequential_STATE_reg[1]/Q
                         net (fo=15, routed)          0.226    -0.366    u_ad9269/U_AD9269_SPI/STATE[1]
    SLICE_X40Y48         LUT3 (Prop_lut3_I0_O)        0.045    -0.321 r  u_ad9269/U_AD9269_SPI/SCLK_CNT[0]_i_1/O
                         net (fo=1, routed)           0.000    -0.321    u_ad9269/U_AD9269_SPI/SCLK_CNT[0]_i_1_n_0
    SLICE_X40Y48         FDCE                                         r  u_ad9269/U_AD9269_SPI/SCLK_CNT_reg[0]/D
  -------------------------------------------------------------------    -------------------

                         (clock clk_out2_clk_wiz_0 rise edge)
                                                      0.000     0.000 r  
    U18                  IBUF                         0.000     0.000 r  sys_clk_IBUF_inst/O
                         net (fo=5, routed)           0.480     0.480    u_clk_wiz_0/inst/clk_in1
    MMCME2_ADV_X0Y0      MMCME2_ADV (Prop_mmcme2_adv_CLKIN1_CLKOUT1)
                                                     -3.050    -2.570 r  u_clk_wiz_0/inst/mmcm_adv_inst/CLKOUT1
                         net (fo=1, routed)           0.528    -2.042    u_clk_wiz_0/inst/clk_out2_clk_wiz_0
    BUFGCTRL_X0Y1        BUFG (Prop_bufg_I_O)         0.029    -2.013 r  u_clk_wiz_0/inst/clkout2_buf/O
                         net (fo=36, routed)          0.862    -1.151    u_ad9269/U_AD9269_SPI/clk_out2
    SLICE_X40Y48         FDCE                                         r  u_ad9269/U_AD9269_SPI/SCLK_CNT_reg[0]/C
                         clock pessimism              0.456    -0.695    
    SLICE_X40Y48         FDCE (Hold_fdce_C_D)         0.092    -0.603    u_ad9269/U_AD9269_SPI/SCLK_CNT_reg[0]
  -------------------------------------------------------------------
                         required time                          0.603    
                         arrival time                          -0.321    
  -------------------------------------------------------------------
                         slack                                  0.282    

Slack (MET) :             0.282ns  (arrival time - required time)
  Source:                 u_ad9269/U_AD9269_SPI/FSM_sequential_STATE_reg[1]/C
                            (rising edge-triggered cell FDCE clocked by clk_out2_clk_wiz_0  {rise@0.000ns fall@25.000ns period=50.000ns})
  Destination:            u_ad9269/U_AD9269_SPI/SCLK_CNT_reg[1]/D
                            (rising edge-triggered cell FDCE clocked by clk_out2_clk_wiz_0  {rise@0.000ns fall@25.000ns period=50.000ns})
  Path Group:             clk_out2_clk_wiz_0
  Path Type:              Hold (Min at Fast Process Corner)
  Requirement:            0.000ns  (clk_out2_clk_wiz_0 rise@0.000ns - clk_out2_clk_wiz_0 rise@0.000ns)
  Data Path Delay:        0.411ns  (logic 0.186ns (45.235%)  route 0.225ns (54.765%))
  Logic Levels:           1  (LUT4=1)
  Clock Path Skew:        0.038ns (DCD - SCD - CPR)
    Destination Clock Delay (DCD):    -1.151ns
    Source Clock Delay      (SCD):    -0.733ns
    Clock Pessimism Removal (CPR):    -0.456ns

    Location             Delay type                Incr(ns)  Path(ns)    Netlist Resource(s)
  -------------------------------------------------------------------    -------------------
                         (clock clk_out2_clk_wiz_0 rise edge)
                                                      0.000     0.000 r  
    U18                  IBUF                         0.000     0.000 r  sys_clk_IBUF_inst/O
                         net (fo=5, routed)           0.440     0.440    u_clk_wiz_0/inst/clk_in1
    MMCME2_ADV_X0Y0      MMCME2_ADV (Prop_mmcme2_adv_CLKIN1_CLKOUT1)
                                                     -2.271    -1.831 r  u_clk_wiz_0/inst/mmcm_adv_inst/CLKOUT1
                         net (fo=1, routed)           0.482    -1.349    u_clk_wiz_0/inst/clk_out2_clk_wiz_0
    BUFGCTRL_X0Y1        BUFG (Prop_bufg_I_O)         0.026    -1.323 r  u_clk_wiz_0/inst/clkout2_buf/O
                         net (fo=36, routed)          0.591    -0.733    u_ad9269/U_AD9269_SPI/clk_out2
    SLICE_X39Y48         FDCE                                         r  u_ad9269/U_AD9269_SPI/FSM_sequential_STATE_reg[1]/C
  -------------------------------------------------------------------    -------------------
    SLICE_X39Y48         FDCE (Prop_fdce_C_Q)         0.141    -0.592 r  u_ad9269/U_AD9269_SPI/FSM_sequential_STATE_reg[1]/Q
                         net (fo=15, routed)          0.225    -0.367    u_ad9269/U_AD9269_SPI/STATE[1]
    SLICE_X40Y48         LUT4 (Prop_lut4_I0_O)        0.045    -0.322 r  u_ad9269/U_AD9269_SPI/SCLK_CNT[1]_i_1/O
                         net (fo=1, routed)           0.000    -0.322    u_ad9269/U_AD9269_SPI/SCLK_CNT[1]_i_1_n_0
    SLICE_X40Y48         FDCE                                         r  u_ad9269/U_AD9269_SPI/SCLK_CNT_reg[1]/D
  -------------------------------------------------------------------    -------------------

                         (clock clk_out2_clk_wiz_0 rise edge)
                                                      0.000     0.000 r  
    U18                  IBUF                         0.000     0.000 r  sys_clk_IBUF_inst/O
                         net (fo=5, routed)           0.480     0.480    u_clk_wiz_0/inst/clk_in1
    MMCME2_ADV_X0Y0      MMCME2_ADV (Prop_mmcme2_adv_CLKIN1_CLKOUT1)
                                                     -3.050    -2.570 r  u_clk_wiz_0/inst/mmcm_adv_inst/CLKOUT1
                         net (fo=1, routed)           0.528    -2.042    u_clk_wiz_0/inst/clk_out2_clk_wiz_0
    BUFGCTRL_X0Y1        BUFG (Prop_bufg_I_O)         0.029    -2.013 r  u_clk_wiz_0/inst/clkout2_buf/O
                         net (fo=36, routed)          0.862    -1.151    u_ad9269/U_AD9269_SPI/clk_out2
    SLICE_X40Y48         FDCE                                         r  u_ad9269/U_AD9269_SPI/SCLK_CNT_reg[1]/C
                         clock pessimism              0.456    -0.695    
    SLICE_X40Y48         FDCE (Hold_fdce_C_D)         0.091    -0.604    u_ad9269/U_AD9269_SPI/SCLK_CNT_reg[1]
  -------------------------------------------------------------------
                         required time                          0.604    
                         arrival time                          -0.322    
  -------------------------------------------------------------------
                         slack                                  0.282    





Pulse Width Checks
--------------------------------------------------------------------------------------
Clock Name:         clk_out2_clk_wiz_0
Waveform(ns):       { 0.000 25.000 }
Period(ns):         50.000
Sources:            { u_clk_wiz_0/inst/mmcm_adv_inst/CLKOUT1 }

Check Type        Corner  Lib Pin             Reference Pin  Required(ns)  Actual(ns)  Slack(ns)  Location         Pin
Min Period        n/a     BUFG/I              n/a            2.155         50.000      47.845     BUFGCTRL_X0Y1    u_clk_wiz_0/inst/clkout2_buf/I
Min Period        n/a     MMCME2_ADV/CLKOUT1  n/a            1.249         50.000      48.751     MMCME2_ADV_X0Y0  u_clk_wiz_0/inst/mmcm_adv_inst/CLKOUT1
Min Period        n/a     FDCE/C              n/a            1.000         50.000      49.000     SLICE_X14Y76     u_ad9269/DB15_0_reg[10]/C
Min Period        n/a     FDCE/C              n/a            1.000         50.000      49.000     SLICE_X39Y48     u_ad9269/U_AD9269_SPI/DATA_CNT_reg[0]/C
Min Period        n/a     FDCE/C              n/a            1.000         50.000      49.000     SLICE_X39Y48     u_ad9269/U_AD9269_SPI/DATA_CNT_reg[1]/C
Min Period        n/a     FDCE/C              n/a            1.000         50.000      49.000     SLICE_X41Y51     u_ad9269/U_AD9269_SPI/DELAY_CNT_reg[0]/C
Min Period        n/a     FDCE/C              n/a            1.000         50.000      49.000     SLICE_X41Y53     u_ad9269/U_AD9269_SPI/DELAY_CNT_reg[10]/C
Min Period        n/a     FDCE/C              n/a            1.000         50.000      49.000     SLICE_X41Y53     u_ad9269/U_AD9269_SPI/DELAY_CNT_reg[11]/C
Min Period        n/a     FDCE/C              n/a            1.000         50.000      49.000     SLICE_X41Y54     u_ad9269/U_AD9269_SPI/DELAY_CNT_reg[12]/C
Min Period        n/a     FDCE/C              n/a            1.000         50.000      49.000     SLICE_X41Y54     u_ad9269/U_AD9269_SPI/DELAY_CNT_reg[13]/C
Max Period        n/a     MMCME2_ADV/CLKOUT1  n/a            213.360       50.000      163.360    MMCME2_ADV_X0Y0  u_clk_wiz_0/inst/mmcm_adv_inst/CLKOUT1
Low Pulse Width   Fast    FDCE/C              n/a            0.500         25.000      24.500     SLICE_X14Y76     u_ad9269/DB15_0_reg[10]/C
Low Pulse Width   Fast    FDCE/C              n/a            0.500         25.000      24.500     SLICE_X39Y48     u_ad9269/U_AD9269_SPI/DATA_CNT_reg[0]/C
Low Pulse Width   Fast    FDCE/C              n/a            0.500         25.000      24.500     SLICE_X39Y48     u_ad9269/U_AD9269_SPI/DATA_CNT_reg[1]/C
Low Pulse Width   Fast    FDCE/C              n/a            0.500         25.000      24.500     SLICE_X41Y51     u_ad9269/U_AD9269_SPI/DELAY_CNT_reg[0]/C
Low Pulse Width   Fast    FDCE/C              n/a            0.500         25.000      24.500     SLICE_X41Y51     u_ad9269/U_AD9269_SPI/DELAY_CNT_reg[1]/C
Low Pulse Width   Fast    FDCE/C              n/a            0.500         25.000      24.500     SLICE_X41Y51     u_ad9269/U_AD9269_SPI/DELAY_CNT_reg[2]/C
Low Pulse Width   Fast    FDCE/C              n/a            0.500         25.000      24.500     SLICE_X41Y51     u_ad9269/U_AD9269_SPI/DELAY_CNT_reg[3]/C
Low Pulse Width   Fast    FDCE/C              n/a            0.500         25.000      24.500     SLICE_X41Y52     u_ad9269/U_AD9269_SPI/DELAY_CNT_reg[4]/C
Low Pulse Width   Fast    FDCE/C              n/a            0.500         25.000      24.500     SLICE_X41Y52     u_ad9269/U_AD9269_SPI/DELAY_CNT_reg[5]/C
Low Pulse Width   Fast    FDCE/C              n/a            0.500         25.000      24.500     SLICE_X41Y52     u_ad9269/U_AD9269_SPI/DELAY_CNT_reg[6]/C
High Pulse Width  Slow    FDCE/C              n/a            0.500         25.000      24.500     SLICE_X14Y76     u_ad9269/DB15_0_reg[10]/C
High Pulse Width  Slow    FDCE/C              n/a            0.500         25.000      24.500     SLICE_X39Y48     u_ad9269/U_AD9269_SPI/DATA_CNT_reg[0]/C
High Pulse Width  Slow    FDCE/C              n/a            0.500         25.000      24.500     SLICE_X39Y48     u_ad9269/U_AD9269_SPI/DATA_CNT_reg[1]/C
High Pulse Width  Slow    FDCE/C              n/a            0.500         25.000      24.500     SLICE_X41Y51     u_ad9269/U_AD9269_SPI/DELAY_CNT_reg[0]/C
High Pulse Width  Slow    FDCE/C              n/a            0.500         25.000      24.500     SLICE_X41Y53     u_ad9269/U_AD9269_SPI/DELAY_CNT_reg[10]/C
High Pulse Width  Slow    FDCE/C              n/a            0.500         25.000      24.500     SLICE_X41Y53     u_ad9269/U_AD9269_SPI/DELAY_CNT_reg[11]/C
High Pulse Width  Slow    FDCE/C              n/a            0.500         25.000      24.500     SLICE_X41Y54     u_ad9269/U_AD9269_SPI/DELAY_CNT_reg[12]/C
High Pulse Width  Slow    FDCE/C              n/a            0.500         25.000      24.500     SLICE_X41Y54     u_ad9269/U_AD9269_SPI/DELAY_CNT_reg[13]/C
High Pulse Width  Slow    FDCE/C              n/a            0.500         25.000      24.500     SLICE_X41Y54     u_ad9269/U_AD9269_SPI/DELAY_CNT_reg[14]/C
High Pulse Width  Slow    FDCE/C              n/a            0.500         25.000      24.500     SLICE_X41Y54     u_ad9269/U_AD9269_SPI/DELAY_CNT_reg[15]/C



---------------------------------------------------------------------------------------------------
From Clock:  clkfbout_clk_wiz_0
  To Clock:  clkfbout_clk_wiz_0

Setup :           NA  Failing Endpoints,  Worst Slack           NA  ,  Total Violation           NA
Hold  :           NA  Failing Endpoints,  Worst Slack           NA  ,  Total Violation           NA
PW    :            0  Failing Endpoints,  Worst Slack       17.845ns,  Total Violation        0.000ns
---------------------------------------------------------------------------------------------------


Pulse Width Checks
--------------------------------------------------------------------------------------
Clock Name:         clkfbout_clk_wiz_0
Waveform(ns):       { 0.000 10.000 }
Period(ns):         20.000
Sources:            { u_clk_wiz_0/inst/mmcm_adv_inst/CLKFBOUT }

Check Type  Corner  Lib Pin              Reference Pin  Required(ns)  Actual(ns)  Slack(ns)  Location         Pin
Min Period  n/a     BUFG/I               n/a            2.155         20.000      17.845     BUFGCTRL_X0Y3    u_clk_wiz_0/inst/clkf_buf/I
Min Period  n/a     MMCME2_ADV/CLKFBOUT  n/a            1.249         20.000      18.751     MMCME2_ADV_X0Y0  u_clk_wiz_0/inst/mmcm_adv_inst/CLKFBOUT
Min Period  n/a     MMCME2_ADV/CLKFBIN   n/a            1.249         20.000      18.751     MMCME2_ADV_X0Y0  u_clk_wiz_0/inst/mmcm_adv_inst/CLKFBIN
Max Period  n/a     MMCME2_ADV/CLKFBIN   n/a            100.000       20.000      80.000     MMCME2_ADV_X0Y0  u_clk_wiz_0/inst/mmcm_adv_inst/CLKFBIN
Max Period  n/a     MMCME2_ADV/CLKFBOUT  n/a            213.360       20.000      193.360    MMCME2_ADV_X0Y0  u_clk_wiz_0/inst/mmcm_adv_inst/CLKFBOUT



---------------------------------------------------------------------------------------------------
From Clock:  sys_clk
  To Clock:  eth_rxc

Setup :            0  Failing Endpoints,  Worst Slack        1.232ns,  Total Violation        0.000ns
Hold  :            0  Failing Endpoints,  Worst Slack        0.178ns,  Total Violation        0.000ns
---------------------------------------------------------------------------------------------------


Max Delay Paths
--------------------------------------------------------------------------------------
Slack (MET) :             1.232ns  (required time - arrival time)
  Source:                 u_ad_convert/dout_reg[6]/C
                            (rising edge-triggered cell FDCE clocked by sys_clk  {rise@0.000ns fall@10.000ns period=20.000ns})
  Destination:            u_eth_udp_loop/u_udp/u_udp_tx/gmii_txd_reg[6]/D
                            (rising edge-triggered cell FDCE clocked by eth_rxc  {rise@0.000ns fall@4.000ns period=8.000ns})
  Path Group:             eth_rxc
  Path Type:              Setup (Max at Slow Process Corner)
  Requirement:            4.000ns  (eth_rxc rise@24.000ns - sys_clk rise@20.000ns)
  Data Path Delay:        3.380ns  (logic 0.828ns (24.498%)  route 2.552ns (75.502%))
  Logic Levels:           3  (LUT6=3)
  Clock Path Skew:        0.618ns (DCD - SCD + CPR)
    Destination Clock Delay (DCD):    4.865ns = ( 28.865 - 24.000 ) 
    Source Clock Delay      (SCD):    4.247ns = ( 24.247 - 20.000 ) 
    Clock Pessimism Removal (CPR):    0.000ns
  Clock Uncertainty:      0.035ns  ((TSJ^2 + TIJ^2)^1/2 + DJ) / 2 + PE
    Total System Jitter     (TSJ):    0.071ns
    Total Input Jitter      (TIJ):    0.000ns
    Discrete Jitter          (DJ):    0.000ns
    Phase Error              (PE):    0.000ns
  Clock Domain Crossing:  Inter clock paths are considered valid unless explicitly excluded by timing constraints such as set_clock_groups or set_false_path.

    Location             Delay type                Incr(ns)  Path(ns)    Netlist Resource(s)
  -------------------------------------------------------------------    -------------------
                         (clock sys_clk rise edge)   20.000    20.000 r  
    U18                                               0.000    20.000 r  sys_clk (IN)
                         net (fo=0)                   0.000    20.000    sys_clk
    U18                  IBUF (Prop_ibuf_I_O)         1.530    21.530 r  sys_clk_IBUF_inst/O
                         net (fo=5, routed)           2.716    24.247    u_ad_convert/sys_clk
    SLICE_X18Y76         FDCE                                         r  u_ad_convert/dout_reg[6]/C
  -------------------------------------------------------------------    -------------------
    SLICE_X18Y76         FDCE (Prop_fdce_C_Q)         0.456    24.703 r  u_ad_convert/dout_reg[6]/Q
                         net (fo=1, routed)           1.705    26.408    u_eth_udp_loop/u_udp/u_udp_tx/gmii_txd_reg[1]_1[2]
    SLICE_X17Y76         LUT6 (Prop_lut6_I3_O)        0.124    26.532 r  u_eth_udp_loop/u_udp/u_udp_tx/gmii_txd[1]_i_4__1/O
                         net (fo=2, routed)           0.437    26.969    u_eth_udp_loop/u_udp/u_udp_tx/gmii_txd[1]_i_4__1_n_0
    SLICE_X17Y77         LUT6 (Prop_lut6_I0_O)        0.124    27.093 r  u_eth_udp_loop/u_udp/u_udp_tx/gmii_txd[6]_i_2__1/O
                         net (fo=1, routed)           0.410    27.502    u_eth_udp_loop/u_udp/u_udp_tx/gmii_txd[6]_i_2__1_n_0
    SLICE_X18Y77         LUT6 (Prop_lut6_I0_O)        0.124    27.626 r  u_eth_udp_loop/u_udp/u_udp_tx/gmii_txd[6]_i_1__1/O
                         net (fo=1, routed)           0.000    27.626    u_eth_udp_loop/u_udp/u_udp_tx/gmii_txd[6]_i_1__1_n_0
    SLICE_X18Y77         FDCE                                         r  u_eth_udp_loop/u_udp/u_udp_tx/gmii_txd_reg[6]/D
  -------------------------------------------------------------------    -------------------

                         (clock eth_rxc rise edge)   24.000    24.000 r  
    K17                                               0.000    24.000 r  eth_rxc (IN)
                         net (fo=0)                   0.000    24.000    eth_rxc
    K17                  IBUF (Prop_ibuf_I_O)         1.421    25.421 r  eth_rxc_IBUF_inst/O
                         net (fo=2, routed)           1.880    27.301    u_eth_udp_loop/u_gmii_to_rgmii/u_rgmii_rx/eth_rxc
    BUFGCTRL_X0Y16       BUFG (Prop_bufg_I_O)         0.091    27.392 r  u_eth_udp_loop/u_gmii_to_rgmii/u_rgmii_rx/BUFG_inst/O
                         net (fo=1641, routed)        1.473    28.865    u_eth_udp_loop/u_udp/u_udp_tx/gmii_rx_clk
    SLICE_X18Y77         FDCE                                         r  u_eth_udp_loop/u_udp/u_udp_tx/gmii_txd_reg[6]/C
                         clock pessimism              0.000    28.865    
                         clock uncertainty           -0.035    28.829    
    SLICE_X18Y77         FDCE (Setup_fdce_C_D)        0.029    28.858    u_eth_udp_loop/u_udp/u_udp_tx/gmii_txd_reg[6]
  -------------------------------------------------------------------
                         required time                         28.858    
                         arrival time                         -27.626    
  -------------------------------------------------------------------
                         slack                                  1.232    

Slack (MET) :             1.520ns  (required time - arrival time)
  Source:                 u_ad_convert/dout_reg[6]/C
                            (rising edge-triggered cell FDCE clocked by sys_clk  {rise@0.000ns fall@10.000ns period=20.000ns})
  Destination:            u_eth_udp_loop/u_udp/u_udp_tx/gmii_txd_reg[1]/D
                            (rising edge-triggered cell FDCE clocked by eth_rxc  {rise@0.000ns fall@4.000ns period=8.000ns})
  Path Group:             eth_rxc
  Path Type:              Setup (Max at Slow Process Corner)
  Requirement:            4.000ns  (eth_rxc rise@24.000ns - sys_clk rise@20.000ns)
  Data Path Delay:        3.144ns  (logic 0.704ns (22.391%)  route 2.440ns (77.609%))
  Logic Levels:           2  (LUT6=2)
  Clock Path Skew:        0.618ns (DCD - SCD + CPR)
    Destination Clock Delay (DCD):    4.865ns = ( 28.865 - 24.000 ) 
    Source Clock Delay      (SCD):    4.247ns = ( 24.247 - 20.000 ) 
    Clock Pessimism Removal (CPR):    0.000ns
  Clock Uncertainty:      0.035ns  ((TSJ^2 + TIJ^2)^1/2 + DJ) / 2 + PE
    Total System Jitter     (TSJ):    0.071ns
    Total Input Jitter      (TIJ):    0.000ns
    Discrete Jitter          (DJ):    0.000ns
    Phase Error              (PE):    0.000ns
  Clock Domain Crossing:  Inter clock paths are considered valid unless explicitly excluded by timing constraints such as set_clock_groups or set_false_path.

    Location             Delay type                Incr(ns)  Path(ns)    Netlist Resource(s)
  -------------------------------------------------------------------    -------------------
                         (clock sys_clk rise edge)   20.000    20.000 r  
    U18                                               0.000    20.000 r  sys_clk (IN)
                         net (fo=0)                   0.000    20.000    sys_clk
    U18                  IBUF (Prop_ibuf_I_O)         1.530    21.530 r  sys_clk_IBUF_inst/O
                         net (fo=5, routed)           2.716    24.247    u_ad_convert/sys_clk
    SLICE_X18Y76         FDCE                                         r  u_ad_convert/dout_reg[6]/C
  -------------------------------------------------------------------    -------------------
    SLICE_X18Y76         FDCE (Prop_fdce_C_Q)         0.456    24.703 r  u_ad_convert/dout_reg[6]/Q
                         net (fo=1, routed)           1.705    26.408    u_eth_udp_loop/u_udp/u_udp_tx/gmii_txd_reg[1]_1[2]
    SLICE_X17Y76         LUT6 (Prop_lut6_I3_O)        0.124    26.532 r  u_eth_udp_loop/u_udp/u_udp_tx/gmii_txd[1]_i_4__1/O
                         net (fo=2, routed)           0.735    27.267    u_eth_udp_loop/u_udp/u_udp_tx/gmii_txd[1]_i_4__1_n_0
    SLICE_X16Y77         LUT6 (Prop_lut6_I4_O)        0.124    27.391 r  u_eth_udp_loop/u_udp/u_udp_tx/gmii_txd[1]_i_1__1/O
                         net (fo=1, routed)           0.000    27.391    u_eth_udp_loop/u_udp/u_udp_tx/gmii_txd[1]_i_1__1_n_0
    SLICE_X16Y77         FDCE                                         r  u_eth_udp_loop/u_udp/u_udp_tx/gmii_txd_reg[1]/D
  -------------------------------------------------------------------    -------------------

                         (clock eth_rxc rise edge)   24.000    24.000 r  
    K17                                               0.000    24.000 r  eth_rxc (IN)
                         net (fo=0)                   0.000    24.000    eth_rxc
    K17                  IBUF (Prop_ibuf_I_O)         1.421    25.421 r  eth_rxc_IBUF_inst/O
                         net (fo=2, routed)           1.880    27.301    u_eth_udp_loop/u_gmii_to_rgmii/u_rgmii_rx/eth_rxc
    BUFGCTRL_X0Y16       BUFG (Prop_bufg_I_O)         0.091    27.392 r  u_eth_udp_loop/u_gmii_to_rgmii/u_rgmii_rx/BUFG_inst/O
                         net (fo=1641, routed)        1.473    28.865    u_eth_udp_loop/u_udp/u_udp_tx/gmii_rx_clk
    SLICE_X16Y77         FDCE                                         r  u_eth_udp_loop/u_udp/u_udp_tx/gmii_txd_reg[1]/C
                         clock pessimism              0.000    28.865    
                         clock uncertainty           -0.035    28.829    
    SLICE_X16Y77         FDCE (Setup_fdce_C_D)        0.081    28.910    u_eth_udp_loop/u_udp/u_udp_tx/gmii_txd_reg[1]
  -------------------------------------------------------------------
                         required time                         28.910    
                         arrival time                         -27.391    
  -------------------------------------------------------------------
                         slack                                  1.520    

Slack (MET) :             2.118ns  (required time - arrival time)
  Source:                 u_ad_convert/dout_reg[2]/C
                            (rising edge-triggered cell FDCE clocked by sys_clk  {rise@0.000ns fall@10.000ns period=20.000ns})
  Destination:            u_eth_udp_loop/u_udp/u_udp_tx/gmii_txd_reg[4]/D
                            (rising edge-triggered cell FDCE clocked by eth_rxc  {rise@0.000ns fall@4.000ns period=8.000ns})
  Path Group:             eth_rxc
  Path Type:              Setup (Max at Slow Process Corner)
  Requirement:            4.000ns  (eth_rxc rise@24.000ns - sys_clk rise@20.000ns)
  Data Path Delay:        2.498ns  (logic 0.963ns (38.553%)  route 1.535ns (61.447%))
  Logic Levels:           3  (LUT5=1 LUT6=2)
  Clock Path Skew:        0.620ns (DCD - SCD + CPR)
    Destination Clock Delay (DCD):    4.867ns = ( 28.867 - 24.000 ) 
    Source Clock Delay      (SCD):    4.247ns = ( 24.247 - 20.000 ) 
    Clock Pessimism Removal (CPR):    0.000ns
  Clock Uncertainty:      0.035ns  ((TSJ^2 + TIJ^2)^1/2 + DJ) / 2 + PE
    Total System Jitter     (TSJ):    0.071ns
    Total Input Jitter      (TIJ):    0.000ns
    Discrete Jitter          (DJ):    0.000ns
    Phase Error              (PE):    0.000ns
  Clock Domain Crossing:  Inter clock paths are considered valid unless explicitly excluded by timing constraints such as set_clock_groups or set_false_path.

    Location             Delay type                Incr(ns)  Path(ns)    Netlist Resource(s)
  -------------------------------------------------------------------    -------------------
                         (clock sys_clk rise edge)   20.000    20.000 r  
    U18                                               0.000    20.000 r  sys_clk (IN)
                         net (fo=0)                   0.000    20.000    sys_clk
    U18                  IBUF (Prop_ibuf_I_O)         1.530    21.530 r  sys_clk_IBUF_inst/O
                         net (fo=5, routed)           2.716    24.247    u_ad_convert/sys_clk
    SLICE_X18Y76         FDCE                                         r  u_ad_convert/dout_reg[2]/C
  -------------------------------------------------------------------    -------------------
    SLICE_X18Y76         FDCE (Prop_fdce_C_Q)         0.419    24.666 r  u_ad_convert/dout_reg[2]/Q
                         net (fo=1, routed)           0.809    25.474    u_eth_udp_loop/u_udp/u_udp_tx/gmii_txd_reg[1]_1[0]
    SLICE_X17Y76         LUT5 (Prop_lut5_I2_O)        0.296    25.770 r  u_eth_udp_loop/u_udp/u_udp_tx/gmii_txd[2]_i_4__0/O
                         net (fo=2, routed)           0.424    26.194    u_eth_udp_loop/u_udp/u_udp_tx/gmii_txd[2]_i_4__0_n_0
    SLICE_X18Y76         LUT6 (Prop_lut6_I3_O)        0.124    26.318 r  u_eth_udp_loop/u_udp/u_udp_tx/gmii_txd[4]_i_2__1/O
                         net (fo=1, routed)           0.302    26.620    u_eth_udp_loop/u_udp/u_udp_tx/gmii_txd[4]_i_2__1_n_0
    SLICE_X18Y78         LUT6 (Prop_lut6_I0_O)        0.124    26.744 r  u_eth_udp_loop/u_udp/u_udp_tx/gmii_txd[4]_i_1__1/O
                         net (fo=1, routed)           0.000    26.744    u_eth_udp_loop/u_udp/u_udp_tx/gmii_txd[4]_i_1__1_n_0
    SLICE_X18Y78         FDCE                                         r  u_eth_udp_loop/u_udp/u_udp_tx/gmii_txd_reg[4]/D
  -------------------------------------------------------------------    -------------------

                         (clock eth_rxc rise edge)   24.000    24.000 r  
    K17                                               0.000    24.000 r  eth_rxc (IN)
                         net (fo=0)                   0.000    24.000    eth_rxc
    K17                  IBUF (Prop_ibuf_I_O)         1.421    25.421 r  eth_rxc_IBUF_inst/O
                         net (fo=2, routed)           1.880    27.301    u_eth_udp_loop/u_gmii_to_rgmii/u_rgmii_rx/eth_rxc
    BUFGCTRL_X0Y16       BUFG (Prop_bufg_I_O)         0.091    27.392 r  u_eth_udp_loop/u_gmii_to_rgmii/u_rgmii_rx/BUFG_inst/O
                         net (fo=1641, routed)        1.475    28.867    u_eth_udp_loop/u_udp/u_udp_tx/gmii_rx_clk
    SLICE_X18Y78         FDCE                                         r  u_eth_udp_loop/u_udp/u_udp_tx/gmii_txd_reg[4]/C
                         clock pessimism              0.000    28.867    
                         clock uncertainty           -0.035    28.831    
    SLICE_X18Y78         FDCE (Setup_fdce_C_D)        0.031    28.862    u_eth_udp_loop/u_udp/u_udp_tx/gmii_txd_reg[4]
  -------------------------------------------------------------------
                         required time                         28.862    
                         arrival time                         -26.744    
  -------------------------------------------------------------------
                         slack                                  2.118    

Slack (MET) :             2.143ns  (required time - arrival time)
  Source:                 u_ad_convert/dout_reg[5]/C
                            (rising edge-triggered cell FDCE clocked by sys_clk  {rise@0.000ns fall@10.000ns period=20.000ns})
  Destination:            u_eth_udp_loop/u_udp/u_udp_tx/gmii_txd_reg[5]/D
                            (rising edge-triggered cell FDCE clocked by eth_rxc  {rise@0.000ns fall@4.000ns period=8.000ns})
  Path Group:             eth_rxc
  Path Type:              Setup (Max at Slow Process Corner)
  Requirement:            4.000ns  (eth_rxc rise@24.000ns - sys_clk rise@20.000ns)
  Data Path Delay:        2.468ns  (logic 0.704ns (28.525%)  route 1.764ns (71.475%))
  Logic Levels:           2  (LUT5=1 LUT6=1)
  Clock Path Skew:        0.617ns (DCD - SCD + CPR)
    Destination Clock Delay (DCD):    4.864ns = ( 28.864 - 24.000 ) 
    Source Clock Delay      (SCD):    4.247ns = ( 24.247 - 20.000 ) 
    Clock Pessimism Removal (CPR):    0.000ns
  Clock Uncertainty:      0.035ns  ((TSJ^2 + TIJ^2)^1/2 + DJ) / 2 + PE
    Total System Jitter     (TSJ):    0.071ns
    Total Input Jitter      (TIJ):    0.000ns
    Discrete Jitter          (DJ):    0.000ns
    Phase Error              (PE):    0.000ns
  Clock Domain Crossing:  Inter clock paths are considered valid unless explicitly excluded by timing constraints such as set_clock_groups or set_false_path.

    Location             Delay type                Incr(ns)  Path(ns)    Netlist Resource(s)
  -------------------------------------------------------------------    -------------------
                         (clock sys_clk rise edge)   20.000    20.000 r  
    U18                                               0.000    20.000 r  sys_clk (IN)
                         net (fo=0)                   0.000    20.000    sys_clk
    U18                  IBUF (Prop_ibuf_I_O)         1.530    21.530 r  sys_clk_IBUF_inst/O
                         net (fo=5, routed)           2.716    24.247    u_ad_convert/sys_clk
    SLICE_X18Y76         FDCE                                         r  u_ad_convert/dout_reg[5]/C
  -------------------------------------------------------------------    -------------------
    SLICE_X18Y76         FDCE (Prop_fdce_C_Q)         0.456    24.703 r  u_ad_convert/dout_reg[5]/Q
                         net (fo=1, routed)           0.949    25.652    u_eth_udp_loop/u_udp/u_udp_tx/gmii_txd_reg[1]_1[1]
    SLICE_X17Y76         LUT5 (Prop_lut5_I2_O)        0.124    25.776 r  u_eth_udp_loop/u_udp/u_udp_tx/gmii_txd[5]_i_2__1/O
                         net (fo=1, routed)           0.815    26.591    u_eth_udp_loop/u_udp/u_udp_tx/gmii_txd[5]_i_2__1_n_0
    SLICE_X17Y76         LUT6 (Prop_lut6_I0_O)        0.124    26.715 r  u_eth_udp_loop/u_udp/u_udp_tx/gmii_txd[5]_i_1__1/O
                         net (fo=1, routed)           0.000    26.715    u_eth_udp_loop/u_udp/u_udp_tx/gmii_txd[5]_i_1__1_n_0
    SLICE_X17Y76         FDCE                                         r  u_eth_udp_loop/u_udp/u_udp_tx/gmii_txd_reg[5]/D
  -------------------------------------------------------------------    -------------------

                         (clock eth_rxc rise edge)   24.000    24.000 r  
    K17                                               0.000    24.000 r  eth_rxc (IN)
                         net (fo=0)                   0.000    24.000    eth_rxc
    K17                  IBUF (Prop_ibuf_I_O)         1.421    25.421 r  eth_rxc_IBUF_inst/O
                         net (fo=2, routed)           1.880    27.301    u_eth_udp_loop/u_gmii_to_rgmii/u_rgmii_rx/eth_rxc
    BUFGCTRL_X0Y16       BUFG (Prop_bufg_I_O)         0.091    27.392 r  u_eth_udp_loop/u_gmii_to_rgmii/u_rgmii_rx/BUFG_inst/O
                         net (fo=1641, routed)        1.472    28.864    u_eth_udp_loop/u_udp/u_udp_tx/gmii_rx_clk
    SLICE_X17Y76         FDCE                                         r  u_eth_udp_loop/u_udp/u_udp_tx/gmii_txd_reg[5]/C
                         clock pessimism              0.000    28.864    
                         clock uncertainty           -0.035    28.828    
    SLICE_X17Y76         FDCE (Setup_fdce_C_D)        0.029    28.857    u_eth_udp_loop/u_udp/u_udp_tx/gmii_txd_reg[5]
  -------------------------------------------------------------------
                         required time                         28.857    
                         arrival time                         -26.715    
  -------------------------------------------------------------------
                         slack                                  2.143    

Slack (MET) :             2.161ns  (required time - arrival time)
  Source:                 u_ad_convert/dout_reg[2]/C
                            (rising edge-triggered cell FDCE clocked by sys_clk  {rise@0.000ns fall@10.000ns period=20.000ns})
  Destination:            u_eth_udp_loop/u_udp/u_udp_tx/gmii_txd_reg[2]/D
                            (rising edge-triggered cell FDCE clocked by eth_rxc  {rise@0.000ns fall@4.000ns period=8.000ns})
  Path Group:             eth_rxc
  Path Type:              Setup (Max at Slow Process Corner)
  Requirement:            4.000ns  (eth_rxc rise@24.000ns - sys_clk rise@20.000ns)
  Data Path Delay:        2.450ns  (logic 0.839ns (34.240%)  route 1.611ns (65.760%))
  Logic Levels:           2  (LUT5=1 LUT6=1)
  Clock Path Skew:        0.617ns (DCD - SCD + CPR)
    Destination Clock Delay (DCD):    4.864ns = ( 28.864 - 24.000 ) 
    Source Clock Delay      (SCD):    4.247ns = ( 24.247 - 20.000 ) 
    Clock Pessimism Removal (CPR):    0.000ns
  Clock Uncertainty:      0.035ns  ((TSJ^2 + TIJ^2)^1/2 + DJ) / 2 + PE
    Total System Jitter     (TSJ):    0.071ns
    Total Input Jitter      (TIJ):    0.000ns
    Discrete Jitter          (DJ):    0.000ns
    Phase Error              (PE):    0.000ns
  Clock Domain Crossing:  Inter clock paths are considered valid unless explicitly excluded by timing constraints such as set_clock_groups or set_false_path.

    Location             Delay type                Incr(ns)  Path(ns)    Netlist Resource(s)
  -------------------------------------------------------------------    -------------------
                         (clock sys_clk rise edge)   20.000    20.000 r  
    U18                                               0.000    20.000 r  sys_clk (IN)
                         net (fo=0)                   0.000    20.000    sys_clk
    U18                  IBUF (Prop_ibuf_I_O)         1.530    21.530 r  sys_clk_IBUF_inst/O
                         net (fo=5, routed)           2.716    24.247    u_ad_convert/sys_clk
    SLICE_X18Y76         FDCE                                         r  u_ad_convert/dout_reg[2]/C
  -------------------------------------------------------------------    -------------------
    SLICE_X18Y76         FDCE (Prop_fdce_C_Q)         0.419    24.666 r  u_ad_convert/dout_reg[2]/Q
                         net (fo=1, routed)           0.809    25.474    u_eth_udp_loop/u_udp/u_udp_tx/gmii_txd_reg[1]_1[0]
    SLICE_X17Y76         LUT5 (Prop_lut5_I2_O)        0.296    25.770 r  u_eth_udp_loop/u_udp/u_udp_tx/gmii_txd[2]_i_4__0/O
                         net (fo=2, routed)           0.803    26.573    u_eth_udp_loop/u_udp/u_udp_tx/gmii_txd[2]_i_4__0_n_0
    SLICE_X19Y76         LUT6 (Prop_lut6_I3_O)        0.124    26.697 r  u_eth_udp_loop/u_udp/u_udp_tx/gmii_txd[2]_i_1__1/O
                         net (fo=1, routed)           0.000    26.697    u_eth_udp_loop/u_udp/u_udp_tx/gmii_txd[2]_i_1__1_n_0
    SLICE_X19Y76         FDCE                                         r  u_eth_udp_loop/u_udp/u_udp_tx/gmii_txd_reg[2]/D
  -------------------------------------------------------------------    -------------------

                         (clock eth_rxc rise edge)   24.000    24.000 r  
    K17                                               0.000    24.000 r  eth_rxc (IN)
                         net (fo=0)                   0.000    24.000    eth_rxc
    K17                  IBUF (Prop_ibuf_I_O)         1.421    25.421 r  eth_rxc_IBUF_inst/O
                         net (fo=2, routed)           1.880    27.301    u_eth_udp_loop/u_gmii_to_rgmii/u_rgmii_rx/eth_rxc
    BUFGCTRL_X0Y16       BUFG (Prop_bufg_I_O)         0.091    27.392 r  u_eth_udp_loop/u_gmii_to_rgmii/u_rgmii_rx/BUFG_inst/O
                         net (fo=1641, routed)        1.472    28.864    u_eth_udp_loop/u_udp/u_udp_tx/gmii_rx_clk
    SLICE_X19Y76         FDCE                                         r  u_eth_udp_loop/u_udp/u_udp_tx/gmii_txd_reg[2]/C
                         clock pessimism              0.000    28.864    
                         clock uncertainty           -0.035    28.828    
    SLICE_X19Y76         FDCE (Setup_fdce_C_D)        0.029    28.857    u_eth_udp_loop/u_udp/u_udp_tx/gmii_txd_reg[2]
  -------------------------------------------------------------------
                         required time                         28.857    
                         arrival time                         -26.697    
  -------------------------------------------------------------------
                         slack                                  2.161    





Min Delay Paths
--------------------------------------------------------------------------------------
Slack (MET) :             0.178ns  (arrival time - required time)
  Source:                 u_ad_convert/dout_reg[2]/C
                            (rising edge-triggered cell FDCE clocked by sys_clk  {rise@0.000ns fall@10.000ns period=20.000ns})
  Destination:            u_eth_udp_loop/u_udp/u_udp_tx/gmii_txd_reg[2]/D
                            (rising edge-triggered cell FDCE clocked by eth_rxc  {rise@0.000ns fall@4.000ns period=8.000ns})
  Path Group:             eth_rxc
  Path Type:              Hold (Min at Slow Process Corner)
  Requirement:            0.000ns  (eth_rxc rise@0.000ns - sys_clk rise@0.000ns)
  Data Path Delay:        2.004ns  (logic 0.676ns (33.726%)  route 1.328ns (66.274%))
  Logic Levels:           2  (LUT5=1 LUT6=1)
  Clock Path Skew:        1.522ns (DCD - SCD - CPR)
    Destination Clock Delay (DCD):    5.311ns
    Source Clock Delay      (SCD):    3.788ns
    Clock Pessimism Removal (CPR):    -0.000ns
  Clock Uncertainty:      0.035ns  ((TSJ^2 + TIJ^2)^1/2 + DJ) / 2 + PE
    Total System Jitter     (TSJ):    0.071ns
    Total Input Jitter      (TIJ):    0.000ns
    Discrete Jitter          (DJ):    0.000ns
    Phase Error              (PE):    0.000ns
  Clock Domain Crossing:  Inter clock paths are considered valid unless explicitly excluded by timing constraints such as set_clock_groups or set_false_path.

    Location             Delay type                Incr(ns)  Path(ns)    Netlist Resource(s)
  -------------------------------------------------------------------    -------------------
                         (clock sys_clk rise edge)    0.000     0.000 r  
    U18                                               0.000     0.000 r  sys_clk (IN)
                         net (fo=0)                   0.000     0.000    sys_clk
    U18                  IBUF (Prop_ibuf_I_O)         1.459     1.459 r  sys_clk_IBUF_inst/O
                         net (fo=5, routed)           2.329     3.788    u_ad_convert/sys_clk
    SLICE_X18Y76         FDCE                                         r  u_ad_convert/dout_reg[2]/C
  -------------------------------------------------------------------    -------------------
    SLICE_X18Y76         FDCE (Prop_fdce_C_Q)         0.337     4.125 r  u_ad_convert/dout_reg[2]/Q
                         net (fo=1, routed)           0.669     4.794    u_eth_udp_loop/u_udp/u_udp_tx/gmii_txd_reg[1]_1[0]
    SLICE_X17Y76         LUT5 (Prop_lut5_I2_O)        0.239     5.033 r  u_eth_udp_loop/u_udp/u_udp_tx/gmii_txd[2]_i_4__0/O
                         net (fo=2, routed)           0.660     5.693    u_eth_udp_loop/u_udp/u_udp_tx/gmii_txd[2]_i_4__0_n_0
    SLICE_X19Y76         LUT6 (Prop_lut6_I3_O)        0.100     5.793 r  u_eth_udp_loop/u_udp/u_udp_tx/gmii_txd[2]_i_1__1/O
                         net (fo=1, routed)           0.000     5.793    u_eth_udp_loop/u_udp/u_udp_tx/gmii_txd[2]_i_1__1_n_0
    SLICE_X19Y76         FDCE                                         r  u_eth_udp_loop/u_udp/u_udp_tx/gmii_txd_reg[2]/D
  -------------------------------------------------------------------    -------------------

                         (clock eth_rxc rise edge)    0.000     0.000 r  
    K17                                               0.000     0.000 r  eth_rxc (IN)
                         net (fo=0)                   0.000     0.000    eth_rxc
    K17                  IBUF (Prop_ibuf_I_O)         1.492     1.492 r  eth_rxc_IBUF_inst/O
                         net (fo=2, routed)           2.076     3.568    u_eth_udp_loop/u_gmii_to_rgmii/u_rgmii_rx/eth_rxc
    BUFGCTRL_X0Y16       BUFG (Prop_bufg_I_O)         0.101     3.669 r  u_eth_udp_loop/u_gmii_to_rgmii/u_rgmii_rx/BUFG_inst/O
                         net (fo=1641, routed)        1.642     5.311    u_eth_udp_loop/u_udp/u_udp_tx/gmii_rx_clk
    SLICE_X19Y76         FDCE                                         r  u_eth_udp_loop/u_udp/u_udp_tx/gmii_txd_reg[2]/C
                         clock pessimism              0.000     5.311    
                         clock uncertainty            0.035     5.346    
    SLICE_X19Y76         FDCE (Hold_fdce_C_D)         0.269     5.615    u_eth_udp_loop/u_udp/u_udp_tx/gmii_txd_reg[2]
  -------------------------------------------------------------------
                         required time                         -5.615    
                         arrival time                           5.793    
  -------------------------------------------------------------------
                         slack                                  0.178    

Slack (MET) :             0.193ns  (arrival time - required time)
  Source:                 u_ad_convert/dout_reg[5]/C
                            (rising edge-triggered cell FDCE clocked by sys_clk  {rise@0.000ns fall@10.000ns period=20.000ns})
  Destination:            u_eth_udp_loop/u_udp/u_udp_tx/gmii_txd_reg[5]/D
                            (rising edge-triggered cell FDCE clocked by eth_rxc  {rise@0.000ns fall@4.000ns period=8.000ns})
  Path Group:             eth_rxc
  Path Type:              Hold (Min at Slow Process Corner)
  Requirement:            0.000ns  (eth_rxc rise@0.000ns - sys_clk rise@0.000ns)
  Data Path Delay:        2.020ns  (logic 0.567ns (28.069%)  route 1.453ns (71.931%))
  Logic Levels:           2  (LUT5=1 LUT6=1)
  Clock Path Skew:        1.522ns (DCD - SCD - CPR)
    Destination Clock Delay (DCD):    5.311ns
    Source Clock Delay      (SCD):    3.788ns
    Clock Pessimism Removal (CPR):    -0.000ns
  Clock Uncertainty:      0.035ns  ((TSJ^2 + TIJ^2)^1/2 + DJ) / 2 + PE
    Total System Jitter     (TSJ):    0.071ns
    Total Input Jitter      (TIJ):    0.000ns
    Discrete Jitter          (DJ):    0.000ns
    Phase Error              (PE):    0.000ns
  Clock Domain Crossing:  Inter clock paths are considered valid unless explicitly excluded by timing constraints such as set_clock_groups or set_false_path.

    Location             Delay type                Incr(ns)  Path(ns)    Netlist Resource(s)
  -------------------------------------------------------------------    -------------------
                         (clock sys_clk rise edge)    0.000     0.000 r  
    U18                                               0.000     0.000 r  sys_clk (IN)
                         net (fo=0)                   0.000     0.000    sys_clk
    U18                  IBUF (Prop_ibuf_I_O)         1.459     1.459 r  sys_clk_IBUF_inst/O
                         net (fo=5, routed)           2.329     3.788    u_ad_convert/sys_clk
    SLICE_X18Y76         FDCE                                         r  u_ad_convert/dout_reg[5]/C
  -------------------------------------------------------------------    -------------------
    SLICE_X18Y76         FDCE (Prop_fdce_C_Q)         0.367     4.155 r  u_ad_convert/dout_reg[5]/Q
                         net (fo=1, routed)           0.779     4.935    u_eth_udp_loop/u_udp/u_udp_tx/gmii_txd_reg[1]_1[1]
    SLICE_X17Y76         LUT5 (Prop_lut5_I2_O)        0.100     5.035 r  u_eth_udp_loop/u_udp/u_udp_tx/gmii_txd[5]_i_2__1/O
                         net (fo=1, routed)           0.674     5.708    u_eth_udp_loop/u_udp/u_udp_tx/gmii_txd[5]_i_2__1_n_0
    SLICE_X17Y76         LUT6 (Prop_lut6_I0_O)        0.100     5.808 r  u_eth_udp_loop/u_udp/u_udp_tx/gmii_txd[5]_i_1__1/O
                         net (fo=1, routed)           0.000     5.808    u_eth_udp_loop/u_udp/u_udp_tx/gmii_txd[5]_i_1__1_n_0
    SLICE_X17Y76         FDCE                                         r  u_eth_udp_loop/u_udp/u_udp_tx/gmii_txd_reg[5]/D
  -------------------------------------------------------------------    -------------------

                         (clock eth_rxc rise edge)    0.000     0.000 r  
    K17                                               0.000     0.000 r  eth_rxc (IN)
                         net (fo=0)                   0.000     0.000    eth_rxc
    K17                  IBUF (Prop_ibuf_I_O)         1.492     1.492 r  eth_rxc_IBUF_inst/O
                         net (fo=2, routed)           2.076     3.568    u_eth_udp_loop/u_gmii_to_rgmii/u_rgmii_rx/eth_rxc
    BUFGCTRL_X0Y16       BUFG (Prop_bufg_I_O)         0.101     3.669 r  u_eth_udp_loop/u_gmii_to_rgmii/u_rgmii_rx/BUFG_inst/O
                         net (fo=1641, routed)        1.642     5.311    u_eth_udp_loop/u_udp/u_udp_tx/gmii_rx_clk
    SLICE_X17Y76         FDCE                                         r  u_eth_udp_loop/u_udp/u_udp_tx/gmii_txd_reg[5]/C
                         clock pessimism              0.000     5.311    
                         clock uncertainty            0.035     5.346    
    SLICE_X17Y76         FDCE (Hold_fdce_C_D)         0.269     5.615    u_eth_udp_loop/u_udp/u_udp_tx/gmii_txd_reg[5]
  -------------------------------------------------------------------
                         required time                         -5.615    
                         arrival time                           5.808    
  -------------------------------------------------------------------
                         slack                                  0.193    

Slack (MET) :             0.225ns  (arrival time - required time)
  Source:                 u_ad_convert/dout_reg[2]/C
                            (rising edge-triggered cell FDCE clocked by sys_clk  {rise@0.000ns fall@10.000ns period=20.000ns})
  Destination:            u_eth_udp_loop/u_udp/u_udp_tx/gmii_txd_reg[4]/D
                            (rising edge-triggered cell FDCE clocked by eth_rxc  {rise@0.000ns fall@4.000ns period=8.000ns})
  Path Group:             eth_rxc
  Path Type:              Hold (Min at Slow Process Corner)
  Requirement:            0.000ns  (eth_rxc rise@0.000ns - sys_clk rise@0.000ns)
  Data Path Delay:        2.057ns  (logic 0.776ns (37.728%)  route 1.281ns (62.272%))
  Logic Levels:           3  (LUT5=1 LUT6=2)
  Clock Path Skew:        1.526ns (DCD - SCD - CPR)
    Destination Clock Delay (DCD):    5.315ns
    Source Clock Delay      (SCD):    3.788ns
    Clock Pessimism Removal (CPR):    -0.000ns
  Clock Uncertainty:      0.035ns  ((TSJ^2 + TIJ^2)^1/2 + DJ) / 2 + PE
    Total System Jitter     (TSJ):    0.071ns
    Total Input Jitter      (TIJ):    0.000ns
    Discrete Jitter          (DJ):    0.000ns
    Phase Error              (PE):    0.000ns
  Clock Domain Crossing:  Inter clock paths are considered valid unless explicitly excluded by timing constraints such as set_clock_groups or set_false_path.

    Location             Delay type                Incr(ns)  Path(ns)    Netlist Resource(s)
  -------------------------------------------------------------------    -------------------
                         (clock sys_clk rise edge)    0.000     0.000 r  
    U18                                               0.000     0.000 r  sys_clk (IN)
                         net (fo=0)                   0.000     0.000    sys_clk
    U18                  IBUF (Prop_ibuf_I_O)         1.459     1.459 r  sys_clk_IBUF_inst/O
                         net (fo=5, routed)           2.329     3.788    u_ad_convert/sys_clk
    SLICE_X18Y76         FDCE                                         r  u_ad_convert/dout_reg[2]/C
  -------------------------------------------------------------------    -------------------
    SLICE_X18Y76         FDCE (Prop_fdce_C_Q)         0.337     4.125 r  u_ad_convert/dout_reg[2]/Q
                         net (fo=1, routed)           0.669     4.794    u_eth_udp_loop/u_udp/u_udp_tx/gmii_txd_reg[1]_1[0]
    SLICE_X17Y76         LUT5 (Prop_lut5_I2_O)        0.239     5.033 r  u_eth_udp_loop/u_udp/u_udp_tx/gmii_txd[2]_i_4__0/O
                         net (fo=2, routed)           0.357     5.390    u_eth_udp_loop/u_udp/u_udp_tx/gmii_txd[2]_i_4__0_n_0
    SLICE_X18Y76         LUT6 (Prop_lut6_I3_O)        0.100     5.490 r  u_eth_udp_loop/u_udp/u_udp_tx/gmii_txd[4]_i_2__1/O
                         net (fo=1, routed)           0.255     5.745    u_eth_udp_loop/u_udp/u_udp_tx/gmii_txd[4]_i_2__1_n_0
    SLICE_X18Y78         LUT6 (Prop_lut6_I0_O)        0.100     5.845 r  u_eth_udp_loop/u_udp/u_udp_tx/gmii_txd[4]_i_1__1/O
                         net (fo=1, routed)           0.000     5.845    u_eth_udp_loop/u_udp/u_udp_tx/gmii_txd[4]_i_1__1_n_0
    SLICE_X18Y78         FDCE                                         r  u_eth_udp_loop/u_udp/u_udp_tx/gmii_txd_reg[4]/D
  -------------------------------------------------------------------    -------------------

                         (clock eth_rxc rise edge)    0.000     0.000 r  
    K17                                               0.000     0.000 r  eth_rxc (IN)
                         net (fo=0)                   0.000     0.000    eth_rxc
    K17                  IBUF (Prop_ibuf_I_O)         1.492     1.492 r  eth_rxc_IBUF_inst/O
                         net (fo=2, routed)           2.076     3.568    u_eth_udp_loop/u_gmii_to_rgmii/u_rgmii_rx/eth_rxc
    BUFGCTRL_X0Y16       BUFG (Prop_bufg_I_O)         0.101     3.669 r  u_eth_udp_loop/u_gmii_to_rgmii/u_rgmii_rx/BUFG_inst/O
                         net (fo=1641, routed)        1.646     5.315    u_eth_udp_loop/u_udp/u_udp_tx/gmii_rx_clk
    SLICE_X18Y78         FDCE                                         r  u_eth_udp_loop/u_udp/u_udp_tx/gmii_txd_reg[4]/C
                         clock pessimism              0.000     5.315    
                         clock uncertainty            0.035     5.350    
    SLICE_X18Y78         FDCE (Hold_fdce_C_D)         0.270     5.620    u_eth_udp_loop/u_udp/u_udp_tx/gmii_txd_reg[4]
  -------------------------------------------------------------------
                         required time                         -5.620    
                         arrival time                           5.845    
  -------------------------------------------------------------------
                         slack                                  0.225    

Slack (MET) :             0.395ns  (arrival time - required time)
  Source:                 u_ad_convert/dout_reg[6]/C
                            (rising edge-triggered cell FDCE clocked by sys_clk  {rise@0.000ns fall@10.000ns period=20.000ns})
  Destination:            u_eth_udp_loop/u_udp/u_udp_tx/gmii_txd_reg[1]/D
                            (rising edge-triggered cell FDCE clocked by eth_rxc  {rise@0.000ns fall@4.000ns period=8.000ns})
  Path Group:             eth_rxc
  Path Type:              Hold (Min at Fast Process Corner)
  Requirement:            0.000ns  (eth_rxc rise@0.000ns - sys_clk rise@0.000ns)
  Data Path Delay:        1.030ns  (logic 0.231ns (22.424%)  route 0.799ns (77.576%))
  Logic Levels:           2  (LUT6=2)
  Clock Path Skew:        0.479ns (DCD - SCD - CPR)
    Destination Clock Delay (DCD):    1.974ns
    Source Clock Delay      (SCD):    1.496ns
    Clock Pessimism Removal (CPR):    -0.000ns
  Clock Uncertainty:      0.035ns  ((TSJ^2 + TIJ^2)^1/2 + DJ) / 2 + PE
    Total System Jitter     (TSJ):    0.071ns
    Total Input Jitter      (TIJ):    0.000ns
    Discrete Jitter          (DJ):    0.000ns
    Phase Error              (PE):    0.000ns
  Clock Domain Crossing:  Inter clock paths are considered valid unless explicitly excluded by timing constraints such as set_clock_groups or set_false_path.

    Location             Delay type                Incr(ns)  Path(ns)    Netlist Resource(s)
  -------------------------------------------------------------------    -------------------
                         (clock sys_clk rise edge)    0.000     0.000 r  
    U18                                               0.000     0.000 r  sys_clk (IN)
                         net (fo=0)                   0.000     0.000    sys_clk
    U18                  IBUF (Prop_ibuf_I_O)         0.297     0.297 r  sys_clk_IBUF_inst/O
                         net (fo=5, routed)           1.198     1.496    u_ad_convert/sys_clk
    SLICE_X18Y76         FDCE                                         r  u_ad_convert/dout_reg[6]/C
  -------------------------------------------------------------------    -------------------
    SLICE_X18Y76         FDCE (Prop_fdce_C_Q)         0.141     1.637 r  u_ad_convert/dout_reg[6]/Q
                         net (fo=1, routed)           0.563     2.200    u_eth_udp_loop/u_udp/u_udp_tx/gmii_txd_reg[1]_1[2]
    SLICE_X17Y76         LUT6 (Prop_lut6_I3_O)        0.045     2.245 r  u_eth_udp_loop/u_udp/u_udp_tx/gmii_txd[1]_i_4__1/O
                         net (fo=2, routed)           0.236     2.481    u_eth_udp_loop/u_udp/u_udp_tx/gmii_txd[1]_i_4__1_n_0
    SLICE_X16Y77         LUT6 (Prop_lut6_I4_O)        0.045     2.526 r  u_eth_udp_loop/u_udp/u_udp_tx/gmii_txd[1]_i_1__1/O
                         net (fo=1, routed)           0.000     2.526    u_eth_udp_loop/u_udp/u_udp_tx/gmii_txd[1]_i_1__1_n_0
    SLICE_X16Y77         FDCE                                         r  u_eth_udp_loop/u_udp/u_udp_tx/gmii_txd_reg[1]/D
  -------------------------------------------------------------------    -------------------

                         (clock eth_rxc rise edge)    0.000     0.000 r  
    K17                                               0.000     0.000 r  eth_rxc (IN)
                         net (fo=0)                   0.000     0.000    eth_rxc
    K17                  IBUF (Prop_ibuf_I_O)         0.447     0.447 r  eth_rxc_IBUF_inst/O
                         net (fo=2, routed)           0.683     1.130    u_eth_udp_loop/u_gmii_to_rgmii/u_rgmii_rx/eth_rxc
    BUFGCTRL_X0Y16       BUFG (Prop_bufg_I_O)         0.029     1.159 r  u_eth_udp_loop/u_gmii_to_rgmii/u_rgmii_rx/BUFG_inst/O
                         net (fo=1641, routed)        0.815     1.974    u_eth_udp_loop/u_udp/u_udp_tx/gmii_rx_clk
    SLICE_X16Y77         FDCE                                         r  u_eth_udp_loop/u_udp/u_udp_tx/gmii_txd_reg[1]/C
                         clock pessimism              0.000     1.974    
                         clock uncertainty            0.035     2.010    
    SLICE_X16Y77         FDCE (Hold_fdce_C_D)         0.121     2.131    u_eth_udp_loop/u_udp/u_udp_tx/gmii_txd_reg[1]
  -------------------------------------------------------------------
                         required time                         -2.131    
                         arrival time                           2.526    
  -------------------------------------------------------------------
                         slack                                  0.395    

Slack (MET) :             0.523ns  (arrival time - required time)
  Source:                 u_ad_convert/dout_reg[6]/C
                            (rising edge-triggered cell FDCE clocked by sys_clk  {rise@0.000ns fall@10.000ns period=20.000ns})
  Destination:            u_eth_udp_loop/u_udp/u_udp_tx/gmii_txd_reg[6]/D
                            (rising edge-triggered cell FDCE clocked by eth_rxc  {rise@0.000ns fall@4.000ns period=8.000ns})
  Path Group:             eth_rxc
  Path Type:              Hold (Min at Fast Process Corner)
  Requirement:            0.000ns  (eth_rxc rise@0.000ns - sys_clk rise@0.000ns)
  Data Path Delay:        1.128ns  (logic 0.276ns (24.471%)  route 0.852ns (75.529%))
  Logic Levels:           3  (LUT6=3)
  Clock Path Skew:        0.479ns (DCD - SCD - CPR)
    Destination Clock Delay (DCD):    1.974ns
    Source Clock Delay      (SCD):    1.496ns
    Clock Pessimism Removal (CPR):    -0.000ns
  Clock Uncertainty:      0.035ns  ((TSJ^2 + TIJ^2)^1/2 + DJ) / 2 + PE
    Total System Jitter     (TSJ):    0.071ns
    Total Input Jitter      (TIJ):    0.000ns
    Discrete Jitter          (DJ):    0.000ns
    Phase Error              (PE):    0.000ns
  Clock Domain Crossing:  Inter clock paths are considered valid unless explicitly excluded by timing constraints such as set_clock_groups or set_false_path.

    Location             Delay type                Incr(ns)  Path(ns)    Netlist Resource(s)
  -------------------------------------------------------------------    -------------------
                         (clock sys_clk rise edge)    0.000     0.000 r  
    U18                                               0.000     0.000 r  sys_clk (IN)
                         net (fo=0)                   0.000     0.000    sys_clk
    U18                  IBUF (Prop_ibuf_I_O)         0.297     0.297 r  sys_clk_IBUF_inst/O
                         net (fo=5, routed)           1.198     1.496    u_ad_convert/sys_clk
    SLICE_X18Y76         FDCE                                         r  u_ad_convert/dout_reg[6]/C
  -------------------------------------------------------------------    -------------------
    SLICE_X18Y76         FDCE (Prop_fdce_C_Q)         0.141     1.637 r  u_ad_convert/dout_reg[6]/Q
                         net (fo=1, routed)           0.563     2.200    u_eth_udp_loop/u_udp/u_udp_tx/gmii_txd_reg[1]_1[2]
    SLICE_X17Y76         LUT6 (Prop_lut6_I3_O)        0.045     2.245 r  u_eth_udp_loop/u_udp/u_udp_tx/gmii_txd[1]_i_4__1/O
                         net (fo=2, routed)           0.147     2.392    u_eth_udp_loop/u_udp/u_udp_tx/gmii_txd[1]_i_4__1_n_0
    SLICE_X17Y77         LUT6 (Prop_lut6_I0_O)        0.045     2.437 r  u_eth_udp_loop/u_udp/u_udp_tx/gmii_txd[6]_i_2__1/O
                         net (fo=1, routed)           0.142     2.579    u_eth_udp_loop/u_udp/u_udp_tx/gmii_txd[6]_i_2__1_n_0
    SLICE_X18Y77         LUT6 (Prop_lut6_I0_O)        0.045     2.624 r  u_eth_udp_loop/u_udp/u_udp_tx/gmii_txd[6]_i_1__1/O
                         net (fo=1, routed)           0.000     2.624    u_eth_udp_loop/u_udp/u_udp_tx/gmii_txd[6]_i_1__1_n_0
    SLICE_X18Y77         FDCE                                         r  u_eth_udp_loop/u_udp/u_udp_tx/gmii_txd_reg[6]/D
  -------------------------------------------------------------------    -------------------

                         (clock eth_rxc rise edge)    0.000     0.000 r  
    K17                                               0.000     0.000 r  eth_rxc (IN)
                         net (fo=0)                   0.000     0.000    eth_rxc
    K17                  IBUF (Prop_ibuf_I_O)         0.447     0.447 r  eth_rxc_IBUF_inst/O
                         net (fo=2, routed)           0.683     1.130    u_eth_udp_loop/u_gmii_to_rgmii/u_rgmii_rx/eth_rxc
    BUFGCTRL_X0Y16       BUFG (Prop_bufg_I_O)         0.029     1.159 r  u_eth_udp_loop/u_gmii_to_rgmii/u_rgmii_rx/BUFG_inst/O
                         net (fo=1641, routed)        0.815     1.974    u_eth_udp_loop/u_udp/u_udp_tx/gmii_rx_clk
    SLICE_X18Y77         FDCE                                         r  u_eth_udp_loop/u_udp/u_udp_tx/gmii_txd_reg[6]/C
                         clock pessimism              0.000     1.974    
                         clock uncertainty            0.035     2.010    
    SLICE_X18Y77         FDCE (Hold_fdce_C_D)         0.091     2.101    u_eth_udp_loop/u_udp/u_udp_tx/gmii_txd_reg[6]
  -------------------------------------------------------------------
                         required time                         -2.101    
                         arrival time                           2.624    
  -------------------------------------------------------------------
                         slack                                  0.523    





---------------------------------------------------------------------------------------------------
Path Group:  **async_default**
From Clock:  eth_rxc
  To Clock:  eth_rxc

Setup :            0  Failing Endpoints,  Worst Slack        5.517ns,  Total Violation        0.000ns
Hold  :            0  Failing Endpoints,  Worst Slack        0.432ns,  Total Violation        0.000ns
---------------------------------------------------------------------------------------------------


Max Delay Paths
--------------------------------------------------------------------------------------
Slack (MET) :             5.517ns  (required time - arrival time)
  Source:                 u_eth_udp_loop/u_async_fifo_2048x8b/U0/inst_fifo_gen/gconvfifo.rf/grf.rf/rstblk/ngwrdrst.grst.g7serrst.gnsckt_wrst.gic_rst.sckt_wr_rst_ic_reg/C
                            (rising edge-triggered cell FDPE clocked by eth_rxc  {rise@0.000ns fall@4.000ns period=8.000ns})
  Destination:            u_eth_udp_loop/u_async_fifo_2048x8b/U0/inst_fifo_gen/gconvfifo.rf/grf.rf/gntv_or_sync_fifo.gl0.wr/wpntr/gic0.gc0.count_d1_reg[2]/CLR
                            (recovery check against rising-edge clock eth_rxc  {rise@0.000ns fall@4.000ns period=8.000ns})
  Path Group:             **async_default**
  Path Type:              Recovery (Max at Slow Process Corner)
  Requirement:            8.000ns  (eth_rxc rise@8.000ns - eth_rxc rise@0.000ns)
  Data Path Delay:        2.028ns  (logic 0.518ns (25.543%)  route 1.510ns (74.457%))
  Logic Levels:           0  
  Clock Path Skew:        -0.015ns (DCD - SCD + CPR)
    Destination Clock Delay (DCD):    4.930ns = ( 12.930 - 8.000 ) 
    Source Clock Delay      (SCD):    5.336ns
    Clock Pessimism Removal (CPR):    0.391ns
  Clock Uncertainty:      0.035ns  ((TSJ^2 + TIJ^2)^1/2 + DJ) / 2 + PE
    Total System Jitter     (TSJ):    0.071ns
    Total Input Jitter      (TIJ):    0.000ns
    Discrete Jitter          (DJ):    0.000ns
    Phase Error              (PE):    0.000ns

    Location             Delay type                Incr(ns)  Path(ns)    Netlist Resource(s)
  -------------------------------------------------------------------    -------------------
                         (clock eth_rxc rise edge)    0.000     0.000 r  
    K17                                               0.000     0.000 r  eth_rxc (IN)
                         net (fo=0)                   0.000     0.000    eth_rxc
    K17                  IBUF (Prop_ibuf_I_O)         1.492     1.492 r  eth_rxc_IBUF_inst/O
                         net (fo=2, routed)           2.076     3.568    u_eth_udp_loop/u_gmii_to_rgmii/u_rgmii_rx/eth_rxc
    BUFGCTRL_X0Y16       BUFG (Prop_bufg_I_O)         0.101     3.669 r  u_eth_udp_loop/u_gmii_to_rgmii/u_rgmii_rx/BUFG_inst/O
                         net (fo=1641, routed)        1.667     5.336    u_eth_udp_loop/u_async_fifo_2048x8b/U0/inst_fifo_gen/gconvfifo.rf/grf.rf/rstblk/wr_clk
    SLICE_X12Y56         FDPE                                         r  u_eth_udp_loop/u_async_fifo_2048x8b/U0/inst_fifo_gen/gconvfifo.rf/grf.rf/rstblk/ngwrdrst.grst.g7serrst.gnsckt_wrst.gic_rst.sckt_wr_rst_ic_reg/C
  -------------------------------------------------------------------    -------------------
    SLICE_X12Y56         FDPE (Prop_fdpe_C_Q)         0.518     5.854 f  u_eth_udp_loop/u_async_fifo_2048x8b/U0/inst_fifo_gen/gconvfifo.rf/grf.rf/rstblk/ngwrdrst.grst.g7serrst.gnsckt_wrst.gic_rst.sckt_wr_rst_ic_reg/Q
                         net (fo=36, routed)          1.510     7.364    u_eth_udp_loop/u_async_fifo_2048x8b/U0/inst_fifo_gen/gconvfifo.rf/grf.rf/gntv_or_sync_fifo.gl0.wr/wpntr/AR[0]
    SLICE_X5Y55          FDCE                                         f  u_eth_udp_loop/u_async_fifo_2048x8b/U0/inst_fifo_gen/gconvfifo.rf/grf.rf/gntv_or_sync_fifo.gl0.wr/wpntr/gic0.gc0.count_d1_reg[2]/CLR
  -------------------------------------------------------------------    -------------------

                         (clock eth_rxc rise edge)    8.000     8.000 r  
    K17                                               0.000     8.000 r  eth_rxc (IN)
                         net (fo=0)                   0.000     8.000    eth_rxc
    K17                  IBUF (Prop_ibuf_I_O)         1.421     9.421 r  eth_rxc_IBUF_inst/O
                         net (fo=2, routed)           1.880    11.301    u_eth_udp_loop/u_gmii_to_rgmii/u_rgmii_rx/eth_rxc
    BUFGCTRL_X0Y16       BUFG (Prop_bufg_I_O)         0.091    11.392 r  u_eth_udp_loop/u_gmii_to_rgmii/u_rgmii_rx/BUFG_inst/O
                         net (fo=1641, routed)        1.538    12.930    u_eth_udp_loop/u_async_fifo_2048x8b/U0/inst_fifo_gen/gconvfifo.rf/grf.rf/gntv_or_sync_fifo.gl0.wr/wpntr/wr_clk
    SLICE_X5Y55          FDCE                                         r  u_eth_udp_loop/u_async_fifo_2048x8b/U0/inst_fifo_gen/gconvfifo.rf/grf.rf/gntv_or_sync_fifo.gl0.wr/wpntr/gic0.gc0.count_d1_reg[2]/C
                         clock pessimism              0.391    13.321    
                         clock uncertainty           -0.035    13.285    
    SLICE_X5Y55          FDCE (Recov_fdce_C_CLR)     -0.405    12.880    u_eth_udp_loop/u_async_fifo_2048x8b/U0/inst_fifo_gen/gconvfifo.rf/grf.rf/gntv_or_sync_fifo.gl0.wr/wpntr/gic0.gc0.count_d1_reg[2]
  -------------------------------------------------------------------
                         required time                         12.880    
                         arrival time                          -7.364    
  -------------------------------------------------------------------
                         slack                                  5.517    

Slack (MET) :             5.517ns  (required time - arrival time)
  Source:                 u_eth_udp_loop/u_async_fifo_2048x8b/U0/inst_fifo_gen/gconvfifo.rf/grf.rf/rstblk/ngwrdrst.grst.g7serrst.gnsckt_wrst.gic_rst.sckt_wr_rst_ic_reg/C
                            (rising edge-triggered cell FDPE clocked by eth_rxc  {rise@0.000ns fall@4.000ns period=8.000ns})
  Destination:            u_eth_udp_loop/u_async_fifo_2048x8b/U0/inst_fifo_gen/gconvfifo.rf/grf.rf/gntv_or_sync_fifo.gl0.wr/wpntr/gic0.gc0.count_d2_reg[0]/CLR
                            (recovery check against rising-edge clock eth_rxc  {rise@0.000ns fall@4.000ns period=8.000ns})
  Path Group:             **async_default**
  Path Type:              Recovery (Max at Slow Process Corner)
  Requirement:            8.000ns  (eth_rxc rise@8.000ns - eth_rxc rise@0.000ns)
  Data Path Delay:        2.028ns  (logic 0.518ns (25.543%)  route 1.510ns (74.457%))
  Logic Levels:           0  
  Clock Path Skew:        -0.015ns (DCD - SCD + CPR)
    Destination Clock Delay (DCD):    4.930ns = ( 12.930 - 8.000 ) 
    Source Clock Delay      (SCD):    5.336ns
    Clock Pessimism Removal (CPR):    0.391ns
  Clock Uncertainty:      0.035ns  ((TSJ^2 + TIJ^2)^1/2 + DJ) / 2 + PE
    Total System Jitter     (TSJ):    0.071ns
    Total Input Jitter      (TIJ):    0.000ns
    Discrete Jitter          (DJ):    0.000ns
    Phase Error              (PE):    0.000ns

    Location             Delay type                Incr(ns)  Path(ns)    Netlist Resource(s)
  -------------------------------------------------------------------    -------------------
                         (clock eth_rxc rise edge)    0.000     0.000 r  
    K17                                               0.000     0.000 r  eth_rxc (IN)
                         net (fo=0)                   0.000     0.000    eth_rxc
    K17                  IBUF (Prop_ibuf_I_O)         1.492     1.492 r  eth_rxc_IBUF_inst/O
                         net (fo=2, routed)           2.076     3.568    u_eth_udp_loop/u_gmii_to_rgmii/u_rgmii_rx/eth_rxc
    BUFGCTRL_X0Y16       BUFG (Prop_bufg_I_O)         0.101     3.669 r  u_eth_udp_loop/u_gmii_to_rgmii/u_rgmii_rx/BUFG_inst/O
                         net (fo=1641, routed)        1.667     5.336    u_eth_udp_loop/u_async_fifo_2048x8b/U0/inst_fifo_gen/gconvfifo.rf/grf.rf/rstblk/wr_clk
    SLICE_X12Y56         FDPE                                         r  u_eth_udp_loop/u_async_fifo_2048x8b/U0/inst_fifo_gen/gconvfifo.rf/grf.rf/rstblk/ngwrdrst.grst.g7serrst.gnsckt_wrst.gic_rst.sckt_wr_rst_ic_reg/C
  -------------------------------------------------------------------    -------------------
    SLICE_X12Y56         FDPE (Prop_fdpe_C_Q)         0.518     5.854 f  u_eth_udp_loop/u_async_fifo_2048x8b/U0/inst_fifo_gen/gconvfifo.rf/grf.rf/rstblk/ngwrdrst.grst.g7serrst.gnsckt_wrst.gic_rst.sckt_wr_rst_ic_reg/Q
                         net (fo=36, routed)          1.510     7.364    u_eth_udp_loop/u_async_fifo_2048x8b/U0/inst_fifo_gen/gconvfifo.rf/grf.rf/gntv_or_sync_fifo.gl0.wr/wpntr/AR[0]
    SLICE_X5Y55          FDCE                                         f  u_eth_udp_loop/u_async_fifo_2048x8b/U0/inst_fifo_gen/gconvfifo.rf/grf.rf/gntv_or_sync_fifo.gl0.wr/wpntr/gic0.gc0.count_d2_reg[0]/CLR
  -------------------------------------------------------------------    -------------------

                         (clock eth_rxc rise edge)    8.000     8.000 r  
    K17                                               0.000     8.000 r  eth_rxc (IN)
                         net (fo=0)                   0.000     8.000    eth_rxc
    K17                  IBUF (Prop_ibuf_I_O)         1.421     9.421 r  eth_rxc_IBUF_inst/O
                         net (fo=2, routed)           1.880    11.301    u_eth_udp_loop/u_gmii_to_rgmii/u_rgmii_rx/eth_rxc
    BUFGCTRL_X0Y16       BUFG (Prop_bufg_I_O)         0.091    11.392 r  u_eth_udp_loop/u_gmii_to_rgmii/u_rgmii_rx/BUFG_inst/O
                         net (fo=1641, routed)        1.538    12.930    u_eth_udp_loop/u_async_fifo_2048x8b/U0/inst_fifo_gen/gconvfifo.rf/grf.rf/gntv_or_sync_fifo.gl0.wr/wpntr/wr_clk
    SLICE_X5Y55          FDCE                                         r  u_eth_udp_loop/u_async_fifo_2048x8b/U0/inst_fifo_gen/gconvfifo.rf/grf.rf/gntv_or_sync_fifo.gl0.wr/wpntr/gic0.gc0.count_d2_reg[0]/C
                         clock pessimism              0.391    13.321    
                         clock uncertainty           -0.035    13.285    
    SLICE_X5Y55          FDCE (Recov_fdce_C_CLR)     -0.405    12.880    u_eth_udp_loop/u_async_fifo_2048x8b/U0/inst_fifo_gen/gconvfifo.rf/grf.rf/gntv_or_sync_fifo.gl0.wr/wpntr/gic0.gc0.count_d2_reg[0]
  -------------------------------------------------------------------
                         required time                         12.880    
                         arrival time                          -7.364    
  -------------------------------------------------------------------
                         slack                                  5.517    

Slack (MET) :             5.517ns  (required time - arrival time)
  Source:                 u_eth_udp_loop/u_async_fifo_2048x8b/U0/inst_fifo_gen/gconvfifo.rf/grf.rf/rstblk/ngwrdrst.grst.g7serrst.gnsckt_wrst.gic_rst.sckt_wr_rst_ic_reg/C
                            (rising edge-triggered cell FDPE clocked by eth_rxc  {rise@0.000ns fall@4.000ns period=8.000ns})
  Destination:            u_eth_udp_loop/u_async_fifo_2048x8b/U0/inst_fifo_gen/gconvfifo.rf/grf.rf/gntv_or_sync_fifo.gl0.wr/wpntr/gic0.gc0.count_d2_reg[2]/CLR
                            (recovery check against rising-edge clock eth_rxc  {rise@0.000ns fall@4.000ns period=8.000ns})
  Path Group:             **async_default**
  Path Type:              Recovery (Max at Slow Process Corner)
  Requirement:            8.000ns  (eth_rxc rise@8.000ns - eth_rxc rise@0.000ns)
  Data Path Delay:        2.028ns  (logic 0.518ns (25.543%)  route 1.510ns (74.457%))
  Logic Levels:           0  
  Clock Path Skew:        -0.015ns (DCD - SCD + CPR)
    Destination Clock Delay (DCD):    4.930ns = ( 12.930 - 8.000 ) 
    Source Clock Delay      (SCD):    5.336ns
    Clock Pessimism Removal (CPR):    0.391ns
  Clock Uncertainty:      0.035ns  ((TSJ^2 + TIJ^2)^1/2 + DJ) / 2 + PE
    Total System Jitter     (TSJ):    0.071ns
    Total Input Jitter      (TIJ):    0.000ns
    Discrete Jitter          (DJ):    0.000ns
    Phase Error              (PE):    0.000ns

    Location             Delay type                Incr(ns)  Path(ns)    Netlist Resource(s)
  -------------------------------------------------------------------    -------------------
                         (clock eth_rxc rise edge)    0.000     0.000 r  
    K17                                               0.000     0.000 r  eth_rxc (IN)
                         net (fo=0)                   0.000     0.000    eth_rxc
    K17                  IBUF (Prop_ibuf_I_O)         1.492     1.492 r  eth_rxc_IBUF_inst/O
                         net (fo=2, routed)           2.076     3.568    u_eth_udp_loop/u_gmii_to_rgmii/u_rgmii_rx/eth_rxc
    BUFGCTRL_X0Y16       BUFG (Prop_bufg_I_O)         0.101     3.669 r  u_eth_udp_loop/u_gmii_to_rgmii/u_rgmii_rx/BUFG_inst/O
                         net (fo=1641, routed)        1.667     5.336    u_eth_udp_loop/u_async_fifo_2048x8b/U0/inst_fifo_gen/gconvfifo.rf/grf.rf/rstblk/wr_clk
    SLICE_X12Y56         FDPE                                         r  u_eth_udp_loop/u_async_fifo_2048x8b/U0/inst_fifo_gen/gconvfifo.rf/grf.rf/rstblk/ngwrdrst.grst.g7serrst.gnsckt_wrst.gic_rst.sckt_wr_rst_ic_reg/C
  -------------------------------------------------------------------    -------------------
    SLICE_X12Y56         FDPE (Prop_fdpe_C_Q)         0.518     5.854 f  u_eth_udp_loop/u_async_fifo_2048x8b/U0/inst_fifo_gen/gconvfifo.rf/grf.rf/rstblk/ngwrdrst.grst.g7serrst.gnsckt_wrst.gic_rst.sckt_wr_rst_ic_reg/Q
                         net (fo=36, routed)          1.510     7.364    u_eth_udp_loop/u_async_fifo_2048x8b/U0/inst_fifo_gen/gconvfifo.rf/grf.rf/gntv_or_sync_fifo.gl0.wr/wpntr/AR[0]
    SLICE_X5Y55          FDCE                                         f  u_eth_udp_loop/u_async_fifo_2048x8b/U0/inst_fifo_gen/gconvfifo.rf/grf.rf/gntv_or_sync_fifo.gl0.wr/wpntr/gic0.gc0.count_d2_reg[2]/CLR
  -------------------------------------------------------------------    -------------------

                         (clock eth_rxc rise edge)    8.000     8.000 r  
    K17                                               0.000     8.000 r  eth_rxc (IN)
                         net (fo=0)                   0.000     8.000    eth_rxc
    K17                  IBUF (Prop_ibuf_I_O)         1.421     9.421 r  eth_rxc_IBUF_inst/O
                         net (fo=2, routed)           1.880    11.301    u_eth_udp_loop/u_gmii_to_rgmii/u_rgmii_rx/eth_rxc
    BUFGCTRL_X0Y16       BUFG (Prop_bufg_I_O)         0.091    11.392 r  u_eth_udp_loop/u_gmii_to_rgmii/u_rgmii_rx/BUFG_inst/O
                         net (fo=1641, routed)        1.538    12.930    u_eth_udp_loop/u_async_fifo_2048x8b/U0/inst_fifo_gen/gconvfifo.rf/grf.rf/gntv_or_sync_fifo.gl0.wr/wpntr/wr_clk
    SLICE_X5Y55          FDCE                                         r  u_eth_udp_loop/u_async_fifo_2048x8b/U0/inst_fifo_gen/gconvfifo.rf/grf.rf/gntv_or_sync_fifo.gl0.wr/wpntr/gic0.gc0.count_d2_reg[2]/C
                         clock pessimism              0.391    13.321    
                         clock uncertainty           -0.035    13.285    
    SLICE_X5Y55          FDCE (Recov_fdce_C_CLR)     -0.405    12.880    u_eth_udp_loop/u_async_fifo_2048x8b/U0/inst_fifo_gen/gconvfifo.rf/grf.rf/gntv_or_sync_fifo.gl0.wr/wpntr/gic0.gc0.count_d2_reg[2]
  -------------------------------------------------------------------
                         required time                         12.880    
                         arrival time                          -7.364    
  -------------------------------------------------------------------
                         slack                                  5.517    

Slack (MET) :             5.517ns  (required time - arrival time)
  Source:                 u_eth_udp_loop/u_async_fifo_2048x8b/U0/inst_fifo_gen/gconvfifo.rf/grf.rf/rstblk/ngwrdrst.grst.g7serrst.gnsckt_wrst.gic_rst.sckt_wr_rst_ic_reg/C
                            (rising edge-triggered cell FDPE clocked by eth_rxc  {rise@0.000ns fall@4.000ns period=8.000ns})
  Destination:            u_eth_udp_loop/u_async_fifo_2048x8b/U0/inst_fifo_gen/gconvfifo.rf/grf.rf/gntv_or_sync_fifo.gl0.wr/wpntr/gic0.gc0.count_d2_reg[6]/CLR
                            (recovery check against rising-edge clock eth_rxc  {rise@0.000ns fall@4.000ns period=8.000ns})
  Path Group:             **async_default**
  Path Type:              Recovery (Max at Slow Process Corner)
  Requirement:            8.000ns  (eth_rxc rise@8.000ns - eth_rxc rise@0.000ns)
  Data Path Delay:        2.028ns  (logic 0.518ns (25.543%)  route 1.510ns (74.457%))
  Logic Levels:           0  
  Clock Path Skew:        -0.015ns (DCD - SCD + CPR)
    Destination Clock Delay (DCD):    4.930ns = ( 12.930 - 8.000 ) 
    Source Clock Delay      (SCD):    5.336ns
    Clock Pessimism Removal (CPR):    0.391ns
  Clock Uncertainty:      0.035ns  ((TSJ^2 + TIJ^2)^1/2 + DJ) / 2 + PE
    Total System Jitter     (TSJ):    0.071ns
    Total Input Jitter      (TIJ):    0.000ns
    Discrete Jitter          (DJ):    0.000ns
    Phase Error              (PE):    0.000ns

    Location             Delay type                Incr(ns)  Path(ns)    Netlist Resource(s)
  -------------------------------------------------------------------    -------------------
                         (clock eth_rxc rise edge)    0.000     0.000 r  
    K17                                               0.000     0.000 r  eth_rxc (IN)
                         net (fo=0)                   0.000     0.000    eth_rxc
    K17                  IBUF (Prop_ibuf_I_O)         1.492     1.492 r  eth_rxc_IBUF_inst/O
                         net (fo=2, routed)           2.076     3.568    u_eth_udp_loop/u_gmii_to_rgmii/u_rgmii_rx/eth_rxc
    BUFGCTRL_X0Y16       BUFG (Prop_bufg_I_O)         0.101     3.669 r  u_eth_udp_loop/u_gmii_to_rgmii/u_rgmii_rx/BUFG_inst/O
                         net (fo=1641, routed)        1.667     5.336    u_eth_udp_loop/u_async_fifo_2048x8b/U0/inst_fifo_gen/gconvfifo.rf/grf.rf/rstblk/wr_clk
    SLICE_X12Y56         FDPE                                         r  u_eth_udp_loop/u_async_fifo_2048x8b/U0/inst_fifo_gen/gconvfifo.rf/grf.rf/rstblk/ngwrdrst.grst.g7serrst.gnsckt_wrst.gic_rst.sckt_wr_rst_ic_reg/C
  -------------------------------------------------------------------    -------------------
    SLICE_X12Y56         FDPE (Prop_fdpe_C_Q)         0.518     5.854 f  u_eth_udp_loop/u_async_fifo_2048x8b/U0/inst_fifo_gen/gconvfifo.rf/grf.rf/rstblk/ngwrdrst.grst.g7serrst.gnsckt_wrst.gic_rst.sckt_wr_rst_ic_reg/Q
                         net (fo=36, routed)          1.510     7.364    u_eth_udp_loop/u_async_fifo_2048x8b/U0/inst_fifo_gen/gconvfifo.rf/grf.rf/gntv_or_sync_fifo.gl0.wr/wpntr/AR[0]
    SLICE_X5Y55          FDCE                                         f  u_eth_udp_loop/u_async_fifo_2048x8b/U0/inst_fifo_gen/gconvfifo.rf/grf.rf/gntv_or_sync_fifo.gl0.wr/wpntr/gic0.gc0.count_d2_reg[6]/CLR
  -------------------------------------------------------------------    -------------------

                         (clock eth_rxc rise edge)    8.000     8.000 r  
    K17                                               0.000     8.000 r  eth_rxc (IN)
                         net (fo=0)                   0.000     8.000    eth_rxc
    K17                  IBUF (Prop_ibuf_I_O)         1.421     9.421 r  eth_rxc_IBUF_inst/O
                         net (fo=2, routed)           1.880    11.301    u_eth_udp_loop/u_gmii_to_rgmii/u_rgmii_rx/eth_rxc
    BUFGCTRL_X0Y16       BUFG (Prop_bufg_I_O)         0.091    11.392 r  u_eth_udp_loop/u_gmii_to_rgmii/u_rgmii_rx/BUFG_inst/O
                         net (fo=1641, routed)        1.538    12.930    u_eth_udp_loop/u_async_fifo_2048x8b/U0/inst_fifo_gen/gconvfifo.rf/grf.rf/gntv_or_sync_fifo.gl0.wr/wpntr/wr_clk
    SLICE_X5Y55          FDCE                                         r  u_eth_udp_loop/u_async_fifo_2048x8b/U0/inst_fifo_gen/gconvfifo.rf/grf.rf/gntv_or_sync_fifo.gl0.wr/wpntr/gic0.gc0.count_d2_reg[6]/C
                         clock pessimism              0.391    13.321    
                         clock uncertainty           -0.035    13.285    
    SLICE_X5Y55          FDCE (Recov_fdce_C_CLR)     -0.405    12.880    u_eth_udp_loop/u_async_fifo_2048x8b/U0/inst_fifo_gen/gconvfifo.rf/grf.rf/gntv_or_sync_fifo.gl0.wr/wpntr/gic0.gc0.count_d2_reg[6]
  -------------------------------------------------------------------
                         required time                         12.880    
                         arrival time                          -7.364    
  -------------------------------------------------------------------
                         slack                                  5.517    

Slack (MET) :             5.517ns  (required time - arrival time)
  Source:                 u_eth_udp_loop/u_async_fifo_2048x8b/U0/inst_fifo_gen/gconvfifo.rf/grf.rf/rstblk/ngwrdrst.grst.g7serrst.gnsckt_wrst.gic_rst.sckt_wr_rst_ic_reg/C
                            (rising edge-triggered cell FDPE clocked by eth_rxc  {rise@0.000ns fall@4.000ns period=8.000ns})
  Destination:            u_eth_udp_loop/u_async_fifo_2048x8b/U0/inst_fifo_gen/gconvfifo.rf/grf.rf/gntv_or_sync_fifo.gl0.wr/wpntr/gic0.gc0.count_d2_reg[7]/CLR
                            (recovery check against rising-edge clock eth_rxc  {rise@0.000ns fall@4.000ns period=8.000ns})
  Path Group:             **async_default**
  Path Type:              Recovery (Max at Slow Process Corner)
  Requirement:            8.000ns  (eth_rxc rise@8.000ns - eth_rxc rise@0.000ns)
  Data Path Delay:        2.028ns  (logic 0.518ns (25.543%)  route 1.510ns (74.457%))
  Logic Levels:           0  
  Clock Path Skew:        -0.015ns (DCD - SCD + CPR)
    Destination Clock Delay (DCD):    4.930ns = ( 12.930 - 8.000 ) 
    Source Clock Delay      (SCD):    5.336ns
    Clock Pessimism Removal (CPR):    0.391ns
  Clock Uncertainty:      0.035ns  ((TSJ^2 + TIJ^2)^1/2 + DJ) / 2 + PE
    Total System Jitter     (TSJ):    0.071ns
    Total Input Jitter      (TIJ):    0.000ns
    Discrete Jitter          (DJ):    0.000ns
    Phase Error              (PE):    0.000ns

    Location             Delay type                Incr(ns)  Path(ns)    Netlist Resource(s)
  -------------------------------------------------------------------    -------------------
                         (clock eth_rxc rise edge)    0.000     0.000 r  
    K17                                               0.000     0.000 r  eth_rxc (IN)
                         net (fo=0)                   0.000     0.000    eth_rxc
    K17                  IBUF (Prop_ibuf_I_O)         1.492     1.492 r  eth_rxc_IBUF_inst/O
                         net (fo=2, routed)           2.076     3.568    u_eth_udp_loop/u_gmii_to_rgmii/u_rgmii_rx/eth_rxc
    BUFGCTRL_X0Y16       BUFG (Prop_bufg_I_O)         0.101     3.669 r  u_eth_udp_loop/u_gmii_to_rgmii/u_rgmii_rx/BUFG_inst/O
                         net (fo=1641, routed)        1.667     5.336    u_eth_udp_loop/u_async_fifo_2048x8b/U0/inst_fifo_gen/gconvfifo.rf/grf.rf/rstblk/wr_clk
    SLICE_X12Y56         FDPE                                         r  u_eth_udp_loop/u_async_fifo_2048x8b/U0/inst_fifo_gen/gconvfifo.rf/grf.rf/rstblk/ngwrdrst.grst.g7serrst.gnsckt_wrst.gic_rst.sckt_wr_rst_ic_reg/C
  -------------------------------------------------------------------    -------------------
    SLICE_X12Y56         FDPE (Prop_fdpe_C_Q)         0.518     5.854 f  u_eth_udp_loop/u_async_fifo_2048x8b/U0/inst_fifo_gen/gconvfifo.rf/grf.rf/rstblk/ngwrdrst.grst.g7serrst.gnsckt_wrst.gic_rst.sckt_wr_rst_ic_reg/Q
                         net (fo=36, routed)          1.510     7.364    u_eth_udp_loop/u_async_fifo_2048x8b/U0/inst_fifo_gen/gconvfifo.rf/grf.rf/gntv_or_sync_fifo.gl0.wr/wpntr/AR[0]
    SLICE_X5Y55          FDCE                                         f  u_eth_udp_loop/u_async_fifo_2048x8b/U0/inst_fifo_gen/gconvfifo.rf/grf.rf/gntv_or_sync_fifo.gl0.wr/wpntr/gic0.gc0.count_d2_reg[7]/CLR
  -------------------------------------------------------------------    -------------------

                         (clock eth_rxc rise edge)    8.000     8.000 r  
    K17                                               0.000     8.000 r  eth_rxc (IN)
                         net (fo=0)                   0.000     8.000    eth_rxc
    K17                  IBUF (Prop_ibuf_I_O)         1.421     9.421 r  eth_rxc_IBUF_inst/O
                         net (fo=2, routed)           1.880    11.301    u_eth_udp_loop/u_gmii_to_rgmii/u_rgmii_rx/eth_rxc
    BUFGCTRL_X0Y16       BUFG (Prop_bufg_I_O)         0.091    11.392 r  u_eth_udp_loop/u_gmii_to_rgmii/u_rgmii_rx/BUFG_inst/O
                         net (fo=1641, routed)        1.538    12.930    u_eth_udp_loop/u_async_fifo_2048x8b/U0/inst_fifo_gen/gconvfifo.rf/grf.rf/gntv_or_sync_fifo.gl0.wr/wpntr/wr_clk
    SLICE_X5Y55          FDCE                                         r  u_eth_udp_loop/u_async_fifo_2048x8b/U0/inst_fifo_gen/gconvfifo.rf/grf.rf/gntv_or_sync_fifo.gl0.wr/wpntr/gic0.gc0.count_d2_reg[7]/C
                         clock pessimism              0.391    13.321    
                         clock uncertainty           -0.035    13.285    
    SLICE_X5Y55          FDCE (Recov_fdce_C_CLR)     -0.405    12.880    u_eth_udp_loop/u_async_fifo_2048x8b/U0/inst_fifo_gen/gconvfifo.rf/grf.rf/gntv_or_sync_fifo.gl0.wr/wpntr/gic0.gc0.count_d2_reg[7]
  -------------------------------------------------------------------
                         required time                         12.880    
                         arrival time                          -7.364    
  -------------------------------------------------------------------
                         slack                                  5.517    

Slack (MET) :             5.517ns  (required time - arrival time)
  Source:                 u_eth_udp_loop/u_async_fifo_2048x8b/U0/inst_fifo_gen/gconvfifo.rf/grf.rf/rstblk/ngwrdrst.grst.g7serrst.gnsckt_wrst.gic_rst.sckt_wr_rst_ic_reg/C
                            (rising edge-triggered cell FDPE clocked by eth_rxc  {rise@0.000ns fall@4.000ns period=8.000ns})
  Destination:            u_eth_udp_loop/u_async_fifo_2048x8b/U0/inst_fifo_gen/gconvfifo.rf/grf.rf/gntv_or_sync_fifo.gl0.wr/wpntr/gic0.gc0.count_reg[5]/CLR
                            (recovery check against rising-edge clock eth_rxc  {rise@0.000ns fall@4.000ns period=8.000ns})
  Path Group:             **async_default**
  Path Type:              Recovery (Max at Slow Process Corner)
  Requirement:            8.000ns  (eth_rxc rise@8.000ns - eth_rxc rise@0.000ns)
  Data Path Delay:        2.028ns  (logic 0.518ns (25.543%)  route 1.510ns (74.457%))
  Logic Levels:           0  
  Clock Path Skew:        -0.015ns (DCD - SCD + CPR)
    Destination Clock Delay (DCD):    4.930ns = ( 12.930 - 8.000 ) 
    Source Clock Delay      (SCD):    5.336ns
    Clock Pessimism Removal (CPR):    0.391ns
  Clock Uncertainty:      0.035ns  ((TSJ^2 + TIJ^2)^1/2 + DJ) / 2 + PE
    Total System Jitter     (TSJ):    0.071ns
    Total Input Jitter      (TIJ):    0.000ns
    Discrete Jitter          (DJ):    0.000ns
    Phase Error              (PE):    0.000ns

    Location             Delay type                Incr(ns)  Path(ns)    Netlist Resource(s)
  -------------------------------------------------------------------    -------------------
                         (clock eth_rxc rise edge)    0.000     0.000 r  
    K17                                               0.000     0.000 r  eth_rxc (IN)
                         net (fo=0)                   0.000     0.000    eth_rxc
    K17                  IBUF (Prop_ibuf_I_O)         1.492     1.492 r  eth_rxc_IBUF_inst/O
                         net (fo=2, routed)           2.076     3.568    u_eth_udp_loop/u_gmii_to_rgmii/u_rgmii_rx/eth_rxc
    BUFGCTRL_X0Y16       BUFG (Prop_bufg_I_O)         0.101     3.669 r  u_eth_udp_loop/u_gmii_to_rgmii/u_rgmii_rx/BUFG_inst/O
                         net (fo=1641, routed)        1.667     5.336    u_eth_udp_loop/u_async_fifo_2048x8b/U0/inst_fifo_gen/gconvfifo.rf/grf.rf/rstblk/wr_clk
    SLICE_X12Y56         FDPE                                         r  u_eth_udp_loop/u_async_fifo_2048x8b/U0/inst_fifo_gen/gconvfifo.rf/grf.rf/rstblk/ngwrdrst.grst.g7serrst.gnsckt_wrst.gic_rst.sckt_wr_rst_ic_reg/C
  -------------------------------------------------------------------    -------------------
    SLICE_X12Y56         FDPE (Prop_fdpe_C_Q)         0.518     5.854 f  u_eth_udp_loop/u_async_fifo_2048x8b/U0/inst_fifo_gen/gconvfifo.rf/grf.rf/rstblk/ngwrdrst.grst.g7serrst.gnsckt_wrst.gic_rst.sckt_wr_rst_ic_reg/Q
                         net (fo=36, routed)          1.510     7.364    u_eth_udp_loop/u_async_fifo_2048x8b/U0/inst_fifo_gen/gconvfifo.rf/grf.rf/gntv_or_sync_fifo.gl0.wr/wpntr/AR[0]
    SLICE_X5Y55          FDCE                                         f  u_eth_udp_loop/u_async_fifo_2048x8b/U0/inst_fifo_gen/gconvfifo.rf/grf.rf/gntv_or_sync_fifo.gl0.wr/wpntr/gic0.gc0.count_reg[5]/CLR
  -------------------------------------------------------------------    -------------------

                         (clock eth_rxc rise edge)    8.000     8.000 r  
    K17                                               0.000     8.000 r  eth_rxc (IN)
                         net (fo=0)                   0.000     8.000    eth_rxc
    K17                  IBUF (Prop_ibuf_I_O)         1.421     9.421 r  eth_rxc_IBUF_inst/O
                         net (fo=2, routed)           1.880    11.301    u_eth_udp_loop/u_gmii_to_rgmii/u_rgmii_rx/eth_rxc
    BUFGCTRL_X0Y16       BUFG (Prop_bufg_I_O)         0.091    11.392 r  u_eth_udp_loop/u_gmii_to_rgmii/u_rgmii_rx/BUFG_inst/O
                         net (fo=1641, routed)        1.538    12.930    u_eth_udp_loop/u_async_fifo_2048x8b/U0/inst_fifo_gen/gconvfifo.rf/grf.rf/gntv_or_sync_fifo.gl0.wr/wpntr/wr_clk
    SLICE_X5Y55          FDCE                                         r  u_eth_udp_loop/u_async_fifo_2048x8b/U0/inst_fifo_gen/gconvfifo.rf/grf.rf/gntv_or_sync_fifo.gl0.wr/wpntr/gic0.gc0.count_reg[5]/C
                         clock pessimism              0.391    13.321    
                         clock uncertainty           -0.035    13.285    
    SLICE_X5Y55          FDCE (Recov_fdce_C_CLR)     -0.405    12.880    u_eth_udp_loop/u_async_fifo_2048x8b/U0/inst_fifo_gen/gconvfifo.rf/grf.rf/gntv_or_sync_fifo.gl0.wr/wpntr/gic0.gc0.count_reg[5]
  -------------------------------------------------------------------
                         required time                         12.880    
                         arrival time                          -7.364    
  -------------------------------------------------------------------
                         slack                                  5.517    

Slack (MET) :             5.561ns  (required time - arrival time)
  Source:                 u_eth_udp_loop/u_async_fifo_2048x8b/U0/inst_fifo_gen/gconvfifo.rf/grf.rf/rstblk/ngwrdrst.grst.g7serrst.gnsckt_wrst.gic_rst.sckt_wr_rst_ic_reg/C
                            (rising edge-triggered cell FDPE clocked by eth_rxc  {rise@0.000ns fall@4.000ns period=8.000ns})
  Destination:            u_eth_udp_loop/u_async_fifo_2048x8b/U0/inst_fifo_gen/gconvfifo.rf/grf.rf/gntv_or_sync_fifo.gl0.wr/wpntr/gic0.gc0.count_d1_reg[5]/CLR
                            (recovery check against rising-edge clock eth_rxc  {rise@0.000ns fall@4.000ns period=8.000ns})
  Path Group:             **async_default**
  Path Type:              Recovery (Max at Slow Process Corner)
  Requirement:            8.000ns  (eth_rxc rise@8.000ns - eth_rxc rise@0.000ns)
  Data Path Delay:        2.028ns  (logic 0.518ns (25.543%)  route 1.510ns (74.457%))
  Logic Levels:           0  
  Clock Path Skew:        -0.015ns (DCD - SCD + CPR)
    Destination Clock Delay (DCD):    4.930ns = ( 12.930 - 8.000 ) 
    Source Clock Delay      (SCD):    5.336ns
    Clock Pessimism Removal (CPR):    0.391ns
  Clock Uncertainty:      0.035ns  ((TSJ^2 + TIJ^2)^1/2 + DJ) / 2 + PE
    Total System Jitter     (TSJ):    0.071ns
    Total Input Jitter      (TIJ):    0.000ns
    Discrete Jitter          (DJ):    0.000ns
    Phase Error              (PE):    0.000ns

    Location             Delay type                Incr(ns)  Path(ns)    Netlist Resource(s)
  -------------------------------------------------------------------    -------------------
                         (clock eth_rxc rise edge)    0.000     0.000 r  
    K17                                               0.000     0.000 r  eth_rxc (IN)
                         net (fo=0)                   0.000     0.000    eth_rxc
    K17                  IBUF (Prop_ibuf_I_O)         1.492     1.492 r  eth_rxc_IBUF_inst/O
                         net (fo=2, routed)           2.076     3.568    u_eth_udp_loop/u_gmii_to_rgmii/u_rgmii_rx/eth_rxc
    BUFGCTRL_X0Y16       BUFG (Prop_bufg_I_O)         0.101     3.669 r  u_eth_udp_loop/u_gmii_to_rgmii/u_rgmii_rx/BUFG_inst/O
                         net (fo=1641, routed)        1.667     5.336    u_eth_udp_loop/u_async_fifo_2048x8b/U0/inst_fifo_gen/gconvfifo.rf/grf.rf/rstblk/wr_clk
    SLICE_X12Y56         FDPE                                         r  u_eth_udp_loop/u_async_fifo_2048x8b/U0/inst_fifo_gen/gconvfifo.rf/grf.rf/rstblk/ngwrdrst.grst.g7serrst.gnsckt_wrst.gic_rst.sckt_wr_rst_ic_reg/C
  -------------------------------------------------------------------    -------------------
    SLICE_X12Y56         FDPE (Prop_fdpe_C_Q)         0.518     5.854 f  u_eth_udp_loop/u_async_fifo_2048x8b/U0/inst_fifo_gen/gconvfifo.rf/grf.rf/rstblk/ngwrdrst.grst.g7serrst.gnsckt_wrst.gic_rst.sckt_wr_rst_ic_reg/Q
                         net (fo=36, routed)          1.510     7.364    u_eth_udp_loop/u_async_fifo_2048x8b/U0/inst_fifo_gen/gconvfifo.rf/grf.rf/gntv_or_sync_fifo.gl0.wr/wpntr/AR[0]
    SLICE_X4Y55          FDCE                                         f  u_eth_udp_loop/u_async_fifo_2048x8b/U0/inst_fifo_gen/gconvfifo.rf/grf.rf/gntv_or_sync_fifo.gl0.wr/wpntr/gic0.gc0.count_d1_reg[5]/CLR
  -------------------------------------------------------------------    -------------------

                         (clock eth_rxc rise edge)    8.000     8.000 r  
    K17                                               0.000     8.000 r  eth_rxc (IN)
                         net (fo=0)                   0.000     8.000    eth_rxc
    K17                  IBUF (Prop_ibuf_I_O)         1.421     9.421 r  eth_rxc_IBUF_inst/O
                         net (fo=2, routed)           1.880    11.301    u_eth_udp_loop/u_gmii_to_rgmii/u_rgmii_rx/eth_rxc
    BUFGCTRL_X0Y16       BUFG (Prop_bufg_I_O)         0.091    11.392 r  u_eth_udp_loop/u_gmii_to_rgmii/u_rgmii_rx/BUFG_inst/O
                         net (fo=1641, routed)        1.538    12.930    u_eth_udp_loop/u_async_fifo_2048x8b/U0/inst_fifo_gen/gconvfifo.rf/grf.rf/gntv_or_sync_fifo.gl0.wr/wpntr/wr_clk
    SLICE_X4Y55          FDCE                                         r  u_eth_udp_loop/u_async_fifo_2048x8b/U0/inst_fifo_gen/gconvfifo.rf/grf.rf/gntv_or_sync_fifo.gl0.wr/wpntr/gic0.gc0.count_d1_reg[5]/C
                         clock pessimism              0.391    13.321    
                         clock uncertainty           -0.035    13.285    
    SLICE_X4Y55          FDCE (Recov_fdce_C_CLR)     -0.361    12.924    u_eth_udp_loop/u_async_fifo_2048x8b/U0/inst_fifo_gen/gconvfifo.rf/grf.rf/gntv_or_sync_fifo.gl0.wr/wpntr/gic0.gc0.count_d1_reg[5]
  -------------------------------------------------------------------
                         required time                         12.924    
                         arrival time                          -7.364    
  -------------------------------------------------------------------
                         slack                                  5.561    

Slack (MET) :             5.561ns  (required time - arrival time)
  Source:                 u_eth_udp_loop/u_async_fifo_2048x8b/U0/inst_fifo_gen/gconvfifo.rf/grf.rf/rstblk/ngwrdrst.grst.g7serrst.gnsckt_wrst.gic_rst.sckt_wr_rst_ic_reg/C
                            (rising edge-triggered cell FDPE clocked by eth_rxc  {rise@0.000ns fall@4.000ns period=8.000ns})
  Destination:            u_eth_udp_loop/u_async_fifo_2048x8b/U0/inst_fifo_gen/gconvfifo.rf/grf.rf/gntv_or_sync_fifo.gl0.wr/wpntr/gic0.gc0.count_reg[1]/PRE
                            (recovery check against rising-edge clock eth_rxc  {rise@0.000ns fall@4.000ns period=8.000ns})
  Path Group:             **async_default**
  Path Type:              Recovery (Max at Slow Process Corner)
  Requirement:            8.000ns  (eth_rxc rise@8.000ns - eth_rxc rise@0.000ns)
  Data Path Delay:        2.028ns  (logic 0.518ns (25.543%)  route 1.510ns (74.457%))
  Logic Levels:           0  
  Clock Path Skew:        -0.015ns (DCD - SCD + CPR)
    Destination Clock Delay (DCD):    4.930ns = ( 12.930 - 8.000 ) 
    Source Clock Delay      (SCD):    5.336ns
    Clock Pessimism Removal (CPR):    0.391ns
  Clock Uncertainty:      0.035ns  ((TSJ^2 + TIJ^2)^1/2 + DJ) / 2 + PE
    Total System Jitter     (TSJ):    0.071ns
    Total Input Jitter      (TIJ):    0.000ns
    Discrete Jitter          (DJ):    0.000ns
    Phase Error              (PE):    0.000ns

    Location             Delay type                Incr(ns)  Path(ns)    Netlist Resource(s)
  -------------------------------------------------------------------    -------------------
                         (clock eth_rxc rise edge)    0.000     0.000 r  
    K17                                               0.000     0.000 r  eth_rxc (IN)
                         net (fo=0)                   0.000     0.000    eth_rxc
    K17                  IBUF (Prop_ibuf_I_O)         1.492     1.492 r  eth_rxc_IBUF_inst/O
                         net (fo=2, routed)           2.076     3.568    u_eth_udp_loop/u_gmii_to_rgmii/u_rgmii_rx/eth_rxc
    BUFGCTRL_X0Y16       BUFG (Prop_bufg_I_O)         0.101     3.669 r  u_eth_udp_loop/u_gmii_to_rgmii/u_rgmii_rx/BUFG_inst/O
                         net (fo=1641, routed)        1.667     5.336    u_eth_udp_loop/u_async_fifo_2048x8b/U0/inst_fifo_gen/gconvfifo.rf/grf.rf/rstblk/wr_clk
    SLICE_X12Y56         FDPE                                         r  u_eth_udp_loop/u_async_fifo_2048x8b/U0/inst_fifo_gen/gconvfifo.rf/grf.rf/rstblk/ngwrdrst.grst.g7serrst.gnsckt_wrst.gic_rst.sckt_wr_rst_ic_reg/C
  -------------------------------------------------------------------    -------------------
    SLICE_X12Y56         FDPE (Prop_fdpe_C_Q)         0.518     5.854 f  u_eth_udp_loop/u_async_fifo_2048x8b/U0/inst_fifo_gen/gconvfifo.rf/grf.rf/rstblk/ngwrdrst.grst.g7serrst.gnsckt_wrst.gic_rst.sckt_wr_rst_ic_reg/Q
                         net (fo=36, routed)          1.510     7.364    u_eth_udp_loop/u_async_fifo_2048x8b/U0/inst_fifo_gen/gconvfifo.rf/grf.rf/gntv_or_sync_fifo.gl0.wr/wpntr/AR[0]
    SLICE_X4Y55          FDPE                                         f  u_eth_udp_loop/u_async_fifo_2048x8b/U0/inst_fifo_gen/gconvfifo.rf/grf.rf/gntv_or_sync_fifo.gl0.wr/wpntr/gic0.gc0.count_reg[1]/PRE
  -------------------------------------------------------------------    -------------------

                         (clock eth_rxc rise edge)    8.000     8.000 r  
    K17                                               0.000     8.000 r  eth_rxc (IN)
                         net (fo=0)                   0.000     8.000    eth_rxc
    K17                  IBUF (Prop_ibuf_I_O)         1.421     9.421 r  eth_rxc_IBUF_inst/O
                         net (fo=2, routed)           1.880    11.301    u_eth_udp_loop/u_gmii_to_rgmii/u_rgmii_rx/eth_rxc
    BUFGCTRL_X0Y16       BUFG (Prop_bufg_I_O)         0.091    11.392 r  u_eth_udp_loop/u_gmii_to_rgmii/u_rgmii_rx/BUFG_inst/O
                         net (fo=1641, routed)        1.538    12.930    u_eth_udp_loop/u_async_fifo_2048x8b/U0/inst_fifo_gen/gconvfifo.rf/grf.rf/gntv_or_sync_fifo.gl0.wr/wpntr/wr_clk
    SLICE_X4Y55          FDPE                                         r  u_eth_udp_loop/u_async_fifo_2048x8b/U0/inst_fifo_gen/gconvfifo.rf/grf.rf/gntv_or_sync_fifo.gl0.wr/wpntr/gic0.gc0.count_reg[1]/C
                         clock pessimism              0.391    13.321    
                         clock uncertainty           -0.035    13.285    
    SLICE_X4Y55          FDPE (Recov_fdpe_C_PRE)     -0.361    12.924    u_eth_udp_loop/u_async_fifo_2048x8b/U0/inst_fifo_gen/gconvfifo.rf/grf.rf/gntv_or_sync_fifo.gl0.wr/wpntr/gic0.gc0.count_reg[1]
  -------------------------------------------------------------------
                         required time                         12.924    
                         arrival time                          -7.364    
  -------------------------------------------------------------------
                         slack                                  5.561    

Slack (MET) :             5.561ns  (required time - arrival time)
  Source:                 u_eth_udp_loop/u_async_fifo_2048x8b/U0/inst_fifo_gen/gconvfifo.rf/grf.rf/rstblk/ngwrdrst.grst.g7serrst.gnsckt_wrst.gic_rst.sckt_wr_rst_ic_reg/C
                            (rising edge-triggered cell FDPE clocked by eth_rxc  {rise@0.000ns fall@4.000ns period=8.000ns})
  Destination:            u_eth_udp_loop/u_async_fifo_2048x8b/U0/inst_fifo_gen/gconvfifo.rf/grf.rf/gntv_or_sync_fifo.gl0.wr/wpntr/gic0.gc0.count_reg[2]/CLR
                            (recovery check against rising-edge clock eth_rxc  {rise@0.000ns fall@4.000ns period=8.000ns})
  Path Group:             **async_default**
  Path Type:              Recovery (Max at Slow Process Corner)
  Requirement:            8.000ns  (eth_rxc rise@8.000ns - eth_rxc rise@0.000ns)
  Data Path Delay:        2.028ns  (logic 0.518ns (25.543%)  route 1.510ns (74.457%))
  Logic Levels:           0  
  Clock Path Skew:        -0.015ns (DCD - SCD + CPR)
    Destination Clock Delay (DCD):    4.930ns = ( 12.930 - 8.000 ) 
    Source Clock Delay      (SCD):    5.336ns
    Clock Pessimism Removal (CPR):    0.391ns
  Clock Uncertainty:      0.035ns  ((TSJ^2 + TIJ^2)^1/2 + DJ) / 2 + PE
    Total System Jitter     (TSJ):    0.071ns
    Total Input Jitter      (TIJ):    0.000ns
    Discrete Jitter          (DJ):    0.000ns
    Phase Error              (PE):    0.000ns

    Location             Delay type                Incr(ns)  Path(ns)    Netlist Resource(s)
  -------------------------------------------------------------------    -------------------
                         (clock eth_rxc rise edge)    0.000     0.000 r  
    K17                                               0.000     0.000 r  eth_rxc (IN)
                         net (fo=0)                   0.000     0.000    eth_rxc
    K17                  IBUF (Prop_ibuf_I_O)         1.492     1.492 r  eth_rxc_IBUF_inst/O
                         net (fo=2, routed)           2.076     3.568    u_eth_udp_loop/u_gmii_to_rgmii/u_rgmii_rx/eth_rxc
    BUFGCTRL_X0Y16       BUFG (Prop_bufg_I_O)         0.101     3.669 r  u_eth_udp_loop/u_gmii_to_rgmii/u_rgmii_rx/BUFG_inst/O
                         net (fo=1641, routed)        1.667     5.336    u_eth_udp_loop/u_async_fifo_2048x8b/U0/inst_fifo_gen/gconvfifo.rf/grf.rf/rstblk/wr_clk
    SLICE_X12Y56         FDPE                                         r  u_eth_udp_loop/u_async_fifo_2048x8b/U0/inst_fifo_gen/gconvfifo.rf/grf.rf/rstblk/ngwrdrst.grst.g7serrst.gnsckt_wrst.gic_rst.sckt_wr_rst_ic_reg/C
  -------------------------------------------------------------------    -------------------
    SLICE_X12Y56         FDPE (Prop_fdpe_C_Q)         0.518     5.854 f  u_eth_udp_loop/u_async_fifo_2048x8b/U0/inst_fifo_gen/gconvfifo.rf/grf.rf/rstblk/ngwrdrst.grst.g7serrst.gnsckt_wrst.gic_rst.sckt_wr_rst_ic_reg/Q
                         net (fo=36, routed)          1.510     7.364    u_eth_udp_loop/u_async_fifo_2048x8b/U0/inst_fifo_gen/gconvfifo.rf/grf.rf/gntv_or_sync_fifo.gl0.wr/wpntr/AR[0]
    SLICE_X4Y55          FDCE                                         f  u_eth_udp_loop/u_async_fifo_2048x8b/U0/inst_fifo_gen/gconvfifo.rf/grf.rf/gntv_or_sync_fifo.gl0.wr/wpntr/gic0.gc0.count_reg[2]/CLR
  -------------------------------------------------------------------    -------------------

                         (clock eth_rxc rise edge)    8.000     8.000 r  
    K17                                               0.000     8.000 r  eth_rxc (IN)
                         net (fo=0)                   0.000     8.000    eth_rxc
    K17                  IBUF (Prop_ibuf_I_O)         1.421     9.421 r  eth_rxc_IBUF_inst/O
                         net (fo=2, routed)           1.880    11.301    u_eth_udp_loop/u_gmii_to_rgmii/u_rgmii_rx/eth_rxc
    BUFGCTRL_X0Y16       BUFG (Prop_bufg_I_O)         0.091    11.392 r  u_eth_udp_loop/u_gmii_to_rgmii/u_rgmii_rx/BUFG_inst/O
                         net (fo=1641, routed)        1.538    12.930    u_eth_udp_loop/u_async_fifo_2048x8b/U0/inst_fifo_gen/gconvfifo.rf/grf.rf/gntv_or_sync_fifo.gl0.wr/wpntr/wr_clk
    SLICE_X4Y55          FDCE                                         r  u_eth_udp_loop/u_async_fifo_2048x8b/U0/inst_fifo_gen/gconvfifo.rf/grf.rf/gntv_or_sync_fifo.gl0.wr/wpntr/gic0.gc0.count_reg[2]/C
                         clock pessimism              0.391    13.321    
                         clock uncertainty           -0.035    13.285    
    SLICE_X4Y55          FDCE (Recov_fdce_C_CLR)     -0.361    12.924    u_eth_udp_loop/u_async_fifo_2048x8b/U0/inst_fifo_gen/gconvfifo.rf/grf.rf/gntv_or_sync_fifo.gl0.wr/wpntr/gic0.gc0.count_reg[2]
  -------------------------------------------------------------------
                         required time                         12.924    
                         arrival time                          -7.364    
  -------------------------------------------------------------------
                         slack                                  5.561    

Slack (MET) :             5.561ns  (required time - arrival time)
  Source:                 u_eth_udp_loop/u_async_fifo_2048x8b/U0/inst_fifo_gen/gconvfifo.rf/grf.rf/rstblk/ngwrdrst.grst.g7serrst.gnsckt_wrst.gic_rst.sckt_wr_rst_ic_reg/C
                            (rising edge-triggered cell FDPE clocked by eth_rxc  {rise@0.000ns fall@4.000ns period=8.000ns})
  Destination:            u_eth_udp_loop/u_async_fifo_2048x8b/U0/inst_fifo_gen/gconvfifo.rf/grf.rf/gntv_or_sync_fifo.gl0.wr/wpntr/gic0.gc0.count_reg[4]/CLR
                            (recovery check against rising-edge clock eth_rxc  {rise@0.000ns fall@4.000ns period=8.000ns})
  Path Group:             **async_default**
  Path Type:              Recovery (Max at Slow Process Corner)
  Requirement:            8.000ns  (eth_rxc rise@8.000ns - eth_rxc rise@0.000ns)
  Data Path Delay:        2.028ns  (logic 0.518ns (25.543%)  route 1.510ns (74.457%))
  Logic Levels:           0  
  Clock Path Skew:        -0.015ns (DCD - SCD + CPR)
    Destination Clock Delay (DCD):    4.930ns = ( 12.930 - 8.000 ) 
    Source Clock Delay      (SCD):    5.336ns
    Clock Pessimism Removal (CPR):    0.391ns
  Clock Uncertainty:      0.035ns  ((TSJ^2 + TIJ^2)^1/2 + DJ) / 2 + PE
    Total System Jitter     (TSJ):    0.071ns
    Total Input Jitter      (TIJ):    0.000ns
    Discrete Jitter          (DJ):    0.000ns
    Phase Error              (PE):    0.000ns

    Location             Delay type                Incr(ns)  Path(ns)    Netlist Resource(s)
  -------------------------------------------------------------------    -------------------
                         (clock eth_rxc rise edge)    0.000     0.000 r  
    K17                                               0.000     0.000 r  eth_rxc (IN)
                         net (fo=0)                   0.000     0.000    eth_rxc
    K17                  IBUF (Prop_ibuf_I_O)         1.492     1.492 r  eth_rxc_IBUF_inst/O
                         net (fo=2, routed)           2.076     3.568    u_eth_udp_loop/u_gmii_to_rgmii/u_rgmii_rx/eth_rxc
    BUFGCTRL_X0Y16       BUFG (Prop_bufg_I_O)         0.101     3.669 r  u_eth_udp_loop/u_gmii_to_rgmii/u_rgmii_rx/BUFG_inst/O
                         net (fo=1641, routed)        1.667     5.336    u_eth_udp_loop/u_async_fifo_2048x8b/U0/inst_fifo_gen/gconvfifo.rf/grf.rf/rstblk/wr_clk
    SLICE_X12Y56         FDPE                                         r  u_eth_udp_loop/u_async_fifo_2048x8b/U0/inst_fifo_gen/gconvfifo.rf/grf.rf/rstblk/ngwrdrst.grst.g7serrst.gnsckt_wrst.gic_rst.sckt_wr_rst_ic_reg/C
  -------------------------------------------------------------------    -------------------
    SLICE_X12Y56         FDPE (Prop_fdpe_C_Q)         0.518     5.854 f  u_eth_udp_loop/u_async_fifo_2048x8b/U0/inst_fifo_gen/gconvfifo.rf/grf.rf/rstblk/ngwrdrst.grst.g7serrst.gnsckt_wrst.gic_rst.sckt_wr_rst_ic_reg/Q
                         net (fo=36, routed)          1.510     7.364    u_eth_udp_loop/u_async_fifo_2048x8b/U0/inst_fifo_gen/gconvfifo.rf/grf.rf/gntv_or_sync_fifo.gl0.wr/wpntr/AR[0]
    SLICE_X4Y55          FDCE                                         f  u_eth_udp_loop/u_async_fifo_2048x8b/U0/inst_fifo_gen/gconvfifo.rf/grf.rf/gntv_or_sync_fifo.gl0.wr/wpntr/gic0.gc0.count_reg[4]/CLR
  -------------------------------------------------------------------    -------------------

                         (clock eth_rxc rise edge)    8.000     8.000 r  
    K17                                               0.000     8.000 r  eth_rxc (IN)
                         net (fo=0)                   0.000     8.000    eth_rxc
    K17                  IBUF (Prop_ibuf_I_O)         1.421     9.421 r  eth_rxc_IBUF_inst/O
                         net (fo=2, routed)           1.880    11.301    u_eth_udp_loop/u_gmii_to_rgmii/u_rgmii_rx/eth_rxc
    BUFGCTRL_X0Y16       BUFG (Prop_bufg_I_O)         0.091    11.392 r  u_eth_udp_loop/u_gmii_to_rgmii/u_rgmii_rx/BUFG_inst/O
                         net (fo=1641, routed)        1.538    12.930    u_eth_udp_loop/u_async_fifo_2048x8b/U0/inst_fifo_gen/gconvfifo.rf/grf.rf/gntv_or_sync_fifo.gl0.wr/wpntr/wr_clk
    SLICE_X4Y55          FDCE                                         r  u_eth_udp_loop/u_async_fifo_2048x8b/U0/inst_fifo_gen/gconvfifo.rf/grf.rf/gntv_or_sync_fifo.gl0.wr/wpntr/gic0.gc0.count_reg[4]/C
                         clock pessimism              0.391    13.321    
                         clock uncertainty           -0.035    13.285    
    SLICE_X4Y55          FDCE (Recov_fdce_C_CLR)     -0.361    12.924    u_eth_udp_loop/u_async_fifo_2048x8b/U0/inst_fifo_gen/gconvfifo.rf/grf.rf/gntv_or_sync_fifo.gl0.wr/wpntr/gic0.gc0.count_reg[4]
  -------------------------------------------------------------------
                         required time                         12.924    
                         arrival time                          -7.364    
  -------------------------------------------------------------------
                         slack                                  5.561    





Min Delay Paths
--------------------------------------------------------------------------------------
Slack (MET) :             0.432ns  (arrival time - required time)
  Source:                 u_eth_udp_loop/u_async_fifo_2048x8b/U0/inst_fifo_gen/gconvfifo.rf/grf.rf/rstblk/ngwrdrst.grst.g7serrst.gnsckt_wrst.gic_rst.sckt_rd_rst_ic_reg/C
                            (rising edge-triggered cell FDPE clocked by eth_rxc  {rise@0.000ns fall@4.000ns period=8.000ns})
  Destination:            u_eth_udp_loop/u_async_fifo_2048x8b/U0/inst_fifo_gen/gconvfifo.rf/grf.rf/gntv_or_sync_fifo.gl0.rd/rpntr/gc0.count_reg[1]/CLR
                            (removal check against rising-edge clock eth_rxc  {rise@0.000ns fall@4.000ns period=8.000ns})
  Path Group:             **async_default**
  Path Type:              Removal (Min at Fast Process Corner)
  Requirement:            0.000ns  (eth_rxc rise@0.000ns - eth_rxc rise@0.000ns)
  Data Path Delay:        0.382ns  (logic 0.164ns (42.963%)  route 0.218ns (57.037%))
  Logic Levels:           0  
  Clock Path Skew:        0.017ns (DCD - SCD - CPR)
    Destination Clock Delay (DCD):    1.991ns
    Source Clock Delay      (SCD):    1.474ns
    Clock Pessimism Removal (CPR):    0.500ns

    Location             Delay type                Incr(ns)  Path(ns)    Netlist Resource(s)
  -------------------------------------------------------------------    -------------------
                         (clock eth_rxc rise edge)    0.000     0.000 r  
    K17                                               0.000     0.000 r  eth_rxc (IN)
                         net (fo=0)                   0.000     0.000    eth_rxc
    K17                  IBUF (Prop_ibuf_I_O)         0.259     0.259 r  eth_rxc_IBUF_inst/O
                         net (fo=2, routed)           0.627     0.887    u_eth_udp_loop/u_gmii_to_rgmii/u_rgmii_rx/eth_rxc
    BUFGCTRL_X0Y16       BUFG (Prop_bufg_I_O)         0.026     0.913 r  u_eth_udp_loop/u_gmii_to_rgmii/u_rgmii_rx/BUFG_inst/O
                         net (fo=1641, routed)        0.562     1.474    u_eth_udp_loop/u_async_fifo_2048x8b/U0/inst_fifo_gen/gconvfifo.rf/grf.rf/rstblk/rd_clk
    SLICE_X12Y54         FDPE                                         r  u_eth_udp_loop/u_async_fifo_2048x8b/U0/inst_fifo_gen/gconvfifo.rf/grf.rf/rstblk/ngwrdrst.grst.g7serrst.gnsckt_wrst.gic_rst.sckt_rd_rst_ic_reg/C
  -------------------------------------------------------------------    -------------------
    SLICE_X12Y54         FDPE (Prop_fdpe_C_Q)         0.164     1.638 f  u_eth_udp_loop/u_async_fifo_2048x8b/U0/inst_fifo_gen/gconvfifo.rf/grf.rf/rstblk/ngwrdrst.grst.g7serrst.gnsckt_wrst.gic_rst.sckt_rd_rst_ic_reg/Q
                         net (fo=28, routed)          0.218     1.856    u_eth_udp_loop/u_async_fifo_2048x8b/U0/inst_fifo_gen/gconvfifo.rf/grf.rf/gntv_or_sync_fifo.gl0.rd/rpntr/AR[0]
    SLICE_X12Y52         FDCE                                         f  u_eth_udp_loop/u_async_fifo_2048x8b/U0/inst_fifo_gen/gconvfifo.rf/grf.rf/gntv_or_sync_fifo.gl0.rd/rpntr/gc0.count_reg[1]/CLR
  -------------------------------------------------------------------    -------------------

                         (clock eth_rxc rise edge)    0.000     0.000 r  
    K17                                               0.000     0.000 r  eth_rxc (IN)
                         net (fo=0)                   0.000     0.000    eth_rxc
    K17                  IBUF (Prop_ibuf_I_O)         0.447     0.447 r  eth_rxc_IBUF_inst/O
                         net (fo=2, routed)           0.683     1.130    u_eth_udp_loop/u_gmii_to_rgmii/u_rgmii_rx/eth_rxc
    BUFGCTRL_X0Y16       BUFG (Prop_bufg_I_O)         0.029     1.159 r  u_eth_udp_loop/u_gmii_to_rgmii/u_rgmii_rx/BUFG_inst/O
                         net (fo=1641, routed)        0.832     1.991    u_eth_udp_loop/u_async_fifo_2048x8b/U0/inst_fifo_gen/gconvfifo.rf/grf.rf/gntv_or_sync_fifo.gl0.rd/rpntr/rd_clk
    SLICE_X12Y52         FDCE                                         r  u_eth_udp_loop/u_async_fifo_2048x8b/U0/inst_fifo_gen/gconvfifo.rf/grf.rf/gntv_or_sync_fifo.gl0.rd/rpntr/gc0.count_reg[1]/C
                         clock pessimism             -0.500     1.491    
    SLICE_X12Y52         FDCE (Remov_fdce_C_CLR)     -0.067     1.424    u_eth_udp_loop/u_async_fifo_2048x8b/U0/inst_fifo_gen/gconvfifo.rf/grf.rf/gntv_or_sync_fifo.gl0.rd/rpntr/gc0.count_reg[1]
  -------------------------------------------------------------------
                         required time                         -1.424    
                         arrival time                           1.856    
  -------------------------------------------------------------------
                         slack                                  0.432    

Slack (MET) :             0.432ns  (arrival time - required time)
  Source:                 u_eth_udp_loop/u_async_fifo_2048x8b/U0/inst_fifo_gen/gconvfifo.rf/grf.rf/rstblk/ngwrdrst.grst.g7serrst.gnsckt_wrst.gic_rst.sckt_rd_rst_ic_reg/C
                            (rising edge-triggered cell FDPE clocked by eth_rxc  {rise@0.000ns fall@4.000ns period=8.000ns})
  Destination:            u_eth_udp_loop/u_async_fifo_2048x8b/U0/inst_fifo_gen/gconvfifo.rf/grf.rf/gntv_or_sync_fifo.gl0.rd/rpntr/gc0.count_reg[2]/CLR
                            (removal check against rising-edge clock eth_rxc  {rise@0.000ns fall@4.000ns period=8.000ns})
  Path Group:             **async_default**
  Path Type:              Removal (Min at Fast Process Corner)
  Requirement:            0.000ns  (eth_rxc rise@0.000ns - eth_rxc rise@0.000ns)
  Data Path Delay:        0.382ns  (logic 0.164ns (42.963%)  route 0.218ns (57.037%))
  Logic Levels:           0  
  Clock Path Skew:        0.017ns (DCD - SCD - CPR)
    Destination Clock Delay (DCD):    1.991ns
    Source Clock Delay      (SCD):    1.474ns
    Clock Pessimism Removal (CPR):    0.500ns

    Location             Delay type                Incr(ns)  Path(ns)    Netlist Resource(s)
  -------------------------------------------------------------------    -------------------
                         (clock eth_rxc rise edge)    0.000     0.000 r  
    K17                                               0.000     0.000 r  eth_rxc (IN)
                         net (fo=0)                   0.000     0.000    eth_rxc
    K17                  IBUF (Prop_ibuf_I_O)         0.259     0.259 r  eth_rxc_IBUF_inst/O
                         net (fo=2, routed)           0.627     0.887    u_eth_udp_loop/u_gmii_to_rgmii/u_rgmii_rx/eth_rxc
    BUFGCTRL_X0Y16       BUFG (Prop_bufg_I_O)         0.026     0.913 r  u_eth_udp_loop/u_gmii_to_rgmii/u_rgmii_rx/BUFG_inst/O
                         net (fo=1641, routed)        0.562     1.474    u_eth_udp_loop/u_async_fifo_2048x8b/U0/inst_fifo_gen/gconvfifo.rf/grf.rf/rstblk/rd_clk
    SLICE_X12Y54         FDPE                                         r  u_eth_udp_loop/u_async_fifo_2048x8b/U0/inst_fifo_gen/gconvfifo.rf/grf.rf/rstblk/ngwrdrst.grst.g7serrst.gnsckt_wrst.gic_rst.sckt_rd_rst_ic_reg/C
  -------------------------------------------------------------------    -------------------
    SLICE_X12Y54         FDPE (Prop_fdpe_C_Q)         0.164     1.638 f  u_eth_udp_loop/u_async_fifo_2048x8b/U0/inst_fifo_gen/gconvfifo.rf/grf.rf/rstblk/ngwrdrst.grst.g7serrst.gnsckt_wrst.gic_rst.sckt_rd_rst_ic_reg/Q
                         net (fo=28, routed)          0.218     1.856    u_eth_udp_loop/u_async_fifo_2048x8b/U0/inst_fifo_gen/gconvfifo.rf/grf.rf/gntv_or_sync_fifo.gl0.rd/rpntr/AR[0]
    SLICE_X12Y52         FDCE                                         f  u_eth_udp_loop/u_async_fifo_2048x8b/U0/inst_fifo_gen/gconvfifo.rf/grf.rf/gntv_or_sync_fifo.gl0.rd/rpntr/gc0.count_reg[2]/CLR
  -------------------------------------------------------------------    -------------------

                         (clock eth_rxc rise edge)    0.000     0.000 r  
    K17                                               0.000     0.000 r  eth_rxc (IN)
                         net (fo=0)                   0.000     0.000    eth_rxc
    K17                  IBUF (Prop_ibuf_I_O)         0.447     0.447 r  eth_rxc_IBUF_inst/O
                         net (fo=2, routed)           0.683     1.130    u_eth_udp_loop/u_gmii_to_rgmii/u_rgmii_rx/eth_rxc
    BUFGCTRL_X0Y16       BUFG (Prop_bufg_I_O)         0.029     1.159 r  u_eth_udp_loop/u_gmii_to_rgmii/u_rgmii_rx/BUFG_inst/O
                         net (fo=1641, routed)        0.832     1.991    u_eth_udp_loop/u_async_fifo_2048x8b/U0/inst_fifo_gen/gconvfifo.rf/grf.rf/gntv_or_sync_fifo.gl0.rd/rpntr/rd_clk
    SLICE_X12Y52         FDCE                                         r  u_eth_udp_loop/u_async_fifo_2048x8b/U0/inst_fifo_gen/gconvfifo.rf/grf.rf/gntv_or_sync_fifo.gl0.rd/rpntr/gc0.count_reg[2]/C
                         clock pessimism             -0.500     1.491    
    SLICE_X12Y52         FDCE (Remov_fdce_C_CLR)     -0.067     1.424    u_eth_udp_loop/u_async_fifo_2048x8b/U0/inst_fifo_gen/gconvfifo.rf/grf.rf/gntv_or_sync_fifo.gl0.rd/rpntr/gc0.count_reg[2]
  -------------------------------------------------------------------
                         required time                         -1.424    
                         arrival time                           1.856    
  -------------------------------------------------------------------
                         slack                                  0.432    

Slack (MET) :             0.432ns  (arrival time - required time)
  Source:                 u_eth_udp_loop/u_async_fifo_2048x8b/U0/inst_fifo_gen/gconvfifo.rf/grf.rf/rstblk/ngwrdrst.grst.g7serrst.gnsckt_wrst.gic_rst.sckt_rd_rst_ic_reg/C
                            (rising edge-triggered cell FDPE clocked by eth_rxc  {rise@0.000ns fall@4.000ns period=8.000ns})
  Destination:            u_eth_udp_loop/u_async_fifo_2048x8b/U0/inst_fifo_gen/gconvfifo.rf/grf.rf/gntv_or_sync_fifo.gl0.rd/rpntr/gc0.count_reg[3]/CLR
                            (removal check against rising-edge clock eth_rxc  {rise@0.000ns fall@4.000ns period=8.000ns})
  Path Group:             **async_default**
  Path Type:              Removal (Min at Fast Process Corner)
  Requirement:            0.000ns  (eth_rxc rise@0.000ns - eth_rxc rise@0.000ns)
  Data Path Delay:        0.382ns  (logic 0.164ns (42.963%)  route 0.218ns (57.037%))
  Logic Levels:           0  
  Clock Path Skew:        0.017ns (DCD - SCD - CPR)
    Destination Clock Delay (DCD):    1.991ns
    Source Clock Delay      (SCD):    1.474ns
    Clock Pessimism Removal (CPR):    0.500ns

    Location             Delay type                Incr(ns)  Path(ns)    Netlist Resource(s)
  -------------------------------------------------------------------    -------------------
                         (clock eth_rxc rise edge)    0.000     0.000 r  
    K17                                               0.000     0.000 r  eth_rxc (IN)
                         net (fo=0)                   0.000     0.000    eth_rxc
    K17                  IBUF (Prop_ibuf_I_O)         0.259     0.259 r  eth_rxc_IBUF_inst/O
                         net (fo=2, routed)           0.627     0.887    u_eth_udp_loop/u_gmii_to_rgmii/u_rgmii_rx/eth_rxc
    BUFGCTRL_X0Y16       BUFG (Prop_bufg_I_O)         0.026     0.913 r  u_eth_udp_loop/u_gmii_to_rgmii/u_rgmii_rx/BUFG_inst/O
                         net (fo=1641, routed)        0.562     1.474    u_eth_udp_loop/u_async_fifo_2048x8b/U0/inst_fifo_gen/gconvfifo.rf/grf.rf/rstblk/rd_clk
    SLICE_X12Y54         FDPE                                         r  u_eth_udp_loop/u_async_fifo_2048x8b/U0/inst_fifo_gen/gconvfifo.rf/grf.rf/rstblk/ngwrdrst.grst.g7serrst.gnsckt_wrst.gic_rst.sckt_rd_rst_ic_reg/C
  -------------------------------------------------------------------    -------------------
    SLICE_X12Y54         FDPE (Prop_fdpe_C_Q)         0.164     1.638 f  u_eth_udp_loop/u_async_fifo_2048x8b/U0/inst_fifo_gen/gconvfifo.rf/grf.rf/rstblk/ngwrdrst.grst.g7serrst.gnsckt_wrst.gic_rst.sckt_rd_rst_ic_reg/Q
                         net (fo=28, routed)          0.218     1.856    u_eth_udp_loop/u_async_fifo_2048x8b/U0/inst_fifo_gen/gconvfifo.rf/grf.rf/gntv_or_sync_fifo.gl0.rd/rpntr/AR[0]
    SLICE_X12Y52         FDCE                                         f  u_eth_udp_loop/u_async_fifo_2048x8b/U0/inst_fifo_gen/gconvfifo.rf/grf.rf/gntv_or_sync_fifo.gl0.rd/rpntr/gc0.count_reg[3]/CLR
  -------------------------------------------------------------------    -------------------

                         (clock eth_rxc rise edge)    0.000     0.000 r  
    K17                                               0.000     0.000 r  eth_rxc (IN)
                         net (fo=0)                   0.000     0.000    eth_rxc
    K17                  IBUF (Prop_ibuf_I_O)         0.447     0.447 r  eth_rxc_IBUF_inst/O
                         net (fo=2, routed)           0.683     1.130    u_eth_udp_loop/u_gmii_to_rgmii/u_rgmii_rx/eth_rxc
    BUFGCTRL_X0Y16       BUFG (Prop_bufg_I_O)         0.029     1.159 r  u_eth_udp_loop/u_gmii_to_rgmii/u_rgmii_rx/BUFG_inst/O
                         net (fo=1641, routed)        0.832     1.991    u_eth_udp_loop/u_async_fifo_2048x8b/U0/inst_fifo_gen/gconvfifo.rf/grf.rf/gntv_or_sync_fifo.gl0.rd/rpntr/rd_clk
    SLICE_X12Y52         FDCE                                         r  u_eth_udp_loop/u_async_fifo_2048x8b/U0/inst_fifo_gen/gconvfifo.rf/grf.rf/gntv_or_sync_fifo.gl0.rd/rpntr/gc0.count_reg[3]/C
                         clock pessimism             -0.500     1.491    
    SLICE_X12Y52         FDCE (Remov_fdce_C_CLR)     -0.067     1.424    u_eth_udp_loop/u_async_fifo_2048x8b/U0/inst_fifo_gen/gconvfifo.rf/grf.rf/gntv_or_sync_fifo.gl0.rd/rpntr/gc0.count_reg[3]
  -------------------------------------------------------------------
                         required time                         -1.424    
                         arrival time                           1.856    
  -------------------------------------------------------------------
                         slack                                  0.432    

Slack (MET) :             0.432ns  (arrival time - required time)
  Source:                 u_eth_udp_loop/u_async_fifo_2048x8b/U0/inst_fifo_gen/gconvfifo.rf/grf.rf/rstblk/ngwrdrst.grst.g7serrst.gnsckt_wrst.gic_rst.sckt_rd_rst_ic_reg/C
                            (rising edge-triggered cell FDPE clocked by eth_rxc  {rise@0.000ns fall@4.000ns period=8.000ns})
  Destination:            u_eth_udp_loop/u_async_fifo_2048x8b/U0/inst_fifo_gen/gconvfifo.rf/grf.rf/gntv_or_sync_fifo.gl0.rd/rpntr/gc0.count_reg[4]/CLR
                            (removal check against rising-edge clock eth_rxc  {rise@0.000ns fall@4.000ns period=8.000ns})
  Path Group:             **async_default**
  Path Type:              Removal (Min at Fast Process Corner)
  Requirement:            0.000ns  (eth_rxc rise@0.000ns - eth_rxc rise@0.000ns)
  Data Path Delay:        0.382ns  (logic 0.164ns (42.963%)  route 0.218ns (57.037%))
  Logic Levels:           0  
  Clock Path Skew:        0.017ns (DCD - SCD - CPR)
    Destination Clock Delay (DCD):    1.991ns
    Source Clock Delay      (SCD):    1.474ns
    Clock Pessimism Removal (CPR):    0.500ns

    Location             Delay type                Incr(ns)  Path(ns)    Netlist Resource(s)
  -------------------------------------------------------------------    -------------------
                         (clock eth_rxc rise edge)    0.000     0.000 r  
    K17                                               0.000     0.000 r  eth_rxc (IN)
                         net (fo=0)                   0.000     0.000    eth_rxc
    K17                  IBUF (Prop_ibuf_I_O)         0.259     0.259 r  eth_rxc_IBUF_inst/O
                         net (fo=2, routed)           0.627     0.887    u_eth_udp_loop/u_gmii_to_rgmii/u_rgmii_rx/eth_rxc
    BUFGCTRL_X0Y16       BUFG (Prop_bufg_I_O)         0.026     0.913 r  u_eth_udp_loop/u_gmii_to_rgmii/u_rgmii_rx/BUFG_inst/O
                         net (fo=1641, routed)        0.562     1.474    u_eth_udp_loop/u_async_fifo_2048x8b/U0/inst_fifo_gen/gconvfifo.rf/grf.rf/rstblk/rd_clk
    SLICE_X12Y54         FDPE                                         r  u_eth_udp_loop/u_async_fifo_2048x8b/U0/inst_fifo_gen/gconvfifo.rf/grf.rf/rstblk/ngwrdrst.grst.g7serrst.gnsckt_wrst.gic_rst.sckt_rd_rst_ic_reg/C
  -------------------------------------------------------------------    -------------------
    SLICE_X12Y54         FDPE (Prop_fdpe_C_Q)         0.164     1.638 f  u_eth_udp_loop/u_async_fifo_2048x8b/U0/inst_fifo_gen/gconvfifo.rf/grf.rf/rstblk/ngwrdrst.grst.g7serrst.gnsckt_wrst.gic_rst.sckt_rd_rst_ic_reg/Q
                         net (fo=28, routed)          0.218     1.856    u_eth_udp_loop/u_async_fifo_2048x8b/U0/inst_fifo_gen/gconvfifo.rf/grf.rf/gntv_or_sync_fifo.gl0.rd/rpntr/AR[0]
    SLICE_X12Y52         FDCE                                         f  u_eth_udp_loop/u_async_fifo_2048x8b/U0/inst_fifo_gen/gconvfifo.rf/grf.rf/gntv_or_sync_fifo.gl0.rd/rpntr/gc0.count_reg[4]/CLR
  -------------------------------------------------------------------    -------------------

                         (clock eth_rxc rise edge)    0.000     0.000 r  
    K17                                               0.000     0.000 r  eth_rxc (IN)
                         net (fo=0)                   0.000     0.000    eth_rxc
    K17                  IBUF (Prop_ibuf_I_O)         0.447     0.447 r  eth_rxc_IBUF_inst/O
                         net (fo=2, routed)           0.683     1.130    u_eth_udp_loop/u_gmii_to_rgmii/u_rgmii_rx/eth_rxc
    BUFGCTRL_X0Y16       BUFG (Prop_bufg_I_O)         0.029     1.159 r  u_eth_udp_loop/u_gmii_to_rgmii/u_rgmii_rx/BUFG_inst/O
                         net (fo=1641, routed)        0.832     1.991    u_eth_udp_loop/u_async_fifo_2048x8b/U0/inst_fifo_gen/gconvfifo.rf/grf.rf/gntv_or_sync_fifo.gl0.rd/rpntr/rd_clk
    SLICE_X12Y52         FDCE                                         r  u_eth_udp_loop/u_async_fifo_2048x8b/U0/inst_fifo_gen/gconvfifo.rf/grf.rf/gntv_or_sync_fifo.gl0.rd/rpntr/gc0.count_reg[4]/C
                         clock pessimism             -0.500     1.491    
    SLICE_X12Y52         FDCE (Remov_fdce_C_CLR)     -0.067     1.424    u_eth_udp_loop/u_async_fifo_2048x8b/U0/inst_fifo_gen/gconvfifo.rf/grf.rf/gntv_or_sync_fifo.gl0.rd/rpntr/gc0.count_reg[4]
  -------------------------------------------------------------------
                         required time                         -1.424    
                         arrival time                           1.856    
  -------------------------------------------------------------------
                         slack                                  0.432    

Slack (MET) :             0.432ns  (arrival time - required time)
  Source:                 u_eth_udp_loop/u_async_fifo_2048x8b/U0/inst_fifo_gen/gconvfifo.rf/grf.rf/rstblk/ngwrdrst.grst.g7serrst.gnsckt_wrst.gic_rst.sckt_rd_rst_ic_reg/C
                            (rising edge-triggered cell FDPE clocked by eth_rxc  {rise@0.000ns fall@4.000ns period=8.000ns})
  Destination:            u_eth_udp_loop/u_async_fifo_2048x8b/U0/inst_fifo_gen/gconvfifo.rf/grf.rf/gntv_or_sync_fifo.gl0.rd/rpntr/gc0.count_reg[5]/CLR
                            (removal check against rising-edge clock eth_rxc  {rise@0.000ns fall@4.000ns period=8.000ns})
  Path Group:             **async_default**
  Path Type:              Removal (Min at Fast Process Corner)
  Requirement:            0.000ns  (eth_rxc rise@0.000ns - eth_rxc rise@0.000ns)
  Data Path Delay:        0.382ns  (logic 0.164ns (42.963%)  route 0.218ns (57.037%))
  Logic Levels:           0  
  Clock Path Skew:        0.017ns (DCD - SCD - CPR)
    Destination Clock Delay (DCD):    1.991ns
    Source Clock Delay      (SCD):    1.474ns
    Clock Pessimism Removal (CPR):    0.500ns

    Location             Delay type                Incr(ns)  Path(ns)    Netlist Resource(s)
  -------------------------------------------------------------------    -------------------
                         (clock eth_rxc rise edge)    0.000     0.000 r  
    K17                                               0.000     0.000 r  eth_rxc (IN)
                         net (fo=0)                   0.000     0.000    eth_rxc
    K17                  IBUF (Prop_ibuf_I_O)         0.259     0.259 r  eth_rxc_IBUF_inst/O
                         net (fo=2, routed)           0.627     0.887    u_eth_udp_loop/u_gmii_to_rgmii/u_rgmii_rx/eth_rxc
    BUFGCTRL_X0Y16       BUFG (Prop_bufg_I_O)         0.026     0.913 r  u_eth_udp_loop/u_gmii_to_rgmii/u_rgmii_rx/BUFG_inst/O
                         net (fo=1641, routed)        0.562     1.474    u_eth_udp_loop/u_async_fifo_2048x8b/U0/inst_fifo_gen/gconvfifo.rf/grf.rf/rstblk/rd_clk
    SLICE_X12Y54         FDPE                                         r  u_eth_udp_loop/u_async_fifo_2048x8b/U0/inst_fifo_gen/gconvfifo.rf/grf.rf/rstblk/ngwrdrst.grst.g7serrst.gnsckt_wrst.gic_rst.sckt_rd_rst_ic_reg/C
  -------------------------------------------------------------------    -------------------
    SLICE_X12Y54         FDPE (Prop_fdpe_C_Q)         0.164     1.638 f  u_eth_udp_loop/u_async_fifo_2048x8b/U0/inst_fifo_gen/gconvfifo.rf/grf.rf/rstblk/ngwrdrst.grst.g7serrst.gnsckt_wrst.gic_rst.sckt_rd_rst_ic_reg/Q
                         net (fo=28, routed)          0.218     1.856    u_eth_udp_loop/u_async_fifo_2048x8b/U0/inst_fifo_gen/gconvfifo.rf/grf.rf/gntv_or_sync_fifo.gl0.rd/rpntr/AR[0]
    SLICE_X12Y52         FDCE                                         f  u_eth_udp_loop/u_async_fifo_2048x8b/U0/inst_fifo_gen/gconvfifo.rf/grf.rf/gntv_or_sync_fifo.gl0.rd/rpntr/gc0.count_reg[5]/CLR
  -------------------------------------------------------------------    -------------------

                         (clock eth_rxc rise edge)    0.000     0.000 r  
    K17                                               0.000     0.000 r  eth_rxc (IN)
                         net (fo=0)                   0.000     0.000    eth_rxc
    K17                  IBUF (Prop_ibuf_I_O)         0.447     0.447 r  eth_rxc_IBUF_inst/O
                         net (fo=2, routed)           0.683     1.130    u_eth_udp_loop/u_gmii_to_rgmii/u_rgmii_rx/eth_rxc
    BUFGCTRL_X0Y16       BUFG (Prop_bufg_I_O)         0.029     1.159 r  u_eth_udp_loop/u_gmii_to_rgmii/u_rgmii_rx/BUFG_inst/O
                         net (fo=1641, routed)        0.832     1.991    u_eth_udp_loop/u_async_fifo_2048x8b/U0/inst_fifo_gen/gconvfifo.rf/grf.rf/gntv_or_sync_fifo.gl0.rd/rpntr/rd_clk
    SLICE_X12Y52         FDCE                                         r  u_eth_udp_loop/u_async_fifo_2048x8b/U0/inst_fifo_gen/gconvfifo.rf/grf.rf/gntv_or_sync_fifo.gl0.rd/rpntr/gc0.count_reg[5]/C
                         clock pessimism             -0.500     1.491    
    SLICE_X12Y52         FDCE (Remov_fdce_C_CLR)     -0.067     1.424    u_eth_udp_loop/u_async_fifo_2048x8b/U0/inst_fifo_gen/gconvfifo.rf/grf.rf/gntv_or_sync_fifo.gl0.rd/rpntr/gc0.count_reg[5]
  -------------------------------------------------------------------
                         required time                         -1.424    
                         arrival time                           1.856    
  -------------------------------------------------------------------
                         slack                                  0.432    

Slack (MET) :             0.436ns  (arrival time - required time)
  Source:                 u_eth_udp_loop/u_async_fifo_2048x8b/U0/inst_fifo_gen/gconvfifo.rf/grf.rf/rstblk/ngwrdrst.grst.g7serrst.gnsckt_wrst.gic_rst.sckt_rd_rst_ic_reg/C
                            (rising edge-triggered cell FDPE clocked by eth_rxc  {rise@0.000ns fall@4.000ns period=8.000ns})
  Destination:            u_eth_udp_loop/u_async_fifo_2048x8b/U0/inst_fifo_gen/gconvfifo.rf/grf.rf/gntv_or_sync_fifo.gl0.rd/rpntr/gc0.count_reg[0]/PRE
                            (removal check against rising-edge clock eth_rxc  {rise@0.000ns fall@4.000ns period=8.000ns})
  Path Group:             **async_default**
  Path Type:              Removal (Min at Fast Process Corner)
  Requirement:            0.000ns  (eth_rxc rise@0.000ns - eth_rxc rise@0.000ns)
  Data Path Delay:        0.382ns  (logic 0.164ns (42.963%)  route 0.218ns (57.037%))
  Logic Levels:           0  
  Clock Path Skew:        0.017ns (DCD - SCD - CPR)
    Destination Clock Delay (DCD):    1.991ns
    Source Clock Delay      (SCD):    1.474ns
    Clock Pessimism Removal (CPR):    0.500ns

    Location             Delay type                Incr(ns)  Path(ns)    Netlist Resource(s)
  -------------------------------------------------------------------    -------------------
                         (clock eth_rxc rise edge)    0.000     0.000 r  
    K17                                               0.000     0.000 r  eth_rxc (IN)
                         net (fo=0)                   0.000     0.000    eth_rxc
    K17                  IBUF (Prop_ibuf_I_O)         0.259     0.259 r  eth_rxc_IBUF_inst/O
                         net (fo=2, routed)           0.627     0.887    u_eth_udp_loop/u_gmii_to_rgmii/u_rgmii_rx/eth_rxc
    BUFGCTRL_X0Y16       BUFG (Prop_bufg_I_O)         0.026     0.913 r  u_eth_udp_loop/u_gmii_to_rgmii/u_rgmii_rx/BUFG_inst/O
                         net (fo=1641, routed)        0.562     1.474    u_eth_udp_loop/u_async_fifo_2048x8b/U0/inst_fifo_gen/gconvfifo.rf/grf.rf/rstblk/rd_clk
    SLICE_X12Y54         FDPE                                         r  u_eth_udp_loop/u_async_fifo_2048x8b/U0/inst_fifo_gen/gconvfifo.rf/grf.rf/rstblk/ngwrdrst.grst.g7serrst.gnsckt_wrst.gic_rst.sckt_rd_rst_ic_reg/C
  -------------------------------------------------------------------    -------------------
    SLICE_X12Y54         FDPE (Prop_fdpe_C_Q)         0.164     1.638 f  u_eth_udp_loop/u_async_fifo_2048x8b/U0/inst_fifo_gen/gconvfifo.rf/grf.rf/rstblk/ngwrdrst.grst.g7serrst.gnsckt_wrst.gic_rst.sckt_rd_rst_ic_reg/Q
                         net (fo=28, routed)          0.218     1.856    u_eth_udp_loop/u_async_fifo_2048x8b/U0/inst_fifo_gen/gconvfifo.rf/grf.rf/gntv_or_sync_fifo.gl0.rd/rpntr/AR[0]
    SLICE_X12Y52         FDPE                                         f  u_eth_udp_loop/u_async_fifo_2048x8b/U0/inst_fifo_gen/gconvfifo.rf/grf.rf/gntv_or_sync_fifo.gl0.rd/rpntr/gc0.count_reg[0]/PRE
  -------------------------------------------------------------------    -------------------

                         (clock eth_rxc rise edge)    0.000     0.000 r  
    K17                                               0.000     0.000 r  eth_rxc (IN)
                         net (fo=0)                   0.000     0.000    eth_rxc
    K17                  IBUF (Prop_ibuf_I_O)         0.447     0.447 r  eth_rxc_IBUF_inst/O
                         net (fo=2, routed)           0.683     1.130    u_eth_udp_loop/u_gmii_to_rgmii/u_rgmii_rx/eth_rxc
    BUFGCTRL_X0Y16       BUFG (Prop_bufg_I_O)         0.029     1.159 r  u_eth_udp_loop/u_gmii_to_rgmii/u_rgmii_rx/BUFG_inst/O
                         net (fo=1641, routed)        0.832     1.991    u_eth_udp_loop/u_async_fifo_2048x8b/U0/inst_fifo_gen/gconvfifo.rf/grf.rf/gntv_or_sync_fifo.gl0.rd/rpntr/rd_clk
    SLICE_X12Y52         FDPE                                         r  u_eth_udp_loop/u_async_fifo_2048x8b/U0/inst_fifo_gen/gconvfifo.rf/grf.rf/gntv_or_sync_fifo.gl0.rd/rpntr/gc0.count_reg[0]/C
                         clock pessimism             -0.500     1.491    
    SLICE_X12Y52         FDPE (Remov_fdpe_C_PRE)     -0.071     1.420    u_eth_udp_loop/u_async_fifo_2048x8b/U0/inst_fifo_gen/gconvfifo.rf/grf.rf/gntv_or_sync_fifo.gl0.rd/rpntr/gc0.count_reg[0]
  -------------------------------------------------------------------
                         required time                         -1.420    
                         arrival time                           1.856    
  -------------------------------------------------------------------
                         slack                                  0.436    

Slack (MET) :             0.436ns  (arrival time - required time)
  Source:                 u_eth_udp_loop/u_async_fifo_2048x8b/U0/inst_fifo_gen/gconvfifo.rf/grf.rf/rstblk/ngwrdrst.grst.g7serrst.gnsckt_wrst.rst_wr_reg2_inst/arststages_ff_reg[1]/C
                            (rising edge-triggered cell FDPE clocked by eth_rxc  {rise@0.000ns fall@4.000ns period=8.000ns})
  Destination:            u_eth_udp_loop/u_async_fifo_2048x8b/U0/inst_fifo_gen/gconvfifo.rf/grf.rf/rstblk/grstd1.grst_full.grst_f.rst_d3_reg/PRE
                            (removal check against rising-edge clock eth_rxc  {rise@0.000ns fall@4.000ns period=8.000ns})
  Path Group:             **async_default**
  Path Type:              Removal (Min at Fast Process Corner)
  Requirement:            0.000ns  (eth_rxc rise@0.000ns - eth_rxc rise@0.000ns)
  Data Path Delay:        0.303ns  (logic 0.128ns (42.211%)  route 0.175ns (57.789%))
  Logic Levels:           0  
  Clock Path Skew:        0.016ns (DCD - SCD - CPR)
    Destination Clock Delay (DCD):    1.990ns
    Source Clock Delay      (SCD):    1.474ns
    Clock Pessimism Removal (CPR):    0.500ns

    Location             Delay type                Incr(ns)  Path(ns)    Netlist Resource(s)
  -------------------------------------------------------------------    -------------------
                         (clock eth_rxc rise edge)    0.000     0.000 r  
    K17                                               0.000     0.000 r  eth_rxc (IN)
                         net (fo=0)                   0.000     0.000    eth_rxc
    K17                  IBUF (Prop_ibuf_I_O)         0.259     0.259 r  eth_rxc_IBUF_inst/O
                         net (fo=2, routed)           0.627     0.887    u_eth_udp_loop/u_gmii_to_rgmii/u_rgmii_rx/eth_rxc
    BUFGCTRL_X0Y16       BUFG (Prop_bufg_I_O)         0.026     0.913 r  u_eth_udp_loop/u_gmii_to_rgmii/u_rgmii_rx/BUFG_inst/O
                         net (fo=1641, routed)        0.562     1.474    u_eth_udp_loop/u_async_fifo_2048x8b/U0/inst_fifo_gen/gconvfifo.rf/grf.rf/rstblk/ngwrdrst.grst.g7serrst.gnsckt_wrst.rst_wr_reg2_inst/dest_clk
    SLICE_X13Y56         FDPE                                         r  u_eth_udp_loop/u_async_fifo_2048x8b/U0/inst_fifo_gen/gconvfifo.rf/grf.rf/rstblk/ngwrdrst.grst.g7serrst.gnsckt_wrst.rst_wr_reg2_inst/arststages_ff_reg[1]/C
  -------------------------------------------------------------------    -------------------
    SLICE_X13Y56         FDPE (Prop_fdpe_C_Q)         0.128     1.602 f  u_eth_udp_loop/u_async_fifo_2048x8b/U0/inst_fifo_gen/gconvfifo.rf/grf.rf/rstblk/ngwrdrst.grst.g7serrst.gnsckt_wrst.rst_wr_reg2_inst/arststages_ff_reg[1]/Q
                         net (fo=9, routed)           0.175     1.778    u_eth_udp_loop/u_async_fifo_2048x8b/U0/inst_fifo_gen/gconvfifo.rf/grf.rf/rstblk/rst_wr_reg2
    SLICE_X11Y56         FDPE                                         f  u_eth_udp_loop/u_async_fifo_2048x8b/U0/inst_fifo_gen/gconvfifo.rf/grf.rf/rstblk/grstd1.grst_full.grst_f.rst_d3_reg/PRE
  -------------------------------------------------------------------    -------------------

                         (clock eth_rxc rise edge)    0.000     0.000 r  
    K17                                               0.000     0.000 r  eth_rxc (IN)
                         net (fo=0)                   0.000     0.000    eth_rxc
    K17                  IBUF (Prop_ibuf_I_O)         0.447     0.447 r  eth_rxc_IBUF_inst/O
                         net (fo=2, routed)           0.683     1.130    u_eth_udp_loop/u_gmii_to_rgmii/u_rgmii_rx/eth_rxc
    BUFGCTRL_X0Y16       BUFG (Prop_bufg_I_O)         0.029     1.159 r  u_eth_udp_loop/u_gmii_to_rgmii/u_rgmii_rx/BUFG_inst/O
                         net (fo=1641, routed)        0.831     1.990    u_eth_udp_loop/u_async_fifo_2048x8b/U0/inst_fifo_gen/gconvfifo.rf/grf.rf/rstblk/wr_clk
    SLICE_X11Y56         FDPE                                         r  u_eth_udp_loop/u_async_fifo_2048x8b/U0/inst_fifo_gen/gconvfifo.rf/grf.rf/rstblk/grstd1.grst_full.grst_f.rst_d3_reg/C
                         clock pessimism             -0.500     1.490    
    SLICE_X11Y56         FDPE (Remov_fdpe_C_PRE)     -0.149     1.341    u_eth_udp_loop/u_async_fifo_2048x8b/U0/inst_fifo_gen/gconvfifo.rf/grf.rf/rstblk/grstd1.grst_full.grst_f.rst_d3_reg
  -------------------------------------------------------------------
                         required time                         -1.341    
                         arrival time                           1.778    
  -------------------------------------------------------------------
                         slack                                  0.436    

Slack (MET) :             0.440ns  (arrival time - required time)
  Source:                 u_eth_udp_loop/u_async_fifo_2048x8b/U0/inst_fifo_gen/gconvfifo.rf/grf.rf/rstblk/ngwrdrst.grst.g7serrst.gnsckt_wrst.gic_rst.sckt_rd_rst_ic_reg/C
                            (rising edge-triggered cell FDPE clocked by eth_rxc  {rise@0.000ns fall@4.000ns period=8.000ns})
  Destination:            u_eth_udp_loop/u_async_fifo_2048x8b/U0/inst_fifo_gen/gconvfifo.rf/grf.rf/gntv_or_sync_fifo.gl0.rd/rpntr/gc0.count_d1_reg[0]/CLR
                            (removal check against rising-edge clock eth_rxc  {rise@0.000ns fall@4.000ns period=8.000ns})
  Path Group:             **async_default**
  Path Type:              Removal (Min at Fast Process Corner)
  Requirement:            0.000ns  (eth_rxc rise@0.000ns - eth_rxc rise@0.000ns)
  Data Path Delay:        0.364ns  (logic 0.164ns (45.081%)  route 0.200ns (54.919%))
  Logic Levels:           0  
  Clock Path Skew:        0.016ns (DCD - SCD - CPR)
    Destination Clock Delay (DCD):    1.990ns
    Source Clock Delay      (SCD):    1.474ns
    Clock Pessimism Removal (CPR):    0.500ns

    Location             Delay type                Incr(ns)  Path(ns)    Netlist Resource(s)
  -------------------------------------------------------------------    -------------------
                         (clock eth_rxc rise edge)    0.000     0.000 r  
    K17                                               0.000     0.000 r  eth_rxc (IN)
                         net (fo=0)                   0.000     0.000    eth_rxc
    K17                  IBUF (Prop_ibuf_I_O)         0.259     0.259 r  eth_rxc_IBUF_inst/O
                         net (fo=2, routed)           0.627     0.887    u_eth_udp_loop/u_gmii_to_rgmii/u_rgmii_rx/eth_rxc
    BUFGCTRL_X0Y16       BUFG (Prop_bufg_I_O)         0.026     0.913 r  u_eth_udp_loop/u_gmii_to_rgmii/u_rgmii_rx/BUFG_inst/O
                         net (fo=1641, routed)        0.562     1.474    u_eth_udp_loop/u_async_fifo_2048x8b/U0/inst_fifo_gen/gconvfifo.rf/grf.rf/rstblk/rd_clk
    SLICE_X12Y54         FDPE                                         r  u_eth_udp_loop/u_async_fifo_2048x8b/U0/inst_fifo_gen/gconvfifo.rf/grf.rf/rstblk/ngwrdrst.grst.g7serrst.gnsckt_wrst.gic_rst.sckt_rd_rst_ic_reg/C
  -------------------------------------------------------------------    -------------------
    SLICE_X12Y54         FDPE (Prop_fdpe_C_Q)         0.164     1.638 f  u_eth_udp_loop/u_async_fifo_2048x8b/U0/inst_fifo_gen/gconvfifo.rf/grf.rf/rstblk/ngwrdrst.grst.g7serrst.gnsckt_wrst.gic_rst.sckt_rd_rst_ic_reg/Q
                         net (fo=28, routed)          0.200     1.838    u_eth_udp_loop/u_async_fifo_2048x8b/U0/inst_fifo_gen/gconvfifo.rf/grf.rf/gntv_or_sync_fifo.gl0.rd/rpntr/AR[0]
    SLICE_X11Y54         FDCE                                         f  u_eth_udp_loop/u_async_fifo_2048x8b/U0/inst_fifo_gen/gconvfifo.rf/grf.rf/gntv_or_sync_fifo.gl0.rd/rpntr/gc0.count_d1_reg[0]/CLR
  -------------------------------------------------------------------    -------------------

                         (clock eth_rxc rise edge)    0.000     0.000 r  
    K17                                               0.000     0.000 r  eth_rxc (IN)
                         net (fo=0)                   0.000     0.000    eth_rxc
    K17                  IBUF (Prop_ibuf_I_O)         0.447     0.447 r  eth_rxc_IBUF_inst/O
                         net (fo=2, routed)           0.683     1.130    u_eth_udp_loop/u_gmii_to_rgmii/u_rgmii_rx/eth_rxc
    BUFGCTRL_X0Y16       BUFG (Prop_bufg_I_O)         0.029     1.159 r  u_eth_udp_loop/u_gmii_to_rgmii/u_rgmii_rx/BUFG_inst/O
                         net (fo=1641, routed)        0.831     1.990    u_eth_udp_loop/u_async_fifo_2048x8b/U0/inst_fifo_gen/gconvfifo.rf/grf.rf/gntv_or_sync_fifo.gl0.rd/rpntr/rd_clk
    SLICE_X11Y54         FDCE                                         r  u_eth_udp_loop/u_async_fifo_2048x8b/U0/inst_fifo_gen/gconvfifo.rf/grf.rf/gntv_or_sync_fifo.gl0.rd/rpntr/gc0.count_d1_reg[0]/C
                         clock pessimism             -0.500     1.490    
    SLICE_X11Y54         FDCE (Remov_fdce_C_CLR)     -0.092     1.398    u_eth_udp_loop/u_async_fifo_2048x8b/U0/inst_fifo_gen/gconvfifo.rf/grf.rf/gntv_or_sync_fifo.gl0.rd/rpntr/gc0.count_d1_reg[0]
  -------------------------------------------------------------------
                         required time                         -1.398    
                         arrival time                           1.838    
  -------------------------------------------------------------------
                         slack                                  0.440    

Slack (MET) :             0.440ns  (arrival time - required time)
  Source:                 u_eth_udp_loop/u_async_fifo_2048x8b/U0/inst_fifo_gen/gconvfifo.rf/grf.rf/rstblk/ngwrdrst.grst.g7serrst.gnsckt_wrst.gic_rst.sckt_rd_rst_ic_reg/C
                            (rising edge-triggered cell FDPE clocked by eth_rxc  {rise@0.000ns fall@4.000ns period=8.000ns})
  Destination:            u_eth_udp_loop/u_async_fifo_2048x8b/U0/inst_fifo_gen/gconvfifo.rf/grf.rf/gntv_or_sync_fifo.gl0.rd/rpntr/gc0.count_d1_reg[1]/CLR
                            (removal check against rising-edge clock eth_rxc  {rise@0.000ns fall@4.000ns period=8.000ns})
  Path Group:             **async_default**
  Path Type:              Removal (Min at Fast Process Corner)
  Requirement:            0.000ns  (eth_rxc rise@0.000ns - eth_rxc rise@0.000ns)
  Data Path Delay:        0.364ns  (logic 0.164ns (45.081%)  route 0.200ns (54.919%))
  Logic Levels:           0  
  Clock Path Skew:        0.016ns (DCD - SCD - CPR)
    Destination Clock Delay (DCD):    1.990ns
    Source Clock Delay      (SCD):    1.474ns
    Clock Pessimism Removal (CPR):    0.500ns

    Location             Delay type                Incr(ns)  Path(ns)    Netlist Resource(s)
  -------------------------------------------------------------------    -------------------
                         (clock eth_rxc rise edge)    0.000     0.000 r  
    K17                                               0.000     0.000 r  eth_rxc (IN)
                         net (fo=0)                   0.000     0.000    eth_rxc
    K17                  IBUF (Prop_ibuf_I_O)         0.259     0.259 r  eth_rxc_IBUF_inst/O
                         net (fo=2, routed)           0.627     0.887    u_eth_udp_loop/u_gmii_to_rgmii/u_rgmii_rx/eth_rxc
    BUFGCTRL_X0Y16       BUFG (Prop_bufg_I_O)         0.026     0.913 r  u_eth_udp_loop/u_gmii_to_rgmii/u_rgmii_rx/BUFG_inst/O
                         net (fo=1641, routed)        0.562     1.474    u_eth_udp_loop/u_async_fifo_2048x8b/U0/inst_fifo_gen/gconvfifo.rf/grf.rf/rstblk/rd_clk
    SLICE_X12Y54         FDPE                                         r  u_eth_udp_loop/u_async_fifo_2048x8b/U0/inst_fifo_gen/gconvfifo.rf/grf.rf/rstblk/ngwrdrst.grst.g7serrst.gnsckt_wrst.gic_rst.sckt_rd_rst_ic_reg/C
  -------------------------------------------------------------------    -------------------
    SLICE_X12Y54         FDPE (Prop_fdpe_C_Q)         0.164     1.638 f  u_eth_udp_loop/u_async_fifo_2048x8b/U0/inst_fifo_gen/gconvfifo.rf/grf.rf/rstblk/ngwrdrst.grst.g7serrst.gnsckt_wrst.gic_rst.sckt_rd_rst_ic_reg/Q
                         net (fo=28, routed)          0.200     1.838    u_eth_udp_loop/u_async_fifo_2048x8b/U0/inst_fifo_gen/gconvfifo.rf/grf.rf/gntv_or_sync_fifo.gl0.rd/rpntr/AR[0]
    SLICE_X11Y54         FDCE                                         f  u_eth_udp_loop/u_async_fifo_2048x8b/U0/inst_fifo_gen/gconvfifo.rf/grf.rf/gntv_or_sync_fifo.gl0.rd/rpntr/gc0.count_d1_reg[1]/CLR
  -------------------------------------------------------------------    -------------------

                         (clock eth_rxc rise edge)    0.000     0.000 r  
    K17                                               0.000     0.000 r  eth_rxc (IN)
                         net (fo=0)                   0.000     0.000    eth_rxc
    K17                  IBUF (Prop_ibuf_I_O)         0.447     0.447 r  eth_rxc_IBUF_inst/O
                         net (fo=2, routed)           0.683     1.130    u_eth_udp_loop/u_gmii_to_rgmii/u_rgmii_rx/eth_rxc
    BUFGCTRL_X0Y16       BUFG (Prop_bufg_I_O)         0.029     1.159 r  u_eth_udp_loop/u_gmii_to_rgmii/u_rgmii_rx/BUFG_inst/O
                         net (fo=1641, routed)        0.831     1.990    u_eth_udp_loop/u_async_fifo_2048x8b/U0/inst_fifo_gen/gconvfifo.rf/grf.rf/gntv_or_sync_fifo.gl0.rd/rpntr/rd_clk
    SLICE_X11Y54         FDCE                                         r  u_eth_udp_loop/u_async_fifo_2048x8b/U0/inst_fifo_gen/gconvfifo.rf/grf.rf/gntv_or_sync_fifo.gl0.rd/rpntr/gc0.count_d1_reg[1]/C
                         clock pessimism             -0.500     1.490    
    SLICE_X11Y54         FDCE (Remov_fdce_C_CLR)     -0.092     1.398    u_eth_udp_loop/u_async_fifo_2048x8b/U0/inst_fifo_gen/gconvfifo.rf/grf.rf/gntv_or_sync_fifo.gl0.rd/rpntr/gc0.count_d1_reg[1]
  -------------------------------------------------------------------
                         required time                         -1.398    
                         arrival time                           1.838    
  -------------------------------------------------------------------
                         slack                                  0.440    

Slack (MET) :             0.440ns  (arrival time - required time)
  Source:                 u_eth_udp_loop/u_async_fifo_2048x8b/U0/inst_fifo_gen/gconvfifo.rf/grf.rf/rstblk/ngwrdrst.grst.g7serrst.gnsckt_wrst.gic_rst.sckt_rd_rst_ic_reg/C
                            (rising edge-triggered cell FDPE clocked by eth_rxc  {rise@0.000ns fall@4.000ns period=8.000ns})
  Destination:            u_eth_udp_loop/u_async_fifo_2048x8b/U0/inst_fifo_gen/gconvfifo.rf/grf.rf/gntv_or_sync_fifo.gl0.rd/rpntr/gc0.count_d1_reg[2]/CLR
                            (removal check against rising-edge clock eth_rxc  {rise@0.000ns fall@4.000ns period=8.000ns})
  Path Group:             **async_default**
  Path Type:              Removal (Min at Fast Process Corner)
  Requirement:            0.000ns  (eth_rxc rise@0.000ns - eth_rxc rise@0.000ns)
  Data Path Delay:        0.364ns  (logic 0.164ns (45.081%)  route 0.200ns (54.919%))
  Logic Levels:           0  
  Clock Path Skew:        0.016ns (DCD - SCD - CPR)
    Destination Clock Delay (DCD):    1.990ns
    Source Clock Delay      (SCD):    1.474ns
    Clock Pessimism Removal (CPR):    0.500ns

    Location             Delay type                Incr(ns)  Path(ns)    Netlist Resource(s)
  -------------------------------------------------------------------    -------------------
                         (clock eth_rxc rise edge)    0.000     0.000 r  
    K17                                               0.000     0.000 r  eth_rxc (IN)
                         net (fo=0)                   0.000     0.000    eth_rxc
    K17                  IBUF (Prop_ibuf_I_O)         0.259     0.259 r  eth_rxc_IBUF_inst/O
                         net (fo=2, routed)           0.627     0.887    u_eth_udp_loop/u_gmii_to_rgmii/u_rgmii_rx/eth_rxc
    BUFGCTRL_X0Y16       BUFG (Prop_bufg_I_O)         0.026     0.913 r  u_eth_udp_loop/u_gmii_to_rgmii/u_rgmii_rx/BUFG_inst/O
                         net (fo=1641, routed)        0.562     1.474    u_eth_udp_loop/u_async_fifo_2048x8b/U0/inst_fifo_gen/gconvfifo.rf/grf.rf/rstblk/rd_clk
    SLICE_X12Y54         FDPE                                         r  u_eth_udp_loop/u_async_fifo_2048x8b/U0/inst_fifo_gen/gconvfifo.rf/grf.rf/rstblk/ngwrdrst.grst.g7serrst.gnsckt_wrst.gic_rst.sckt_rd_rst_ic_reg/C
  -------------------------------------------------------------------    -------------------
    SLICE_X12Y54         FDPE (Prop_fdpe_C_Q)         0.164     1.638 f  u_eth_udp_loop/u_async_fifo_2048x8b/U0/inst_fifo_gen/gconvfifo.rf/grf.rf/rstblk/ngwrdrst.grst.g7serrst.gnsckt_wrst.gic_rst.sckt_rd_rst_ic_reg/Q
                         net (fo=28, routed)          0.200     1.838    u_eth_udp_loop/u_async_fifo_2048x8b/U0/inst_fifo_gen/gconvfifo.rf/grf.rf/gntv_or_sync_fifo.gl0.rd/rpntr/AR[0]
    SLICE_X11Y54         FDCE                                         f  u_eth_udp_loop/u_async_fifo_2048x8b/U0/inst_fifo_gen/gconvfifo.rf/grf.rf/gntv_or_sync_fifo.gl0.rd/rpntr/gc0.count_d1_reg[2]/CLR
  -------------------------------------------------------------------    -------------------

                         (clock eth_rxc rise edge)    0.000     0.000 r  
    K17                                               0.000     0.000 r  eth_rxc (IN)
                         net (fo=0)                   0.000     0.000    eth_rxc
    K17                  IBUF (Prop_ibuf_I_O)         0.447     0.447 r  eth_rxc_IBUF_inst/O
                         net (fo=2, routed)           0.683     1.130    u_eth_udp_loop/u_gmii_to_rgmii/u_rgmii_rx/eth_rxc
    BUFGCTRL_X0Y16       BUFG (Prop_bufg_I_O)         0.029     1.159 r  u_eth_udp_loop/u_gmii_to_rgmii/u_rgmii_rx/BUFG_inst/O
                         net (fo=1641, routed)        0.831     1.990    u_eth_udp_loop/u_async_fifo_2048x8b/U0/inst_fifo_gen/gconvfifo.rf/grf.rf/gntv_or_sync_fifo.gl0.rd/rpntr/rd_clk
    SLICE_X11Y54         FDCE                                         r  u_eth_udp_loop/u_async_fifo_2048x8b/U0/inst_fifo_gen/gconvfifo.rf/grf.rf/gntv_or_sync_fifo.gl0.rd/rpntr/gc0.count_d1_reg[2]/C
                         clock pessimism             -0.500     1.490    
    SLICE_X11Y54         FDCE (Remov_fdce_C_CLR)     -0.092     1.398    u_eth_udp_loop/u_async_fifo_2048x8b/U0/inst_fifo_gen/gconvfifo.rf/grf.rf/gntv_or_sync_fifo.gl0.rd/rpntr/gc0.count_d1_reg[2]
  -------------------------------------------------------------------
                         required time                         -1.398    
                         arrival time                           1.838    
  -------------------------------------------------------------------
                         slack                                  0.440    





